candidate_id,field,value,source_ref,accessed_at,reuse_status,note
geonames:10175075,c5_category,Cagar Alam,https://www.geonames.org/10175075/,2026-09-29,cc-by-4.0,source tag=geonames/L.PRK
geonames:10175075,identity,Taman Nasonal Laiwangi Wanggameti,https://www.geonames.org/10175075/,2026-09-29,cc-by-4.0,GeoNames item name; tourism status not proven
geonames:10227698,c5_category,Cagar Alam,https://www.geonames.org/10227698/,2026-09-29,cc-by-4.0,source tag=geonames/H.LK
geonames:10227698,identity,Bintan Lagoon,https://www.geonames.org/10227698/,2026-09-29,cc-by-4.0,GeoNames item name; tourism status not proven
geonames:11054658,c5_category,Pantai,https://www.geonames.org/11054658/,2026-09-29,cc-by-4.0,source tag=geonames/T.BCH
geonames:11054658,identity,Echo Beach,https://www.geonames.org/11054658/,2026-09-29,cc-by-4.0,GeoNames item name; tourism status not proven
geonames:11153774,c5_category,Cagar Alam,https://www.geonames.org/11153774/,2026-09-29,cc-by-4.0,source tag=geonames/L.RESN
geonames:11153774,identity,Suaka Alam Perairan Raja Ampat,https://www.geonames.org/11153774/,2026-09-29,cc-by-4.0,GeoNames item name; tourism status not proven
geonames:11153775,c5_category,Cagar Alam,https://www.geonames.org/11153775/,2026-09-29,cc-by-4.0,source tag=geonames/L.RESN
geonames:11153775,identity,Waigeo Sebelah Barat Marine Park,https://www.geonames.org/11153775/,2026-09-29,cc-by-4.0,GeoNames item name; tourism status not proven
geonames:11153776,c5_category,Cagar Alam,https://www.geonames.org/11153776/,2026-09-29,cc-by-4.0,source tag=geonames/L.RESN
geonames:11153776,identity,Kepualuan Aru Tenggara Marine Park,https://www.geonames.org/11153776/,2026-09-29,cc-by-4.0,GeoNames item name; tourism status not proven
geonames:11153777,c5_category,Cagar Alam,https://www.geonames.org/11153777/,2026-09-29,cc-by-4.0,source tag=geonames/L.RESN
geonames:11153777,identity,Laut Banda Marine Park,https://www.geonames.org/11153777/,2026-09-29,cc-by-4.0,GeoNames item name; tourism status not proven
geonames:11153786,c5_category,Cagar Alam,https://www.geonames.org/11153786/,2026-09-29,cc-by-4.0,source tag=geonames/L.RESN
geonames:11153786,identity,Sawu Sea National Marine Conservation Park,https://www.geonames.org/11153786/,2026-09-29,cc-by-4.0,GeoNames item name; tourism status not proven
geonames:11153787,c5_category,Cagar Alam,https://www.geonames.org/11153787/,2026-09-29,cc-by-4.0,source tag=geonames/L.RESN
geonames:11153787,identity,Kepualuan Kapoposang Marine Park,https://www.geonames.org/11153787/,2026-09-29,cc-by-4.0,GeoNames item name; tourism status not proven
geonames:11184802,c5_category,Cagar Alam,https://www.geonames.org/11184802/,2026-09-29,cc-by-4.0,source tag=geonames/L.RESN
geonames:11184802,identity,Berbak National Park,https://www.geonames.org/11184802/,2026-09-29,cc-by-4.0,GeoNames item name; tourism status not proven
geonames:11185811,c5_category,Cagar Alam,https://www.geonames.org/11185811/,2026-09-29,cc-by-4.0,source tag=geonames/L.PRK
geonames:11185811,identity,Aketajawe-Lolobata National Park,https://www.geonames.org/11185811/,2026-09-29,cc-by-4.0,GeoNames item name; tourism status not proven
geonames:11204350,c5_category,Pantai,https://www.geonames.org/11204350/,2026-09-29,cc-by-4.0,source tag=geonames/T.BCH
geonames:11204350,identity,Soka Beach,https://www.geonames.org/11204350/,2026-09-29,cc-by-4.0,GeoNames item name; tourism status not proven
geonames:11205509,c5_category,Cagar Alam,https://www.geonames.org/11205509/,2026-09-29,cc-by-4.0,source tag=geonames/L.RESN
geonames:11205509,identity,Taka Bone Rate National Park,https://www.geonames.org/11205509/,2026-09-29,cc-by-4.0,GeoNames item name; tourism status not proven
geonames:11287862,c5_category,Cagar Alam,https://www.geonames.org/11287862/,2026-09-29,cc-by-4.0,source tag=geonames/L.PRK
geonames:11287862,identity,Gunung Gede Pangrango National Park,https://www.geonames.org/11287862/,2026-09-29,cc-by-4.0,GeoNames item name; tourism status not proven
geonames:11428127,c5_category,Cagar Alam,https://www.geonames.org/11428127/,2026-09-29,cc-by-4.0,source tag=geonames/H.LK
geonames:11428127,identity,Aitinjoe,https://www.geonames.org/11428127/,2026-09-29,cc-by-4.0,GeoNames item name; tourism status not proven
geonames:11467933,c5_category,Cagar Alam,https://www.geonames.org/11467933/,2026-09-29,cc-by-4.0,source tag=geonames/L.PRK
geonames:11467933,identity,Sembilang National Park,https://www.geonames.org/11467933/,2026-09-29,cc-by-4.0,GeoNames item name; tourism status not proven
geonames:11467935,c5_category,Cagar Alam,https://www.geonames.org/11467935/,2026-09-29,cc-by-4.0,source tag=geonames/L.PRK
geonames:11467935,identity,Bukit Barisan Belatan National Park,https://www.geonames.org/11467935/,2026-09-29,cc-by-4.0,GeoNames item name; tourism status not proven
geonames:11467965,c5_category,Cagar Alam,https://www.geonames.org/11467965/,2026-09-29,cc-by-4.0,source tag=geonames/L.PRK
geonames:11467965,identity,Bukit Barisan Selatan National Park,https://www.geonames.org/11467965/,2026-09-29,cc-by-4.0,GeoNames item name; tourism status not proven
geonames:11496415,c5_category,Gunung,https://www.geonames.org/11496415/,2026-09-29,cc-by-4.0,source tag=geonames/T.VLC
geonames:11496415,identity,Colo,https://www.geonames.org/11496415/,2026-09-29,cc-by-4.0,GeoNames item name; tourism status not proven
geonames:11696108,c5_category,Pantai,https://www.geonames.org/11696108/,2026-09-29,cc-by-4.0,source tag=geonames/T.BCH
geonames:11696108,identity,Batu Bolong Beach,https://www.geonames.org/11696108/,2026-09-29,cc-by-4.0,GeoNames item name; tourism status not proven
geonames:11696112,c5_category,Pantai,https://www.geonames.org/11696112/,2026-09-29,cc-by-4.0,source tag=geonames/T.BCH
geonames:11696112,identity,Kedonganan Beach,https://www.geonames.org/11696112/,2026-09-29,cc-by-4.0,GeoNames item name; tourism status not proven
geonames:11696113,c5_category,Pantai,https://www.geonames.org/11696113/,2026-09-29,cc-by-4.0,source tag=geonames/T.BCH
geonames:11696113,identity,Pantai Kelan,https://www.geonames.org/11696113/,2026-09-29,cc-by-4.0,GeoNames item name; tourism status not proven
geonames:11696114,c5_category,Pantai,https://www.geonames.org/11696114/,2026-09-29,cc-by-4.0,source tag=geonames/T.BCH
geonames:11696114,identity,Pantai Muaya,https://www.geonames.org/11696114/,2026-09-29,cc-by-4.0,GeoNames item name; tourism status not proven
geonames:11696116,c5_category,Taman Hiburan,https://www.geonames.org/11696116/,2026-09-29,cc-by-4.0,source tag=geonames/S.ZOO
geonames:11696116,identity,Bali Zoo - Kebun Binatang Bali,https://www.geonames.org/11696116/,2026-09-29,cc-by-4.0,GeoNames item name; tourism status not proven
geonames:11775434,c5_category,Cagar Alam,https://www.geonames.org/11775434/,2026-09-29,cc-by-4.0,source tag=geonames/H.LK
geonames:11775434,identity,Gam-itji-meer,https://www.geonames.org/11775434/,2026-09-29,cc-by-4.0,GeoNames item name; tourism status not proven
geonames:11777865,c5_category,Pantai,https://www.geonames.org/11777865/,2026-09-29,cc-by-4.0,source tag=geonames/T.BCH
geonames:11777865,identity,Pantai Manakarra,https://www.geonames.org/11777865/,2026-09-29,cc-by-4.0,GeoNames item name; tourism status not proven
geonames:11837385,c5_category,Cagar Alam,https://www.geonames.org/11837385/,2026-09-29,cc-by-4.0,source tag=geonames/L.RESN
geonames:11837385,identity,Gunung Leuser Nature Reserve,https://www.geonames.org/11837385/,2026-09-29,cc-by-4.0,GeoNames item name; tourism status not proven
geonames:11837637,c5_category,Cagar Alam,https://www.geonames.org/11837637/,2026-09-29,cc-by-4.0,source tag=geonames/L.RESN
geonames:11837637,identity,Udjung Kulon Reserve,https://www.geonames.org/11837637/,2026-09-29,cc-by-4.0,GeoNames item name; tourism status not proven
geonames:11903281,c5_category,Cagar Alam,https://www.geonames.org/11903281/,2026-09-29,cc-by-4.0,source tag=geonames/L.PRK
geonames:11903281,identity,Pelaga,https://www.geonames.org/11903281/,2026-09-29,cc-by-4.0,GeoNames item name; tourism status not proven
geonames:11951705,c5_category,Gunung,https://www.geonames.org/11951705/,2026-09-29,cc-by-4.0,source tag=geonames/T.VLC
geonames:11951705,identity,Batu Tara,https://www.geonames.org/11951705/,2026-09-29,cc-by-4.0,GeoNames item name; tourism status not proven
geonames:12024110,c5_category,Tempat Ibadah,https://www.geonames.org/12024110/,2026-09-29,cc-by-4.0,source tag=geonames/S.TMPL
geonames:12024110,identity,Pura Pasar Agung,https://www.geonames.org/12024110/,2026-09-29,cc-by-4.0,GeoNames item name; tourism status not proven
geonames:12024132,c5_category,Tempat Ibadah,https://www.geonames.org/12024132/,2026-09-29,cc-by-4.0,source tag=geonames/S.TMPL
geonames:12024132,identity,Pura Puseh Desa Adat Datah,https://www.geonames.org/12024132/,2026-09-29,cc-by-4.0,GeoNames item name; tourism status not proven
geonames:12024170,c5_category,Tempat Ibadah,https://www.geonames.org/12024170/,2026-09-29,cc-by-4.0,source tag=geonames/S.TMPL
geonames:12024170,identity,Pura Puseh Abiantihing,https://www.geonames.org/12024170/,2026-09-29,cc-by-4.0,GeoNames item name; tourism status not proven
geonames:12024171,c5_category,Tempat Ibadah,https://www.geonames.org/12024171/,2026-09-29,cc-by-4.0,source tag=geonames/S.TMPL
geonames:12024171,identity,Pura Besakih,https://www.geonames.org/12024171/,2026-09-29,cc-by-4.0,GeoNames item name; tourism status not proven
geonames:12069296,c5_category,Budaya,https://www.geonames.org/12069296/,2026-09-29,cc-by-4.0,source tag=geonames/S.MNMT
geonames:12069296,identity,Monumen Trikora,https://www.geonames.org/12069296/,2026-09-29,cc-by-4.0,GeoNames item name; tourism status not proven
geonames:12087290,c5_category,Cagar Alam,https://www.geonames.org/12087290/,2026-09-29,cc-by-4.0,source tag=geonames/H.LK
geonames:12087290,identity,Danau Oyas,https://www.geonames.org/12087290/,2026-09-29,cc-by-4.0,GeoNames item name; tourism status not proven
geonames:12090970,c5_category,Cagar Alam,https://www.geonames.org/12090970/,2026-09-29,cc-by-4.0,source tag=geonames/H.LK
geonames:12090970,identity,Danau Ayot,https://www.geonames.org/12090970/,2026-09-29,cc-by-4.0,GeoNames item name; tourism status not proven
geonames:12090971,c5_category,Cagar Alam,https://www.geonames.org/12090971/,2026-09-29,cc-by-4.0,source tag=geonames/H.LK
geonames:12090971,identity,Danau Tanimot,https://www.geonames.org/12090971/,2026-09-29,cc-by-4.0,GeoNames item name; tourism status not proven
geonames:1213448,c5_category,Cagar Alam,https://www.geonames.org/1213448/,2026-09-29,cc-by-4.0,source tag=geonames/H.LK
geonames:1213448,identity,Danau Toba,https://www.geonames.org/1213448/,2026-09-29,cc-by-4.0,GeoNames item name; tourism status not proven
geonames:1213454,c5_category,Cagar Alam,https://www.geonames.org/1213454/,2026-09-29,cc-by-4.0,source tag=geonames/H.LK
geonames:1213454,identity,Danau Lauttinggal,https://www.geonames.org/1213454/,2026-09-29,cc-by-4.0,GeoNames item name; tourism status not proven
geonames:1213661,c5_category,Gunung,https://www.geonames.org/1213661/,2026-09-29,cc-by-4.0,source tag=geonames/T.VLC
geonames:1213661,identity,Sarik Merapi,https://www.geonames.org/1213661/,2026-09-29,cc-by-4.0,GeoNames item name; tourism status not proven
geonames:1213992,c5_category,Cagar Alam,https://www.geonames.org/1213992/,2026-09-29,cc-by-4.0,source tag=geonames/H.FLLS
geonames:1213992,identity,Air Terjun Sampurharimau,https://www.geonames.org/1213992/,2026-09-29,cc-by-4.0,GeoNames item name; tourism status not proven
geonames:12141343,c5_category,Budaya,https://www.geonames.org/12141343/,2026-09-29,cc-by-4.0,source tag=geonames/S.MNMT
geonames:12141343,identity,Patung Pemuda Membangun,https://www.geonames.org/12141343/,2026-09-29,cc-by-4.0,GeoNames item name; tourism status not proven
geonames:12141360,c5_category,Budaya,https://www.geonames.org/12141360/,2026-09-29,cc-by-4.0,source tag=geonames/S.MNMT
geonames:12141360,identity,Tugu Dirgantara,https://www.geonames.org/12141360/,2026-09-29,cc-by-4.0,GeoNames item name; tourism status not proven
geonames:12141383,c5_category,Budaya,https://www.geonames.org/12141383/,2026-09-29,cc-by-4.0,source tag=geonames/S.MNMT
geonames:12141383,identity,Tugu Tani,https://www.geonames.org/12141383/,2026-09-29,cc-by-4.0,GeoNames item name; tourism status not proven
geonames:12141386,c5_category,Budaya,https://www.geonames.org/12141386/,2026-09-29,cc-by-4.0,source tag=geonames/S.MNMT
geonames:12141386,identity,Patung Arjuna Wijaya,https://www.geonames.org/12141386/,2026-09-29,cc-by-4.0,GeoNames item name; tourism status not proven
geonames:12141389,c5_category,Budaya,https://www.geonames.org/12141389/,2026-09-29,cc-by-4.0,source tag=geonames/S.MNMT
geonames:12141389,identity,Monumen Selamat Datang,https://www.geonames.org/12141389/,2026-09-29,cc-by-4.0,GeoNames item name; tourism status not proven
geonames:12141390,c5_category,Cagar Alam,https://www.geonames.org/12141390/,2026-09-29,cc-by-4.0,source tag=geonames/L.PRK
geonames:12141390,identity,Lapangan Banteng,https://www.geonames.org/12141390/,2026-09-29,cc-by-4.0,GeoNames item name; tourism status not proven
geonames:12141392,c5_category,Budaya,https://www.geonames.org/12141392/,2026-09-29,cc-by-4.0,source tag=geonames/S.PAL
geonames:12141392,identity,Istana Merdeka,https://www.geonames.org/12141392/,2026-09-29,cc-by-4.0,GeoNames item name; tourism status not proven
geonames:12141399,c5_category,Tempat Ibadah,https://www.geonames.org/12141399/,2026-09-29,cc-by-4.0,source tag=geonames/S.TMPL
geonames:12141399,identity,Vihara Mahavira Graha Pusat,https://www.geonames.org/12141399/,2026-09-29,cc-by-4.0,GeoNames item name; tourism status not proven
geonames:12141400,c5_category,Tempat Ibadah,https://www.geonames.org/12141400/,2026-09-29,cc-by-4.0,source tag=geonames/S.TMPL
geonames:12141400,identity,Vihara Dharma Bhakti,https://www.geonames.org/12141400/,2026-09-29,cc-by-4.0,GeoNames item name; tourism status not proven
geonames:12141402,c5_category,Cagar Alam,https://www.geonames.org/12141402/,2026-09-29,cc-by-4.0,source tag=geonames/L.PRK
geonames:12141402,identity,Taman Impian Jaya Ancol,https://www.geonames.org/12141402/,2026-09-29,cc-by-4.0,GeoNames item name; tourism status not proven
geonames:12141428,c5_category,Tempat Ibadah,https://www.geonames.org/12141428/,2026-09-29,cc-by-4.0,source tag=geonames/S.TMPL
geonames:12141428,identity,Vihara Bahtera Bhakti,https://www.geonames.org/12141428/,2026-09-29,cc-by-4.0,GeoNames item name; tourism status not proven
geonames:1214318,c5_category,Cagar Alam,https://www.geonames.org/1214318/,2026-09-29,cc-by-4.0,source tag=geonames/H.LK
geonames:1214318,identity,Danau Pandan,https://www.geonames.org/1214318/,2026-09-29,cc-by-4.0,GeoNames item name; tourism status not proven
geonames:1214703,c5_category,Cagar Alam,https://www.geonames.org/1214703/,2026-09-29,cc-by-4.0,source tag=geonames/H.LK
geonames:1214703,identity,Danau Lauttawar,https://www.geonames.org/1214703/,2026-09-29,cc-by-4.0,GeoNames item name; tourism status not proven
geonames:1215572,c5_category,Cagar Alam,https://www.geonames.org/1215572/,2026-09-29,cc-by-4.0,source tag=geonames/H.LK
geonames:1215572,identity,Danau Aneuk Laot,https://www.geonames.org/1215572/,2026-09-29,cc-by-4.0,GeoNames item name; tourism status not proven
geonames:1215625,c5_category,Cagar Alam,https://www.geonames.org/1215625/,2026-09-29,cc-by-4.0,source tag=geonames/H.LK
geonames:1215625,identity,Danau Aek Bagas,https://www.geonames.org/1215625/,2026-09-29,cc-by-4.0,GeoNames item name; tourism status not proven
geonames:12183792,c5_category,Cagar Alam,https://www.geonames.org/12183792/,2026-09-29,cc-by-4.0,source tag=geonames/H.LK
geonames:12183792,identity,Ranu Gedang,https://www.geonames.org/12183792/,2026-09-29,cc-by-4.0,GeoNames item name; tourism status not proven
geonames:12184120,c5_category,Pantai,https://www.geonames.org/12184120/,2026-09-29,cc-by-4.0,source tag=geonames/T.BCH
geonames:12184120,identity,Pantai Plengkung,https://www.geonames.org/12184120/,2026-09-29,cc-by-4.0,GeoNames item name; tourism status not proven
geonames:12184122,c5_category,Cagar Alam,https://www.geonames.org/12184122/,2026-09-29,cc-by-4.0,source tag=geonames/L.RESN
geonames:12184122,identity,Taman Nasional Alam Purwo,https://www.geonames.org/12184122/,2026-09-29,cc-by-4.0,GeoNames item name; tourism status not proven
geonames:12184298,c5_category,Cagar Alam,https://www.geonames.org/12184298/,2026-09-29,cc-by-4.0,source tag=geonames/H.LK
geonames:12184298,identity,Danau Kastoba,https://www.geonames.org/12184298/,2026-09-29,cc-by-4.0,GeoNames item name; tourism status not proven
geonames:12196816,c5_category,Pantai,https://www.geonames.org/12196816/,2026-09-29,cc-by-4.0,source tag=geonames/T.BCH
geonames:12196816,identity,Pantai Widuri,https://www.geonames.org/12196816/,2026-09-29,cc-by-4.0,GeoNames item name; tourism status not proven
geonames:12219386,c5_category,Cagar Alam,https://www.geonames.org/12219386/,2026-09-29,cc-by-4.0,source tag=geonames/H.LK
geonames:12219386,identity,Danau Berambai,https://www.geonames.org/12219386/,2026-09-29,cc-by-4.0,GeoNames item name; tourism status not proven
geonames:12219670,c5_category,Cagar Alam,https://www.geonames.org/12219670/,2026-09-29,cc-by-4.0,source tag=geonames/H.LK
geonames:12219670,identity,Danau Rabok,https://www.geonames.org/12219670/,2026-09-29,cc-by-4.0,GeoNames item name; tourism status not proven
geonames:12219671,c5_category,Cagar Alam,https://www.geonames.org/12219671/,2026-09-29,cc-by-4.0,source tag=geonames/H.LK
geonames:12219671,identity,Danau Melinau,https://www.geonames.org/12219671/,2026-09-29,cc-by-4.0,GeoNames item name; tourism status not proven
geonames:12421022,c5_category,Budaya,https://www.geonames.org/12421022/,2026-09-29,cc-by-4.0,source tag=geonames/S.PAL
geonames:12421022,identity,Lap Bulutangkis Gg. Jumprit,https://www.geonames.org/12421022/,2026-09-29,cc-by-4.0,GeoNames item name; tourism status not proven
geonames:12493764,c5_category,Pantai,https://www.geonames.org/12493764/,2026-09-29,cc-by-4.0,source tag=geonames/T.BCH
geonames:12493764,identity,Luok Monggarang,https://www.geonames.org/12493764/,2026-09-29,cc-by-4.0,GeoNames item name; tourism status not proven
geonames:12495019,c5_category,Cagar Alam,https://www.geonames.org/12495019/,2026-09-29,cc-by-4.0,source tag=geonames/L.PRK
geonames:12495019,identity,Hutan Mangrove,https://www.geonames.org/12495019/,2026-09-29,cc-by-4.0,GeoNames item name; tourism status not proven
geonames:12501443,c5_category,Budaya,https://www.geonames.org/12501443/,2026-09-29,cc-by-4.0,source tag=geonames/S.PAL
geonames:12501443,identity,Istana Negara,https://www.geonames.org/12501443/,2026-09-29,cc-by-4.0,GeoNames item name; tourism status not proven
geonames:12509673,c5_category,Cagar Alam,https://www.geonames.org/12509673/,2026-09-29,cc-by-4.0,source tag=geonames/L.PRK
geonames:12509673,identity,Lapangan Desa Modisi,https://www.geonames.org/12509673/,2026-09-29,cc-by-4.0,GeoNames item name; tourism status not proven
geonames:12509685,c5_category,Cagar Alam,https://www.geonames.org/12509685/,2026-09-29,cc-by-4.0,source tag=geonames/L.PRK
geonames:12509685,identity,Tugu Modisi,https://www.geonames.org/12509685/,2026-09-29,cc-by-4.0,GeoNames item name; tourism status not proven
geonames:12510979,c5_category,Cagar Alam,https://www.geonames.org/12510979/,2026-09-29,cc-by-4.0,source tag=geonames/H.FLLS
geonames:12510979,identity,Air terjun Anenderat,https://www.geonames.org/12510979/,2026-09-29,cc-by-4.0,GeoNames item name; tourism status not proven
geonames:12511120,c5_category,Cagar Alam,https://www.geonames.org/12511120/,2026-09-29,cc-by-4.0,source tag=geonames/H.FLLS
geonames:12511120,identity,Air terjun Wenyef,https://www.geonames.org/12511120/,2026-09-29,cc-by-4.0,GeoNames item name; tourism status not proven
geonames:12511122,c5_category,Pantai,https://www.geonames.org/12511122/,2026-09-29,cc-by-4.0,source tag=geonames/T.BCH
geonames:12511122,identity,Pantai Batu Rumah,https://www.geonames.org/12511122/,2026-09-29,cc-by-4.0,GeoNames item name; tourism status not proven
geonames:12511156,c5_category,Cagar Alam,https://www.geonames.org/12511156/,2026-09-29,cc-by-4.0,source tag=geonames/H.LK
geonames:12511156,identity,Telaga Nelwan,https://www.geonames.org/12511156/,2026-09-29,cc-by-4.0,GeoNames item name; tourism status not proven
geonames:12513603,c5_category,Tempat Ibadah,https://www.geonames.org/12513603/,2026-09-29,cc-by-4.0,source tag=geonames/S.TMPL
geonames:12513603,identity,Candi Minak Jinggo,https://www.geonames.org/12513603/,2026-09-29,cc-by-4.0,GeoNames item name; tourism status not proven
geonames:12514773,c5_category,Cagar Alam,https://www.geonames.org/12514773/,2026-09-29,cc-by-4.0,source tag=geonames/H.LK
geonames:12514773,identity,Ranu Kembar,https://www.geonames.org/12514773/,2026-09-29,cc-by-4.0,GeoNames item name; tourism status not proven
geonames:12542690,c5_category,Cagar Alam,https://www.geonames.org/12542690/,2026-09-29,cc-by-4.0,source tag=geonames/H.LK
geonames:12542690,identity,Danau Bunong,https://www.geonames.org/12542690/,2026-09-29,cc-by-4.0,GeoNames item name; tourism status not proven
geonames:12809286,c5_category,Gunung,https://www.geonames.org/12809286/,2026-09-29,cc-by-4.0,source tag=geonames/T.VLC
geonames:12809286,identity,Anak Krakatau,https://www.geonames.org/12809286/,2026-09-29,cc-by-4.0,GeoNames item name; tourism status not proven
geonames:1480570,c5_category,Cagar Alam,https://www.geonames.org/1480570/,2026-09-29,cc-by-4.0,source tag=geonames/H.LK
geonames:1480570,identity,Danau Laot Ni,https://www.geonames.org/1480570/,2026-09-29,cc-by-4.0,GeoNames item name; tourism status not proven
geonames:1621249,c5_category,Cagar Alam,https://www.geonames.org/1621249/,2026-09-29,cc-by-4.0,source tag=geonames/H.LK
geonames:1621249,identity,Danau Jamur,https://www.geonames.org/1621249/,2026-09-29,cc-by-4.0,GeoNames item name; tourism status not proven
geonames:1621275,c5_category,Cagar Alam,https://www.geonames.org/1621275/,2026-09-29,cc-by-4.0,source tag=geonames/H.LK
geonames:1621275,identity,Danau Yagau,https://www.geonames.org/1621275/,2026-09-29,cc-by-4.0,GeoNames item name; tourism status not proven
geonames:1621747,c5_category,Cagar Alam,https://www.geonames.org/1621747/,2026-09-29,cc-by-4.0,source tag=geonames/H.LK
geonames:1621747,identity,Danau Lontoa,https://www.geonames.org/1621747/,2026-09-29,cc-by-4.0,GeoNames item name; tourism status not proven
geonames:1621971,c5_category,Cagar Alam,https://www.geonames.org/1621971/,2026-09-29,cc-by-4.0,source tag=geonames/H.LK
geonames:1621971,identity,Talaga Warna,https://www.geonames.org/1621971/,2026-09-29,cc-by-4.0,GeoNames item name; tourism status not proven
geonames:1621972,c5_category,Cagar Alam,https://www.geonames.org/1621972/,2026-09-29,cc-by-4.0,source tag=geonames/H.LK
geonames:1621972,identity,Telaga Warna,https://www.geonames.org/1621972/,2026-09-29,cc-by-4.0,GeoNames item name; tourism status not proven
geonames:1622236,c5_category,Cagar Alam,https://www.geonames.org/1622236/,2026-09-29,cc-by-4.0,source tag=geonames/H.FLLS
geonames:1622236,identity,Air Terjun Walahar,https://www.geonames.org/1622236/,2026-09-29,cc-by-4.0,GeoNames item name; tourism status not proven
geonames:1622629,c5_category,Cagar Alam,https://www.geonames.org/1622629/,2026-09-29,cc-by-4.0,source tag=geonames/H.LK
geonames:1622629,identity,Tasik Ungus,https://www.geonames.org/1622629/,2026-09-29,cc-by-4.0,GeoNames item name; tourism status not proven
geonames:1622973,c5_category,Cagar Alam,https://www.geonames.org/1622973/,2026-09-29,cc-by-4.0,source tag=geonames/H.LK
geonames:1622973,identity,Ranca Tunjung,https://www.geonames.org/1622973/,2026-09-29,cc-by-4.0,GeoNames item name; tourism status not proven
geonames:1622990,c5_category,Cagar Alam,https://www.geonames.org/1622990/,2026-09-29,cc-by-4.0,source tag=geonames/H.LK
geonames:1622990,identity,Setu Tunggilis,https://www.geonames.org/1622990/,2026-09-29,cc-by-4.0,GeoNames item name; tourism status not proven
geonames:1622993,c5_category,Cagar Alam,https://www.geonames.org/1622993/,2026-09-29,cc-by-4.0,source tag=geonames/H.LK
geonames:1622993,identity,Danau Tunggal,https://www.geonames.org/1622993/,2026-09-29,cc-by-4.0,GeoNames item name; tourism status not proven
geonames:1623107,c5_category,Cagar Alam,https://www.geonames.org/1623107/,2026-09-29,cc-by-4.0,source tag=geonames/H.LK
geonames:1623107,identity,Danau Tukuoko,https://www.geonames.org/1623107/,2026-09-29,cc-by-4.0,GeoNames item name; tourism status not proven
geonames:1623219,c5_category,Cagar Alam,https://www.geonames.org/1623219/,2026-09-29,cc-by-4.0,source tag=geonames/H.LK
geonames:1623219,identity,Danau Trusan,https://www.geonames.org/1623219/,2026-09-29,cc-by-4.0,GeoNames item name; tourism status not proven
geonames:1623263,c5_category,Cagar Alam,https://www.geonames.org/1623263/,2026-09-29,cc-by-4.0,source tag=geonames/H.LK
geonames:1623263,identity,Rawa Trate,https://www.geonames.org/1623263/,2026-09-29,cc-by-4.0,GeoNames item name; tourism status not proven
geonames:1623275,c5_category,Cagar Alam,https://www.geonames.org/1623275/,2026-09-29,cc-by-4.0,source tag=geonames/H.LK
geonames:1623275,identity,Danau Towuti,https://www.geonames.org/1623275/,2026-09-29,cc-by-4.0,GeoNames item name; tourism status not proven
geonames:1623374,c5_category,Cagar Alam,https://www.geonames.org/1623374/,2026-09-29,cc-by-4.0,source tag=geonames/H.LK
geonames:1623374,identity,Situ Tonjong,https://www.geonames.org/1623374/,2026-09-29,cc-by-4.0,GeoNames item name; tourism status not proven
geonames:1623423,c5_category,Cagar Alam,https://www.geonames.org/1623423/,2026-09-29,cc-by-4.0,source tag=geonames/H.LK
geonames:1623423,identity,Danau Tondano,https://www.geonames.org/1623423/,2026-09-29,cc-by-4.0,GeoNames item name; tourism status not proven
geonames:1623471,c5_category,Cagar Alam,https://www.geonames.org/1623471/,2026-09-29,cc-by-4.0,source tag=geonames/H.LK
geonames:1623471,identity,Tasik Tombatusonsang,https://www.geonames.org/1623471/,2026-09-29,cc-by-4.0,GeoNames item name; tourism status not proven
geonames:1623503,c5_category,Cagar Alam,https://www.geonames.org/1623503/,2026-09-29,cc-by-4.0,source tag=geonames/H.LK
geonames:1623503,identity,Danau Tolire Kecil,https://www.geonames.org/1623503/,2026-09-29,cc-by-4.0,GeoNames item name; tourism status not proven
geonames:1623504,c5_category,Cagar Alam,https://www.geonames.org/1623504/,2026-09-29,cc-by-4.0,source tag=geonames/H.LK
geonames:1623504,identity,Danau Tolire Besar,https://www.geonames.org/1623504/,2026-09-29,cc-by-4.0,GeoNames item name; tourism status not proven
geonames:1623708,c5_category,Cagar Alam,https://www.geonames.org/1623708/,2026-09-29,cc-by-4.0,source tag=geonames/H.LK
geonames:1623708,identity,Danau Tiu,https://www.geonames.org/1623708/,2026-09-29,cc-by-4.0,GeoNames item name; tourism status not proven
geonames:1623880,c5_category,Cagar Alam,https://www.geonames.org/1623880/,2026-09-29,cc-by-4.0,source tag=geonames/H.LK
geonames:1623880,identity,Telaga Tilope,https://www.geonames.org/1623880/,2026-09-29,cc-by-4.0,GeoNames item name; tourism status not proven
geonames:1623883,c5_category,Cagar Alam,https://www.geonames.org/1623883/,2026-09-29,cc-by-4.0,source tag=geonames/H.LK
geonames:1623883,identity,Danau Tilope,https://www.geonames.org/1623883/,2026-09-29,cc-by-4.0,GeoNames item name; tourism status not proven
geonames:1623915,c5_category,Cagar Alam,https://www.geonames.org/1623915/,2026-09-29,cc-by-4.0,source tag=geonames/H.LK
geonames:1623915,identity,Telaga Tihu,https://www.geonames.org/1623915/,2026-09-29,cc-by-4.0,GeoNames item name; tourism status not proven
geonames:1623922,c5_category,Cagar Alam,https://www.geonames.org/1623922/,2026-09-29,cc-by-4.0,source tag=geonames/H.LK
geonames:1623922,identity,Danau Tigi,https://www.geonames.org/1623922/,2026-09-29,cc-by-4.0,GeoNames item name; tourism status not proven
geonames:1624042,c5_category,Cagar Alam,https://www.geonames.org/1624042/,2026-09-29,cc-by-4.0,source tag=geonames/H.LK
geonames:1624042,identity,Danau Termabas,https://www.geonames.org/1624042/,2026-09-29,cc-by-4.0,GeoNames item name; tourism status not proven
geonames:1624050,c5_category,Cagar Alam,https://www.geonames.org/1624050/,2026-09-29,cc-by-4.0,source tag=geonames/H.LK
geonames:1624050,identity,Danau Terentang,https://www.geonames.org/1624050/,2026-09-29,cc-by-4.0,GeoNames item name; tourism status not proven
geonames:1624186,c5_category,Cagar Alam,https://www.geonames.org/1624186/,2026-09-29,cc-by-4.0,source tag=geonames/H.LK
geonames:1624186,identity,Danau Tempe,https://www.geonames.org/1624186/,2026-09-29,cc-by-4.0,GeoNames item name; tourism status not proven
geonames:1624347,c5_category,Cagar Alam,https://www.geonames.org/1624347/,2026-09-29,cc-by-4.0,source tag=geonames/H.LK
geonames:1624347,identity,Danau Teloko,https://www.geonames.org/1624347/,2026-09-29,cc-by-4.0,GeoNames item name; tourism status not proven
geonames:1624377,c5_category,Cagar Alam,https://www.geonames.org/1624377/,2026-09-29,cc-by-4.0,source tag=geonames/H.LK
geonames:1624377,identity,Danau Telang,https://www.geonames.org/1624377/,2026-09-29,cc-by-4.0,GeoNames item name; tourism status not proven
geonames:1624421,c5_category,Cagar Alam,https://www.geonames.org/1624421/,2026-09-29,cc-by-4.0,source tag=geonames/H.LK
geonames:1624421,identity,Danau Tekenang,https://www.geonames.org/1624421/,2026-09-29,cc-by-4.0,GeoNames item name; tourism status not proven
geonames:1624682,c5_category,Cagar Alam,https://www.geonames.org/1624682/,2026-09-29,cc-by-4.0,source tag=geonames/H.LK
geonames:1624682,identity,Danau Tarmasi,https://www.geonames.org/1624682/,2026-09-29,cc-by-4.0,GeoNames item name; tourism status not proven
geonames:1624774,c5_category,Cagar Alam,https://www.geonames.org/1624774/,2026-09-29,cc-by-4.0,source tag=geonames/H.LK
geonames:1624774,identity,Tapara Masapi,https://www.geonames.org/1624774/,2026-09-29,cc-by-4.0,GeoNames item name; tourism status not proven
geonames:1625042,c5_category,Gunung,https://www.geonames.org/1625042/,2026-09-29,cc-by-4.0,source tag=geonames/T.VLC
geonames:1625042,identity,Gunung Tangkubanperahu,https://www.geonames.org/1625042/,2026-09-29,cc-by-4.0,GeoNames item name; tourism status not proven
geonames:1625060,c5_category,Cagar Alam,https://www.geonames.org/1625060/,2026-09-29,cc-by-4.0,source tag=geonames/H.LK
geonames:1625060,identity,Tasik Pangkalan Siam,https://www.geonames.org/1625060/,2026-09-29,cc-by-4.0,GeoNames item name; tourism status not proven
geonames:1625091,c5_category,Cagar Alam,https://www.geonames.org/1625091/,2026-09-29,cc-by-4.0,source tag=geonames/H.LK
geonames:1625091,identity,Danau Tang,https://www.geonames.org/1625091/,2026-09-29,cc-by-4.0,GeoNames item name; tourism status not proven
geonames:1625100,c5_category,Cagar Alam,https://www.geonames.org/1625100/,2026-09-29,cc-by-4.0,source tag=geonames/H.LK
geonames:1625100,identity,Danau Tanemot,https://www.geonames.org/1625100/,2026-09-29,cc-by-4.0,GeoNames item name; tourism status not proven
geonames:1625272,c5_category,Gunung,https://www.geonames.org/1625272/,2026-09-29,cc-by-4.0,source tag=geonames/T.VLC
geonames:1625272,identity,Gunung Tambora,https://www.geonames.org/1625272/,2026-09-29,cc-by-4.0,GeoNames item name; tourism status not proven
geonames:1625277,c5_category,Cagar Alam,https://www.geonames.org/1625277/,2026-09-29,cc-by-4.0,source tag=geonames/H.LK
geonames:1625277,identity,Danau Tamblingan,https://www.geonames.org/1625277/,2026-09-29,cc-by-4.0,GeoNames item name; tourism status not proven
geonames:1625357,c5_category,Cagar Alam,https://www.geonames.org/1625357/,2026-09-29,cc-by-4.0,source tag=geonames/H.LK
geonames:1625357,identity,Danau Tamanhidup,https://www.geonames.org/1625357/,2026-09-29,cc-by-4.0,GeoNames item name; tourism status not proven
geonames:1625505,c5_category,Cagar Alam,https://www.geonames.org/1625505/,2026-09-29,cc-by-4.0,source tag=geonames/H.LK
geonames:1625505,identity,Danau Talang,https://www.geonames.org/1625505/,2026-09-29,cc-by-4.0,GeoNames item name; tourism status not proven
geonames:1625586,c5_category,Cagar Alam,https://www.geonames.org/1625586/,2026-09-29,cc-by-4.0,source tag=geonames/H.LK
geonames:1625586,identity,Danau Tahun,https://www.geonames.org/1625586/,2026-09-29,cc-by-4.0,GeoNames item name; tourism status not proven
geonames:1625615,c5_category,Cagar Alam,https://www.geonames.org/1625615/,2026-09-29,cc-by-4.0,source tag=geonames/H.LK
geonames:1625615,identity,Danau Tage,https://www.geonames.org/1625615/,2026-09-29,cc-by-4.0,GeoNames item name; tourism status not proven
geonames:1625777,c5_category,Cagar Alam,https://www.geonames.org/1625777/,2026-09-29,cc-by-4.0,source tag=geonames/H.LK
geonames:1625777,identity,Ranca Surupan,https://www.geonames.org/1625777/,2026-09-29,cc-by-4.0,GeoNames item name; tourism status not proven
geonames:1625798,c5_category,Cagar Alam,https://www.geonames.org/1625798/,2026-09-29,cc-by-4.0,source tag=geonames/H.LK
geonames:1625798,identity,Telaga Sureng,https://www.geonames.org/1625798/,2026-09-29,cc-by-4.0,GeoNames item name; tourism status not proven
geonames:1626058,c5_category,Cagar Alam,https://www.geonames.org/1626058/,2026-09-29,cc-by-4.0,source tag=geonames/H.LK
geonames:1626058,identity,Telaga Sumurup,https://www.geonames.org/1626058/,2026-09-29,cc-by-4.0,GeoNames item name; tourism status not proven
geonames:1626086,c5_category,Cagar Alam,https://www.geonames.org/1626086/,2026-09-29,cc-by-4.0,source tag=geonames/H.LK
geonames:1626086,identity,Danau Sumpa,https://www.geonames.org/1626086/,2026-09-29,cc-by-4.0,GeoNames item name; tourism status not proven
geonames:1626105,c5_category,Cagar Alam,https://www.geonames.org/1626105/,2026-09-29,cc-by-4.0,source tag=geonames/H.LK
geonames:1626105,identity,Danau Sumbu,https://www.geonames.org/1626105/,2026-09-29,cc-by-4.0,GeoNames item name; tourism status not proven
geonames:1626221,c5_category,Cagar Alam,https://www.geonames.org/1626221/,2026-09-29,cc-by-4.0,source tag=geonames/H.LK
geonames:1626221,identity,Telaga Suling,https://www.geonames.org/1626221/,2026-09-29,cc-by-4.0,GeoNames item name; tourism status not proven
geonames:1626564,c5_category,Cagar Alam,https://www.geonames.org/1626564/,2026-09-29,cc-by-4.0,source tag=geonames/H.LK
geonames:1626564,identity,Danau Soran,https://www.geonames.org/1626564/,2026-09-29,cc-by-4.0,GeoNames item name; tourism status not proven
geonames:1626605,c5_category,Cagar Alam,https://www.geonames.org/1626605/,2026-09-29,cc-by-4.0,source tag=geonames/H.LK
geonames:1626605,identity,Telaga Songa,https://www.geonames.org/1626605/,2026-09-29,cc-by-4.0,GeoNames item name; tourism status not proven
geonames:1626763,c5_category,Gunung,https://www.geonames.org/1626763/,2026-09-29,cc-by-4.0,source tag=geonames/T.VLC
geonames:1626763,identity,Gunung Slamet,https://www.geonames.org/1626763/,2026-09-29,cc-by-4.0,GeoNames item name; tourism status not proven
geonames:1626848,c5_category,Cagar Alam,https://www.geonames.org/1626848/,2026-09-29,cc-by-4.0,source tag=geonames/H.LK
geonames:1626848,identity,Kenohan Siran,https://www.geonames.org/1626848/,2026-09-29,cc-by-4.0,GeoNames item name; tourism status not proven
geonames:1626868,c5_category,Cagar Alam,https://www.geonames.org/1626868/,2026-09-29,cc-by-4.0,source tag=geonames/H.LK
geonames:1626868,identity,Situ Sipanujang,https://www.geonames.org/1626868/,2026-09-29,cc-by-4.0,GeoNames item name; tourism status not proven
geonames:1626919,c5_category,Cagar Alam,https://www.geonames.org/1626919/,2026-09-29,cc-by-4.0,source tag=geonames/H.LK
geonames:1626919,identity,Danau Singkarak,https://www.geonames.org/1626919/,2026-09-29,cc-by-4.0,GeoNames item name; tourism status not proven
geonames:1627183,c5_category,Cagar Alam,https://www.geonames.org/1627183/,2026-09-29,cc-by-4.0,source tag=geonames/H.LK
geonames:1627183,identity,Danau Sika,https://www.geonames.org/1627183/,2026-09-29,cc-by-4.0,GeoNames item name; tourism status not proven
geonames:1627218,c5_category,Cagar Alam,https://www.geonames.org/1627218/,2026-09-29,cc-by-4.0,source tag=geonames/H.LK
geonames:1627218,identity,Tasik Sigalanggang,https://www.geonames.org/1627218/,2026-09-29,cc-by-4.0,GeoNames item name; tourism status not proven
geonames:1627259,c5_category,Cagar Alam,https://www.geonames.org/1627259/,2026-09-29,cc-by-4.0,source tag=geonames/H.LK
geonames:1627259,identity,Danau Sidenreng,https://www.geonames.org/1627259/,2026-09-29,cc-by-4.0,GeoNames item name; tourism status not proven
geonames:1627314,c5_category,Cagar Alam,https://www.geonames.org/1627314/,2026-09-29,cc-by-4.0,source tag=geonames/H.LK
geonames:1627314,identity,Danau Siawan,https://www.geonames.org/1627314/,2026-09-29,cc-by-4.0,GeoNames item name; tourism status not proven
geonames:1627356,c5_category,Tempat Ibadah,https://www.geonames.org/1627356/,2026-09-29,cc-by-4.0,source tag=geonames/S.TMPL
geonames:1627356,identity,Candi Sewu,https://www.geonames.org/1627356/,2026-09-29,cc-by-4.0,GeoNames item name; tourism status not proven
geonames:1627362,c5_category,Cagar Alam,https://www.geonames.org/1627362/,2026-09-29,cc-by-4.0,source tag=geonames/H.LK
geonames:1627362,identity,Danau Sewiki,https://www.geonames.org/1627362/,2026-09-29,cc-by-4.0,GeoNames item name; tourism status not proven
geonames:1627461,c5_category,Cagar Alam,https://www.geonames.org/1627461/,2026-09-29,cc-by-4.0,source tag=geonames/H.LK
geonames:1627461,identity,Telaga Seropan,https://www.geonames.org/1627461/,2026-09-29,cc-by-4.0,GeoNames item name; tourism status not proven
geonames:1627486,c5_category,Cagar Alam,https://www.geonames.org/1627486/,2026-09-29,cc-by-4.0,source tag=geonames/H.LK
geonames:1627486,identity,Danau Seriang,https://www.geonames.org/1627486/,2026-09-29,cc-by-4.0,GeoNames item name; tourism status not proven
geonames:1627561,c5_category,Cagar Alam,https://www.geonames.org/1627561/,2026-09-29,cc-by-4.0,source tag=geonames/H.LK
geonames:1627561,identity,Tasik Serai,https://www.geonames.org/1627561/,2026-09-29,cc-by-4.0,GeoNames item name; tourism status not proven
geonames:1627661,c5_category,Cagar Alam,https://www.geonames.org/1627661/,2026-09-29,cc-by-4.0,source tag=geonames/H.LK
geonames:1627661,identity,Danau Sentarum,https://www.geonames.org/1627661/,2026-09-29,cc-by-4.0,GeoNames item name; tourism status not proven
geonames:1627797,c5_category,Cagar Alam,https://www.geonames.org/1627797/,2026-09-29,cc-by-4.0,source tag=geonames/H.LK
geonames:1627797,identity,Danau Sempinang,https://www.geonames.org/1627797/,2026-09-29,cc-by-4.0,GeoNames item name; tourism status not proven
geonames:1627844,c5_category,Cagar Alam,https://www.geonames.org/1627844/,2026-09-29,cc-by-4.0,source tag=geonames/H.LK
geonames:1627844,identity,Danau Semelih,https://www.geonames.org/1627844/,2026-09-29,cc-by-4.0,GeoNames item name; tourism status not proven
geonames:1627852,c5_category,Cagar Alam,https://www.geonames.org/1627852/,2026-09-29,cc-by-4.0,source tag=geonames/H.LK
geonames:1627852,identity,Danau Pelajau,https://www.geonames.org/1627852/,2026-09-29,cc-by-4.0,GeoNames item name; tourism status not proven
geonames:1627880,c5_category,Cagar Alam,https://www.geonames.org/1627880/,2026-09-29,cc-by-4.0,source tag=geonames/H.LK
geonames:1627880,identity,Danau Semayang,https://www.geonames.org/1627880/,2026-09-29,cc-by-4.0,GeoNames item name; tourism status not proven
geonames:1627907,c5_category,Cagar Alam,https://www.geonames.org/1627907/,2026-09-29,cc-by-4.0,source tag=geonames/H.LK
geonames:1627907,identity,Danau Semangit,https://www.geonames.org/1627907/,2026-09-29,cc-by-4.0,GeoNames item name; tourism status not proven
geonames:1628033,c5_category,Cagar Alam,https://www.geonames.org/1628033/,2026-09-29,cc-by-4.0,source tag=geonames/H.LK
geonames:1628033,identity,Danau Selatai,https://www.geonames.org/1628033/,2026-09-29,cc-by-4.0,GeoNames item name; tourism status not proven
geonames:1628133,c5_category,Cagar Alam,https://www.geonames.org/1628133/,2026-09-29,cc-by-4.0,source tag=geonames/H.LK
geonames:1628133,identity,Danau Sekawi,https://www.geonames.org/1628133/,2026-09-29,cc-by-4.0,GeoNames item name; tourism status not proven
geonames:1628218,c5_category,Cagar Alam,https://www.geonames.org/1628218/,2026-09-29,cc-by-4.0,source tag=geonames/H.LK
geonames:1628218,identity,Danau Segelam,https://www.geonames.org/1628218/,2026-09-29,cc-by-4.0,GeoNames item name; tourism status not proven
geonames:1628225,c5_category,Cagar Alam,https://www.geonames.org/1628225/,2026-09-29,cc-by-4.0,source tag=geonames/H.LK
geonames:1628225,identity,Ranu Segaran Merah,https://www.geonames.org/1628225/,2026-09-29,cc-by-4.0,GeoNames item name; tourism status not proven
geonames:1628226,c5_category,Cagar Alam,https://www.geonames.org/1628226/,2026-09-29,cc-by-4.0,source tag=geonames/H.LK
geonames:1628226,identity,Ranu Segaran Duwas,https://www.geonames.org/1628226/,2026-09-29,cc-by-4.0,GeoNames item name; tourism status not proven
geonames:1628227,c5_category,Cagar Alam,https://www.geonames.org/1628227/,2026-09-29,cc-by-4.0,source tag=geonames/H.LK
geonames:1628227,identity,Rawa Segaran,https://www.geonames.org/1628227/,2026-09-29,cc-by-4.0,GeoNames item name; tourism status not proven
geonames:1628228,c5_category,Cagar Alam,https://www.geonames.org/1628228/,2026-09-29,cc-by-4.0,source tag=geonames/H.LK
geonames:1628228,identity,Ranu Segaran,https://www.geonames.org/1628228/,2026-09-29,cc-by-4.0,GeoNames item name; tourism status not proven
geonames:1628250,c5_category,Cagar Alam,https://www.geonames.org/1628250/,2026-09-29,cc-by-4.0,source tag=geonames/H.LK
geonames:1628250,identity,Setu Sedong,https://www.geonames.org/1628250/,2026-09-29,cc-by-4.0,GeoNames item name; tourism status not proven
geonames:1628262,c5_category,Cagar Alam,https://www.geonames.org/1628262/,2026-09-29,cc-by-4.0,source tag=geonames/H.LK
geonames:1628262,identity,Situ Sedayu,https://www.geonames.org/1628262/,2026-09-29,cc-by-4.0,GeoNames item name; tourism status not proven
geonames:1628622,c5_category,Cagar Alam,https://www.geonames.org/1628622/,2026-09-29,cc-by-4.0,source tag=geonames/H.LK
geonames:1628622,identity,Tasik Sarang Burung,https://www.geonames.org/1628622/,2026-09-29,cc-by-4.0,GeoNames item name; tourism status not proven
geonames:1628716,c5_category,Cagar Alam,https://www.geonames.org/1628716/,2026-09-29,cc-by-4.0,source tag=geonames/H.LK
geonames:1628716,identity,Rawa Santioro,https://www.geonames.org/1628716/,2026-09-29,cc-by-4.0,GeoNames item name; tourism status not proven
geonames:1628780,c5_category,Cagar Alam,https://www.geonames.org/1628780/,2026-09-29,cc-by-4.0,source tag=geonames/H.LK
geonames:1628780,identity,Situ Sangiang,https://www.geonames.org/1628780/,2026-09-29,cc-by-4.0,GeoNames item name; tourism status not proven
geonames:1628781,c5_category,Cagar Alam,https://www.geonames.org/1628781/,2026-09-29,cc-by-4.0,source tag=geonames/H.LK
geonames:1628781,identity,Situ Sangiang,https://www.geonames.org/1628781/,2026-09-29,cc-by-4.0,GeoNames item name; tourism status not proven
geonames:1628914,c5_category,Cagar Alam,https://www.geonames.org/1628914/,2026-09-29,cc-by-4.0,source tag=geonames/H.LK
geonames:1628914,identity,Wae Sano,https://www.geonames.org/1628914/,2026-09-29,cc-by-4.0,GeoNames item name; tourism status not proven
geonames:1629257,c5_category,Cagar Alam,https://www.geonames.org/1629257/,2026-09-29,cc-by-4.0,source tag=geonames/H.LK
geonames:1629257,identity,Danau Sagea,https://www.geonames.org/1629257/,2026-09-29,cc-by-4.0,GeoNames item name; tourism status not proven
geonames:1629291,c5_category,Cagar Alam,https://www.geonames.org/1629291/,2026-09-29,cc-by-4.0,source tag=geonames/H.LK
geonames:1629291,identity,Danau Sadar,https://www.geonames.org/1629291/,2026-09-29,cc-by-4.0,GeoNames item name; tourism status not proven
geonames:1629324,c5_category,Cagar Alam,https://www.geonames.org/1629324/,2026-09-29,cc-by-4.0,source tag=geonames/H.LK
geonames:1629324,identity,Danau Sabit,https://www.geonames.org/1629324/,2026-09-29,cc-by-4.0,GeoNames item name; tourism status not proven
geonames:1629423,c5_category,Cagar Alam,https://www.geonames.org/1629423/,2026-09-29,cc-by-4.0,source tag=geonames/H.LK
geonames:1629423,identity,Situ Rumpin,https://www.geonames.org/1629423/,2026-09-29,cc-by-4.0,GeoNames item name; tourism status not proven
geonames:1629552,c5_category,Cagar Alam,https://www.geonames.org/1629552/,2026-09-29,cc-by-4.0,source tag=geonames/H.LK
geonames:1629552,identity,Danau Rombebai,https://www.geonames.org/1629552/,2026-09-29,cc-by-4.0,GeoNames item name; tourism status not proven
geonames:1629607,c5_category,Cagar Alam,https://www.geonames.org/1629607/,2026-09-29,cc-by-4.0,source tag=geonames/H.LK
geonames:1629607,identity,Rinu,https://www.geonames.org/1629607/,2026-09-29,cc-by-4.0,GeoNames item name; tourism status not proven
geonames:1629734,c5_category,Cagar Alam,https://www.geonames.org/1629734/,2026-09-29,cc-by-4.0,source tag=geonames/H.LK
geonames:1629734,identity,Telaga Remis,https://www.geonames.org/1629734/,2026-09-29,cc-by-4.0,GeoNames item name; tourism status not proven
geonames:1629770,c5_category,Cagar Alam,https://www.geonames.org/1629770/,2026-09-29,cc-by-4.0,source tag=geonames/H.LK
geonames:1629770,identity,Ranu Regolo,https://www.geonames.org/1629770/,2026-09-29,cc-by-4.0,GeoNames item name; tourism status not proven
geonames:1629809,c5_category,Cagar Alam,https://www.geonames.org/1629809/,2026-09-29,cc-by-4.0,source tag=geonames/H.LK
geonames:1629809,identity,Danau Raya,https://www.geonames.org/1629809/,2026-09-29,cc-by-4.0,GeoNames item name; tourism status not proven
geonames:1629863,c5_category,Cagar Alam,https://www.geonames.org/1629863/,2026-09-29,cc-by-4.0,source tag=geonames/H.LK
geonames:1629863,identity,Situ Rawajati,https://www.geonames.org/1629863/,2026-09-29,cc-by-4.0,GeoNames item name; tourism status not proven
geonames:1629895,c5_category,Cagar Alam,https://www.geonames.org/1629895/,2026-09-29,cc-by-4.0,source tag=geonames/H.LK
geonames:1629895,identity,Situ Rawabadak,https://www.geonames.org/1629895/,2026-09-29,cc-by-4.0,GeoNames item name; tourism status not proven
geonames:1630042,c5_category,Cagar Alam,https://www.geonames.org/1630042/,2026-09-29,cc-by-4.0,source tag=geonames/H.LK
geonames:1630042,identity,Danau Rano,https://www.geonames.org/1630042/,2026-09-29,cc-by-4.0,GeoNames item name; tourism status not proven
geonames:1630140,c5_category,Cagar Alam,https://www.geonames.org/1630140/,2026-09-29,cc-by-4.0,source tag=geonames/H.LK
geonames:1630140,identity,Danau Ranau,https://www.geonames.org/1630140/,2026-09-29,cc-by-4.0,GeoNames item name; tourism status not proven
geonames:1630142,c5_category,Gunung,https://www.geonames.org/1630142/,2026-09-29,cc-by-4.0,source tag=geonames/T.VLC
geonames:1630142,identity,Poco Ranaka,https://www.geonames.org/1630142/,2026-09-29,cc-by-4.0,GeoNames item name; tourism status not proven
geonames:1630148,c5_category,Cagar Alam,https://www.geonames.org/1630148/,2026-09-29,cc-by-4.0,source tag=geonames/H.LK
geonames:1630148,identity,Danau Rana,https://www.geonames.org/1630148/,2026-09-29,cc-by-4.0,GeoNames item name; tourism status not proven
geonames:1630172,c5_category,Cagar Alam,https://www.geonames.org/1630172/,2026-09-29,cc-by-4.0,source tag=geonames/H.LK
geonames:1630172,identity,Danau Rambai,https://www.geonames.org/1630172/,2026-09-29,cc-by-4.0,GeoNames item name; tourism status not proven
geonames:1630258,c5_category,Cagar Alam,https://www.geonames.org/1630258/,2026-09-29,cc-by-4.0,source tag=geonames/H.LK
geonames:1630258,identity,Situ Rabak,https://www.geonames.org/1630258/,2026-09-29,cc-by-4.0,GeoNames item name; tourism status not proven
geonames:1630261,c5_category,Cagar Alam,https://www.geonames.org/1630261/,2026-09-29,cc-by-4.0,source tag=geonames/H.LK
geonames:1630261,identity,Danau Raba,https://www.geonames.org/1630261/,2026-09-29,cc-by-4.0,GeoNames item name; tourism status not proven
geonames:1630352,c5_category,Cagar Alam,https://www.geonames.org/1630352/,2026-09-29,cc-by-4.0,source tag=geonames/H.LK
geonames:1630352,identity,Danau Puru,https://www.geonames.org/1630352/,2026-09-29,cc-by-4.0,GeoNames item name; tourism status not proven
geonames:1630422,c5_category,Cagar Alam,https://www.geonames.org/1630422/,2026-09-29,cc-by-4.0,source tag=geonames/H.FLLS
geonames:1630422,identity,Air Terjun Puncakmanik,https://www.geonames.org/1630422/,2026-09-29,cc-by-4.0,GeoNames item name; tourism status not proven
geonames:1630541,c5_category,Cagar Alam,https://www.geonames.org/1630541/,2026-09-29,cc-by-4.0,source tag=geonames/H.LK
geonames:1630541,identity,Tasik Pulau Besar,https://www.geonames.org/1630541/,2026-09-29,cc-by-4.0,GeoNames item name; tourism status not proven
geonames:1630636,c5_category,Cagar Alam,https://www.geonames.org/1630636/,2026-09-29,cc-by-4.0,source tag=geonames/H.LK
geonames:1630636,identity,Danau Prinses Juliana,https://www.geonames.org/1630636/,2026-09-29,cc-by-4.0,GeoNames item name; tourism status not proven
geonames:1630637,c5_category,Cagar Alam,https://www.geonames.org/1630637/,2026-09-29,cc-by-4.0,source tag=geonames/H.LK
geonames:1630637,identity,Danau Prins Bernhard,https://www.geonames.org/1630637/,2026-09-29,cc-by-4.0,GeoNames item name; tourism status not proven
geonames:1630646,c5_category,Cagar Alam,https://www.geonames.org/1630646/,2026-09-29,cc-by-4.0,source tag=geonames/H.LK
geonames:1630646,identity,Waduk Prijetan,https://www.geonames.org/1630646/,2026-09-29,cc-by-4.0,GeoNames item name; tourism status not proven
geonames:1630680,c5_category,Tempat Ibadah,https://www.geonames.org/1630680/,2026-09-29,cc-by-4.0,source tag=geonames/S.TMPL
geonames:1630680,identity,Candi Prambanan,https://www.geonames.org/1630680/,2026-09-29,cc-by-4.0,GeoNames item name; tourism status not proven
geonames:1630721,c5_category,Cagar Alam,https://www.geonames.org/1630721/,2026-09-29,cc-by-4.0,source tag=geonames/H.LK
geonames:1630721,identity,Danau Poso,https://www.geonames.org/1630721/,2026-09-29,cc-by-4.0,GeoNames item name; tourism status not proven
geonames:1630995,c5_category,Cagar Alam,https://www.geonames.org/1630995/,2026-09-29,cc-by-4.0,source tag=geonames/H.LK
geonames:1630995,identity,Ranca Plumbon,https://www.geonames.org/1630995/,2026-09-29,cc-by-4.0,GeoNames item name; tourism status not proven
geonames:1631023,c5_category,Tempat Ibadah,https://www.geonames.org/1631023/,2026-09-29,cc-by-4.0,source tag=geonames/S.TMPL
geonames:1631023,identity,Candi Plaosan,https://www.geonames.org/1631023/,2026-09-29,cc-by-4.0,GeoNames item name; tourism status not proven
geonames:1631217,c5_category,Cagar Alam,https://www.geonames.org/1631217/,2026-09-29,cc-by-4.0,source tag=geonames/H.LK
geonames:1631217,identity,Danau Piam,https://www.geonames.org/1631217/,2026-09-29,cc-by-4.0,GeoNames item name; tourism status not proven
geonames:1631229,c5_category,Cagar Alam,https://www.geonames.org/1631229/,2026-09-29,cc-by-4.0,source tag=geonames/H.LK
geonames:1631229,identity,Situ Peundeuy,https://www.geonames.org/1631229/,2026-09-29,cc-by-4.0,GeoNames item name; tourism status not proven
geonames:1631350,c5_category,Cagar Alam,https://www.geonames.org/1631350/,2026-09-29,cc-by-4.0,source tag=geonames/H.LK
geonames:1631350,identity,Situ Perigi,https://www.geonames.org/1631350/,2026-09-29,cc-by-4.0,GeoNames item name; tourism status not proven
geonames:1631388,c5_category,Cagar Alam,https://www.geonames.org/1631388/,2026-09-29,cc-by-4.0,source tag=geonames/H.FLLS
geonames:1631388,identity,Curug Perak,https://www.geonames.org/1631388/,2026-09-29,cc-by-4.0,GeoNames item name; tourism status not proven
geonames:1631396,c5_category,Cagar Alam,https://www.geonames.org/1631396/,2026-09-29,cc-by-4.0,source tag=geonames/H.LK
geonames:1631396,identity,Danau Pepeke,https://www.geonames.org/1631396/,2026-09-29,cc-by-4.0,GeoNames item name; tourism status not proven
geonames:1631523,c5_category,Cagar Alam,https://www.geonames.org/1631523/,2026-09-29,cc-by-4.0,source tag=geonames/H.LK
geonames:1631523,identity,Rawa Pengangonan,https://www.geonames.org/1631523/,2026-09-29,cc-by-4.0,GeoNames item name; tourism status not proven
geonames:1631831,c5_category,Cagar Alam,https://www.geonames.org/1631831/,2026-09-29,cc-by-4.0,source tag=geonames/H.LK
geonames:1631831,identity,Kenohan Pedangapi,https://www.geonames.org/1631831/,2026-09-29,cc-by-4.0,GeoNames item name; tourism status not proven
geonames:1631933,c5_category,Cagar Alam,https://www.geonames.org/1631933/,2026-09-29,cc-by-4.0,source tag=geonames/H.LK
geonames:1631933,identity,Danau Pauh,https://www.geonames.org/1631933/,2026-09-29,cc-by-4.0,GeoNames item name; tourism status not proven
geonames:1631967,c5_category,Cagar Alam,https://www.geonames.org/1631967/,2026-09-29,cc-by-4.0,source tag=geonames/H.LK
geonames:1631967,identity,Setu Patok,https://www.geonames.org/1631967/,2026-09-29,cc-by-4.0,GeoNames item name; tourism status not proven
geonames:1631995,c5_category,Cagar Alam,https://www.geonames.org/1631995/,2026-09-29,cc-by-4.0,source tag=geonames/H.LK
geonames:1631995,identity,Situ Patengan,https://www.geonames.org/1631995/,2026-09-29,cc-by-4.0,GeoNames item name; tourism status not proven
geonames:1632067,c5_category,Cagar Alam,https://www.geonames.org/1632067/,2026-09-29,cc-by-4.0,source tag=geonames/H.LK
geonames:1632067,identity,Situ Pasirputih,https://www.geonames.org/1632067/,2026-09-29,cc-by-4.0,GeoNames item name; tourism status not proven
geonames:1632158,c5_category,Cagar Alam,https://www.geonames.org/1632158/,2026-09-29,cc-by-4.0,source tag=geonames/H.LK
geonames:1632158,identity,Telaga Pasir,https://www.geonames.org/1632158/,2026-09-29,cc-by-4.0,GeoNames item name; tourism status not proven
geonames:1632384,c5_category,Pantai,https://www.geonames.org/1632384/,2026-09-29,cc-by-4.0,source tag=geonames/T.BCH
geonames:1632384,identity,Parangtritis,https://www.geonames.org/1632384/,2026-09-29,cc-by-4.0,GeoNames item name; tourism status not proven
geonames:1632595,c5_category,Cagar Alam,https://www.geonames.org/1632595/,2026-09-29,cc-by-4.0,source tag=geonames/H.LK
geonames:1632595,identity,Danau Panjang,https://www.geonames.org/1632595/,2026-09-29,cc-by-4.0,GeoNames item name; tourism status not proven
geonames:1632623,c5_category,Cagar Alam,https://www.geonames.org/1632623/,2026-09-29,cc-by-4.0,source tag=geonames/H.LK
geonames:1632623,identity,Danau Paniai,https://www.geonames.org/1632623/,2026-09-29,cc-by-4.0,GeoNames item name; tourism status not proven
geonames:1632625,c5_category,Cagar Alam,https://www.geonames.org/1632625/,2026-09-29,cc-by-4.0,source tag=geonames/H.LK
geonames:1632625,identity,Ranu Pane,https://www.geonames.org/1632625/,2026-09-29,cc-by-4.0,GeoNames item name; tourism status not proven
geonames:1632633,c5_category,Cagar Alam,https://www.geonames.org/1632633/,2026-09-29,cc-by-4.0,source tag=geonames/T.CRTR
geonames:1632633,identity,Pangrango,https://www.geonames.org/1632633/,2026-09-29,cc-by-4.0,GeoNames item name; tourism status not proven
geonames:1632706,c5_category,Cagar Alam,https://www.geonames.org/1632706/,2026-09-29,cc-by-4.0,source tag=geonames/H.LK
geonames:1632706,identity,Rawa Pangkalan,https://www.geonames.org/1632706/,2026-09-29,cc-by-4.0,GeoNames item name; tourism status not proven
geonames:1632708,c5_category,Cagar Alam,https://www.geonames.org/1632708/,2026-09-29,cc-by-4.0,source tag=geonames/H.LK
geonames:1632708,identity,Danau Pangkalan,https://www.geonames.org/1632708/,2026-09-29,cc-by-4.0,GeoNames item name; tourism status not proven
geonames:1632747,c5_category,Cagar Alam,https://www.geonames.org/1632747/,2026-09-29,cc-by-4.0,source tag=geonames/H.LK
geonames:1632747,identity,Telaga Panggul,https://www.geonames.org/1632747/,2026-09-29,cc-by-4.0,GeoNames item name; tourism status not proven
geonames:1632809,c5_category,Cagar Alam,https://www.geonames.org/1632809/,2026-09-29,cc-by-4.0,source tag=geonames/H.LK
geonames:1632809,identity,Situ Panebong,https://www.geonames.org/1632809/,2026-09-29,cc-by-4.0,GeoNames item name; tourism status not proven
geonames:1632936,c5_category,Cagar Alam,https://www.geonames.org/1632936/,2026-09-29,cc-by-4.0,source tag=geonames/H.LK
geonames:1632936,identity,Situ Pamulang,https://www.geonames.org/1632936/,2026-09-29,cc-by-4.0,GeoNames item name; tourism status not proven
geonames:1633026,c5_category,Cagar Alam,https://www.geonames.org/1633026/,2026-09-29,cc-by-4.0,source tag=geonames/H.LK
geonames:1633026,identity,Danau Palui,https://www.geonames.org/1633026/,2026-09-29,cc-by-4.0,GeoNames item name; tourism status not proven
geonames:1633186,c5_category,Cagar Alam,https://www.geonames.org/1633186/,2026-09-29,cc-by-4.0,source tag=geonames/H.LK
geonames:1633186,identity,Ranu Pakis,https://www.geonames.org/1633186/,2026-09-29,cc-by-4.0,GeoNames item name; tourism status not proven
geonames:1633313,c5_category,Cagar Alam,https://www.geonames.org/1633313/,2026-09-29,cc-by-4.0,source tag=geonames/H.LK
geonames:1633313,identity,Setu Pagam,https://www.geonames.org/1633313/,2026-09-29,cc-by-4.0,GeoNames item name; tourism status not proven
geonames:1633461,c5_category,Cagar Alam,https://www.geonames.org/1633461/,2026-09-29,cc-by-4.0,source tag=geonames/H.LK
geonames:1633461,identity,Danau Paca,https://www.geonames.org/1633461/,2026-09-29,cc-by-4.0,GeoNames item name; tourism status not proven
geonames:1633800,c5_category,Cagar Alam,https://www.geonames.org/1633800/,2026-09-29,cc-by-4.0,source tag=geonames/H.LK
geonames:1633800,identity,Lopa Nusa,https://www.geonames.org/1633800/,2026-09-29,cc-by-4.0,GeoNames item name; tourism status not proven
geonames:1634062,c5_category,Cagar Alam,https://www.geonames.org/1634062/,2026-09-29,cc-by-4.0,source tag=geonames/H.LK
geonames:1634062,identity,Danau Ngidiho,https://www.geonames.org/1634062/,2026-09-29,cc-by-4.0,GeoNames item name; tourism status not proven
geonames:1634077,c5_category,Cagar Alam,https://www.geonames.org/1634077/,2026-09-29,cc-by-4.0,source tag=geonames/H.LK
geonames:1634077,identity,Telaga Ngrejek,https://www.geonames.org/1634077/,2026-09-29,cc-by-4.0,GeoNames item name; tourism status not proven
geonames:1634148,c5_category,Cagar Alam,https://www.geonames.org/1634148/,2026-09-29,cc-by-4.0,source tag=geonames/H.LK
geonames:1634148,identity,Danau Ngalindung,https://www.geonames.org/1634148/,2026-09-29,cc-by-4.0,GeoNames item name; tourism status not proven
geonames:1634587,c5_category,Cagar Alam,https://www.geonames.org/1634587/,2026-09-29,cc-by-4.0,source tag=geonames/H.LK
geonames:1634587,identity,Situ Nagrog,https://www.geonames.org/1634587/,2026-09-29,cc-by-4.0,GeoNames item name; tourism status not proven
geonames:1634637,c5_category,Cagar Alam,https://www.geonames.org/1634637/,2026-09-29,cc-by-4.0,source tag=geonames/H.LK
geonames:1634637,identity,Danau Mutar,https://www.geonames.org/1634637/,2026-09-29,cc-by-4.0,GeoNames item name; tourism status not proven
geonames:1635177,c5_category,Cagar Alam,https://www.geonames.org/1635177/,2026-09-29,cc-by-4.0,source tag=geonames/H.LK
geonames:1635177,identity,Danau Miriledok,https://www.geonames.org/1635177/,2026-09-29,cc-by-4.0,GeoNames item name; tourism status not proven
geonames:1635396,c5_category,Gunung,https://www.geonames.org/1635396/,2026-09-29,cc-by-4.0,source tag=geonames/T.VLC
geonames:1635396,identity,Gunung Merapi,https://www.geonames.org/1635396/,2026-09-29,cc-by-4.0,GeoNames item name; tourism status not proven
geonames:1635429,c5_category,Tempat Ibadah,https://www.geonames.org/1635429/,2026-09-29,cc-by-4.0,source tag=geonames/S.TMPL
geonames:1635429,identity,Candi Merak,https://www.geonames.org/1635429/,2026-09-29,cc-by-4.0,GeoNames item name; tourism status not proven
geonames:1635441,c5_category,Cagar Alam,https://www.geonames.org/1635441/,2026-09-29,cc-by-4.0,source tag=geonames/H.LK
geonames:1635441,identity,Danau Menyuban,https://www.geonames.org/1635441/,2026-09-29,cc-by-4.0,GeoNames item name; tourism status not proven
geonames:1635481,c5_category,Cagar Alam,https://www.geonames.org/1635481/,2026-09-29,cc-by-4.0,source tag=geonames/H.LK
geonames:1635481,identity,Telaga Mentel,https://www.geonames.org/1635481/,2026-09-29,cc-by-4.0,GeoNames item name; tourism status not proven
geonames:1635502,c5_category,Cagar Alam,https://www.geonames.org/1635502/,2026-09-29,cc-by-4.0,source tag=geonames/H.LK
geonames:1635502,identity,Danau Menjukut,https://www.geonames.org/1635502/,2026-09-29,cc-by-4.0,GeoNames item name; tourism status not proven
geonames:1635555,c5_category,Tempat Ibadah,https://www.geonames.org/1635555/,2026-09-29,cc-by-4.0,source tag=geonames/S.TMPL
geonames:1635555,identity,Candi Mendut,https://www.geonames.org/1635555/,2026-09-29,cc-by-4.0,GeoNames item name; tourism status not proven
geonames:1635641,c5_category,Cagar Alam,https://www.geonames.org/1635641/,2026-09-29,cc-by-4.0,source tag=geonames/H.LK
geonames:1635641,identity,Danau Melintang,https://www.geonames.org/1635641/,2026-09-29,cc-by-4.0,GeoNames item name; tourism status not proven
geonames:1635724,c5_category,Cagar Alam,https://www.geonames.org/1635724/,2026-09-29,cc-by-4.0,source tag=geonames/H.LK
geonames:1635724,identity,Danau Medara,https://www.geonames.org/1635724/,2026-09-29,cc-by-4.0,GeoNames item name; tourism status not proven
geonames:1635897,c5_category,Cagar Alam,https://www.geonames.org/1635897/,2026-09-29,cc-by-4.0,source tag=geonames/H.LK
geonames:1635897,identity,Lake Matano,https://www.geonames.org/1635897/,2026-09-29,cc-by-4.0,GeoNames item name; tourism status not proven
geonames:1635925,c5_category,Cagar Alam,https://www.geonames.org/1635925/,2026-09-29,cc-by-4.0,source tag=geonames/H.LK
geonames:1635925,identity,Danau Masura,https://www.geonames.org/1635925/,2026-09-29,cc-by-4.0,GeoNames item name; tourism status not proven
geonames:1636147,c5_category,Cagar Alam,https://www.geonames.org/1636147/,2026-09-29,cc-by-4.0,source tag=geonames/H.LK
geonames:1636147,identity,Tasik Marbalu,https://www.geonames.org/1636147/,2026-09-29,cc-by-4.0,GeoNames item name; tourism status not proven
geonames:1636201,c5_category,Cagar Alam,https://www.geonames.org/1636201/,2026-09-29,cc-by-4.0,source tag=geonames/H.LK
geonames:1636201,identity,Danau Mappi,https://www.geonames.org/1636201/,2026-09-29,cc-by-4.0,GeoNames item name; tourism status not proven
geonames:1636332,c5_category,Cagar Alam,https://www.geonames.org/1636332/,2026-09-29,cc-by-4.0,source tag=geonames/H.LK
geonames:1636332,identity,Danau Maninjau,https://www.geonames.org/1636332/,2026-09-29,cc-by-4.0,GeoNames item name; tourism status not proven
geonames:1636684,c5_category,Cagar Alam,https://www.geonames.org/1636684/,2026-09-29,cc-by-4.0,source tag=geonames/H.LK
geonames:1636684,identity,Danau Malawe,https://www.geonames.org/1636684/,2026-09-29,cc-by-4.0,GeoNames item name; tourism status not proven
geonames:1636752,c5_category,Cagar Alam,https://www.geonames.org/1636752/,2026-09-29,cc-by-4.0,source tag=geonames/H.LK
geonames:1636752,identity,Danow Mooat,https://www.geonames.org/1636752/,2026-09-29,cc-by-4.0,GeoNames item name; tourism status not proven
geonames:1636765,c5_category,Cagar Alam,https://www.geonames.org/1636765/,2026-09-29,cc-by-4.0,source tag=geonames/H.LK
geonames:1636765,identity,Danau Makiri,https://www.geonames.org/1636765/,2026-09-29,cc-by-4.0,GeoNames item name; tourism status not proven
geonames:1636866,c5_category,Cagar Alam,https://www.geonames.org/1636866/,2026-09-29,cc-by-4.0,source tag=geonames/H.LK
geonames:1636866,identity,Danau Mahalona,https://www.geonames.org/1636866/,2026-09-29,cc-by-4.0,GeoNames item name; tourism status not proven
geonames:1636991,c5_category,Cagar Alam,https://www.geonames.org/1636991/,2026-09-29,cc-by-4.0,source tag=geonames/H.LK
geonames:1636991,identity,Kenohan Maau,https://www.geonames.org/1636991/,2026-09-29,cc-by-4.0,GeoNames item name; tourism status not proven
geonames:1637099,c5_category,Cagar Alam,https://www.geonames.org/1637099/,2026-09-29,cc-by-4.0,source tag=geonames/H.LK
geonames:1637099,identity,Rawa Luksum,https://www.geonames.org/1637099/,2026-09-29,cc-by-4.0,GeoNames item name; tourism status not proven
geonames:1637204,c5_category,Cagar Alam,https://www.geonames.org/1637204/,2026-09-29,cc-by-4.0,source tag=geonames/H.LK
geonames:1637204,identity,Rawa Lubangbuaya,https://www.geonames.org/1637204/,2026-09-29,cc-by-4.0,GeoNames item name; tourism status not proven
geonames:1637208,c5_category,Cagar Alam,https://www.geonames.org/1637208/,2026-09-29,cc-by-4.0,source tag=geonames/H.LK
geonames:1637208,identity,Danau Luar,https://www.geonames.org/1637208/,2026-09-29,cc-by-4.0,GeoNames item name; tourism status not proven
geonames:1637620,c5_category,Cagar Alam,https://www.geonames.org/1637620/,2026-09-29,cc-by-4.0,source tag=geonames/H.LK
geonames:1637620,identity,Rano Lindu,https://www.geonames.org/1637620/,2026-09-29,cc-by-4.0,GeoNames item name; tourism status not proven
geonames:1637624,c5_category,Cagar Alam,https://www.geonames.org/1637624/,2026-09-29,cc-by-4.0,source tag=geonames/H.LK
geonames:1637624,identity,Danau Lina,https://www.geonames.org/1637624/,2026-09-29,cc-by-4.0,GeoNames item name; tourism status not proven
geonames:1637625,c5_category,Cagar Alam,https://www.geonames.org/1637625/,2026-09-29,cc-by-4.0,source tag=geonames/H.LK
geonames:1637625,identity,Danau Limut,https://www.geonames.org/1637625/,2026-09-29,cc-by-4.0,GeoNames item name; tourism status not proven
geonames:1637650,c5_category,Cagar Alam,https://www.geonames.org/1637650/,2026-09-29,cc-by-4.0,source tag=geonames/H.LK
geonames:1637650,identity,Bulalo Limboto,https://www.geonames.org/1637650/,2026-09-29,cc-by-4.0,GeoNames item name; tourism status not proven
geonames:1637964,c5_category,Cagar Alam,https://www.geonames.org/1637964/,2026-09-29,cc-by-4.0,source tag=geonames/H.LK
geonames:1637964,identity,Setu Lengkongbarang,https://www.geonames.org/1637964/,2026-09-29,cc-by-4.0,GeoNames item name; tourism status not proven
geonames:1637965,c5_category,Cagar Alam,https://www.geonames.org/1637965/,2026-09-29,cc-by-4.0,source tag=geonames/H.LK
geonames:1637965,identity,Situ Lengkong,https://www.geonames.org/1637965/,2026-09-29,cc-by-4.0,GeoNames item name; tourism status not proven
geonames:1638003,c5_category,Cagar Alam,https://www.geonames.org/1638003/,2026-09-29,cc-by-4.0,source tag=geonames/H.LK
geonames:1638003,identity,Danau Lempong,https://www.geonames.org/1638003/,2026-09-29,cc-by-4.0,GeoNames item name; tourism status not proven
geonames:1638013,c5_category,Cagar Alam,https://www.geonames.org/1638013/,2026-09-29,cc-by-4.0,source tag=geonames/H.LK
geonames:1638013,identity,Danau Lemomuda,https://www.geonames.org/1638013/,2026-09-29,cc-by-4.0,GeoNames item name; tourism status not proven
geonames:1638060,c5_category,Cagar Alam,https://www.geonames.org/1638060/,2026-09-29,cc-by-4.0,source tag=geonames/H.LK
geonames:1638060,identity,Situ Lembang,https://www.geonames.org/1638060/,2026-09-29,cc-by-4.0,GeoNames item name; tourism status not proven
geonames:1638113,c5_category,Cagar Alam,https://www.geonames.org/1638113/,2026-09-29,cc-by-4.0,source tag=geonames/H.LK
geonames:1638113,identity,Danau Lelek,https://www.geonames.org/1638113/,2026-09-29,cc-by-4.0,GeoNames item name; tourism status not proven
geonames:1638119,c5_category,Cagar Alam,https://www.geonames.org/1638119/,2026-09-29,cc-by-4.0,source tag=geonames/H.LK
geonames:1638119,identity,Rawa Lele,https://www.geonames.org/1638119/,2026-09-29,cc-by-4.0,GeoNames item name; tourism status not proven
geonames:1638443,c5_category,Cagar Alam,https://www.geonames.org/1638443/,2026-09-29,cc-by-4.0,source tag=geonames/H.LK
geonames:1638443,identity,Danau Lanja,https://www.geonames.org/1638443/,2026-09-29,cc-by-4.0,GeoNames item name; tourism status not proven
geonames:1638559,c5_category,Cagar Alam,https://www.geonames.org/1638559/,2026-09-29,cc-by-4.0,source tag=geonames/H.LK
geonames:1638559,identity,Ranau Lamongan,https://www.geonames.org/1638559/,2026-09-29,cc-by-4.0,GeoNames item name; tourism status not proven
geonames:1638741,c5_category,Cagar Alam,https://www.geonames.org/1638741/,2026-09-29,cc-by-4.0,source tag=geonames/H.LK
geonames:1638741,identity,Danau Lait,https://www.geonames.org/1638741/,2026-09-29,cc-by-4.0,GeoNames item name; tourism status not proven
geonames:1638746,c5_category,Cagar Alam,https://www.geonames.org/1638746/,2026-09-29,cc-by-4.0,source tag=geonames/H.LK
geonames:1638746,identity,Danau Lairini,https://www.geonames.org/1638746/,2026-09-29,cc-by-4.0,GeoNames item name; tourism status not proven
geonames:1638787,c5_category,Cagar Alam,https://www.geonames.org/1638787/,2026-09-29,cc-by-4.0,source tag=geonames/H.LK
geonames:1638787,identity,Danau Laguna,https://www.geonames.org/1638787/,2026-09-29,cc-by-4.0,GeoNames item name; tourism status not proven
geonames:1638936,c5_category,Cagar Alam,https://www.geonames.org/1638936/,2026-09-29,cc-by-4.0,source tag=geonames/H.LK
geonames:1638936,identity,Danau Laamora,https://www.geonames.org/1638936/,2026-09-29,cc-by-4.0,GeoNames item name; tourism status not proven
geonames:1638972,c5_category,Cagar Alam,https://www.geonames.org/1638972/,2026-09-29,cc-by-4.0,source tag=geonames/H.LK
geonames:1638972,identity,Tasik Kutup,https://www.geonames.org/1638972/,2026-09-29,cc-by-4.0,GeoNames item name; tourism status not proven
geonames:1639082,c5_category,Cagar Alam,https://www.geonames.org/1639082/,2026-09-29,cc-by-4.0,source tag=geonames/H.LK
geonames:1639082,identity,Danau Kunturun,https://www.geonames.org/1639082/,2026-09-29,cc-by-4.0,GeoNames item name; tourism status not proven
geonames:1639124,c5_category,Cagar Alam,https://www.geonames.org/1639124/,2026-09-29,cc-by-4.0,source tag=geonames/H.LK
geonames:1639124,identity,Danau Kumkabiaf,https://www.geonames.org/1639124/,2026-09-29,cc-by-4.0,GeoNames item name; tourism status not proven
geonames:1639131,c5_category,Cagar Alam,https://www.geonames.org/1639131/,2026-09-29,cc-by-4.0,source tag=geonames/H.LK
geonames:1639131,identity,Ranu Kumbolo,https://www.geonames.org/1639131/,2026-09-29,cc-by-4.0,GeoNames item name; tourism status not proven
geonames:1639138,c5_category,Cagar Alam,https://www.geonames.org/1639138/,2026-09-29,cc-by-4.0,source tag=geonames/H.LK
geonames:1639138,identity,Danau Kumbang,https://www.geonames.org/1639138/,2026-09-29,cc-by-4.0,GeoNames item name; tourism status not proven
geonames:1639201,c5_category,Cagar Alam,https://www.geonames.org/1639201/,2026-09-29,cc-by-4.0,source tag=geonames/H.LK
geonames:1639201,identity,Situ Kukulu,https://www.geonames.org/1639201/,2026-09-29,cc-by-4.0,GeoNames item name; tourism status not proven
geonames:1639209,c5_category,Cagar Alam,https://www.geonames.org/1639209/,2026-09-29,cc-by-4.0,source tag=geonames/H.FLLS
geonames:1639209,identity,Air Terjun Kujang,https://www.geonames.org/1639209/,2026-09-29,cc-by-4.0,GeoNames item name; tourism status not proven
geonames:1639433,c5_category,Gunung,https://www.geonames.org/1639433/,2026-09-29,cc-by-4.0,source tag=geonames/T.VLC
geonames:1639433,identity,Krakatoa,https://www.geonames.org/1639433/,2026-09-29,cc-by-4.0,GeoNames item name; tourism status not proven
geonames:1639875,c5_category,Cagar Alam,https://www.geonames.org/1639875/,2026-09-29,cc-by-4.0,source tag=geonames/H.LK
geonames:1639875,identity,Ranu Klindungan,https://www.geonames.org/1639875/,2026-09-29,cc-by-4.0,GeoNames item name; tourism status not proven
geonames:1639916,c5_category,Cagar Alam,https://www.geonames.org/1639916/,2026-09-29,cc-by-4.0,source tag=geonames/H.LK
geonames:1639916,identity,Situ Kelapadua,https://www.geonames.org/1639916/,2026-09-29,cc-by-4.0,GeoNames item name; tourism status not proven
geonames:1640201,c5_category,Tempat Ibadah,https://www.geonames.org/1640201/,2026-09-29,cc-by-4.0,source tag=geonames/S.TMPL
geonames:1640201,identity,Pura Kertakawat,https://www.geonames.org/1640201/,2026-09-29,cc-by-4.0,GeoNames item name; tourism status not proven
geonames:1640226,c5_category,Cagar Alam,https://www.geonames.org/1640226/,2026-09-29,cc-by-4.0,source tag=geonames/H.LK
geonames:1640226,identity,Danau Kerinci,https://www.geonames.org/1640226/,2026-09-29,cc-by-4.0,GeoNames item name; tourism status not proven
geonames:1640273,c5_category,Cagar Alam,https://www.geonames.org/1640273/,2026-09-29,cc-by-4.0,source tag=geonames/H.LK
geonames:1640273,identity,Telaga Kepuh,https://www.geonames.org/1640273/,2026-09-29,cc-by-4.0,GeoNames item name; tourism status not proven
geonames:1640362,c5_category,Cagar Alam,https://www.geonames.org/1640362/,2026-09-29,cc-by-4.0,source tag=geonames/H.LK
geonames:1640362,identity,Danau Kenambui,https://www.geonames.org/1640362/,2026-09-29,cc-by-4.0,GeoNames item name; tourism status not proven
geonames:1640445,c5_category,Cagar Alam,https://www.geonames.org/1640445/,2026-09-29,cc-by-4.0,source tag=geonames/H.LK
geonames:1640445,identity,Danau Kemateyan,https://www.geonames.org/1640445/,2026-09-29,cc-by-4.0,GeoNames item name; tourism status not proven
geonames:1640453,c5_category,Cagar Alam,https://www.geonames.org/1640453/,2026-09-29,cc-by-4.0,source tag=geonames/H.LK
geonames:1640453,identity,Situ Kemang,https://www.geonames.org/1640453/,2026-09-29,cc-by-4.0,GeoNames item name; tourism status not proven
geonames:1640475,c5_category,Gunung,https://www.geonames.org/1640475/,2026-09-29,cc-by-4.0,source tag=geonames/T.VLC
geonames:1640475,identity,Gunung Kelud,https://www.geonames.org/1640475/,2026-09-29,cc-by-4.0,GeoNames item name; tourism status not proven
geonames:1640699,c5_category,Cagar Alam,https://www.geonames.org/1640699/,2026-09-29,cc-by-4.0,source tag=geonames/H.LK
geonames:1640699,identity,Danau Kecil,https://www.geonames.org/1640699/,2026-09-29,cc-by-4.0,GeoNames item name; tourism status not proven
geonames:1640940,c5_category,Cagar Alam,https://www.geonames.org/1640940/,2026-09-29,cc-by-4.0,source tag=geonames/H.LK
geonames:1640940,identity,Danau Katuk,https://www.geonames.org/1640940/,2026-09-29,cc-by-4.0,GeoNames item name; tourism status not proven
geonames:1640953,c5_category,Cagar Alam,https://www.geonames.org/1640953/,2026-09-29,cc-by-4.0,source tag=geonames/H.LK
geonames:1640953,identity,Tasik Katialau,https://www.geonames.org/1640953/,2026-09-29,cc-by-4.0,GeoNames item name; tourism status not proven
geonames:1641361,c5_category,Cagar Alam,https://www.geonames.org/1641361/,2026-09-29,cc-by-4.0,source tag=geonames/H.LK
geonames:1641361,identity,Lebak Karamunting,https://www.geonames.org/1641361/,2026-09-29,cc-by-4.0,GeoNames item name; tourism status not proven
geonames:1641466,c5_category,Cagar Alam,https://www.geonames.org/1641466/,2026-09-29,cc-by-4.0,source tag=geonames/H.LK
geonames:1641466,identity,Danau Kaos,https://www.geonames.org/1641466/,2026-09-29,cc-by-4.0,GeoNames item name; tourism status not proven
geonames:1641729,c5_category,Cagar Alam,https://www.geonames.org/1641729/,2026-09-29,cc-by-4.0,source tag=geonames/L.RESN
geonames:1641729,identity,Kawah Kamojang,https://www.geonames.org/1641729/,2026-09-29,cc-by-4.0,GeoNames item name; tourism status not proven
geonames:1641794,c5_category,Cagar Alam,https://www.geonames.org/1641794/,2026-09-29,cc-by-4.0,source tag=geonames/H.LK
geonames:1641794,identity,Danau Kamakawalor,https://www.geonames.org/1641794/,2026-09-29,cc-by-4.0,GeoNames item name; tourism status not proven
geonames:1642321,c5_category,Cagar Alam,https://www.geonames.org/1642321/,2026-09-29,cc-by-4.0,source tag=geonames/H.LK
geonames:1642321,identity,Telaga Juruk,https://www.geonames.org/1642321/,2026-09-29,cc-by-4.0,GeoNames item name; tourism status not proven
geonames:1642546,c5_category,Cagar Alam,https://www.geonames.org/1642546/,2026-09-29,cc-by-4.0,source tag=geonames/H.LK
geonames:1642546,identity,Danau Jepara,https://www.geonames.org/1642546/,2026-09-29,cc-by-4.0,GeoNames item name; tourism status not proven
geonames:1642581,c5_category,Cagar Alam,https://www.geonames.org/1642581/,2026-09-29,cc-by-4.0,source tag=geonames/H.LK
geonames:1642581,identity,Kenohan Jempang,https://www.geonames.org/1642581/,2026-09-29,cc-by-4.0,GeoNames item name; tourism status not proven
geonames:1642865,c5_category,Cagar Alam,https://www.geonames.org/1642865/,2026-09-29,cc-by-4.0,source tag=geonames/H.LK
geonames:1642865,identity,Danau Jambawan,https://www.geonames.org/1642865/,2026-09-29,cc-by-4.0,GeoNames item name; tourism status not proven
geonames:1642878,c5_category,Cagar Alam,https://www.geonames.org/1642878/,2026-09-29,cc-by-4.0,source tag=geonames/H.LK
geonames:1642878,identity,Rawa Jalupang,https://www.geonames.org/1642878/,2026-09-29,cc-by-4.0,GeoNames item name; tourism status not proven
geonames:1642975,c5_category,Cagar Alam,https://www.geonames.org/1642975/,2026-09-29,cc-by-4.0,source tag=geonames/H.LK
geonames:1642975,identity,Setu Iwul,https://www.geonames.org/1642975/,2026-09-29,cc-by-4.0,GeoNames item name; tourism status not proven
geonames:1643109,c5_category,Cagar Alam,https://www.geonames.org/1643109/,2026-09-29,cc-by-4.0,source tag=geonames/H.LK
geonames:1643109,identity,Danau Imuru,https://www.geonames.org/1643109/,2026-09-29,cc-by-4.0,GeoNames item name; tourism status not proven
geonames:1643144,c5_category,Cagar Alam,https://www.geonames.org/1643144/,2026-09-29,cc-by-4.0,source tag=geonames/H.LK
geonames:1643144,identity,Lour Iloloi,https://www.geonames.org/1643144/,2026-09-29,cc-by-4.0,GeoNames item name; tourism status not proven
geonames:1643174,c5_category,Cagar Alam,https://www.geonames.org/1643174/,2026-09-29,cc-by-4.0,source tag=geonames/H.LK
geonames:1643174,identity,Kawah Ijen,https://www.geonames.org/1643174/,2026-09-29,cc-by-4.0,GeoNames item name; tourism status not proven
geonames:1643274,c5_category,Cagar Alam,https://www.geonames.org/1643274/,2026-09-29,cc-by-4.0,source tag=geonames/H.LK
geonames:1643274,identity,Danau Horuhiaha,https://www.geonames.org/1643274/,2026-09-29,cc-by-4.0,GeoNames item name; tourism status not proven
geonames:1643513,c5_category,Cagar Alam,https://www.geonames.org/1643513/,2026-09-29,cc-by-4.0,source tag=geonames/H.LK
geonames:1643513,identity,Danau Habbema,https://www.geonames.org/1643513/,2026-09-29,cc-by-4.0,GeoNames item name; tourism status not proven
geonames:1643561,c5_category,Cagar Alam,https://www.geonames.org/1643561/,2026-09-29,cc-by-4.0,source tag=geonames/H.LK
geonames:1643561,identity,Danau Gunung Tujuh,https://www.geonames.org/1643561/,2026-09-29,cc-by-4.0,GeoNames item name; tourism status not proven
geonames:1643585,c5_category,Cagar Alam,https://www.geonames.org/1643585/,2026-09-29,cc-by-4.0,source tag=geonames/H.LK
geonames:1643585,identity,Situ Gunungputri,https://www.geonames.org/1643585/,2026-09-29,cc-by-4.0,GeoNames item name; tourism status not proven
geonames:1643641,c5_category,Cagar Alam,https://www.geonames.org/1643641/,2026-09-29,cc-by-4.0,source tag=geonames/H.LK
geonames:1643641,identity,Situ Gunung,https://www.geonames.org/1643641/,2026-09-29,cc-by-4.0,GeoNames item name; tourism status not proven
geonames:1643750,c5_category,Cagar Alam,https://www.geonames.org/1643750/,2026-09-29,cc-by-4.0,source tag=geonames/H.LK
geonames:1643750,identity,Situ Gronggong,https://www.geonames.org/1643750/,2026-09-29,cc-by-4.0,GeoNames item name; tourism status not proven
geonames:1643845,c5_category,Cagar Alam,https://www.geonames.org/1643845/,2026-09-29,cc-by-4.0,source tag=geonames/H.LK
geonames:1643845,identity,Lopa Gorogoro,https://www.geonames.org/1643845/,2026-09-29,cc-by-4.0,GeoNames item name; tourism status not proven
geonames:1643871,c5_category,Cagar Alam,https://www.geonames.org/1643871/,2026-09-29,cc-by-4.0,source tag=geonames/H.LK
geonames:1643871,identity,Telaga Goplak,https://www.geonames.org/1643871/,2026-09-29,cc-by-4.0,GeoNames item name; tourism status not proven
geonames:1644025,c5_category,Cagar Alam,https://www.geonames.org/1644025/,2026-09-29,cc-by-4.0,source tag=geonames/H.LK
geonames:1644025,identity,Danau Anggi Giti,https://www.geonames.org/1644025/,2026-09-29,cc-by-4.0,GeoNames item name; tourism status not proven
geonames:1644053,c5_category,Cagar Alam,https://www.geonames.org/1644053/,2026-09-29,cc-by-4.0,source tag=geonames/H.LK
geonames:1644053,identity,Setu Gintung,https://www.geonames.org/1644053/,2026-09-29,cc-by-4.0,GeoNames item name; tourism status not proven
geonames:1644088,c5_category,Cagar Alam,https://www.geonames.org/1644088/,2026-09-29,cc-by-4.0,source tag=geonames/H.LK
geonames:1644088,identity,Danau Gihitan,https://www.geonames.org/1644088/,2026-09-29,cc-by-4.0,GeoNames item name; tourism status not proven
geonames:1644094,c5_category,Cagar Alam,https://www.geonames.org/1644094/,2026-09-29,cc-by-4.0,source tag=geonames/H.LK
geonames:1644094,identity,Danau Anggi Gigi,https://www.geonames.org/1644094/,2026-09-29,cc-by-4.0,GeoNames item name; tourism status not proven
geonames:1644208,c5_category,Cagar Alam,https://www.geonames.org/1644208/,2026-09-29,cc-by-4.0,source tag=geonames/H.LK
geonames:1644208,identity,Danau Genali,https://www.geonames.org/1644208/,2026-09-29,cc-by-4.0,GeoNames item name; tourism status not proven
geonames:1644267,c5_category,Cagar Alam,https://www.geonames.org/1644267/,2026-09-29,cc-by-4.0,source tag=geonames/H.LK
geonames:1644267,identity,Danau Gelinggang,https://www.geonames.org/1644267/,2026-09-29,cc-by-4.0,GeoNames item name; tourism status not proven
geonames:1644333,c5_category,Cagar Alam,https://www.geonames.org/1644333/,2026-09-29,cc-by-4.0,source tag=geonames/H.LK
geonames:1644333,identity,Situ Gede,https://www.geonames.org/1644333/,2026-09-29,cc-by-4.0,GeoNames item name; tourism status not proven
geonames:1644397,c5_category,Cagar Alam,https://www.geonames.org/1644397/,2026-09-29,cc-by-4.0,source tag=geonames/H.LK
geonames:1644397,identity,Danau Gatel,https://www.geonames.org/1644397/,2026-09-29,cc-by-4.0,GeoNames item name; tourism status not proven
geonames:1644462,c5_category,Cagar Alam,https://www.geonames.org/1644462/,2026-09-29,cc-by-4.0,source tag=geonames/H.LK
geonames:1644462,identity,Danau Ganting,https://www.geonames.org/1644462/,2026-09-29,cc-by-4.0,GeoNames item name; tourism status not proven
geonames:1644578,c5_category,Gunung,https://www.geonames.org/1644578/,2026-09-29,cc-by-4.0,source tag=geonames/T.VLC
geonames:1644578,identity,Gunung Galunggung,https://www.geonames.org/1644578/,2026-09-29,cc-by-4.0,GeoNames item name; tourism status not proven
geonames:1644607,c5_category,Cagar Alam,https://www.geonames.org/1644607/,2026-09-29,cc-by-4.0,source tag=geonames/H.LK
geonames:1644607,identity,Danau Galela,https://www.geonames.org/1644607/,2026-09-29,cc-by-4.0,GeoNames item name; tourism status not proven
geonames:1644742,c5_category,Pantai,https://www.geonames.org/1644742/,2026-09-29,cc-by-4.0,source tag=geonames/T.BCH
geonames:1644742,identity,Pemandian Florida,https://www.geonames.org/1644742/,2026-09-29,cc-by-4.0,GeoNames item name; tourism status not proven
geonames:1644923,c5_category,Cagar Alam,https://www.geonames.org/1644923/,2026-09-29,cc-by-4.0,source tag=geonames/H.LK
geonames:1644923,identity,Segara Endut,https://www.geonames.org/1644923/,2026-09-29,cc-by-4.0,GeoNames item name; tourism status not proven
geonames:1645111,c5_category,Cagar Alam,https://www.geonames.org/1645111/,2026-09-29,cc-by-4.0,source tag=geonames/H.LK
geonames:1645111,identity,Danau Duo,https://www.geonames.org/1645111/,2026-09-29,cc-by-4.0,GeoNames item name; tourism status not proven
geonames:1645163,c5_category,Cagar Alam,https://www.geonames.org/1645163/,2026-09-29,cc-by-4.0,source tag=geonames/H.LK
geonames:1645163,identity,Rawa Dukuh,https://www.geonames.org/1645163/,2026-09-29,cc-by-4.0,GeoNames item name; tourism status not proven
geonames:1645306,c5_category,Cagar Alam,https://www.geonames.org/1645306/,2026-09-29,cc-by-4.0,source tag=geonames/H.LK
geonames:1645306,identity,Setu Arman,https://www.geonames.org/1645306/,2026-09-29,cc-by-4.0,GeoNames item name; tourism status not proven
geonames:1645441,c5_category,Cagar Alam,https://www.geonames.org/1645441/,2026-09-29,cc-by-4.0,source tag=geonames/H.LK
geonames:1645441,identity,Danau Dipati Ampat,https://www.geonames.org/1645441/,2026-09-29,cc-by-4.0,GeoNames item name; tourism status not proven
geonames:1645477,c5_category,Cagar Alam,https://www.geonames.org/1645477/,2026-09-29,cc-by-4.0,source tag=geonames/H.LK
geonames:1645477,identity,Danau Dibaruh,https://www.geonames.org/1645477/,2026-09-29,cc-by-4.0,GeoNames item name; tourism status not proven
geonames:1645479,c5_category,Cagar Alam,https://www.geonames.org/1645479/,2026-09-29,cc-by-4.0,source tag=geonames/H.LK
geonames:1645479,identity,Danau Diatas,https://www.geonames.org/1645479/,2026-09-29,cc-by-4.0,GeoNames item name; tourism status not proven
geonames:1645537,c5_category,Cagar Alam,https://www.geonames.org/1645537/,2026-09-29,cc-by-4.0,source tag=geonames/H.LK
geonames:1645537,identity,Danau Dendengwelut,https://www.geonames.org/1645537/,2026-09-29,cc-by-4.0,GeoNames item name; tourism status not proven
geonames:1645561,c5_category,Cagar Alam,https://www.geonames.org/1645561/,2026-09-29,cc-by-4.0,source tag=geonames/H.LK
geonames:1645561,identity,Lebak Deling,https://www.geonames.org/1645561/,2026-09-29,cc-by-4.0,GeoNames item name; tourism status not proven
geonames:1645644,c5_category,Cagar Alam,https://www.geonames.org/1645644/,2026-09-29,cc-by-4.0,source tag=geonames/H.LK
geonames:1645644,identity,Lebak Datuk,https://www.geonames.org/1645644/,2026-09-29,cc-by-4.0,GeoNames item name; tourism status not proven
geonames:1645675,c5_category,Cagar Alam,https://www.geonames.org/1645675/,2026-09-29,cc-by-4.0,source tag=geonames/H.LK
geonames:1645675,identity,Waduk Darma,https://www.geonames.org/1645675/,2026-09-29,cc-by-4.0,GeoNames item name; tourism status not proven
geonames:1645752,c5_category,Cagar Alam,https://www.geonames.org/1645752/,2026-09-29,cc-by-4.0,source tag=geonames/H.LK
geonames:1645752,identity,Danau Dampelas,https://www.geonames.org/1645752/,2026-09-29,cc-by-4.0,GeoNames item name; tourism status not proven
geonames:1645841,c5_category,Cagar Alam,https://www.geonames.org/1645841/,2026-09-29,cc-by-4.0,source tag=geonames/H.LK
geonames:1645841,identity,Dano Dedei,https://www.geonames.org/1645841/,2026-09-29,cc-by-4.0,GeoNames item name; tourism status not proven
geonames:1645880,c5_category,Cagar Alam,https://www.geonames.org/1645880/,2026-09-29,cc-by-4.0,source tag=geonames/H.FLLS
geonames:1645880,identity,Air Terjun Curugluhui,https://www.geonames.org/1645880/,2026-09-29,cc-by-4.0,GeoNames item name; tourism status not proven
geonames:1645886,c5_category,Cagar Alam,https://www.geonames.org/1645886/,2026-09-29,cc-by-4.0,source tag=geonames/H.FLLS
geonames:1645886,identity,Air Terjun Curugawang,https://www.geonames.org/1645886/,2026-09-29,cc-by-4.0,GeoNames item name; tourism status not proven
geonames:1645926,c5_category,Cagar Alam,https://www.geonames.org/1645926/,2026-09-29,cc-by-4.0,source tag=geonames/H.FLLS
geonames:1645926,identity,Air Terjun Cukang-rahong,https://www.geonames.org/1645926/,2026-09-29,cc-by-4.0,GeoNames item name; tourism status not proven
geonames:1646014,c5_category,Cagar Alam,https://www.geonames.org/1646014/,2026-09-29,cc-by-4.0,source tag=geonames/H.FLLS
geonames:1646014,identity,Air Terjun Ciumbuluit,https://www.geonames.org/1646014/,2026-09-29,cc-by-4.0,GeoNames item name; tourism status not proven
geonames:1646027,c5_category,Cagar Alam,https://www.geonames.org/1646027/,2026-09-29,cc-by-4.0,source tag=geonames/H.FLLS
geonames:1646027,identity,Air Terjun Citiis,https://www.geonames.org/1646027/,2026-09-29,cc-by-4.0,GeoNames item name; tourism status not proven
geonames:1646051,c5_category,Cagar Alam,https://www.geonames.org/1646051/,2026-09-29,cc-by-4.0,source tag=geonames/H.LK
geonames:1646051,identity,Situ Citapen,https://www.geonames.org/1646051/,2026-09-29,cc-by-4.0,GeoNames item name; tourism status not proven
geonames:1646061,c5_category,Cagar Alam,https://www.geonames.org/1646061/,2026-09-29,cc-by-4.0,source tag=geonames/H.FLLS
geonames:1646061,identity,Air Terjun Citambur,https://www.geonames.org/1646061/,2026-09-29,cc-by-4.0,GeoNames item name; tourism status not proven
geonames:1646105,c5_category,Cagar Alam,https://www.geonames.org/1646105/,2026-09-29,cc-by-4.0,source tag=geonames/H.LK
geonames:1646105,identity,Situ Cisawer,https://www.geonames.org/1646105/,2026-09-29,cc-by-4.0,GeoNames item name; tourism status not proven
geonames:1646140,c5_category,Cagar Alam,https://www.geonames.org/1646140/,2026-09-29,cc-by-4.0,source tag=geonames/H.LK
geonames:1646140,identity,Situ Cisaat,https://www.geonames.org/1646140/,2026-09-29,cc-by-4.0,GeoNames item name; tourism status not proven
geonames:1646149,c5_category,Cagar Alam,https://www.geonames.org/1646149/,2026-09-29,cc-by-4.0,source tag=geonames/H.LK
geonames:1646149,identity,Situ Cirompang,https://www.geonames.org/1646149/,2026-09-29,cc-by-4.0,GeoNames item name; tourism status not proven
geonames:1646207,c5_category,Cagar Alam,https://www.geonames.org/1646207/,2026-09-29,cc-by-4.0,source tag=geonames/H.LK
geonames:1646207,identity,Situ Rawa Cipondoh,https://www.geonames.org/1646207/,2026-09-29,cc-by-4.0,GeoNames item name; tourism status not proven
geonames:1646266,c5_category,Cagar Alam,https://www.geonames.org/1646266/,2026-09-29,cc-by-4.0,source tag=geonames/H.LK
geonames:1646266,identity,Waduk Cipancuh,https://www.geonames.org/1646266/,2026-09-29,cc-by-4.0,GeoNames item name; tourism status not proven
geonames:1646327,c5_category,Cagar Alam,https://www.geonames.org/1646327/,2026-09-29,cc-by-4.0,source tag=geonames/H.FLLS
geonames:1646327,identity,Air Terjun Ciomas,https://www.geonames.org/1646327/,2026-09-29,cc-by-4.0,GeoNames item name; tourism status not proven
geonames:1646445,c5_category,Cagar Alam,https://www.geonames.org/1646445/,2026-09-29,cc-by-4.0,source tag=geonames/H.LK
geonames:1646445,identity,Situ Cimahi,https://www.geonames.org/1646445/,2026-09-29,cc-by-4.0,GeoNames item name; tourism status not proven
geonames:1646464,c5_category,Cagar Alam,https://www.geonames.org/1646464/,2026-09-29,cc-by-4.0,source tag=geonames/H.LK
geonames:1646464,identity,Ranca Cilongok,https://www.geonames.org/1646464/,2026-09-29,cc-by-4.0,GeoNames item name; tourism status not proven
geonames:1646478,c5_category,Pantai,https://www.geonames.org/1646478/,2026-09-29,cc-by-4.0,source tag=geonames/T.BCH
geonames:1646478,identity,Pemandian Cilincing,https://www.geonames.org/1646478/,2026-09-29,cc-by-4.0,GeoNames item name; tourism status not proven
geonames:1646496,c5_category,Cagar Alam,https://www.geonames.org/1646496/,2026-09-29,cc-by-4.0,source tag=geonames/H.LK
geonames:1646496,identity,Situ Cileunca,https://www.geonames.org/1646496/,2026-09-29,cc-by-4.0,GeoNames item name; tourism status not proven
geonames:1646504,c5_category,Cagar Alam,https://www.geonames.org/1646504/,2026-09-29,cc-by-4.0,source tag=geonames/H.LK
geonames:1646504,identity,Situ Ciletuh,https://www.geonames.org/1646504/,2026-09-29,cc-by-4.0,GeoNames item name; tourism status not proven
geonames:1646513,c5_category,Cagar Alam,https://www.geonames.org/1646513/,2026-09-29,cc-by-4.0,source tag=geonames/H.LK
geonames:1646513,identity,Situ Cileduk,https://www.geonames.org/1646513/,2026-09-29,cc-by-4.0,GeoNames item name; tourism status not proven
geonames:1646546,c5_category,Cagar Alam,https://www.geonames.org/1646546/,2026-09-29,cc-by-4.0,source tag=geonames/H.LK
geonames:1646546,identity,Situ Cilamu,https://www.geonames.org/1646546/,2026-09-29,cc-by-4.0,GeoNames item name; tourism status not proven
geonames:1646596,c5_category,Cagar Alam,https://www.geonames.org/1646596/,2026-09-29,cc-by-4.0,source tag=geonames/H.LK
geonames:1646596,identity,Situ Cikande,https://www.geonames.org/1646596/,2026-09-29,cc-by-4.0,GeoNames item name; tourism status not proven
geonames:1646605,c5_category,Cagar Alam,https://www.geonames.org/1646605/,2026-09-29,cc-by-4.0,source tag=geonames/H.LK
geonames:1646605,identity,Rawa Ciklapa,https://www.geonames.org/1646605/,2026-09-29,cc-by-4.0,GeoNames item name; tourism status not proven
geonames:1646667,c5_category,Cagar Alam,https://www.geonames.org/1646667/,2026-09-29,cc-by-4.0,source tag=geonames/H.LK
geonames:1646667,identity,Situ Cikaret,https://www.geonames.org/1646667/,2026-09-29,cc-by-4.0,GeoNames item name; tourism status not proven
geonames:1646771,c5_category,Cagar Alam,https://www.geonames.org/1646771/,2026-09-29,cc-by-4.0,source tag=geonames/H.LK
geonames:1646771,identity,Situ Cihuni,https://www.geonames.org/1646771/,2026-09-29,cc-by-4.0,GeoNames item name; tourism status not proven
geonames:1646802,c5_category,Cagar Alam,https://www.geonames.org/1646802/,2026-09-29,cc-by-4.0,source tag=geonames/H.LK
geonames:1646802,identity,Danau Ciharus,https://www.geonames.org/1646802/,2026-09-29,cc-by-4.0,GeoNames item name; tourism status not proven
geonames:1646872,c5_category,Cagar Alam,https://www.geonames.org/1646872/,2026-09-29,cc-by-4.0,source tag=geonames/H.FLLS
geonames:1646872,identity,Air Terjun Cidurian,https://www.geonames.org/1646872/,2026-09-29,cc-by-4.0,GeoNames item name; tourism status not proven
geonames:1646919,c5_category,Cagar Alam,https://www.geonames.org/1646919/,2026-09-29,cc-by-4.0,source tag=geonames/H.LK
geonames:1646919,identity,Situ Ciburuy,https://www.geonames.org/1646919/,2026-09-29,cc-by-4.0,GeoNames item name; tourism status not proven
geonames:1646947,c5_category,Cagar Alam,https://www.geonames.org/1646947/,2026-09-29,cc-by-4.0,source tag=geonames/H.LK
geonames:1646947,identity,Rawa Cibuluh,https://www.geonames.org/1646947/,2026-09-29,cc-by-4.0,GeoNames item name; tourism status not proven
geonames:1646988,c5_category,Cagar Alam,https://www.geonames.org/1646988/,2026-09-29,cc-by-4.0,source tag=geonames/H.LK
geonames:1646988,identity,Rawa Cibitung,https://www.geonames.org/1646988/,2026-09-29,cc-by-4.0,GeoNames item name; tourism status not proven
geonames:1647001,c5_category,Cagar Alam,https://www.geonames.org/1647001/,2026-09-29,cc-by-4.0,source tag=geonames/H.LK
geonames:1647001,identity,Situ Cibinong,https://www.geonames.org/1647001/,2026-09-29,cc-by-4.0,GeoNames item name; tourism status not proven
geonames:1647011,c5_category,Cagar Alam,https://www.geonames.org/1647011/,2026-09-29,cc-by-4.0,source tag=geonames/H.LK
geonames:1647011,identity,Situ Cibeureum,https://www.geonames.org/1647011/,2026-09-29,cc-by-4.0,GeoNames item name; tourism status not proven
geonames:1647012,c5_category,Cagar Alam,https://www.geonames.org/1647012/,2026-09-29,cc-by-4.0,source tag=geonames/H.LK
geonames:1647012,identity,Rawa Rancabeureum,https://www.geonames.org/1647012/,2026-09-29,cc-by-4.0,GeoNames item name; tourism status not proven
geonames:1647014,c5_category,Cagar Alam,https://www.geonames.org/1647014/,2026-09-29,cc-by-4.0,source tag=geonames/H.LK
geonames:1647014,identity,Danau Cibeureum,https://www.geonames.org/1647014/,2026-09-29,cc-by-4.0,GeoNames item name; tourism status not proven
geonames:1647015,c5_category,Cagar Alam,https://www.geonames.org/1647015/,2026-09-29,cc-by-4.0,source tag=geonames/H.FLLS
geonames:1647015,identity,Air Terjun Cibeureum,https://www.geonames.org/1647015/,2026-09-29,cc-by-4.0,GeoNames item name; tourism status not proven
geonames:1647106,c5_category,Cagar Alam,https://www.geonames.org/1647106/,2026-09-29,cc-by-4.0,source tag=geonames/H.LK
geonames:1647106,identity,Situ Ciawitali,https://www.geonames.org/1647106/,2026-09-29,cc-by-4.0,GeoNames item name; tourism status not proven
geonames:1647136,c5_category,Cagar Alam,https://www.geonames.org/1647136/,2026-09-29,cc-by-4.0,source tag=geonames/H.FLLS
geonames:1647136,identity,Air Terjun Ciapus,https://www.geonames.org/1647136/,2026-09-29,cc-by-4.0,GeoNames item name; tourism status not proven
geonames:1647163,c5_category,Cagar Alam,https://www.geonames.org/1647163/,2026-09-29,cc-by-4.0,source tag=geonames/H.LK
geonames:1647163,identity,Danau Cernin,https://www.geonames.org/1647163/,2026-09-29,cc-by-4.0,GeoNames item name; tourism status not proven
geonames:1647339,c5_category,Cagar Alam,https://www.geonames.org/1647339/,2026-09-29,cc-by-4.0,source tag=geonames/H.LK
geonames:1647339,identity,Situ Cangkuang,https://www.geonames.org/1647339/,2026-09-29,cc-by-4.0,GeoNames item name; tourism status not proven
geonames:1647408,c5_category,Cagar Alam,https://www.geonames.org/1647408/,2026-09-29,cc-by-4.0,source tag=geonames/H.LK
geonames:1647408,identity,Setu Silala,https://www.geonames.org/1647408/,2026-09-29,cc-by-4.0,GeoNames item name; tourism status not proven
geonames:1647470,c5_category,Cagar Alam,https://www.geonames.org/1647470/,2026-09-29,cc-by-4.0,source tag=geonames/H.LK
geonames:1647470,identity,Danau Buyan,https://www.geonames.org/1647470/,2026-09-29,cc-by-4.0,GeoNames item name; tourism status not proven
geonames:1647781,c5_category,Cagar Alam,https://www.geonames.org/1647781/,2026-09-29,cc-by-4.0,source tag=geonames/H.LK
geonames:1647781,identity,Danau Baliling,https://www.geonames.org/1647781/,2026-09-29,cc-by-4.0,GeoNames item name; tourism status not proven
geonames:1647821,c5_category,Cagar Alam,https://www.geonames.org/1647821/,2026-09-29,cc-by-4.0,source tag=geonames/H.LK
geonames:1647821,identity,Danau Bulan,https://www.geonames.org/1647821/,2026-09-29,cc-by-4.0,GeoNames item name; tourism status not proven
geonames:1647875,c5_category,Cagar Alam,https://www.geonames.org/1647875/,2026-09-29,cc-by-4.0,source tag=geonames/H.LK
geonames:1647875,identity,Telaga Bukit Daun,https://www.geonames.org/1647875/,2026-09-29,cc-by-4.0,GeoNames item name; tourism status not proven
geonames:1647980,c5_category,Cagar Alam,https://www.geonames.org/1647980/,2026-09-29,cc-by-4.0,source tag=geonames/H.LK
geonames:1647980,identity,Danau Buaya,https://www.geonames.org/1647980/,2026-09-29,cc-by-4.0,GeoNames item name; tourism status not proven
geonames:1648069,c5_category,Cagar Alam,https://www.geonames.org/1648069/,2026-09-29,cc-by-4.0,source tag=geonames/H.LK
geonames:1648069,identity,Danau Beratan,https://www.geonames.org/1648069/,2026-09-29,cc-by-4.0,GeoNames item name; tourism status not proven
geonames:1648141,c5_category,Tempat Ibadah,https://www.geonames.org/1648141/,2026-09-29,cc-by-4.0,source tag=geonames/S.TMPL
geonames:1648141,identity,Candi Borobudur,https://www.geonames.org/1648141/,2026-09-29,cc-by-4.0,GeoNames item name; tourism status not proven
geonames:1648326,c5_category,Cagar Alam,https://www.geonames.org/1648326/,2026-09-29,cc-by-4.0,source tag=geonames/H.LK
geonames:1648326,identity,Dano Bolanosau,https://www.geonames.org/1648326/,2026-09-29,cc-by-4.0,GeoNames item name; tourism status not proven
geonames:1648344,c5_category,Cagar Alam,https://www.geonames.org/1648344/,2026-09-29,cc-by-4.0,source tag=geonames/H.LK
geonames:1648344,identity,Danau Bola,https://www.geonames.org/1648344/,2026-09-29,cc-by-4.0,GeoNames item name; tourism status not proven
geonames:1648370,c5_category,Cagar Alam,https://www.geonames.org/1648370/,2026-09-29,cc-by-4.0,source tag=geonames/H.LK
geonames:1648370,identity,Situ Bojongsari,https://www.geonames.org/1648370/,2026-09-29,cc-by-4.0,GeoNames item name; tourism status not proven
geonames:1648420,c5_category,Cagar Alam,https://www.geonames.org/1648420/,2026-09-29,cc-by-4.0,source tag=geonames/H.LK
geonames:1648420,identity,Rawa Bojong,https://www.geonames.org/1648420/,2026-09-29,cc-by-4.0,GeoNames item name; tourism status not proven
geonames:1648643,c5_category,Cagar Alam,https://www.geonames.org/1648643/,2026-09-29,cc-by-4.0,source tag=geonames/H.LK
geonames:1648643,identity,Danau Bitin,https://www.geonames.org/1648643/,2026-09-29,cc-by-4.0,GeoNames item name; tourism status not proven
geonames:1648806,c5_category,Cagar Alam,https://www.geonames.org/1648806/,2026-09-29,cc-by-4.0,source tag=geonames/H.LK
geonames:1648806,identity,Danau Bicara,https://www.geonames.org/1648806/,2026-09-29,cc-by-4.0,GeoNames item name; tourism status not proven
geonames:1648832,c5_category,Cagar Alam,https://www.geonames.org/1648832/,2026-09-29,cc-by-4.0,source tag=geonames/H.LK
geonames:1648832,identity,Danau Biari,https://www.geonames.org/1648832/,2026-09-29,cc-by-4.0,GeoNames item name; tourism status not proven
geonames:1648864,c5_category,Cagar Alam,https://www.geonames.org/1648864/,2026-09-29,cc-by-4.0,source tag=geonames/H.LK
geonames:1648864,identity,Tasik Betung,https://www.geonames.org/1648864/,2026-09-29,cc-by-4.0,GeoNames item name; tourism status not proven
geonames:1648890,c5_category,Cagar Alam,https://www.geonames.org/1648890/,2026-09-29,cc-by-4.0,source tag=geonames/H.LK
geonames:1648890,identity,Ranu Betok,https://www.geonames.org/1648890/,2026-09-29,cc-by-4.0,GeoNames item name; tourism status not proven
geonames:1648934,c5_category,Cagar Alam,https://www.geonames.org/1648934/,2026-09-29,cc-by-4.0,source tag=geonames/H.LK
geonames:1648934,identity,Tasik Besingin,https://www.geonames.org/1648934/,2026-09-29,cc-by-4.0,GeoNames item name; tourism status not proven
geonames:1648946,c5_category,Cagar Alam,https://www.geonames.org/1648946/,2026-09-29,cc-by-4.0,source tag=geonames/H.LK
geonames:1648946,identity,Tasik Besar Serkap,https://www.geonames.org/1648946/,2026-09-29,cc-by-4.0,GeoNames item name; tourism status not proven
geonames:1649196,c5_category,Cagar Alam,https://www.geonames.org/1649196/,2026-09-29,cc-by-4.0,source tag=geonames/H.LK
geonames:1649196,identity,Situ Bendungan,https://www.geonames.org/1649196/,2026-09-29,cc-by-4.0,GeoNames item name; tourism status not proven
geonames:1649302,c5_category,Cagar Alam,https://www.geonames.org/1649302/,2026-09-29,cc-by-4.0,source tag=geonames/H.LK
geonames:1649302,identity,Danau Belidak,https://www.geonames.org/1649302/,2026-09-29,cc-by-4.0,GeoNames item name; tourism status not proven
geonames:1649303,c5_category,Cagar Alam,https://www.geonames.org/1649303/,2026-09-29,cc-by-4.0,source tag=geonames/H.LK
geonames:1649303,identity,Danau Belidah,https://www.geonames.org/1649303/,2026-09-29,cc-by-4.0,GeoNames item name; tourism status not proven
geonames:1649323,c5_category,Cagar Alam,https://www.geonames.org/1649323/,2026-09-29,cc-by-4.0,source tag=geonames/H.LK
geonames:1649323,identity,Tasik Belat,https://www.geonames.org/1649323/,2026-09-29,cc-by-4.0,GeoNames item name; tourism status not proven
geonames:1649369,c5_category,Cagar Alam,https://www.geonames.org/1649369/,2026-09-29,cc-by-4.0,source tag=geonames/H.LK
geonames:1649369,identity,Danau Bekuan,https://www.geonames.org/1649369/,2026-09-29,cc-by-4.0,GeoNames item name; tourism status not proven
geonames:1649374,c5_category,Cagar Alam,https://www.geonames.org/1649374/,2026-09-29,cc-by-4.0,source tag=geonames/H.LK
geonames:1649374,identity,Danau Bekat,https://www.geonames.org/1649374/,2026-09-29,cc-by-4.0,GeoNames item name; tourism status not proven
geonames:1649433,c5_category,Cagar Alam,https://www.geonames.org/1649433/,2026-09-29,cc-by-4.0,source tag=geonames/H.LK
geonames:1649433,identity,Ranu Bedali,https://www.geonames.org/1649433/,2026-09-29,cc-by-4.0,GeoNames item name; tourism status not proven
geonames:1649525,c5_category,Cagar Alam,https://www.geonames.org/1649525/,2026-09-29,cc-by-4.0,source tag=geonames/H.LK
geonames:1649525,identity,Tasik Bawah,https://www.geonames.org/1649525/,2026-09-29,cc-by-4.0,GeoNames item name; tourism status not proven
geonames:1649598,c5_category,Cagar Alam,https://www.geonames.org/1649598/,2026-09-29,cc-by-4.0,source tag=geonames/H.LK
geonames:1649598,identity,Danau Batur,https://www.geonames.org/1649598/,2026-09-29,cc-by-4.0,GeoNames item name; tourism status not proven
geonames:1649682,c5_category,Cagar Alam,https://www.geonames.org/1649682/,2026-09-29,cc-by-4.0,source tag=geonames/H.FLLS
geonames:1649682,identity,Air Terjun Batulawang,https://www.geonames.org/1649682/,2026-09-29,cc-by-4.0,GeoNames item name; tourism status not proven
geonames:1649743,c5_category,Cagar Alam,https://www.geonames.org/1649743/,2026-09-29,cc-by-4.0,source tag=geonames/H.LK
geonames:1649743,identity,Dano Batudako,https://www.geonames.org/1649743/,2026-09-29,cc-by-4.0,GeoNames item name; tourism status not proven
geonames:1649910,c5_category,Cagar Alam,https://www.geonames.org/1649910/,2026-09-29,cc-by-4.0,source tag=geonames/H.LK
geonames:1649910,identity,Danau Basau,https://www.geonames.org/1649910/,2026-09-29,cc-by-4.0,GeoNames item name; tourism status not proven
geonames:1649942,c5_category,Cagar Alam,https://www.geonames.org/1649942/,2026-09-29,cc-by-4.0,source tag=geonames/H.LK
geonames:1649942,identity,Tasik Baru,https://www.geonames.org/1649942/,2026-09-29,cc-by-4.0,GeoNames item name; tourism status not proven
geonames:1649947,c5_category,Cagar Alam,https://www.geonames.org/1649947/,2026-09-29,cc-by-4.0,source tag=geonames/H.LK
geonames:1649947,identity,Rawa Baru,https://www.geonames.org/1649947/,2026-09-29,cc-by-4.0,GeoNames item name; tourism status not proven
geonames:1650008,c5_category,Cagar Alam,https://www.geonames.org/1650008/,2026-09-29,cc-by-4.0,source tag=geonames/H.LK
geonames:1650008,identity,Danau Baretta,https://www.geonames.org/1650008/,2026-09-29,cc-by-4.0,GeoNames item name; tourism status not proven
geonames:1650279,c5_category,Cagar Alam,https://www.geonames.org/1650279/,2026-09-29,cc-by-4.0,source tag=geonames/H.LK
geonames:1650279,identity,Danau Bangko,https://www.geonames.org/1650279/,2026-09-29,cc-by-4.0,GeoNames item name; tourism status not proven
geonames:1650288,c5_category,Cagar Alam,https://www.geonames.org/1650288/,2026-09-29,cc-by-4.0,source tag=geonames/H.LK
geonames:1650288,identity,Danau Bangkau,https://www.geonames.org/1650288/,2026-09-29,cc-by-4.0,GeoNames item name; tourism status not proven
geonames:1650323,c5_category,Cagar Alam,https://www.geonames.org/1650323/,2026-09-29,cc-by-4.0,source tag=geonames/H.LK
geonames:1650323,identity,Danau Banggaiba,https://www.geonames.org/1650323/,2026-09-29,cc-by-4.0,GeoNames item name; tourism status not proven
geonames:1650428,c5_category,Cagar Alam,https://www.geonames.org/1650428/,2026-09-29,cc-by-4.0,source tag=geonames/H.LK
geonames:1650428,identity,Rawa Bambu,https://www.geonames.org/1650428/,2026-09-29,cc-by-4.0,GeoNames item name; tourism status not proven
geonames:1650441,c5_category,Cagar Alam,https://www.geonames.org/1650441/,2026-09-29,cc-by-4.0,source tag=geonames/H.LK
geonames:1650441,identity,Danau Bambanen,https://www.geonames.org/1650441/,2026-09-29,cc-by-4.0,GeoNames item name; tourism status not proven
geonames:1650482,c5_category,Cagar Alam,https://www.geonames.org/1650482/,2026-09-29,cc-by-4.0,source tag=geonames/H.LK
geonames:1650482,identity,Rawa Bolang,https://www.geonames.org/1650482/,2026-09-29,cc-by-4.0,GeoNames item name; tourism status not proven
geonames:1650548,c5_category,Cagar Alam,https://www.geonames.org/1650548/,2026-09-29,cc-by-4.0,source tag=geonames/H.LK
geonames:1650548,identity,Danau Rano,https://www.geonames.org/1650548/,2026-09-29,cc-by-4.0,GeoNames item name; tourism status not proven
geonames:1650673,c5_category,Cagar Alam,https://www.geonames.org/1650673/,2026-09-29,cc-by-4.0,source tag=geonames/H.LK
geonames:1650673,identity,Danau Bakdak,https://www.geonames.org/1650673/,2026-09-29,cc-by-4.0,GeoNames item name; tourism status not proven
geonames:1650789,c5_category,Cagar Alam,https://www.geonames.org/1650789/,2026-09-29,cc-by-4.0,source tag=geonames/H.LK
geonames:1650789,identity,Situ Bagendit,https://www.geonames.org/1650789/,2026-09-29,cc-by-4.0,GeoNames item name; tourism status not proven
geonames:1650843,c5_category,Cagar Alam,https://www.geonames.org/1650843/,2026-09-29,cc-by-4.0,source tag=geonames/H.LK
geonames:1650843,identity,Rawa Badak,https://www.geonames.org/1650843/,2026-09-29,cc-by-4.0,GeoNames item name; tourism status not proven
geonames:1650932,c5_category,Cagar Alam,https://www.geonames.org/1650932/,2026-09-29,cc-by-4.0,source tag=geonames/H.LK
geonames:1650932,identity,Situ Babakan,https://www.geonames.org/1650932/,2026-09-29,cc-by-4.0,GeoNames item name; tourism status not proven
geonames:1650993,c5_category,Cagar Alam,https://www.geonames.org/1650993/,2026-09-29,cc-by-4.0,source tag=geonames/H.LK
geonames:1650993,identity,Danau Ayapbakung,https://www.geonames.org/1650993/,2026-09-29,cc-by-4.0,GeoNames item name; tourism status not proven
geonames:1651006,c5_category,Gunung,https://www.geonames.org/1651006/,2026-09-29,cc-by-4.0,source tag=geonames/T.VLC
geonames:1651006,identity,Gunung Awu,https://www.geonames.org/1651006/,2026-09-29,cc-by-4.0,GeoNames item name; tourism status not proven
geonames:1651083,c5_category,Cagar Alam,https://www.geonames.org/1651083/,2026-09-29,cc-by-4.0,source tag=geonames/H.LK
geonames:1651083,identity,Danau Atinyu,https://www.geonames.org/1651083/,2026-09-29,cc-by-4.0,GeoNames item name; tourism status not proven
geonames:1651155,c5_category,Cagar Alam,https://www.geonames.org/1651155/,2026-09-29,cc-by-4.0,source tag=geonames/H.LK
geonames:1651155,identity,Danau Asam,https://www.geonames.org/1651155/,2026-09-29,cc-by-4.0,GeoNames item name; tourism status not proven
geonames:1651286,c5_category,Cagar Alam,https://www.geonames.org/1651286/,2026-09-29,cc-by-4.0,source tag=geonames/H.LK
geonames:1651286,identity,Danau Ara,https://www.geonames.org/1651286/,2026-09-29,cc-by-4.0,GeoNames item name; tourism status not proven
geonames:1651395,c5_category,Cagar Alam,https://www.geonames.org/1651395/,2026-09-29,cc-by-4.0,source tag=geonames/H.LK
geonames:1651395,identity,Rawa Anggarahan,https://www.geonames.org/1651395/,2026-09-29,cc-by-4.0,GeoNames item name; tourism status not proven
geonames:1651450,c5_category,Cagar Alam,https://www.geonames.org/1651450/,2026-09-29,cc-by-4.0,source tag=geonames/H.LK
geonames:1651450,identity,Lake Segara Anak,https://www.geonames.org/1651450/,2026-09-29,cc-by-4.0,GeoNames item name; tourism status not proven
geonames:1651578,c5_category,Cagar Alam,https://www.geonames.org/1651578/,2026-09-29,cc-by-4.0,source tag=geonames/H.LK
geonames:1651578,identity,Danau Amaru,https://www.geonames.org/1651578/,2026-09-29,cc-by-4.0,GeoNames item name; tourism status not proven
geonames:1651683,c5_category,Cagar Alam,https://www.geonames.org/1651683/,2026-09-29,cc-by-4.0,source tag=geonames/H.LK
geonames:1651683,identity,Situ Aksan,https://www.geonames.org/1651683/,2026-09-29,cc-by-4.0,GeoNames item name; tourism status not proven
geonames:1651731,c5_category,Cagar Alam,https://www.geonames.org/1651731/,2026-09-29,cc-by-4.0,source tag=geonames/H.LK
geonames:1651731,identity,Danau Aiwasa,https://www.geonames.org/1651731/,2026-09-29,cc-by-4.0,GeoNames item name; tourism status not proven
geonames:1651744,c5_category,Cagar Alam,https://www.geonames.org/1651744/,2026-09-29,cc-by-4.0,source tag=geonames/H.LK
geonames:1651744,identity,Tasik Air Putih,https://www.geonames.org/1651744/,2026-09-29,cc-by-4.0,GeoNames item name; tourism status not proven
geonames:1651776,c5_category,Cagar Alam,https://www.geonames.org/1651776/,2026-09-29,cc-by-4.0,source tag=geonames/H.LK
geonames:1651776,identity,Tasik Airhitam,https://www.geonames.org/1651776/,2026-09-29,cc-by-4.0,GeoNames item name; tourism status not proven
geonames:1651781,c5_category,Cagar Alam,https://www.geonames.org/1651781/,2026-09-29,cc-by-4.0,source tag=geonames/H.LK
geonames:1651781,identity,Danau Air Itam,https://www.geonames.org/1651781/,2026-09-29,cc-by-4.0,GeoNames item name; tourism status not proven
geonames:1651843,c5_category,Cagar Alam,https://www.geonames.org/1651843/,2026-09-29,cc-by-4.0,source tag=geonames/H.LK
geonames:1651843,identity,Ranu Agung,https://www.geonames.org/1651843/,2026-09-29,cc-by-4.0,GeoNames item name; tourism status not proven
geonames:1651844,c5_category,Gunung,https://www.geonames.org/1651844/,2026-09-29,cc-by-4.0,source tag=geonames/T.VLC
geonames:1651844,identity,Gunung Agung,https://www.geonames.org/1651844/,2026-09-29,cc-by-4.0,GeoNames item name; tourism status not proven
geonames:1891769,c5_category,Pantai,https://www.geonames.org/1891769/,2026-09-29,cc-by-4.0,source tag=geonames/T.BCH
geonames:1891769,identity,Pantai Gergain,https://www.geonames.org/1891769/,2026-09-29,cc-by-4.0,GeoNames item name; tourism status not proven
geonames:1891770,c5_category,Pantai,https://www.geonames.org/1891770/,2026-09-29,cc-by-4.0,source tag=geonames/T.BCH
geonames:1891770,identity,Pantai Kiera,https://www.geonames.org/1891770/,2026-09-29,cc-by-4.0,GeoNames item name; tourism status not proven
geonames:1891775,c5_category,Pantai,https://www.geonames.org/1891775/,2026-09-29,cc-by-4.0,source tag=geonames/T.BCH
geonames:1891775,identity,Pantai Wonreli,https://www.geonames.org/1891775/,2026-09-29,cc-by-4.0,GeoNames item name; tourism status not proven
geonames:1891776,c5_category,Pantai,https://www.geonames.org/1891776/,2026-09-29,cc-by-4.0,source tag=geonames/T.BCH
geonames:1891776,identity,Pantai Malara,https://www.geonames.org/1891776/,2026-09-29,cc-by-4.0,GeoNames item name; tourism status not proven
geonames:1891778,c5_category,Pantai,https://www.geonames.org/1891778/,2026-09-29,cc-by-4.0,source tag=geonames/T.BCH
geonames:1891778,identity,Pantai Purapura,https://www.geonames.org/1891778/,2026-09-29,cc-by-4.0,GeoNames item name; tourism status not proven
geonames:1903800,c5_category,Budaya,https://www.geonames.org/1903800/,2026-09-29,cc-by-4.0,source tag=geonames/S.PAL
geonames:1903800,identity,Istana Pergara,https://www.geonames.org/1903800/,2026-09-29,cc-by-4.0,GeoNames item name; tourism status not proven
geonames:1936545,c5_category,Cagar Alam,https://www.geonames.org/1936545/,2026-09-29,cc-by-4.0,source tag=geonames/H.LK
geonames:1936545,identity,Lokon Debululik,https://www.geonames.org/1936545/,2026-09-29,cc-by-4.0,GeoNames item name; tourism status not proven
geonames:1936859,c5_category,Cagar Alam,https://www.geonames.org/1936859/,2026-09-29,cc-by-4.0,source tag=geonames/H.LK
geonames:1936859,identity,Embung Siarai,https://www.geonames.org/1936859/,2026-09-29,cc-by-4.0,GeoNames item name; tourism status not proven
geonames:1939451,c5_category,Cagar Alam,https://www.geonames.org/1939451/,2026-09-29,cc-by-4.0,source tag=geonames/H.LK
geonames:1939451,identity,Embung Lasentung,https://www.geonames.org/1939451/,2026-09-29,cc-by-4.0,GeoNames item name; tourism status not proven
geonames:1939935,c5_category,Cagar Alam,https://www.geonames.org/1939935/,2026-09-29,cc-by-4.0,source tag=geonames/H.LK
geonames:1939935,identity,Danau Nanebot,https://www.geonames.org/1939935/,2026-09-29,cc-by-4.0,GeoNames item name; tourism status not proven
geonames:1951183,c5_category,Cagar Alam,https://www.geonames.org/1951183/,2026-09-29,cc-by-4.0,source tag=geonames/H.LK
geonames:1951183,identity,Nefo Opat,https://www.geonames.org/1951183/,2026-09-29,cc-by-4.0,GeoNames item name; tourism status not proven
geonames:1951184,c5_category,Cagar Alam,https://www.geonames.org/1951184/,2026-09-29,cc-by-4.0,source tag=geonames/H.LK
geonames:1951184,identity,Nefo Kakua,https://www.geonames.org/1951184/,2026-09-29,cc-by-4.0,GeoNames item name; tourism status not proven
geonames:1959287,c5_category,Cagar Alam,https://www.geonames.org/1959287/,2026-09-29,cc-by-4.0,source tag=geonames/H.LK
geonames:1959287,identity,Situ Klapadua,https://www.geonames.org/1959287/,2026-09-29,cc-by-4.0,GeoNames item name; tourism status not proven
geonames:1959360,c5_category,Cagar Alam,https://www.geonames.org/1959360/,2026-09-29,cc-by-4.0,source tag=geonames/H.LK
geonames:1959360,identity,Situ Manggabolong,https://www.geonames.org/1959360/,2026-09-29,cc-by-4.0,GeoNames item name; tourism status not proven
geonames:1959374,c5_category,Cagar Alam,https://www.geonames.org/1959374/,2026-09-29,cc-by-4.0,source tag=geonames/H.LK
geonames:1959374,identity,Situ Cicadas,https://www.geonames.org/1959374/,2026-09-29,cc-by-4.0,GeoNames item name; tourism status not proven
geonames:1959376,c5_category,Cagar Alam,https://www.geonames.org/1959376/,2026-09-29,cc-by-4.0,source tag=geonames/H.LK
geonames:1959376,identity,Rawa Indah,https://www.geonames.org/1959376/,2026-09-29,cc-by-4.0,GeoNames item name; tourism status not proven
geonames:1959411,c5_category,Cagar Alam,https://www.geonames.org/1959411/,2026-09-29,cc-by-4.0,source tag=geonames/H.LK
geonames:1959411,identity,Situ Rawakirun,https://www.geonames.org/1959411/,2026-09-29,cc-by-4.0,GeoNames item name; tourism status not proven
geonames:1959537,c5_category,Cagar Alam,https://www.geonames.org/1959537/,2026-09-29,cc-by-4.0,source tag=geonames/H.LK
geonames:1959537,identity,Rawa Jemblung,https://www.geonames.org/1959537/,2026-09-29,cc-by-4.0,GeoNames item name; tourism status not proven
geonames:1959579,c5_category,Cagar Alam,https://www.geonames.org/1959579/,2026-09-29,cc-by-4.0,source tag=geonames/H.LK
geonames:1959579,identity,Situ Kladen,https://www.geonames.org/1959579/,2026-09-29,cc-by-4.0,GeoNames item name; tourism status not proven
geonames:1959590,c5_category,Cagar Alam,https://www.geonames.org/1959590/,2026-09-29,cc-by-4.0,source tag=geonames/H.LK
geonames:1959590,identity,Situ Pulo,https://www.geonames.org/1959590/,2026-09-29,cc-by-4.0,GeoNames item name; tourism status not proven
geonames:1959612,c5_category,Cagar Alam,https://www.geonames.org/1959612/,2026-09-29,cc-by-4.0,source tag=geonames/H.LK
geonames:1959612,identity,Situ Rawakalong,https://www.geonames.org/1959612/,2026-09-29,cc-by-4.0,GeoNames item name; tourism status not proven
geonames:1959616,c5_category,Cagar Alam,https://www.geonames.org/1959616/,2026-09-29,cc-by-4.0,source tag=geonames/H.LK
geonames:1959616,identity,Situ Rawabesar,https://www.geonames.org/1959616/,2026-09-29,cc-by-4.0,GeoNames item name; tourism status not proven
geonames:1959625,c5_category,Cagar Alam,https://www.geonames.org/1959625/,2026-09-29,cc-by-4.0,source tag=geonames/H.LK
geonames:1959625,identity,Situ Pitara,https://www.geonames.org/1959625/,2026-09-29,cc-by-4.0,GeoNames item name; tourism status not proven
geonames:1959646,c5_category,Cagar Alam,https://www.geonames.org/1959646/,2026-09-29,cc-by-4.0,source tag=geonames/H.LK
geonames:1959646,identity,Situ Cipicung,https://www.geonames.org/1959646/,2026-09-29,cc-by-4.0,GeoNames item name; tourism status not proven
geonames:1959660,c5_category,Cagar Alam,https://www.geonames.org/1959660/,2026-09-29,cc-by-4.0,source tag=geonames/H.LK
geonames:1959660,identity,Situ Tlajung,https://www.geonames.org/1959660/,2026-09-29,cc-by-4.0,GeoNames item name; tourism status not proven
geonames:1959663,c5_category,Cagar Alam,https://www.geonames.org/1959663/,2026-09-29,cc-by-4.0,source tag=geonames/H.LK
geonames:1959663,identity,Situ Cibuntu,https://www.geonames.org/1959663/,2026-09-29,cc-by-4.0,GeoNames item name; tourism status not proven
geonames:1959666,c5_category,Cagar Alam,https://www.geonames.org/1959666/,2026-09-29,cc-by-4.0,source tag=geonames/H.LK
geonames:1959666,identity,Situ Patinggi,https://www.geonames.org/1959666/,2026-09-29,cc-by-4.0,GeoNames item name; tourism status not proven
geonames:1959669,c5_category,Cagar Alam,https://www.geonames.org/1959669/,2026-09-29,cc-by-4.0,source tag=geonames/H.LK
geonames:1959669,identity,Situ Baru,https://www.geonames.org/1959669/,2026-09-29,cc-by-4.0,GeoNames item name; tourism status not proven
geonames:1959676,c5_category,Cagar Alam,https://www.geonames.org/1959676/,2026-09-29,cc-by-4.0,source tag=geonames/H.LK
geonames:1959676,identity,Situ Pulo,https://www.geonames.org/1959676/,2026-09-29,cc-by-4.0,GeoNames item name; tourism status not proven
geonames:1959719,c5_category,Cagar Alam,https://www.geonames.org/1959719/,2026-09-29,cc-by-4.0,source tag=geonames/H.LK
geonames:1959719,identity,Situ Citayam,https://www.geonames.org/1959719/,2026-09-29,cc-by-4.0,GeoNames item name; tourism status not proven
geonames:1959724,c5_category,Cagar Alam,https://www.geonames.org/1959724/,2026-09-29,cc-by-4.0,source tag=geonames/H.LK
geonames:1959724,identity,Situ Cilodong,https://www.geonames.org/1959724/,2026-09-29,cc-by-4.0,GeoNames item name; tourism status not proven
geonames:1959892,c5_category,Cagar Alam,https://www.geonames.org/1959892/,2026-09-29,cc-by-4.0,source tag=geonames/H.LK
geonames:1959892,identity,Situ Tlajung,https://www.geonames.org/1959892/,2026-09-29,cc-by-4.0,GeoNames item name; tourism status not proven
geonames:1959895,c5_category,Cagar Alam,https://www.geonames.org/1959895/,2026-09-29,cc-by-4.0,source tag=geonames/H.LK
geonames:1959895,identity,Situ Babakan,https://www.geonames.org/1959895/,2026-09-29,cc-by-4.0,GeoNames item name; tourism status not proven
geonames:1959898,c5_category,Cagar Alam,https://www.geonames.org/1959898/,2026-09-29,cc-by-4.0,source tag=geonames/H.LK
geonames:1959898,identity,Situ Cilankap,https://www.geonames.org/1959898/,2026-09-29,cc-by-4.0,GeoNames item name; tourism status not proven
geonames:1959915,c5_category,Cagar Alam,https://www.geonames.org/1959915/,2026-09-29,cc-by-4.0,source tag=geonames/H.LK
geonames:1959915,identity,Situ Cibereum,https://www.geonames.org/1959915/,2026-09-29,cc-by-4.0,GeoNames item name; tourism status not proven
geonames:1959935,c5_category,Cagar Alam,https://www.geonames.org/1959935/,2026-09-29,cc-by-4.0,source tag=geonames/H.LK
geonames:1959935,identity,Situ Belungun,https://www.geonames.org/1959935/,2026-09-29,cc-by-4.0,GeoNames item name; tourism status not proven
geonames:1960005,c5_category,Cagar Alam,https://www.geonames.org/1960005/,2026-09-29,cc-by-4.0,source tag=geonames/H.LK
geonames:1960005,identity,Situ Kadut,https://www.geonames.org/1960005/,2026-09-29,cc-by-4.0,GeoNames item name; tourism status not proven
geonames:1960017,c5_category,Cagar Alam,https://www.geonames.org/1960017/,2026-09-29,cc-by-4.0,source tag=geonames/H.LK
geonames:1960017,identity,Situ Citatah,https://www.geonames.org/1960017/,2026-09-29,cc-by-4.0,GeoNames item name; tourism status not proven
geonames:1960036,c5_category,Cagar Alam,https://www.geonames.org/1960036/,2026-09-29,cc-by-4.0,source tag=geonames/H.LK
geonames:1960036,identity,Situ Nanggerang,https://www.geonames.org/1960036/,2026-09-29,cc-by-4.0,GeoNames item name; tourism status not proven
geonames:1960336,c5_category,Cagar Alam,https://www.geonames.org/1960336/,2026-09-29,cc-by-4.0,source tag=geonames/H.LK
geonames:1960336,identity,Situ Tjiherang,https://www.geonames.org/1960336/,2026-09-29,cc-by-4.0,GeoNames item name; tourism status not proven
geonames:1960432,c5_category,Taman Hiburan,https://www.geonames.org/1960432/,2026-09-29,cc-by-4.0,source tag=geonames/S.ZOO
geonames:1960432,identity,Kebun Binatang Ragunan,https://www.geonames.org/1960432/,2026-09-29,cc-by-4.0,GeoNames item name; tourism status not proven
geonames:1960830,c5_category,Cagar Alam,https://www.geonames.org/1960830/,2026-09-29,cc-by-4.0,source tag=geonames/H.LK
geonames:1960830,identity,Situ Jengkol,https://www.geonames.org/1960830/,2026-09-29,cc-by-4.0,GeoNames item name; tourism status not proven
geonames:1961072,c5_category,Cagar Alam,https://www.geonames.org/1961072/,2026-09-29,cc-by-4.0,source tag=geonames/H.LK
geonames:1961072,identity,Situ Rabak,https://www.geonames.org/1961072/,2026-09-29,cc-by-4.0,GeoNames item name; tourism status not proven
geonames:1961186,c5_category,Cagar Alam,https://www.geonames.org/1961186/,2026-09-29,cc-by-4.0,source tag=geonames/H.LK
geonames:1961186,identity,Situ Kadongdong,https://www.geonames.org/1961186/,2026-09-29,cc-by-4.0,GeoNames item name; tourism status not proven
geonames:1961332,c5_category,Cagar Alam,https://www.geonames.org/1961332/,2026-09-29,cc-by-4.0,source tag=geonames/H.LK
geonames:1961332,identity,Situ Rancayuda,https://www.geonames.org/1961332/,2026-09-29,cc-by-4.0,GeoNames item name; tourism status not proven
geonames:1961394,c5_category,Cagar Alam,https://www.geonames.org/1961394/,2026-09-29,cc-by-4.0,source tag=geonames/H.LK
geonames:1961394,identity,Situ Masnyono,https://www.geonames.org/1961394/,2026-09-29,cc-by-4.0,GeoNames item name; tourism status not proven
geonames:1961486,c5_category,Cagar Alam,https://www.geonames.org/1961486/,2026-09-29,cc-by-4.0,source tag=geonames/H.LK
geonames:1961486,identity,Situ Cogreg,https://www.geonames.org/1961486/,2026-09-29,cc-by-4.0,GeoNames item name; tourism status not proven
geonames:1961508,c5_category,Cagar Alam,https://www.geonames.org/1961508/,2026-09-29,cc-by-4.0,source tag=geonames/H.LK
geonames:1961508,identity,Situ Trate,https://www.geonames.org/1961508/,2026-09-29,cc-by-4.0,GeoNames item name; tourism status not proven
geonames:1961530,c5_category,Cagar Alam,https://www.geonames.org/1961530/,2026-09-29,cc-by-4.0,source tag=geonames/H.LK
geonames:1961530,identity,Situ Jeletreng,https://www.geonames.org/1961530/,2026-09-29,cc-by-4.0,GeoNames item name; tourism status not proven
geonames:1961533,c5_category,Cagar Alam,https://www.geonames.org/1961533/,2026-09-29,cc-by-4.0,source tag=geonames/H.LK
geonames:1961533,identity,Situ Pangasinar,https://www.geonames.org/1961533/,2026-09-29,cc-by-4.0,GeoNames item name; tourism status not proven
geonames:1961582,c5_category,Cagar Alam,https://www.geonames.org/1961582/,2026-09-29,cc-by-4.0,source tag=geonames/H.LK
geonames:1961582,identity,Situ Jati,https://www.geonames.org/1961582/,2026-09-29,cc-by-4.0,GeoNames item name; tourism status not proven
geonames:1961686,c5_category,Cagar Alam,https://www.geonames.org/1961686/,2026-09-29,cc-by-4.0,source tag=geonames/H.LK
geonames:1961686,identity,Situ Ciseeng,https://www.geonames.org/1961686/,2026-09-29,cc-by-4.0,GeoNames item name; tourism status not proven
geonames:1962436,c5_category,Cagar Alam,https://www.geonames.org/1962436/,2026-09-29,cc-by-4.0,source tag=geonames/H.LK
geonames:1962436,identity,Setu Balekambang,https://www.geonames.org/1962436/,2026-09-29,cc-by-4.0,GeoNames item name; tourism status not proven
geonames:1962443,c5_category,Cagar Alam,https://www.geonames.org/1962443/,2026-09-29,cc-by-4.0,source tag=geonames/H.LK
geonames:1962443,identity,Situ Cibodas,https://www.geonames.org/1962443/,2026-09-29,cc-by-4.0,GeoNames item name; tourism status not proven
geonames:1963398,c5_category,Cagar Alam,https://www.geonames.org/1963398/,2026-09-29,cc-by-4.0,source tag=geonames/H.LK
geonames:1963398,identity,Situ Ciparay,https://www.geonames.org/1963398/,2026-09-29,cc-by-4.0,GeoNames item name; tourism status not proven
geonames:1963432,c5_category,Cagar Alam,https://www.geonames.org/1963432/,2026-09-29,cc-by-4.0,source tag=geonames/H.LK
geonames:1963432,identity,Situ Hiyang,https://www.geonames.org/1963432/,2026-09-29,cc-by-4.0,GeoNames item name; tourism status not proven
geonames:1969480,c5_category,Cagar Alam,https://www.geonames.org/1969480/,2026-09-29,cc-by-4.0,source tag=geonames/H.LK
geonames:1969480,identity,Danau Lawuloi,https://www.geonames.org/1969480/,2026-09-29,cc-by-4.0,GeoNames item name; tourism status not proven
geonames:1970145,c5_category,Cagar Alam,https://www.geonames.org/1970145/,2026-09-29,cc-by-4.0,source tag=geonames/H.LK
geonames:1970145,identity,Waduk Gedangkulut,https://www.geonames.org/1970145/,2026-09-29,cc-by-4.0,GeoNames item name; tourism status not proven
geonames:1970162,c5_category,Cagar Alam,https://www.geonames.org/1970162/,2026-09-29,cc-by-4.0,source tag=geonames/H.LK
geonames:1970162,identity,Waduk Bunder,https://www.geonames.org/1970162/,2026-09-29,cc-by-4.0,GeoNames item name; tourism status not proven
geonames:1972703,c5_category,Cagar Alam,https://www.geonames.org/1972703/,2026-09-29,cc-by-4.0,source tag=geonames/H.FLLS
geonames:1972703,identity,Air Terjun Baong,https://www.geonames.org/1972703/,2026-09-29,cc-by-4.0,GeoNames item name; tourism status not proven
geonames:1973678,c5_category,Cagar Alam,https://www.geonames.org/1973678/,2026-09-29,cc-by-4.0,source tag=geonames/H.LK
geonames:1973678,identity,Taparang Lapompaka,https://www.geonames.org/1973678/,2026-09-29,cc-by-4.0,GeoNames item name; tourism status not proven
geonames:1975261,c5_category,Cagar Alam,https://www.geonames.org/1975261/,2026-09-29,cc-by-4.0,source tag=geonames/H.LK
geonames:1975261,identity,Taparang Lasepang,https://www.geonames.org/1975261/,2026-09-29,cc-by-4.0,GeoNames item name; tourism status not proven
geonames:1975262,c5_category,Cagar Alam,https://www.geonames.org/1975262/,2026-09-29,cc-by-4.0,source tag=geonames/H.LK
geonames:1975262,identity,Taparang Latamperu,https://www.geonames.org/1975262/,2026-09-29,cc-by-4.0,GeoNames item name; tourism status not proven
geonames:1975313,c5_category,Cagar Alam,https://www.geonames.org/1975313/,2026-09-29,cc-by-4.0,source tag=geonames/H.LK
geonames:1975313,identity,Taparang Palisu,https://www.geonames.org/1975313/,2026-09-29,cc-by-4.0,GeoNames item name; tourism status not proven
geonames:1975319,c5_category,Cagar Alam,https://www.geonames.org/1975319/,2026-09-29,cc-by-4.0,source tag=geonames/H.LK
geonames:1975319,identity,Taparang Alicopenge,https://www.geonames.org/1975319/,2026-09-29,cc-by-4.0,GeoNames item name; tourism status not proven
geonames:1978154,c5_category,Cagar Alam,https://www.geonames.org/1978154/,2026-09-29,cc-by-4.0,source tag=geonames/H.LK
geonames:1978154,identity,Rano Bae,https://www.geonames.org/1978154/,2026-09-29,cc-by-4.0,GeoNames item name; tourism status not proven
geonames:1978155,c5_category,Cagar Alam,https://www.geonames.org/1978155/,2026-09-29,cc-by-4.0,source tag=geonames/H.LK
geonames:1978155,identity,Rano Kodi,https://www.geonames.org/1978155/,2026-09-29,cc-by-4.0,GeoNames item name; tourism status not proven
geonames:1980408,c5_category,Cagar Alam,https://www.geonames.org/1980408/,2026-09-29,cc-by-4.0,source tag=geonames/H.LK
geonames:1980408,identity,Danau Tonsawan,https://www.geonames.org/1980408/,2026-09-29,cc-by-4.0,GeoNames item name; tourism status not proven
geonames:1980533,c5_category,Cagar Alam,https://www.geonames.org/1980533/,2026-09-29,cc-by-4.0,source tag=geonames/H.LK
geonames:1980533,identity,Danau Linow,https://www.geonames.org/1980533/,2026-09-29,cc-by-4.0,GeoNames item name; tourism status not proven
geonames:1985779,c5_category,Cagar Alam,https://www.geonames.org/1985779/,2026-09-29,cc-by-4.0,source tag=geonames/H.LK
geonames:1985779,identity,Situ Rawa Pondok,https://www.geonames.org/1985779/,2026-09-29,cc-by-4.0,GeoNames item name; tourism status not proven
geonames:1985895,c5_category,Cagar Alam,https://www.geonames.org/1985895/,2026-09-29,cc-by-4.0,source tag=geonames/H.LK
geonames:1985895,identity,Situ Patahunan,https://www.geonames.org/1985895/,2026-09-29,cc-by-4.0,GeoNames item name; tourism status not proven
geonames:1986358,c5_category,Cagar Alam,https://www.geonames.org/1986358/,2026-09-29,cc-by-4.0,source tag=geonames/H.LK
geonames:1986358,identity,Situ Cibuntu,https://www.geonames.org/1986358/,2026-09-29,cc-by-4.0,GeoNames item name; tourism status not proven
geonames:1986373,c5_category,Cagar Alam,https://www.geonames.org/1986373/,2026-09-29,cc-by-4.0,source tag=geonames/H.LK
geonames:1986373,identity,Situ Kangin,https://www.geonames.org/1986373/,2026-09-29,cc-by-4.0,GeoNames item name; tourism status not proven
geonames:1986571,c5_category,Cagar Alam,https://www.geonames.org/1986571/,2026-09-29,cc-by-4.0,source tag=geonames/H.LK
geonames:1986571,identity,Situ Bentenan,https://www.geonames.org/1986571/,2026-09-29,cc-by-4.0,GeoNames item name; tourism status not proven
geonames:1986574,c5_category,Cagar Alam,https://www.geonames.org/1986574/,2026-09-29,cc-by-4.0,source tag=geonames/H.LK
geonames:1986574,identity,Situ Kibing,https://www.geonames.org/1986574/,2026-09-29,cc-by-4.0,GeoNames item name; tourism status not proven
geonames:1986592,c5_category,Cagar Alam,https://www.geonames.org/1986592/,2026-09-29,cc-by-4.0,source tag=geonames/H.LK
geonames:1986592,identity,Situ Gedong,https://www.geonames.org/1986592/,2026-09-29,cc-by-4.0,GeoNames item name; tourism status not proven
geonames:1986679,c5_category,Cagar Alam,https://www.geonames.org/1986679/,2026-09-29,cc-by-4.0,source tag=geonames/H.LK
geonames:1986679,identity,Situ Rawalo,https://www.geonames.org/1986679/,2026-09-29,cc-by-4.0,GeoNames item name; tourism status not proven
geonames:1986729,c5_category,Cagar Alam,https://www.geonames.org/1986729/,2026-09-29,cc-by-4.0,source tag=geonames/H.LK
geonames:1986729,identity,Situ Sawangan,https://www.geonames.org/1986729/,2026-09-29,cc-by-4.0,GeoNames item name; tourism status not proven
geonames:1986796,c5_category,Cagar Alam,https://www.geonames.org/1986796/,2026-09-29,cc-by-4.0,source tag=geonames/H.LK
geonames:1986796,identity,Situ Telagasubur,https://www.geonames.org/1986796/,2026-09-29,cc-by-4.0,GeoNames item name; tourism status not proven
geonames:1986855,c5_category,Cagar Alam,https://www.geonames.org/1986855/,2026-09-29,cc-by-4.0,source tag=geonames/H.LK
geonames:1986855,identity,Situ Bahar,https://www.geonames.org/1986855/,2026-09-29,cc-by-4.0,GeoNames item name; tourism status not proven
geonames:1986876,c5_category,Cagar Alam,https://www.geonames.org/1986876/,2026-09-29,cc-by-4.0,source tag=geonames/H.LK
geonames:1986876,identity,Situ Jatijajar,https://www.geonames.org/1986876/,2026-09-29,cc-by-4.0,GeoNames item name; tourism status not proven
geonames:1987247,c5_category,Cagar Alam,https://www.geonames.org/1987247/,2026-09-29,cc-by-4.0,source tag=geonames/H.LK
geonames:1987247,identity,Situ Kedaung,https://www.geonames.org/1987247/,2026-09-29,cc-by-4.0,GeoNames item name; tourism status not proven
geonames:1987248,c5_category,Cagar Alam,https://www.geonames.org/1987248/,2026-09-29,cc-by-4.0,source tag=geonames/H.LK
geonames:1987248,identity,Rawa Cina,https://www.geonames.org/1987248/,2026-09-29,cc-by-4.0,GeoNames item name; tourism status not proven
geonames:1987295,c5_category,Cagar Alam,https://www.geonames.org/1987295/,2026-09-29,cc-by-4.0,source tag=geonames/H.LK
geonames:1987295,identity,Situ Ponaokbenda,https://www.geonames.org/1987295/,2026-09-29,cc-by-4.0,GeoNames item name; tourism status not proven
geonames:1987569,c5_category,Cagar Alam,https://www.geonames.org/1987569/,2026-09-29,cc-by-4.0,source tag=geonames/H.LK
geonames:1987569,identity,Setu Lebakwang,https://www.geonames.org/1987569/,2026-09-29,cc-by-4.0,GeoNames item name; tourism status not proven
geonames:1987611,c5_category,Cagar Alam,https://www.geonames.org/1987611/,2026-09-29,cc-by-4.0,source tag=geonames/H.LK
geonames:1987611,identity,Setu Malangnengah,https://www.geonames.org/1987611/,2026-09-29,cc-by-4.0,GeoNames item name; tourism status not proven
geonames:1987874,c5_category,Cagar Alam,https://www.geonames.org/1987874/,2026-09-29,cc-by-4.0,source tag=geonames/H.LK
geonames:1987874,identity,Setu Batok,https://www.geonames.org/1987874/,2026-09-29,cc-by-4.0,GeoNames item name; tourism status not proven
geonames:1987947,c5_category,Cagar Alam,https://www.geonames.org/1987947/,2026-09-29,cc-by-4.0,source tag=geonames/H.LK
geonames:1987947,identity,Setu Cibuluh,https://www.geonames.org/1987947/,2026-09-29,cc-by-4.0,GeoNames item name; tourism status not proven
geonames:1987980,c5_category,Cagar Alam,https://www.geonames.org/1987980/,2026-09-29,cc-by-4.0,source tag=geonames/H.LK
geonames:1987980,identity,Setu Jampang,https://www.geonames.org/1987980/,2026-09-29,cc-by-4.0,GeoNames item name; tourism status not proven
geonames:1987981,c5_category,Cagar Alam,https://www.geonames.org/1987981/,2026-09-29,cc-by-4.0,source tag=geonames/H.LK
geonames:1987981,identity,Setu Bigagu,https://www.geonames.org/1987981/,2026-09-29,cc-by-4.0,GeoNames item name; tourism status not proven
geonames:1988507,c5_category,Cagar Alam,https://www.geonames.org/1988507/,2026-09-29,cc-by-4.0,source tag=geonames/H.LK
geonames:1988507,identity,Situ Cekdam,https://www.geonames.org/1988507/,2026-09-29,cc-by-4.0,GeoNames item name; tourism status not proven
geonames:1988520,c5_category,Cagar Alam,https://www.geonames.org/1988520/,2026-09-29,cc-by-4.0,source tag=geonames/H.LK
geonames:1988520,identity,Situ Pasirmanng,https://www.geonames.org/1988520/,2026-09-29,cc-by-4.0,GeoNames item name; tourism status not proven
geonames:1988535,c5_category,Cagar Alam,https://www.geonames.org/1988535/,2026-09-29,cc-by-4.0,source tag=geonames/H.LK
geonames:1988535,identity,Situ Manceuri,https://www.geonames.org/1988535/,2026-09-29,cc-by-4.0,GeoNames item name; tourism status not proven
geonames:1988613,c5_category,Cagar Alam,https://www.geonames.org/1988613/,2026-09-29,cc-by-4.0,source tag=geonames/H.LK
geonames:1988613,identity,Situ Citatah,https://www.geonames.org/1988613/,2026-09-29,cc-by-4.0,GeoNames item name; tourism status not proven
geonames:1990416,c5_category,Cagar Alam,https://www.geonames.org/1990416/,2026-09-29,cc-by-4.0,source tag=geonames/H.LK
geonames:1990416,identity,Situ Rawamanuk,https://www.geonames.org/1990416/,2026-09-29,cc-by-4.0,GeoNames item name; tourism status not proven
geonames:1992914,c5_category,Cagar Alam,https://www.geonames.org/1992914/,2026-09-29,cc-by-4.0,source tag=geonames/H.LK
geonames:1992914,identity,Danau Agung,https://www.geonames.org/1992914/,2026-09-29,cc-by-4.0,GeoNames item name; tourism status not proven
geonames:1993043,c5_category,Cagar Alam,https://www.geonames.org/1993043/,2026-09-29,cc-by-4.0,source tag=geonames/H.LK
geonames:1993043,identity,Waduk Pluit,https://www.geonames.org/1993043/,2026-09-29,cc-by-4.0,GeoNames item name; tourism status not proven
geonames:1993105,c5_category,Cagar Alam,https://www.geonames.org/1993105/,2026-09-29,cc-by-4.0,source tag=geonames/H.LK
geonames:1993105,identity,Danau Sunter Barat,https://www.geonames.org/1993105/,2026-09-29,cc-by-4.0,GeoNames item name; tourism status not proven
geonames:1999377,c5_category,Cagar Alam,https://www.geonames.org/1999377/,2026-09-29,cc-by-4.0,source tag=geonames/H.LK
geonames:1999377,identity,Telaga Kalinongko,https://www.geonames.org/1999377/,2026-09-29,cc-by-4.0,GeoNames item name; tourism status not proven
geonames:1999675,c5_category,Tempat Ibadah,https://www.geonames.org/1999675/,2026-09-29,cc-by-4.0,source tag=geonames/S.TMPL
geonames:1999675,identity,Candi Sambisari,https://www.geonames.org/1999675/,2026-09-29,cc-by-4.0,GeoNames item name; tourism status not proven
geonames:1999798,c5_category,Tempat Ibadah,https://www.geonames.org/1999798/,2026-09-29,cc-by-4.0,source tag=geonames/S.TMPL
geonames:1999798,identity,Candi Ratuboko,https://www.geonames.org/1999798/,2026-09-29,cc-by-4.0,GeoNames item name; tourism status not proven
geonames:1999803,c5_category,Tempat Ibadah,https://www.geonames.org/1999803/,2026-09-29,cc-by-4.0,source tag=geonames/S.TMPL
geonames:1999803,identity,Candi Barong,https://www.geonames.org/1999803/,2026-09-29,cc-by-4.0,GeoNames item name; tourism status not proven
geonames:1999805,c5_category,Tempat Ibadah,https://www.geonames.org/1999805/,2026-09-29,cc-by-4.0,source tag=geonames/S.TMPL
geonames:1999805,identity,Candi Banyunibo,https://www.geonames.org/1999805/,2026-09-29,cc-by-4.0,GeoNames item name; tourism status not proven
geonames:2000083,c5_category,Tempat Ibadah,https://www.geonames.org/2000083/,2026-09-29,cc-by-4.0,source tag=geonames/S.TMPL
geonames:2000083,identity,Candi Abang,https://www.geonames.org/2000083/,2026-09-29,cc-by-4.0,GeoNames item name; tourism status not proven
geonames:2002390,c5_category,Cagar Alam,https://www.geonames.org/2002390/,2026-09-29,cc-by-4.0,source tag=geonames/H.LK
geonames:2002390,identity,Danau Kemuning,https://www.geonames.org/2002390/,2026-09-29,cc-by-4.0,GeoNames item name; tourism status not proven
geonames:2004975,c5_category,Cagar Alam,https://www.geonames.org/2004975/,2026-09-29,cc-by-4.0,source tag=geonames/H.LK
geonames:2004975,identity,Telaga Klumpit,https://www.geonames.org/2004975/,2026-09-29,cc-by-4.0,GeoNames item name; tourism status not proven
geonames:2004977,c5_category,Cagar Alam,https://www.geonames.org/2004977/,2026-09-29,cc-by-4.0,source tag=geonames/H.LK
geonames:2004977,identity,Telaga Ngampelombo,https://www.geonames.org/2004977/,2026-09-29,cc-by-4.0,GeoNames item name; tourism status not proven
geonames:2004992,c5_category,Cagar Alam,https://www.geonames.org/2004992/,2026-09-29,cc-by-4.0,source tag=geonames/H.LK
geonames:2004992,identity,Telaga Kepleng,https://www.geonames.org/2004992/,2026-09-29,cc-by-4.0,GeoNames item name; tourism status not proven
geonames:2005408,c5_category,Cagar Alam,https://www.geonames.org/2005408/,2026-09-29,cc-by-4.0,source tag=geonames/H.LK
geonames:2005408,identity,Telaga Bindo,https://www.geonames.org/2005408/,2026-09-29,cc-by-4.0,GeoNames item name; tourism status not proven
geonames:2005549,c5_category,Cagar Alam,https://www.geonames.org/2005549/,2026-09-29,cc-by-4.0,source tag=geonames/H.LK
geonames:2005549,identity,Danau Sambidemang,https://www.geonames.org/2005549/,2026-09-29,cc-by-4.0,GeoNames item name; tourism status not proven
geonames:2005590,c5_category,Cagar Alam,https://www.geonames.org/2005590/,2026-09-29,cc-by-4.0,source tag=geonames/H.LK
geonames:2005590,identity,Telaga Semin,https://www.geonames.org/2005590/,2026-09-29,cc-by-4.0,GeoNames item name; tourism status not proven
geonames:2005591,c5_category,Cagar Alam,https://www.geonames.org/2005591/,2026-09-29,cc-by-4.0,source tag=geonames/H.LK
geonames:2005591,identity,Telaga Banyubening,https://www.geonames.org/2005591/,2026-09-29,cc-by-4.0,GeoNames item name; tourism status not proven
geonames:2007539,c5_category,Tempat Ibadah,https://www.geonames.org/2007539/,2026-09-29,cc-by-4.0,source tag=geonames/S.TMPL
geonames:2007539,identity,Candi Plaosan,https://www.geonames.org/2007539/,2026-09-29,cc-by-4.0,GeoNames item name; tourism status not proven
geonames:2008568,c5_category,Cagar Alam,https://www.geonames.org/2008568/,2026-09-29,cc-by-4.0,source tag=geonames/H.LK
geonames:2008568,identity,Waduk Wurinsi,https://www.geonames.org/2008568/,2026-09-29,cc-by-4.0,GeoNames item name; tourism status not proven
geonames:2009082,c5_category,Cagar Alam,https://www.geonames.org/2009082/,2026-09-29,cc-by-4.0,source tag=geonames/H.LK
geonames:2009082,identity,Rowo Jombor,https://www.geonames.org/2009082/,2026-09-29,cc-by-4.0,GeoNames item name; tourism status not proven
geonames:2009088,c5_category,Pantai,https://www.geonames.org/2009088/,2026-09-29,cc-by-4.0,source tag=geonames/T.BCH
geonames:2009088,identity,Pantai Congot,https://www.geonames.org/2009088/,2026-09-29,cc-by-4.0,GeoNames item name; tourism status not proven
geonames:2009185,c5_category,Pantai,https://www.geonames.org/2009185/,2026-09-29,cc-by-4.0,source tag=geonames/T.BCH
geonames:2009185,identity,Pantai Glagah Indah,https://www.geonames.org/2009185/,2026-09-29,cc-by-4.0,GeoNames item name; tourism status not proven
geonames:2010296,c5_category,Pantai,https://www.geonames.org/2010296/,2026-09-29,cc-by-4.0,source tag=geonames/T.BCH
geonames:2010296,identity,Pantai Trisik,https://www.geonames.org/2010296/,2026-09-29,cc-by-4.0,GeoNames item name; tourism status not proven
geonames:2010810,c5_category,Cagar Alam,https://www.geonames.org/2010810/,2026-09-29,cc-by-4.0,source tag=geonames/H.LK
geonames:2010810,identity,Danau Gembolon,https://www.geonames.org/2010810/,2026-09-29,cc-by-4.0,GeoNames item name; tourism status not proven
geonames:2011267,c5_category,Cagar Alam,https://www.geonames.org/2011267/,2026-09-29,cc-by-4.0,source tag=geonames/H.LK
geonames:2011267,identity,Danau Bandem,https://www.geonames.org/2011267/,2026-09-29,cc-by-4.0,GeoNames item name; tourism status not proven
geonames:2011703,c5_category,Cagar Alam,https://www.geonames.org/2011703/,2026-09-29,cc-by-4.0,source tag=geonames/H.LK
geonames:2011703,identity,Danau Ngaren,https://www.geonames.org/2011703/,2026-09-29,cc-by-4.0,GeoNames item name; tourism status not proven
geonames:2082459,c5_category,Cagar Alam,https://www.geonames.org/2082459/,2026-09-29,cc-by-4.0,source tag=geonames/H.LK
geonames:2082459,identity,Danau Sentani,https://www.geonames.org/2082459/,2026-09-29,cc-by-4.0,GeoNames item name; tourism status not proven
geonames:2082629,c5_category,Cagar Alam,https://www.geonames.org/2082629/,2026-09-29,cc-by-4.0,source tag=geonames/H.LK
geonames:2082629,identity,Kai Lagoon,https://www.geonames.org/2082629/,2026-09-29,cc-by-4.0,GeoNames item name; tourism status not proven
geonames:2113448,c5_category,Cagar Alam,https://www.geonames.org/2113448/,2026-09-29,cc-by-4.0,source tag=geonames/H.LK
geonames:2113448,identity,Danau Sentani,https://www.geonames.org/2113448/,2026-09-29,cc-by-4.0,GeoNames item name; tourism status not proven
geonames:6199510,c5_category,Cagar Alam,https://www.geonames.org/6199510/,2026-09-29,cc-by-4.0,source tag=geonames/H.LK
geonames:6199510,identity,Telaga Bening,https://www.geonames.org/6199510/,2026-09-29,cc-by-4.0,GeoNames item name; tourism status not proven
geonames:6256379,c5_category,Cagar Alam,https://www.geonames.org/6256379/,2026-09-29,cc-by-4.0,source tag=geonames/H.LK
geonames:6256379,identity,Danau Tandon,https://www.geonames.org/6256379/,2026-09-29,cc-by-4.0,GeoNames item name; tourism status not proven
geonames:6256832,c5_category,Cagar Alam,https://www.geonames.org/6256832/,2026-09-29,cc-by-4.0,source tag=geonames/H.LK
geonames:6256832,identity,Telaga Bleder,https://www.geonames.org/6256832/,2026-09-29,cc-by-4.0,GeoNames item name; tourism status not proven
geonames:6258800,c5_category,Tempat Ibadah,https://www.geonames.org/6258800/,2026-09-29,cc-by-4.0,source tag=geonames/S.TMPL
geonames:6258800,identity,Candi Asu,https://www.geonames.org/6258800/,2026-09-29,cc-by-4.0,GeoNames item name; tourism status not proven
geonames:6259328,c5_category,Tempat Ibadah,https://www.geonames.org/6259328/,2026-09-29,cc-by-4.0,source tag=geonames/S.TMPL
geonames:6259328,identity,Candi Ngawen,https://www.geonames.org/6259328/,2026-09-29,cc-by-4.0,GeoNames item name; tourism status not proven
geonames:6261361,c5_category,Tempat Ibadah,https://www.geonames.org/6261361/,2026-09-29,cc-by-4.0,source tag=geonames/S.TMPL
geonames:6261361,identity,Candi Pawon,https://www.geonames.org/6261361/,2026-09-29,cc-by-4.0,GeoNames item name; tourism status not proven
geonames:6265989,c5_category,Cagar Alam,https://www.geonames.org/6265989/,2026-09-29,cc-by-4.0,source tag=geonames/H.LK
geonames:6265989,identity,Waduk Ketro,https://www.geonames.org/6265989/,2026-09-29,cc-by-4.0,GeoNames item name; tourism status not proven
geonames:6371031,c5_category,Cagar Alam,https://www.geonames.org/6371031/,2026-09-29,cc-by-4.0,source tag=geonames/H.LK
geonames:6371031,identity,Danau Pucung,https://www.geonames.org/6371031/,2026-09-29,cc-by-4.0,GeoNames item name; tourism status not proven
geonames:6371039,c5_category,Cagar Alam,https://www.geonames.org/6371039/,2026-09-29,cc-by-4.0,source tag=geonames/H.LK
geonames:6371039,identity,Danau Jlubang,https://www.geonames.org/6371039/,2026-09-29,cc-by-4.0,GeoNames item name; tourism status not proven
geonames:6371059,c5_category,Cagar Alam,https://www.geonames.org/6371059/,2026-09-29,cc-by-4.0,source tag=geonames/H.LK
geonames:6371059,identity,Danau Sumur,https://www.geonames.org/6371059/,2026-09-29,cc-by-4.0,GeoNames item name; tourism status not proven
geonames:6371085,c5_category,Cagar Alam,https://www.geonames.org/6371085/,2026-09-29,cc-by-4.0,source tag=geonames/H.LK
geonames:6371085,identity,Danau Puen,https://www.geonames.org/6371085/,2026-09-29,cc-by-4.0,GeoNames item name; tourism status not proven
geonames:6371090,c5_category,Cagar Alam,https://www.geonames.org/6371090/,2026-09-29,cc-by-4.0,source tag=geonames/H.LK
geonames:6371090,identity,Danau Karang Kidul,https://www.geonames.org/6371090/,2026-09-29,cc-by-4.0,GeoNames item name; tourism status not proven
geonames:6371108,c5_category,Cagar Alam,https://www.geonames.org/6371108/,2026-09-29,cc-by-4.0,source tag=geonames/H.LK
geonames:6371108,identity,Danau Samir,https://www.geonames.org/6371108/,2026-09-29,cc-by-4.0,GeoNames item name; tourism status not proven
geonames:6371122,c5_category,Cagar Alam,https://www.geonames.org/6371122/,2026-09-29,cc-by-4.0,source tag=geonames/H.LK
geonames:6371122,identity,Danau Jurug,https://www.geonames.org/6371122/,2026-09-29,cc-by-4.0,GeoNames item name; tourism status not proven
geonames:6371169,c5_category,Cagar Alam,https://www.geonames.org/6371169/,2026-09-29,cc-by-4.0,source tag=geonames/H.LK
geonames:6371169,identity,Telaga Condong,https://www.geonames.org/6371169/,2026-09-29,cc-by-4.0,GeoNames item name; tourism status not proven
geonames:6371188,c5_category,Cagar Alam,https://www.geonames.org/6371188/,2026-09-29,cc-by-4.0,source tag=geonames/H.LK
geonames:6371188,identity,Telaga Kenanga,https://www.geonames.org/6371188/,2026-09-29,cc-by-4.0,GeoNames item name; tourism status not proven
geonames:6371197,c5_category,Cagar Alam,https://www.geonames.org/6371197/,2026-09-29,cc-by-4.0,source tag=geonames/H.LK
geonames:6371197,identity,Telaga Nglibeng,https://www.geonames.org/6371197/,2026-09-29,cc-by-4.0,GeoNames item name; tourism status not proven
geonames:6371225,c5_category,Cagar Alam,https://www.geonames.org/6371225/,2026-09-29,cc-by-4.0,source tag=geonames/H.LK
geonames:6371225,identity,Telaga Jetis,https://www.geonames.org/6371225/,2026-09-29,cc-by-4.0,GeoNames item name; tourism status not proven
geonames:6371229,c5_category,Cagar Alam,https://www.geonames.org/6371229/,2026-09-29,cc-by-4.0,source tag=geonames/H.LK
geonames:6371229,identity,Telaga Jonge,https://www.geonames.org/6371229/,2026-09-29,cc-by-4.0,GeoNames item name; tourism status not proven
geonames:6371235,c5_category,Cagar Alam,https://www.geonames.org/6371235/,2026-09-29,cc-by-4.0,source tag=geonames/H.LK
geonames:6371235,identity,Telaga Peden,https://www.geonames.org/6371235/,2026-09-29,cc-by-4.0,GeoNames item name; tourism status not proven
geonames:6371240,c5_category,Cagar Alam,https://www.geonames.org/6371240/,2026-09-29,cc-by-4.0,source tag=geonames/H.LK
geonames:6371240,identity,Telaga Gesing,https://www.geonames.org/6371240/,2026-09-29,cc-by-4.0,GeoNames item name; tourism status not proven
geonames:6371242,c5_category,Cagar Alam,https://www.geonames.org/6371242/,2026-09-29,cc-by-4.0,source tag=geonames/H.LK
geonames:6371242,identity,Telaga Kedokan,https://www.geonames.org/6371242/,2026-09-29,cc-by-4.0,GeoNames item name; tourism status not proven
geonames:6371244,c5_category,Cagar Alam,https://www.geonames.org/6371244/,2026-09-29,cc-by-4.0,source tag=geonames/H.LK
geonames:6371244,identity,Telaga Sunut,https://www.geonames.org/6371244/,2026-09-29,cc-by-4.0,GeoNames item name; tourism status not proven
geonames:6371245,c5_category,Cagar Alam,https://www.geonames.org/6371245/,2026-09-29,cc-by-4.0,source tag=geonames/H.LK
geonames:6371245,identity,Telaga Mendak,https://www.geonames.org/6371245/,2026-09-29,cc-by-4.0,GeoNames item name; tourism status not proven
geonames:6371250,c5_category,Cagar Alam,https://www.geonames.org/6371250/,2026-09-29,cc-by-4.0,source tag=geonames/H.LK
geonames:6371250,identity,Telaga Ngrinjing,https://www.geonames.org/6371250/,2026-09-29,cc-by-4.0,GeoNames item name; tourism status not proven
geonames:6371251,c5_category,Cagar Alam,https://www.geonames.org/6371251/,2026-09-29,cc-by-4.0,source tag=geonames/H.LK
geonames:6371251,identity,Telaga Kempul,https://www.geonames.org/6371251/,2026-09-29,cc-by-4.0,GeoNames item name; tourism status not proven
geonames:6371256,c5_category,Cagar Alam,https://www.geonames.org/6371256/,2026-09-29,cc-by-4.0,source tag=geonames/H.LK
geonames:6371256,identity,Telaga Ceblok,https://www.geonames.org/6371256/,2026-09-29,cc-by-4.0,GeoNames item name; tourism status not proven
geonames:6371259,c5_category,Cagar Alam,https://www.geonames.org/6371259/,2026-09-29,cc-by-4.0,source tag=geonames/H.LK
geonames:6371259,identity,Telaga Nangsri,https://www.geonames.org/6371259/,2026-09-29,cc-by-4.0,GeoNames item name; tourism status not proven
geonames:6371263,c5_category,Cagar Alam,https://www.geonames.org/6371263/,2026-09-29,cc-by-4.0,source tag=geonames/H.LK
geonames:6371263,identity,Telaga Jambe,https://www.geonames.org/6371263/,2026-09-29,cc-by-4.0,GeoNames item name; tourism status not proven
geonames:6371272,c5_category,Cagar Alam,https://www.geonames.org/6371272/,2026-09-29,cc-by-4.0,source tag=geonames/H.LK
geonames:6371272,identity,Telaga Sodong,https://www.geonames.org/6371272/,2026-09-29,cc-by-4.0,GeoNames item name; tourism status not proven
geonames:6371281,c5_category,Cagar Alam,https://www.geonames.org/6371281/,2026-09-29,cc-by-4.0,source tag=geonames/H.LK
geonames:6371281,identity,Telaga Pakel,https://www.geonames.org/6371281/,2026-09-29,cc-by-4.0,GeoNames item name; tourism status not proven
geonames:6371285,c5_category,Cagar Alam,https://www.geonames.org/6371285/,2026-09-29,cc-by-4.0,source tag=geonames/H.LK
geonames:6371285,identity,Telaga Klumpit,https://www.geonames.org/6371285/,2026-09-29,cc-by-4.0,GeoNames item name; tourism status not proven
geonames:6371287,c5_category,Cagar Alam,https://www.geonames.org/6371287/,2026-09-29,cc-by-4.0,source tag=geonames/H.LK
geonames:6371287,identity,Telaga Plebengan,https://www.geonames.org/6371287/,2026-09-29,cc-by-4.0,GeoNames item name; tourism status not proven
geonames:6371298,c5_category,Cagar Alam,https://www.geonames.org/6371298/,2026-09-29,cc-by-4.0,source tag=geonames/H.LK
geonames:6371298,identity,Telaga Badut,https://www.geonames.org/6371298/,2026-09-29,cc-by-4.0,GeoNames item name; tourism status not proven
geonames:6371306,c5_category,Cagar Alam,https://www.geonames.org/6371306/,2026-09-29,cc-by-4.0,source tag=geonames/H.LK
geonames:6371306,identity,Telaga Bolang,https://www.geonames.org/6371306/,2026-09-29,cc-by-4.0,GeoNames item name; tourism status not proven
geonames:6371310,c5_category,Cagar Alam,https://www.geonames.org/6371310/,2026-09-29,cc-by-4.0,source tag=geonames/H.LK
geonames:6371310,identity,Telaga Nguluran,https://www.geonames.org/6371310/,2026-09-29,cc-by-4.0,GeoNames item name; tourism status not proven
geonames:6371314,c5_category,Cagar Alam,https://www.geonames.org/6371314/,2026-09-29,cc-by-4.0,source tag=geonames/H.LK
geonames:6371314,identity,Telaga Jurug,https://www.geonames.org/6371314/,2026-09-29,cc-by-4.0,GeoNames item name; tourism status not proven
geonames:6371316,c5_category,Cagar Alam,https://www.geonames.org/6371316/,2026-09-29,cc-by-4.0,source tag=geonames/H.LK
geonames:6371316,identity,Telaga Widoro,https://www.geonames.org/6371316/,2026-09-29,cc-by-4.0,GeoNames item name; tourism status not proven
geonames:6371321,c5_category,Cagar Alam,https://www.geonames.org/6371321/,2026-09-29,cc-by-4.0,source tag=geonames/H.LK
geonames:6371321,identity,Telaga Belik,https://www.geonames.org/6371321/,2026-09-29,cc-by-4.0,GeoNames item name; tourism status not proven
geonames:6371326,c5_category,Cagar Alam,https://www.geonames.org/6371326/,2026-09-29,cc-by-4.0,source tag=geonames/H.LK
geonames:6371326,identity,Telaga Bowongan,https://www.geonames.org/6371326/,2026-09-29,cc-by-4.0,GeoNames item name; tourism status not proven
geonames:6371333,c5_category,Cagar Alam,https://www.geonames.org/6371333/,2026-09-29,cc-by-4.0,source tag=geonames/H.LK
geonames:6371333,identity,Telaga Jrakah,https://www.geonames.org/6371333/,2026-09-29,cc-by-4.0,GeoNames item name; tourism status not proven
geonames:6371346,c5_category,Cagar Alam,https://www.geonames.org/6371346/,2026-09-29,cc-by-4.0,source tag=geonames/H.LK
geonames:6371346,identity,Telaga Lemahmendak,https://www.geonames.org/6371346/,2026-09-29,cc-by-4.0,GeoNames item name; tourism status not proven
geonames:6371357,c5_category,Cagar Alam,https://www.geonames.org/6371357/,2026-09-29,cc-by-4.0,source tag=geonames/H.LK
geonames:6371357,identity,Telaga Tileng,https://www.geonames.org/6371357/,2026-09-29,cc-by-4.0,GeoNames item name; tourism status not proven
geonames:6371359,c5_category,Cagar Alam,https://www.geonames.org/6371359/,2026-09-29,cc-by-4.0,source tag=geonames/H.LK
geonames:6371359,identity,Telaga Ngepung,https://www.geonames.org/6371359/,2026-09-29,cc-by-4.0,GeoNames item name; tourism status not proven
geonames:6371363,c5_category,Cagar Alam,https://www.geonames.org/6371363/,2026-09-29,cc-by-4.0,source tag=geonames/H.LK
geonames:6371363,identity,Telaga Ngrancah,https://www.geonames.org/6371363/,2026-09-29,cc-by-4.0,GeoNames item name; tourism status not proven
geonames:6371375,c5_category,Cagar Alam,https://www.geonames.org/6371375/,2026-09-29,cc-by-4.0,source tag=geonames/H.LK
geonames:6371375,identity,Telaga Sawah,https://www.geonames.org/6371375/,2026-09-29,cc-by-4.0,GeoNames item name; tourism status not proven
geonames:6371381,c5_category,Cagar Alam,https://www.geonames.org/6371381/,2026-09-29,cc-by-4.0,source tag=geonames/H.LK
geonames:6371381,identity,Telaga Towati,https://www.geonames.org/6371381/,2026-09-29,cc-by-4.0,GeoNames item name; tourism status not proven
geonames:6371392,c5_category,Cagar Alam,https://www.geonames.org/6371392/,2026-09-29,cc-by-4.0,source tag=geonames/H.LK
geonames:6371392,identity,Telaga Wungu,https://www.geonames.org/6371392/,2026-09-29,cc-by-4.0,GeoNames item name; tourism status not proven
geonames:6371398,c5_category,Cagar Alam,https://www.geonames.org/6371398/,2026-09-29,cc-by-4.0,source tag=geonames/H.LK
geonames:6371398,identity,Telaga Kalen,https://www.geonames.org/6371398/,2026-09-29,cc-by-4.0,GeoNames item name; tourism status not proven
geonames:6371401,c5_category,Cagar Alam,https://www.geonames.org/6371401/,2026-09-29,cc-by-4.0,source tag=geonames/H.LK
geonames:6371401,identity,Telaga Bogor,https://www.geonames.org/6371401/,2026-09-29,cc-by-4.0,GeoNames item name; tourism status not proven
geonames:6371402,c5_category,Cagar Alam,https://www.geonames.org/6371402/,2026-09-29,cc-by-4.0,source tag=geonames/H.LK
geonames:6371402,identity,Telaga Wuluh,https://www.geonames.org/6371402/,2026-09-29,cc-by-4.0,GeoNames item name; tourism status not proven
geonames:6371409,c5_category,Cagar Alam,https://www.geonames.org/6371409/,2026-09-29,cc-by-4.0,source tag=geonames/H.LK
geonames:6371409,identity,Telaga Bamban,https://www.geonames.org/6371409/,2026-09-29,cc-by-4.0,GeoNames item name; tourism status not proven
geonames:6371412,c5_category,Cagar Alam,https://www.geonames.org/6371412/,2026-09-29,cc-by-4.0,source tag=geonames/H.LK
geonames:6371412,identity,Telaga Karangtritis,https://www.geonames.org/6371412/,2026-09-29,cc-by-4.0,GeoNames item name; tourism status not proven
geonames:6371418,c5_category,Cagar Alam,https://www.geonames.org/6371418/,2026-09-29,cc-by-4.0,source tag=geonames/H.LK
geonames:6371418,identity,Telaga Tlempek,https://www.geonames.org/6371418/,2026-09-29,cc-by-4.0,GeoNames item name; tourism status not proven
geonames:6371419,c5_category,Cagar Alam,https://www.geonames.org/6371419/,2026-09-29,cc-by-4.0,source tag=geonames/H.LK
geonames:6371419,identity,Telaga Jeruk,https://www.geonames.org/6371419/,2026-09-29,cc-by-4.0,GeoNames item name; tourism status not proven
geonames:6371425,c5_category,Cagar Alam,https://www.geonames.org/6371425/,2026-09-29,cc-by-4.0,source tag=geonames/H.LK
geonames:6371425,identity,Telaga Krinjing,https://www.geonames.org/6371425/,2026-09-29,cc-by-4.0,GeoNames item name; tourism status not proven
geonames:6371430,c5_category,Cagar Alam,https://www.geonames.org/6371430/,2026-09-29,cc-by-4.0,source tag=geonames/H.LK
geonames:6371430,identity,Telaga Jlimbrak,https://www.geonames.org/6371430/,2026-09-29,cc-by-4.0,GeoNames item name; tourism status not proven
geonames:6371433,c5_category,Cagar Alam,https://www.geonames.org/6371433/,2026-09-29,cc-by-4.0,source tag=geonames/H.LK
geonames:6371433,identity,Telaga Waliklar,https://www.geonames.org/6371433/,2026-09-29,cc-by-4.0,GeoNames item name; tourism status not proven
geonames:6371434,c5_category,Cagar Alam,https://www.geonames.org/6371434/,2026-09-29,cc-by-4.0,source tag=geonames/H.LK
geonames:6371434,identity,Telaga Bogosari,https://www.geonames.org/6371434/,2026-09-29,cc-by-4.0,GeoNames item name; tourism status not proven
geonames:6371443,c5_category,Cagar Alam,https://www.geonames.org/6371443/,2026-09-29,cc-by-4.0,source tag=geonames/H.LK
geonames:6371443,identity,Telaga Kembang,https://www.geonames.org/6371443/,2026-09-29,cc-by-4.0,GeoNames item name; tourism status not proven
geonames:6371588,c5_category,Cagar Alam,https://www.geonames.org/6371588/,2026-09-29,cc-by-4.0,source tag=geonames/H.LK
geonames:6371588,identity,Telaga Ngenta,https://www.geonames.org/6371588/,2026-09-29,cc-by-4.0,GeoNames item name; tourism status not proven
geonames:6371591,c5_category,Cagar Alam,https://www.geonames.org/6371591/,2026-09-29,cc-by-4.0,source tag=geonames/H.LK
geonames:6371591,identity,Telaga Ngroyo,https://www.geonames.org/6371591/,2026-09-29,cc-by-4.0,GeoNames item name; tourism status not proven
geonames:6371596,c5_category,Cagar Alam,https://www.geonames.org/6371596/,2026-09-29,cc-by-4.0,source tag=geonames/H.LK
geonames:6371596,identity,Telaga Jati,https://www.geonames.org/6371596/,2026-09-29,cc-by-4.0,GeoNames item name; tourism status not proven
geonames:6371617,c5_category,Cagar Alam,https://www.geonames.org/6371617/,2026-09-29,cc-by-4.0,source tag=geonames/H.LK
geonames:6371617,identity,Telaga Timbang,https://www.geonames.org/6371617/,2026-09-29,cc-by-4.0,GeoNames item name; tourism status not proven
geonames:6371622,c5_category,Cagar Alam,https://www.geonames.org/6371622/,2026-09-29,cc-by-4.0,source tag=geonames/H.LK
geonames:6371622,identity,Telaga Nongko,https://www.geonames.org/6371622/,2026-09-29,cc-by-4.0,GeoNames item name; tourism status not proven
geonames:6371623,c5_category,Cagar Alam,https://www.geonames.org/6371623/,2026-09-29,cc-by-4.0,source tag=geonames/H.LK
geonames:6371623,identity,Telaga Kramean,https://www.geonames.org/6371623/,2026-09-29,cc-by-4.0,GeoNames item name; tourism status not proven
geonames:6371625,c5_category,Cagar Alam,https://www.geonames.org/6371625/,2026-09-29,cc-by-4.0,source tag=geonames/H.LK
geonames:6371625,identity,Telaga Winong,https://www.geonames.org/6371625/,2026-09-29,cc-by-4.0,GeoNames item name; tourism status not proven
geonames:6371627,c5_category,Cagar Alam,https://www.geonames.org/6371627/,2026-09-29,cc-by-4.0,source tag=geonames/H.LK
geonames:6371627,identity,Telaga Randu,https://www.geonames.org/6371627/,2026-09-29,cc-by-4.0,GeoNames item name; tourism status not proven
geonames:6371628,c5_category,Cagar Alam,https://www.geonames.org/6371628/,2026-09-29,cc-by-4.0,source tag=geonames/H.LK
geonames:6371628,identity,Telaga Karen,https://www.geonames.org/6371628/,2026-09-29,cc-by-4.0,GeoNames item name; tourism status not proven
geonames:6371632,c5_category,Cagar Alam,https://www.geonames.org/6371632/,2026-09-29,cc-by-4.0,source tag=geonames/H.LK
geonames:6371632,identity,Telaga Semugih,https://www.geonames.org/6371632/,2026-09-29,cc-by-4.0,GeoNames item name; tourism status not proven
geonames:6371633,c5_category,Cagar Alam,https://www.geonames.org/6371633/,2026-09-29,cc-by-4.0,source tag=geonames/H.LK
geonames:6371633,identity,Telaga Kracan,https://www.geonames.org/6371633/,2026-09-29,cc-by-4.0,GeoNames item name; tourism status not proven
geonames:6371636,c5_category,Cagar Alam,https://www.geonames.org/6371636/,2026-09-29,cc-by-4.0,source tag=geonames/H.LK
geonames:6371636,identity,Telaga Rejo,https://www.geonames.org/6371636/,2026-09-29,cc-by-4.0,GeoNames item name; tourism status not proven
geonames:6371690,c5_category,Cagar Alam,https://www.geonames.org/6371690/,2026-09-29,cc-by-4.0,source tag=geonames/H.LK
geonames:6371690,identity,Telaga Dawung,https://www.geonames.org/6371690/,2026-09-29,cc-by-4.0,GeoNames item name; tourism status not proven
geonames:6371696,c5_category,Cagar Alam,https://www.geonames.org/6371696/,2026-09-29,cc-by-4.0,source tag=geonames/H.LK
geonames:6371696,identity,Telaga Pakel,https://www.geonames.org/6371696/,2026-09-29,cc-by-4.0,GeoNames item name; tourism status not proven
geonames:6371699,c5_category,Cagar Alam,https://www.geonames.org/6371699/,2026-09-29,cc-by-4.0,source tag=geonames/H.LK
geonames:6371699,identity,Telaga Cabihan,https://www.geonames.org/6371699/,2026-09-29,cc-by-4.0,GeoNames item name; tourism status not proven
geonames:6371703,c5_category,Cagar Alam,https://www.geonames.org/6371703/,2026-09-29,cc-by-4.0,source tag=geonames/H.LK
geonames:6371703,identity,Telaga Ngejring,https://www.geonames.org/6371703/,2026-09-29,cc-by-4.0,GeoNames item name; tourism status not proven
geonames:6371718,c5_category,Cagar Alam,https://www.geonames.org/6371718/,2026-09-29,cc-by-4.0,source tag=geonames/H.LK
geonames:6371718,identity,Telaga Dangdang,https://www.geonames.org/6371718/,2026-09-29,cc-by-4.0,GeoNames item name; tourism status not proven
geonames:6371721,c5_category,Cagar Alam,https://www.geonames.org/6371721/,2026-09-29,cc-by-4.0,source tag=geonames/H.LK
geonames:6371721,identity,Telaga Pringkuku,https://www.geonames.org/6371721/,2026-09-29,cc-by-4.0,GeoNames item name; tourism status not proven
geonames:6371724,c5_category,Cagar Alam,https://www.geonames.org/6371724/,2026-09-29,cc-by-4.0,source tag=geonames/H.LK
geonames:6371724,identity,Telaga Jamuran,https://www.geonames.org/6371724/,2026-09-29,cc-by-4.0,GeoNames item name; tourism status not proven
geonames:6371726,c5_category,Cagar Alam,https://www.geonames.org/6371726/,2026-09-29,cc-by-4.0,source tag=geonames/H.LK
geonames:6371726,identity,Telaga Sebagor,https://www.geonames.org/6371726/,2026-09-29,cc-by-4.0,GeoNames item name; tourism status not proven
geonames:6371731,c5_category,Cagar Alam,https://www.geonames.org/6371731/,2026-09-29,cc-by-4.0,source tag=geonames/H.LK
geonames:6371731,identity,Telaga Sendang,https://www.geonames.org/6371731/,2026-09-29,cc-by-4.0,GeoNames item name; tourism status not proven
geonames:6371733,c5_category,Cagar Alam,https://www.geonames.org/6371733/,2026-09-29,cc-by-4.0,source tag=geonames/H.LK
geonames:6371733,identity,Telaga Kenanga,https://www.geonames.org/6371733/,2026-09-29,cc-by-4.0,GeoNames item name; tourism status not proven
geonames:6371737,c5_category,Cagar Alam,https://www.geonames.org/6371737/,2026-09-29,cc-by-4.0,source tag=geonames/H.LK
geonames:6371737,identity,Telaga Jlubang,https://www.geonames.org/6371737/,2026-09-29,cc-by-4.0,GeoNames item name; tourism status not proven
geonames:6371741,c5_category,Cagar Alam,https://www.geonames.org/6371741/,2026-09-29,cc-by-4.0,source tag=geonames/H.LK
geonames:6371741,identity,Telaga Tengger,https://www.geonames.org/6371741/,2026-09-29,cc-by-4.0,GeoNames item name; tourism status not proven
geonames:6371745,c5_category,Cagar Alam,https://www.geonames.org/6371745/,2026-09-29,cc-by-4.0,source tag=geonames/H.LK
geonames:6371745,identity,Telaga Banteng,https://www.geonames.org/6371745/,2026-09-29,cc-by-4.0,GeoNames item name; tourism status not proven
geonames:6371748,c5_category,Cagar Alam,https://www.geonames.org/6371748/,2026-09-29,cc-by-4.0,source tag=geonames/H.LK
geonames:6371748,identity,Telaga Ngersari,https://www.geonames.org/6371748/,2026-09-29,cc-by-4.0,GeoNames item name; tourism status not proven
geonames:6371750,c5_category,Cagar Alam,https://www.geonames.org/6371750/,2026-09-29,cc-by-4.0,source tag=geonames/H.LK
geonames:6371750,identity,Telaga Dawe,https://www.geonames.org/6371750/,2026-09-29,cc-by-4.0,GeoNames item name; tourism status not proven
geonames:6371751,c5_category,Cagar Alam,https://www.geonames.org/6371751/,2026-09-29,cc-by-4.0,source tag=geonames/H.LK
geonames:6371751,identity,Telaga Cetek,https://www.geonames.org/6371751/,2026-09-29,cc-by-4.0,GeoNames item name; tourism status not proven
geonames:6371755,c5_category,Cagar Alam,https://www.geonames.org/6371755/,2026-09-29,cc-by-4.0,source tag=geonames/H.LK
geonames:6371755,identity,Telaga Pucung,https://www.geonames.org/6371755/,2026-09-29,cc-by-4.0,GeoNames item name; tourism status not proven
geonames:6371756,c5_category,Cagar Alam,https://www.geonames.org/6371756/,2026-09-29,cc-by-4.0,source tag=geonames/H.LK
geonames:6371756,identity,Telaga Jurug,https://www.geonames.org/6371756/,2026-09-29,cc-by-4.0,GeoNames item name; tourism status not proven
geonames:6371763,c5_category,Cagar Alam,https://www.geonames.org/6371763/,2026-09-29,cc-by-4.0,source tag=geonames/H.LK
geonames:6371763,identity,Telaga Luwengombo,https://www.geonames.org/6371763/,2026-09-29,cc-by-4.0,GeoNames item name; tourism status not proven
geonames:6371790,c5_category,Pantai,https://www.geonames.org/6371790/,2026-09-29,cc-by-4.0,source tag=geonames/T.BCH
geonames:6371790,identity,Pantai Popong,https://www.geonames.org/6371790/,2026-09-29,cc-by-4.0,GeoNames item name; tourism status not proven
geonames:6371800,c5_category,Pantai,https://www.geonames.org/6371800/,2026-09-29,cc-by-4.0,source tag=geonames/T.BCH
geonames:6371800,identity,Pantai Cliringsilongob,https://www.geonames.org/6371800/,2026-09-29,cc-by-4.0,GeoNames item name; tourism status not proven
geonames:6371802,c5_category,Pantai,https://www.geonames.org/6371802/,2026-09-29,cc-by-4.0,source tag=geonames/T.BCH
geonames:6371802,identity,Pantai Gilianyar,https://www.geonames.org/6371802/,2026-09-29,cc-by-4.0,GeoNames item name; tourism status not proven
geonames:6371821,c5_category,Pantai,https://www.geonames.org/6371821/,2026-09-29,cc-by-4.0,source tag=geonames/T.BCH
geonames:6371821,identity,Pantai Petanahan,https://www.geonames.org/6371821/,2026-09-29,cc-by-4.0,GeoNames item name; tourism status not proven
geonames:6372015,c5_category,Pantai,https://www.geonames.org/6372015/,2026-09-29,cc-by-4.0,source tag=geonames/T.BCH
geonames:6372015,identity,Pantai Ambal,https://www.geonames.org/6372015/,2026-09-29,cc-by-4.0,GeoNames item name; tourism status not proven
geonames:6372106,c5_category,Pantai,https://www.geonames.org/6372106/,2026-09-29,cc-by-4.0,source tag=geonames/T.BCH
geonames:6372106,identity,Pantai Bocor,https://www.geonames.org/6372106/,2026-09-29,cc-by-4.0,GeoNames item name; tourism status not proven
geonames:6373358,c5_category,Cagar Alam,https://www.geonames.org/6373358/,2026-09-29,cc-by-4.0,source tag=geonames/H.FLLS
geonames:6373358,identity,Air Terjun Curug Mletuk,https://www.geonames.org/6373358/,2026-09-29,cc-by-4.0,GeoNames item name; tourism status not proven
geonames:6373605,c5_category,Cagar Alam,https://www.geonames.org/6373605/,2026-09-29,cc-by-4.0,source tag=geonames/H.LK
geonames:6373605,identity,Danau Kalimati,https://www.geonames.org/6373605/,2026-09-29,cc-by-4.0,GeoNames item name; tourism status not proven
geonames:6373987,c5_category,Cagar Alam,https://www.geonames.org/6373987/,2026-09-29,cc-by-4.0,source tag=geonames/H.LK
geonames:6373987,identity,Danau Cibito,https://www.geonames.org/6373987/,2026-09-29,cc-by-4.0,GeoNames item name; tourism status not proven
geonames:6374307,c5_category,Pantai,https://www.geonames.org/6374307/,2026-09-29,cc-by-4.0,source tag=geonames/T.BCH
geonames:6374307,identity,Pantai Widarapayung,https://www.geonames.org/6374307/,2026-09-29,cc-by-4.0,GeoNames item name; tourism status not proven
geonames:6374331,c5_category,Pantai,https://www.geonames.org/6374331/,2026-09-29,cc-by-4.0,source tag=geonames/T.BCH
geonames:6374331,identity,Pantai Jetis,https://www.geonames.org/6374331/,2026-09-29,cc-by-4.0,GeoNames item name; tourism status not proven
geonames:6375320,c5_category,Cagar Alam,https://www.geonames.org/6375320/,2026-09-29,cc-by-4.0,source tag=geonames/H.LK
geonames:6375320,identity,Waduk Tapakbima,https://www.geonames.org/6375320/,2026-09-29,cc-by-4.0,GeoNames item name; tourism status not proven
geonames:6375511,c5_category,Cagar Alam,https://www.geonames.org/6375511/,2026-09-29,cc-by-4.0,source tag=geonames/H.LK
geonames:6375511,identity,Telaga Jati,https://www.geonames.org/6375511/,2026-09-29,cc-by-4.0,GeoNames item name; tourism status not proven
geonames:6375514,c5_category,Cagar Alam,https://www.geonames.org/6375514/,2026-09-29,cc-by-4.0,source tag=geonames/H.LK
geonames:6375514,identity,Telaga Digal,https://www.geonames.org/6375514/,2026-09-29,cc-by-4.0,GeoNames item name; tourism status not proven
geonames:6375518,c5_category,Cagar Alam,https://www.geonames.org/6375518/,2026-09-29,cc-by-4.0,source tag=geonames/H.LK
geonames:6375518,identity,Telaga Pindul,https://www.geonames.org/6375518/,2026-09-29,cc-by-4.0,GeoNames item name; tourism status not proven
geonames:6375519,c5_category,Cagar Alam,https://www.geonames.org/6375519/,2026-09-29,cc-by-4.0,source tag=geonames/H.LK
geonames:6375519,identity,Telaga Braho,https://www.geonames.org/6375519/,2026-09-29,cc-by-4.0,GeoNames item name; tourism status not proven
geonames:6375523,c5_category,Cagar Alam,https://www.geonames.org/6375523/,2026-09-29,cc-by-4.0,source tag=geonames/H.LK
geonames:6375523,identity,Telaga Tileng,https://www.geonames.org/6375523/,2026-09-29,cc-by-4.0,GeoNames item name; tourism status not proven
geonames:6375532,c5_category,Cagar Alam,https://www.geonames.org/6375532/,2026-09-29,cc-by-4.0,source tag=geonames/H.LK
geonames:6375532,identity,Telaga Wotawati,https://www.geonames.org/6375532/,2026-09-29,cc-by-4.0,GeoNames item name; tourism status not proven
geonames:6375533,c5_category,Cagar Alam,https://www.geonames.org/6375533/,2026-09-29,cc-by-4.0,source tag=geonames/H.LK
geonames:6375533,identity,Telaga Dilem,https://www.geonames.org/6375533/,2026-09-29,cc-by-4.0,GeoNames item name; tourism status not proven
geonames:6375534,c5_category,Cagar Alam,https://www.geonames.org/6375534/,2026-09-29,cc-by-4.0,source tag=geonames/H.LK
geonames:6375534,identity,Telaga Ngaluran,https://www.geonames.org/6375534/,2026-09-29,cc-by-4.0,GeoNames item name; tourism status not proven
geonames:6375542,c5_category,Cagar Alam,https://www.geonames.org/6375542/,2026-09-29,cc-by-4.0,source tag=geonames/H.LK
geonames:6375542,identity,Telaga Mendak,https://www.geonames.org/6375542/,2026-09-29,cc-by-4.0,GeoNames item name; tourism status not proven
geonames:6375544,c5_category,Cagar Alam,https://www.geonames.org/6375544/,2026-09-29,cc-by-4.0,source tag=geonames/H.LK
geonames:6375544,identity,Telaga Bakung,https://www.geonames.org/6375544/,2026-09-29,cc-by-4.0,GeoNames item name; tourism status not proven
geonames:6375546,c5_category,Cagar Alam,https://www.geonames.org/6375546/,2026-09-29,cc-by-4.0,source tag=geonames/H.LK
geonames:6375546,identity,Telaga Nglaran,https://www.geonames.org/6375546/,2026-09-29,cc-by-4.0,GeoNames item name; tourism status not proven
geonames:6375547,c5_category,Cagar Alam,https://www.geonames.org/6375547/,2026-09-29,cc-by-4.0,source tag=geonames/H.LK
geonames:6375547,identity,Telaga Waru,https://www.geonames.org/6375547/,2026-09-29,cc-by-4.0,GeoNames item name; tourism status not proven
geonames:6375557,c5_category,Cagar Alam,https://www.geonames.org/6375557/,2026-09-29,cc-by-4.0,source tag=geonames/H.LK
geonames:6375557,identity,Telaga Tekil,https://www.geonames.org/6375557/,2026-09-29,cc-by-4.0,GeoNames item name; tourism status not proven
geonames:6375564,c5_category,Cagar Alam,https://www.geonames.org/6375564/,2026-09-29,cc-by-4.0,source tag=geonames/H.LK
geonames:6375564,identity,Telaga Kotekan,https://www.geonames.org/6375564/,2026-09-29,cc-by-4.0,GeoNames item name; tourism status not proven
geonames:6375566,c5_category,Cagar Alam,https://www.geonames.org/6375566/,2026-09-29,cc-by-4.0,source tag=geonames/H.LK
geonames:6375566,identity,Telaga Mesu,https://www.geonames.org/6375566/,2026-09-29,cc-by-4.0,GeoNames item name; tourism status not proven
geonames:6375570,c5_category,Cagar Alam,https://www.geonames.org/6375570/,2026-09-29,cc-by-4.0,source tag=geonames/H.LK
geonames:6375570,identity,Telaga Jlubang,https://www.geonames.org/6375570/,2026-09-29,cc-by-4.0,GeoNames item name; tourism status not proven
geonames:6375573,c5_category,Cagar Alam,https://www.geonames.org/6375573/,2026-09-29,cc-by-4.0,source tag=geonames/H.LK
geonames:6375573,identity,Telaga Jurangjero,https://www.geonames.org/6375573/,2026-09-29,cc-by-4.0,GeoNames item name; tourism status not proven
geonames:6375575,c5_category,Cagar Alam,https://www.geonames.org/6375575/,2026-09-29,cc-by-4.0,source tag=geonames/H.LK
geonames:6375575,identity,Telaga Puring,https://www.geonames.org/6375575/,2026-09-29,cc-by-4.0,GeoNames item name; tourism status not proven
geonames:6375579,c5_category,Cagar Alam,https://www.geonames.org/6375579/,2026-09-29,cc-by-4.0,source tag=geonames/H.LK
geonames:6375579,identity,Telaga Tapen,https://www.geonames.org/6375579/,2026-09-29,cc-by-4.0,GeoNames item name; tourism status not proven
geonames:6375583,c5_category,Cagar Alam,https://www.geonames.org/6375583/,2026-09-29,cc-by-4.0,source tag=geonames/H.LK
geonames:6375583,identity,Telaga Sempu,https://www.geonames.org/6375583/,2026-09-29,cc-by-4.0,GeoNames item name; tourism status not proven
geonames:6375585,c5_category,Cagar Alam,https://www.geonames.org/6375585/,2026-09-29,cc-by-4.0,source tag=geonames/H.LK
geonames:6375585,identity,Telaga Puring,https://www.geonames.org/6375585/,2026-09-29,cc-by-4.0,GeoNames item name; tourism status not proven
geonames:6375593,c5_category,Cagar Alam,https://www.geonames.org/6375593/,2026-09-29,cc-by-4.0,source tag=geonames/H.LK
geonames:6375593,identity,Telaga Guntur,https://www.geonames.org/6375593/,2026-09-29,cc-by-4.0,GeoNames item name; tourism status not proven
geonames:6375595,c5_category,Cagar Alam,https://www.geonames.org/6375595/,2026-09-29,cc-by-4.0,source tag=geonames/H.LK
geonames:6375595,identity,Telaga Cekdam,https://www.geonames.org/6375595/,2026-09-29,cc-by-4.0,GeoNames item name; tourism status not proven
geonames:6375598,c5_category,Cagar Alam,https://www.geonames.org/6375598/,2026-09-29,cc-by-4.0,source tag=geonames/H.LK
geonames:6375598,identity,Telaga Ngledok,https://www.geonames.org/6375598/,2026-09-29,cc-by-4.0,GeoNames item name; tourism status not proven
geonames:6375599,c5_category,Cagar Alam,https://www.geonames.org/6375599/,2026-09-29,cc-by-4.0,source tag=geonames/H.LK
geonames:6375599,identity,Telaga Ngandong,https://www.geonames.org/6375599/,2026-09-29,cc-by-4.0,GeoNames item name; tourism status not proven
geonames:6375601,c5_category,Cagar Alam,https://www.geonames.org/6375601/,2026-09-29,cc-by-4.0,source tag=geonames/H.LK
geonames:6375601,identity,Telaga Karet,https://www.geonames.org/6375601/,2026-09-29,cc-by-4.0,GeoNames item name; tourism status not proven
geonames:6375608,c5_category,Cagar Alam,https://www.geonames.org/6375608/,2026-09-29,cc-by-4.0,source tag=geonames/H.LK
geonames:6375608,identity,Telaga Gobyong,https://www.geonames.org/6375608/,2026-09-29,cc-by-4.0,GeoNames item name; tourism status not proven
geonames:6375609,c5_category,Cagar Alam,https://www.geonames.org/6375609/,2026-09-29,cc-by-4.0,source tag=geonames/H.LK
geonames:6375609,identity,Telaga Mimbo,https://www.geonames.org/6375609/,2026-09-29,cc-by-4.0,GeoNames item name; tourism status not proven
geonames:6375613,c5_category,Cagar Alam,https://www.geonames.org/6375613/,2026-09-29,cc-by-4.0,source tag=geonames/H.LK
geonames:6375613,identity,Telaga Kropo,https://www.geonames.org/6375613/,2026-09-29,cc-by-4.0,GeoNames item name; tourism status not proven
geonames:6375622,c5_category,Cagar Alam,https://www.geonames.org/6375622/,2026-09-29,cc-by-4.0,source tag=geonames/H.LK
geonames:6375622,identity,Telaga Nrancah,https://www.geonames.org/6375622/,2026-09-29,cc-by-4.0,GeoNames item name; tourism status not proven
geonames:6375625,c5_category,Cagar Alam,https://www.geonames.org/6375625/,2026-09-29,cc-by-4.0,source tag=geonames/H.LK
geonames:6375625,identity,Telaga Ngopoh,https://www.geonames.org/6375625/,2026-09-29,cc-by-4.0,GeoNames item name; tourism status not proven
geonames:6375626,c5_category,Cagar Alam,https://www.geonames.org/6375626/,2026-09-29,cc-by-4.0,source tag=geonames/H.LK
geonames:6375626,identity,Telaga Karet,https://www.geonames.org/6375626/,2026-09-29,cc-by-4.0,GeoNames item name; tourism status not proven
geonames:6375630,c5_category,Cagar Alam,https://www.geonames.org/6375630/,2026-09-29,cc-by-4.0,source tag=geonames/H.LK
geonames:6375630,identity,Telaga Weru,https://www.geonames.org/6375630/,2026-09-29,cc-by-4.0,GeoNames item name; tourism status not proven
geonames:6375633,c5_category,Cagar Alam,https://www.geonames.org/6375633/,2026-09-29,cc-by-4.0,source tag=geonames/H.LK
geonames:6375633,identity,Telaga Buhkulon,https://www.geonames.org/6375633/,2026-09-29,cc-by-4.0,GeoNames item name; tourism status not proven
geonames:6375635,c5_category,Cagar Alam,https://www.geonames.org/6375635/,2026-09-29,cc-by-4.0,source tag=geonames/H.LK
geonames:6375635,identity,Telaga Kedukan,https://www.geonames.org/6375635/,2026-09-29,cc-by-4.0,GeoNames item name; tourism status not proven
geonames:6375648,c5_category,Cagar Alam,https://www.geonames.org/6375648/,2026-09-29,cc-by-4.0,source tag=geonames/H.LK
geonames:6375648,identity,Telaga Nanas,https://www.geonames.org/6375648/,2026-09-29,cc-by-4.0,GeoNames item name; tourism status not proven
geonames:6375654,c5_category,Cagar Alam,https://www.geonames.org/6375654/,2026-09-29,cc-by-4.0,source tag=geonames/H.LK
geonames:6375654,identity,Telaga Plimbangan,https://www.geonames.org/6375654/,2026-09-29,cc-by-4.0,GeoNames item name; tourism status not proven
geonames:6375655,c5_category,Cagar Alam,https://www.geonames.org/6375655/,2026-09-29,cc-by-4.0,source tag=geonames/H.LK
geonames:6375655,identity,Telaga Pucung,https://www.geonames.org/6375655/,2026-09-29,cc-by-4.0,GeoNames item name; tourism status not proven
geonames:6375659,c5_category,Cagar Alam,https://www.geonames.org/6375659/,2026-09-29,cc-by-4.0,source tag=geonames/H.LK
geonames:6375659,identity,Telaga Benolo,https://www.geonames.org/6375659/,2026-09-29,cc-by-4.0,GeoNames item name; tourism status not proven
geonames:6375668,c5_category,Cagar Alam,https://www.geonames.org/6375668/,2026-09-29,cc-by-4.0,source tag=geonames/H.LK
geonames:6375668,identity,Telaga Blimbing,https://www.geonames.org/6375668/,2026-09-29,cc-by-4.0,GeoNames item name; tourism status not proven
geonames:6375673,c5_category,Cagar Alam,https://www.geonames.org/6375673/,2026-09-29,cc-by-4.0,source tag=geonames/H.LK
geonames:6375673,identity,Telaga Pakel,https://www.geonames.org/6375673/,2026-09-29,cc-by-4.0,GeoNames item name; tourism status not proven
geonames:6375675,c5_category,Cagar Alam,https://www.geonames.org/6375675/,2026-09-29,cc-by-4.0,source tag=geonames/H.LK
geonames:6375675,identity,Telaga Nglosep,https://www.geonames.org/6375675/,2026-09-29,cc-by-4.0,GeoNames item name; tourism status not proven
geonames:6375685,c5_category,Cagar Alam,https://www.geonames.org/6375685/,2026-09-29,cc-by-4.0,source tag=geonames/H.LK
geonames:6375685,identity,Telaga Nongko,https://www.geonames.org/6375685/,2026-09-29,cc-by-4.0,GeoNames item name; tourism status not proven
geonames:6375686,c5_category,Cagar Alam,https://www.geonames.org/6375686/,2026-09-29,cc-by-4.0,source tag=geonames/H.LK
geonames:6375686,identity,Telaga Sudra,https://www.geonames.org/6375686/,2026-09-29,cc-by-4.0,GeoNames item name; tourism status not proven
geonames:6375687,c5_category,Cagar Alam,https://www.geonames.org/6375687/,2026-09-29,cc-by-4.0,source tag=geonames/H.LK
geonames:6375687,identity,Telaga Cabe,https://www.geonames.org/6375687/,2026-09-29,cc-by-4.0,GeoNames item name; tourism status not proven
geonames:6375688,c5_category,Cagar Alam,https://www.geonames.org/6375688/,2026-09-29,cc-by-4.0,source tag=geonames/H.LK
geonames:6375688,identity,Telaga Ngringin,https://www.geonames.org/6375688/,2026-09-29,cc-by-4.0,GeoNames item name; tourism status not proven
geonames:6375689,c5_category,Cagar Alam,https://www.geonames.org/6375689/,2026-09-29,cc-by-4.0,source tag=geonames/H.LK
geonames:6375689,identity,Telaga Wonolagi,https://www.geonames.org/6375689/,2026-09-29,cc-by-4.0,GeoNames item name; tourism status not proven
geonames:6375694,c5_category,Cagar Alam,https://www.geonames.org/6375694/,2026-09-29,cc-by-4.0,source tag=geonames/H.LK
geonames:6375694,identity,Telaga Jirak,https://www.geonames.org/6375694/,2026-09-29,cc-by-4.0,GeoNames item name; tourism status not proven
geonames:6375696,c5_category,Cagar Alam,https://www.geonames.org/6375696/,2026-09-29,cc-by-4.0,source tag=geonames/H.LK
geonames:6375696,identity,Telaga Ngrinjing,https://www.geonames.org/6375696/,2026-09-29,cc-by-4.0,GeoNames item name; tourism status not proven
geonames:6375697,c5_category,Cagar Alam,https://www.geonames.org/6375697/,2026-09-29,cc-by-4.0,source tag=geonames/H.LK
geonames:6375697,identity,Telaga Cawilan,https://www.geonames.org/6375697/,2026-09-29,cc-by-4.0,GeoNames item name; tourism status not proven
geonames:6375698,c5_category,Cagar Alam,https://www.geonames.org/6375698/,2026-09-29,cc-by-4.0,source tag=geonames/H.LK
geonames:6375698,identity,Telaga Jira,https://www.geonames.org/6375698/,2026-09-29,cc-by-4.0,GeoNames item name; tourism status not proven
geonames:6375700,c5_category,Cagar Alam,https://www.geonames.org/6375700/,2026-09-29,cc-by-4.0,source tag=geonames/H.LK
geonames:6375700,identity,Telaga Bangkeras,https://www.geonames.org/6375700/,2026-09-29,cc-by-4.0,GeoNames item name; tourism status not proven
geonames:6375701,c5_category,Cagar Alam,https://www.geonames.org/6375701/,2026-09-29,cc-by-4.0,source tag=geonames/H.LK
geonames:6375701,identity,Telaga Bangkan,https://www.geonames.org/6375701/,2026-09-29,cc-by-4.0,GeoNames item name; tourism status not proven
geonames:6375705,c5_category,Cagar Alam,https://www.geonames.org/6375705/,2026-09-29,cc-by-4.0,source tag=geonames/H.LK
geonames:6375705,identity,Telaga Jarakan,https://www.geonames.org/6375705/,2026-09-29,cc-by-4.0,GeoNames item name; tourism status not proven
geonames:6375743,c5_category,Cagar Alam,https://www.geonames.org/6375743/,2026-09-29,cc-by-4.0,source tag=geonames/H.LK
geonames:6375743,identity,Telaga Tangkil,https://www.geonames.org/6375743/,2026-09-29,cc-by-4.0,GeoNames item name; tourism status not proven
geonames:6375748,c5_category,Cagar Alam,https://www.geonames.org/6375748/,2026-09-29,cc-by-4.0,source tag=geonames/H.LK
geonames:6375748,identity,Tlogo Asem,https://www.geonames.org/6375748/,2026-09-29,cc-by-4.0,GeoNames item name; tourism status not proven
geonames:6375763,c5_category,Cagar Alam,https://www.geonames.org/6375763/,2026-09-29,cc-by-4.0,source tag=geonames/H.LK
geonames:6375763,identity,Tlogo Glagah,https://www.geonames.org/6375763/,2026-09-29,cc-by-4.0,GeoNames item name; tourism status not proven
geonames:6375764,c5_category,Cagar Alam,https://www.geonames.org/6375764/,2026-09-29,cc-by-4.0,source tag=geonames/H.LK
geonames:6375764,identity,Tlogo Duren,https://www.geonames.org/6375764/,2026-09-29,cc-by-4.0,GeoNames item name; tourism status not proven
geonames:6375768,c5_category,Cagar Alam,https://www.geonames.org/6375768/,2026-09-29,cc-by-4.0,source tag=geonames/H.LK
geonames:6375768,identity,Tlogo Selur,https://www.geonames.org/6375768/,2026-09-29,cc-by-4.0,GeoNames item name; tourism status not proven
geonames:6375771,c5_category,Cagar Alam,https://www.geonames.org/6375771/,2026-09-29,cc-by-4.0,source tag=geonames/H.LK
geonames:6375771,identity,Tlogo Blue,https://www.geonames.org/6375771/,2026-09-29,cc-by-4.0,GeoNames item name; tourism status not proven
geonames:6375773,c5_category,Cagar Alam,https://www.geonames.org/6375773/,2026-09-29,cc-by-4.0,source tag=geonames/H.LK
geonames:6375773,identity,Tlogo Luwengkak,https://www.geonames.org/6375773/,2026-09-29,cc-by-4.0,GeoNames item name; tourism status not proven
geonames:6375777,c5_category,Cagar Alam,https://www.geonames.org/6375777/,2026-09-29,cc-by-4.0,source tag=geonames/H.LK
geonames:6375777,identity,Tlogo Tirisan,https://www.geonames.org/6375777/,2026-09-29,cc-by-4.0,GeoNames item name; tourism status not proven
geonames:6375780,c5_category,Cagar Alam,https://www.geonames.org/6375780/,2026-09-29,cc-by-4.0,source tag=geonames/H.LK
geonames:6375780,identity,Tlogo Garing,https://www.geonames.org/6375780/,2026-09-29,cc-by-4.0,GeoNames item name; tourism status not proven
geonames:6375782,c5_category,Cagar Alam,https://www.geonames.org/6375782/,2026-09-29,cc-by-4.0,source tag=geonames/H.LK
geonames:6375782,identity,Tlogo Watulumbu,https://www.geonames.org/6375782/,2026-09-29,cc-by-4.0,GeoNames item name; tourism status not proven
geonames:6375785,c5_category,Cagar Alam,https://www.geonames.org/6375785/,2026-09-29,cc-by-4.0,source tag=geonames/H.LK
geonames:6375785,identity,Tlogo Jambu,https://www.geonames.org/6375785/,2026-09-29,cc-by-4.0,GeoNames item name; tourism status not proven
geonames:6375805,c5_category,Cagar Alam,https://www.geonames.org/6375805/,2026-09-29,cc-by-4.0,source tag=geonames/H.LK
geonames:6375805,identity,Tlogo Karet,https://www.geonames.org/6375805/,2026-09-29,cc-by-4.0,GeoNames item name; tourism status not proven
geonames:6375810,c5_category,Cagar Alam,https://www.geonames.org/6375810/,2026-09-29,cc-by-4.0,source tag=geonames/H.LK
geonames:6375810,identity,Tlogo Glagahombo,https://www.geonames.org/6375810/,2026-09-29,cc-by-4.0,GeoNames item name; tourism status not proven
geonames:6375811,c5_category,Cagar Alam,https://www.geonames.org/6375811/,2026-09-29,cc-by-4.0,source tag=geonames/H.LK
geonames:6375811,identity,Tlogo Gunggung,https://www.geonames.org/6375811/,2026-09-29,cc-by-4.0,GeoNames item name; tourism status not proven
geonames:6375814,c5_category,Cagar Alam,https://www.geonames.org/6375814/,2026-09-29,cc-by-4.0,source tag=geonames/H.LK
geonames:6375814,identity,Tlogo Bendungan,https://www.geonames.org/6375814/,2026-09-29,cc-by-4.0,GeoNames item name; tourism status not proven
geonames:6375815,c5_category,Cagar Alam,https://www.geonames.org/6375815/,2026-09-29,cc-by-4.0,source tag=geonames/H.LK
geonames:6375815,identity,Tlogo Watu,https://www.geonames.org/6375815/,2026-09-29,cc-by-4.0,GeoNames item name; tourism status not proven
geonames:6375818,c5_category,Cagar Alam,https://www.geonames.org/6375818/,2026-09-29,cc-by-4.0,source tag=geonames/H.LK
geonames:6375818,identity,Tlogo Bawong,https://www.geonames.org/6375818/,2026-09-29,cc-by-4.0,GeoNames item name; tourism status not proven
geonames:6375821,c5_category,Cagar Alam,https://www.geonames.org/6375821/,2026-09-29,cc-by-4.0,source tag=geonames/H.LK
geonames:6375821,identity,Tlogo Boto,https://www.geonames.org/6375821/,2026-09-29,cc-by-4.0,GeoNames item name; tourism status not proven
geonames:6375831,c5_category,Cagar Alam,https://www.geonames.org/6375831/,2026-09-29,cc-by-4.0,source tag=geonames/H.LK
geonames:6375831,identity,Tlogo Tritis,https://www.geonames.org/6375831/,2026-09-29,cc-by-4.0,GeoNames item name; tourism status not proven
geonames:6375833,c5_category,Cagar Alam,https://www.geonames.org/6375833/,2026-09-29,cc-by-4.0,source tag=geonames/H.LK
geonames:6375833,identity,Tlogo Gudel,https://www.geonames.org/6375833/,2026-09-29,cc-by-4.0,GeoNames item name; tourism status not proven
geonames:6375834,c5_category,Cagar Alam,https://www.geonames.org/6375834/,2026-09-29,cc-by-4.0,source tag=geonames/H.LK
geonames:6375834,identity,Tlogo Goyangwarak,https://www.geonames.org/6375834/,2026-09-29,cc-by-4.0,GeoNames item name; tourism status not proven
geonames:6375835,c5_category,Cagar Alam,https://www.geonames.org/6375835/,2026-09-29,cc-by-4.0,source tag=geonames/H.LK
geonames:6375835,identity,Tlogo Dasar,https://www.geonames.org/6375835/,2026-09-29,cc-by-4.0,GeoNames item name; tourism status not proven
geonames:6375837,c5_category,Cagar Alam,https://www.geonames.org/6375837/,2026-09-29,cc-by-4.0,source tag=geonames/H.LK
geonames:6375837,identity,Tlogo Bregung,https://www.geonames.org/6375837/,2026-09-29,cc-by-4.0,GeoNames item name; tourism status not proven
geonames:6375851,c5_category,Cagar Alam,https://www.geonames.org/6375851/,2026-09-29,cc-by-4.0,source tag=geonames/H.LK
geonames:6375851,identity,Tlogo Nguni,https://www.geonames.org/6375851/,2026-09-29,cc-by-4.0,GeoNames item name; tourism status not proven
geonames:6375852,c5_category,Cagar Alam,https://www.geonames.org/6375852/,2026-09-29,cc-by-4.0,source tag=geonames/H.LK
geonames:6375852,identity,Tlogo Poro,https://www.geonames.org/6375852/,2026-09-29,cc-by-4.0,GeoNames item name; tourism status not proven
geonames:6375856,c5_category,Cagar Alam,https://www.geonames.org/6375856/,2026-09-29,cc-by-4.0,source tag=geonames/H.LK
geonames:6375856,identity,Tlogo Pakis,https://www.geonames.org/6375856/,2026-09-29,cc-by-4.0,GeoNames item name; tourism status not proven
geonames:6375861,c5_category,Cagar Alam,https://www.geonames.org/6375861/,2026-09-29,cc-by-4.0,source tag=geonames/H.LK
geonames:6375861,identity,Tlogo Klepu,https://www.geonames.org/6375861/,2026-09-29,cc-by-4.0,GeoNames item name; tourism status not proven
geonames:6375890,c5_category,Cagar Alam,https://www.geonames.org/6375890/,2026-09-29,cc-by-4.0,source tag=geonames/H.LK
geonames:6375890,identity,Tlogo Serenan,https://www.geonames.org/6375890/,2026-09-29,cc-by-4.0,GeoNames item name; tourism status not proven
geonames:6375895,c5_category,Cagar Alam,https://www.geonames.org/6375895/,2026-09-29,cc-by-4.0,source tag=geonames/H.LK
geonames:6375895,identity,Tlogo Kembang,https://www.geonames.org/6375895/,2026-09-29,cc-by-4.0,GeoNames item name; tourism status not proven
geonames:6375901,c5_category,Cagar Alam,https://www.geonames.org/6375901/,2026-09-29,cc-by-4.0,source tag=geonames/H.LK
geonames:6375901,identity,Tlogo Ngledok,https://www.geonames.org/6375901/,2026-09-29,cc-by-4.0,GeoNames item name; tourism status not proven
geonames:6375907,c5_category,Cagar Alam,https://www.geonames.org/6375907/,2026-09-29,cc-by-4.0,source tag=geonames/H.LK
geonames:6375907,identity,Tlogo Tumpakrejo,https://www.geonames.org/6375907/,2026-09-29,cc-by-4.0,GeoNames item name; tourism status not proven
geonames:6375912,c5_category,Cagar Alam,https://www.geonames.org/6375912/,2026-09-29,cc-by-4.0,source tag=geonames/H.LK
geonames:6375912,identity,Tlogo Klangon,https://www.geonames.org/6375912/,2026-09-29,cc-by-4.0,GeoNames item name; tourism status not proven
geonames:6375914,c5_category,Cagar Alam,https://www.geonames.org/6375914/,2026-09-29,cc-by-4.0,source tag=geonames/H.LK
geonames:6375914,identity,Tlogo Dayakan,https://www.geonames.org/6375914/,2026-09-29,cc-by-4.0,GeoNames item name; tourism status not proven
geonames:6375915,c5_category,Cagar Alam,https://www.geonames.org/6375915/,2026-09-29,cc-by-4.0,source tag=geonames/H.LK
geonames:6375915,identity,Tlogo Ayu,https://www.geonames.org/6375915/,2026-09-29,cc-by-4.0,GeoNames item name; tourism status not proven
geonames:6375916,c5_category,Cagar Alam,https://www.geonames.org/6375916/,2026-09-29,cc-by-4.0,source tag=geonames/H.LK
geonames:6375916,identity,Tlogo Ngrampal,https://www.geonames.org/6375916/,2026-09-29,cc-by-4.0,GeoNames item name; tourism status not proven
geonames:6375918,c5_category,Cagar Alam,https://www.geonames.org/6375918/,2026-09-29,cc-by-4.0,source tag=geonames/H.LK
geonames:6375918,identity,Tlogo Waru,https://www.geonames.org/6375918/,2026-09-29,cc-by-4.0,GeoNames item name; tourism status not proven
geonames:6375926,c5_category,Cagar Alam,https://www.geonames.org/6375926/,2026-09-29,cc-by-4.0,source tag=geonames/H.LK
geonames:6375926,identity,Tlogo Wuni,https://www.geonames.org/6375926/,2026-09-29,cc-by-4.0,GeoNames item name; tourism status not proven
geonames:6375928,c5_category,Cagar Alam,https://www.geonames.org/6375928/,2026-09-29,cc-by-4.0,source tag=geonames/H.LK
geonames:6375928,identity,Tlogo Dokbalong,https://www.geonames.org/6375928/,2026-09-29,cc-by-4.0,GeoNames item name; tourism status not proven
geonames:6375930,c5_category,Cagar Alam,https://www.geonames.org/6375930/,2026-09-29,cc-by-4.0,source tag=geonames/H.LK
geonames:6375930,identity,Tlogo Sumur,https://www.geonames.org/6375930/,2026-09-29,cc-by-4.0,GeoNames item name; tourism status not proven
geonames:6375931,c5_category,Cagar Alam,https://www.geonames.org/6375931/,2026-09-29,cc-by-4.0,source tag=geonames/H.LK
geonames:6375931,identity,Tlogo Kuan,https://www.geonames.org/6375931/,2026-09-29,cc-by-4.0,GeoNames item name; tourism status not proven
geonames:6375937,c5_category,Cagar Alam,https://www.geonames.org/6375937/,2026-09-29,cc-by-4.0,source tag=geonames/H.LK
geonames:6375937,identity,Tlogo Slimpat,https://www.geonames.org/6375937/,2026-09-29,cc-by-4.0,GeoNames item name; tourism status not proven
geonames:6375944,c5_category,Cagar Alam,https://www.geonames.org/6375944/,2026-09-29,cc-by-4.0,source tag=geonames/H.LK
geonames:6375944,identity,Tlogo Buton,https://www.geonames.org/6375944/,2026-09-29,cc-by-4.0,GeoNames item name; tourism status not proven
geonames:6375945,c5_category,Cagar Alam,https://www.geonames.org/6375945/,2026-09-29,cc-by-4.0,source tag=geonames/H.LK
geonames:6375945,identity,Tlogo Harjo,https://www.geonames.org/6375945/,2026-09-29,cc-by-4.0,GeoNames item name; tourism status not proven
geonames:6375947,c5_category,Cagar Alam,https://www.geonames.org/6375947/,2026-09-29,cc-by-4.0,source tag=geonames/H.LK
geonames:6375947,identity,Tlogo Jero,https://www.geonames.org/6375947/,2026-09-29,cc-by-4.0,GeoNames item name; tourism status not proven
geonames:6375949,c5_category,Cagar Alam,https://www.geonames.org/6375949/,2026-09-29,cc-by-4.0,source tag=geonames/H.LK
geonames:6375949,identity,Tlogo Rejo,https://www.geonames.org/6375949/,2026-09-29,cc-by-4.0,GeoNames item name; tourism status not proven
geonames:6375950,c5_category,Cagar Alam,https://www.geonames.org/6375950/,2026-09-29,cc-by-4.0,source tag=geonames/H.LK
geonames:6375950,identity,Tlogo Petuk,https://www.geonames.org/6375950/,2026-09-29,cc-by-4.0,GeoNames item name; tourism status not proven
geonames:6375951,c5_category,Cagar Alam,https://www.geonames.org/6375951/,2026-09-29,cc-by-4.0,source tag=geonames/H.LK
geonames:6375951,identity,Tlogo Guntur,https://www.geonames.org/6375951/,2026-09-29,cc-by-4.0,GeoNames item name; tourism status not proven
geonames:6375955,c5_category,Cagar Alam,https://www.geonames.org/6375955/,2026-09-29,cc-by-4.0,source tag=geonames/H.LK
geonames:6375955,identity,Tlogo Asin,https://www.geonames.org/6375955/,2026-09-29,cc-by-4.0,GeoNames item name; tourism status not proven
geonames:6375959,c5_category,Cagar Alam,https://www.geonames.org/6375959/,2026-09-29,cc-by-4.0,source tag=geonames/H.LK
geonames:6375959,identity,Tlogo Gemblong,https://www.geonames.org/6375959/,2026-09-29,cc-by-4.0,GeoNames item name; tourism status not proven
geonames:6375960,c5_category,Cagar Alam,https://www.geonames.org/6375960/,2026-09-29,cc-by-4.0,source tag=geonames/H.LK
geonames:6375960,identity,Tlogo Ngunut,https://www.geonames.org/6375960/,2026-09-29,cc-by-4.0,GeoNames item name; tourism status not proven
geonames:6375968,c5_category,Cagar Alam,https://www.geonames.org/6375968/,2026-09-29,cc-by-4.0,source tag=geonames/H.LK
geonames:6375968,identity,Tlogo Gedongan,https://www.geonames.org/6375968/,2026-09-29,cc-by-4.0,GeoNames item name; tourism status not proven
geonames:6375969,c5_category,Cagar Alam,https://www.geonames.org/6375969/,2026-09-29,cc-by-4.0,source tag=geonames/H.LK
geonames:6375969,identity,Tlogo Rejo,https://www.geonames.org/6375969/,2026-09-29,cc-by-4.0,GeoNames item name; tourism status not proven
geonames:6375970,c5_category,Cagar Alam,https://www.geonames.org/6375970/,2026-09-29,cc-by-4.0,source tag=geonames/H.LK
geonames:6375970,identity,Tlogo Dondong,https://www.geonames.org/6375970/,2026-09-29,cc-by-4.0,GeoNames item name; tourism status not proven
geonames:6375973,c5_category,Cagar Alam,https://www.geonames.org/6375973/,2026-09-29,cc-by-4.0,source tag=geonames/H.LK
geonames:6375973,identity,Tlogo Plalar,https://www.geonames.org/6375973/,2026-09-29,cc-by-4.0,GeoNames item name; tourism status not proven
geonames:6375981,c5_category,Cagar Alam,https://www.geonames.org/6375981/,2026-09-29,cc-by-4.0,source tag=geonames/H.LK
geonames:6375981,identity,Tlogo Gebang,https://www.geonames.org/6375981/,2026-09-29,cc-by-4.0,GeoNames item name; tourism status not proven
geonames:6375990,c5_category,Cagar Alam,https://www.geonames.org/6375990/,2026-09-29,cc-by-4.0,source tag=geonames/H.LK
geonames:6375990,identity,Tlogo Growong,https://www.geonames.org/6375990/,2026-09-29,cc-by-4.0,GeoNames item name; tourism status not proven
geonames:6375994,c5_category,Cagar Alam,https://www.geonames.org/6375994/,2026-09-29,cc-by-4.0,source tag=geonames/H.LK
geonames:6375994,identity,Tlogo Tekil,https://www.geonames.org/6375994/,2026-09-29,cc-by-4.0,GeoNames item name; tourism status not proven
geonames:6375996,c5_category,Cagar Alam,https://www.geonames.org/6375996/,2026-09-29,cc-by-4.0,source tag=geonames/H.LK
geonames:6375996,identity,Tlogo Melian,https://www.geonames.org/6375996/,2026-09-29,cc-by-4.0,GeoNames item name; tourism status not proven
geonames:6376001,c5_category,Cagar Alam,https://www.geonames.org/6376001/,2026-09-29,cc-by-4.0,source tag=geonames/H.LK
geonames:6376001,identity,Tlogo Mati,https://www.geonames.org/6376001/,2026-09-29,cc-by-4.0,GeoNames item name; tourism status not proven
geonames:6376002,c5_category,Cagar Alam,https://www.geonames.org/6376002/,2026-09-29,cc-by-4.0,source tag=geonames/H.LK
geonames:6376002,identity,Tlogo Dokpucung,https://www.geonames.org/6376002/,2026-09-29,cc-by-4.0,GeoNames item name; tourism status not proven
geonames:6376003,c5_category,Cagar Alam,https://www.geonames.org/6376003/,2026-09-29,cc-by-4.0,source tag=geonames/H.LK
geonames:6376003,identity,Tlogo Dokjero,https://www.geonames.org/6376003/,2026-09-29,cc-by-4.0,GeoNames item name; tourism status not proven
geonames:6376011,c5_category,Cagar Alam,https://www.geonames.org/6376011/,2026-09-29,cc-by-4.0,source tag=geonames/H.LK
geonames:6376011,identity,Tlogo Sambi,https://www.geonames.org/6376011/,2026-09-29,cc-by-4.0,GeoNames item name; tourism status not proven
geonames:6376012,c5_category,Cagar Alam,https://www.geonames.org/6376012/,2026-09-29,cc-by-4.0,source tag=geonames/H.LK
geonames:6376012,identity,Tlogo Mati,https://www.geonames.org/6376012/,2026-09-29,cc-by-4.0,GeoNames item name; tourism status not proven
geonames:6376013,c5_category,Cagar Alam,https://www.geonames.org/6376013/,2026-09-29,cc-by-4.0,source tag=geonames/H.LK
geonames:6376013,identity,Tlogo Ketro,https://www.geonames.org/6376013/,2026-09-29,cc-by-4.0,GeoNames item name; tourism status not proven
geonames:6376015,c5_category,Cagar Alam,https://www.geonames.org/6376015/,2026-09-29,cc-by-4.0,source tag=geonames/H.LK
geonames:6376015,identity,Tlogo Karet,https://www.geonames.org/6376015/,2026-09-29,cc-by-4.0,GeoNames item name; tourism status not proven
geonames:6376016,c5_category,Cagar Alam,https://www.geonames.org/6376016/,2026-09-29,cc-by-4.0,source tag=geonames/H.LK
geonames:6376016,identity,Tlogo Ngejring,https://www.geonames.org/6376016/,2026-09-29,cc-by-4.0,GeoNames item name; tourism status not proven
geonames:6376017,c5_category,Cagar Alam,https://www.geonames.org/6376017/,2026-09-29,cc-by-4.0,source tag=geonames/H.LK
geonames:6376017,identity,Tlogo Pasiran,https://www.geonames.org/6376017/,2026-09-29,cc-by-4.0,GeoNames item name; tourism status not proven
geonames:6376018,c5_category,Cagar Alam,https://www.geonames.org/6376018/,2026-09-29,cc-by-4.0,source tag=geonames/H.LK
geonames:6376018,identity,Tlogo Bentis,https://www.geonames.org/6376018/,2026-09-29,cc-by-4.0,GeoNames item name; tourism status not proven
geonames:6376020,c5_category,Cagar Alam,https://www.geonames.org/6376020/,2026-09-29,cc-by-4.0,source tag=geonames/H.LK
geonames:6376020,identity,Tlogo Jambu,https://www.geonames.org/6376020/,2026-09-29,cc-by-4.0,GeoNames item name; tourism status not proven
geonames:6376021,c5_category,Cagar Alam,https://www.geonames.org/6376021/,2026-09-29,cc-by-4.0,source tag=geonames/H.LK
geonames:6376021,identity,Tlogo Pelem,https://www.geonames.org/6376021/,2026-09-29,cc-by-4.0,GeoNames item name; tourism status not proven
geonames:6378595,c5_category,Cagar Alam,https://www.geonames.org/6378595/,2026-09-29,cc-by-4.0,source tag=geonames/H.LK
geonames:6378595,identity,Rawa Bendungan,https://www.geonames.org/6378595/,2026-09-29,cc-by-4.0,GeoNames item name; tourism status not proven
geonames:6378614,c5_category,Cagar Alam,https://www.geonames.org/6378614/,2026-09-29,cc-by-4.0,source tag=geonames/H.LK
geonames:6378614,identity,Rawa Nusatengah,https://www.geonames.org/6378614/,2026-09-29,cc-by-4.0,GeoNames item name; tourism status not proven
geonames:6381577,c5_category,Cagar Alam,https://www.geonames.org/6381577/,2026-09-29,cc-by-4.0,source tag=geonames/H.FLLS
geonames:6381577,identity,Curug Pitu,https://www.geonames.org/6381577/,2026-09-29,cc-by-4.0,GeoNames item name; tourism status not proven
geonames:6384022,c5_category,Cagar Alam,https://www.geonames.org/6384022/,2026-09-29,cc-by-4.0,source tag=geonames/H.LK
geonames:6384022,identity,Tlogo Blimbing,https://www.geonames.org/6384022/,2026-09-29,cc-by-4.0,GeoNames item name; tourism status not proven
geonames:6384076,c5_category,Cagar Alam,https://www.geonames.org/6384076/,2026-09-29,cc-by-4.0,source tag=geonames/H.LK
geonames:6384076,identity,Tlogo Tumangan,https://www.geonames.org/6384076/,2026-09-29,cc-by-4.0,GeoNames item name; tourism status not proven
geonames:6384116,c5_category,Cagar Alam,https://www.geonames.org/6384116/,2026-09-29,cc-by-4.0,source tag=geonames/H.LK
geonames:6384116,identity,Tlogo Palem,https://www.geonames.org/6384116/,2026-09-29,cc-by-4.0,GeoNames item name; tourism status not proven
geonames:6384117,c5_category,Cagar Alam,https://www.geonames.org/6384117/,2026-09-29,cc-by-4.0,source tag=geonames/H.LK
geonames:6384117,identity,Tlogo Gebang,https://www.geonames.org/6384117/,2026-09-29,cc-by-4.0,GeoNames item name; tourism status not proven
geonames:6384154,c5_category,Cagar Alam,https://www.geonames.org/6384154/,2026-09-29,cc-by-4.0,source tag=geonames/H.LK
geonames:6384154,identity,Tlogo Pangilon,https://www.geonames.org/6384154/,2026-09-29,cc-by-4.0,GeoNames item name; tourism status not proven
geonames:6384165,c5_category,Cagar Alam,https://www.geonames.org/6384165/,2026-09-29,cc-by-4.0,source tag=geonames/H.LK
geonames:6384165,identity,Tlogo Ngemplak,https://www.geonames.org/6384165/,2026-09-29,cc-by-4.0,GeoNames item name; tourism status not proven
geonames:6384169,c5_category,Cagar Alam,https://www.geonames.org/6384169/,2026-09-29,cc-by-4.0,source tag=geonames/H.LK
geonames:6384169,identity,Tlogo Klueh,https://www.geonames.org/6384169/,2026-09-29,cc-by-4.0,GeoNames item name; tourism status not proven
geonames:6384761,c5_category,Pantai,https://www.geonames.org/6384761/,2026-09-29,cc-by-4.0,source tag=geonames/T.BCH
geonames:6384761,identity,Pantai Karangbolong,https://www.geonames.org/6384761/,2026-09-29,cc-by-4.0,GeoNames item name; tourism status not proven
geonames:6386461,c5_category,Cagar Alam,https://www.geonames.org/6386461/,2026-09-29,cc-by-4.0,source tag=geonames/H.LK
geonames:6386461,identity,Telogo Ngepak,https://www.geonames.org/6386461/,2026-09-29,cc-by-4.0,GeoNames item name; tourism status not proven
geonames:6386462,c5_category,Cagar Alam,https://www.geonames.org/6386462/,2026-09-29,cc-by-4.0,source tag=geonames/H.LK
geonames:6386462,identity,Telogo Tum,https://www.geonames.org/6386462/,2026-09-29,cc-by-4.0,GeoNames item name; tourism status not proven
geonames:6389493,c5_category,Cagar Alam,https://www.geonames.org/6389493/,2026-09-29,cc-by-4.0,source tag=geonames/H.LK
geonames:6389493,identity,Waduk Penjalin,https://www.geonames.org/6389493/,2026-09-29,cc-by-4.0,GeoNames item name; tourism status not proven
geonames:6389798,c5_category,Cagar Alam,https://www.geonames.org/6389798/,2026-09-29,cc-by-4.0,source tag=geonames/H.LK
geonames:6389798,identity,Telaga Ranjeng,https://www.geonames.org/6389798/,2026-09-29,cc-by-4.0,GeoNames item name; tourism status not proven
geonames:6390515,c5_category,Cagar Alam,https://www.geonames.org/6390515/,2026-09-29,cc-by-4.0,source tag=geonames/H.FLLS
geonames:6390515,identity,Curug Sikasur,https://www.geonames.org/6390515/,2026-09-29,cc-by-4.0,GeoNames item name; tourism status not proven
geonames:6390569,c5_category,Cagar Alam,https://www.geonames.org/6390569/,2026-09-29,cc-by-4.0,source tag=geonames/H.FLLS
geonames:6390569,identity,Curug Siputut,https://www.geonames.org/6390569/,2026-09-29,cc-by-4.0,GeoNames item name; tourism status not proven
geonames:6390639,c5_category,Cagar Alam,https://www.geonames.org/6390639/,2026-09-29,cc-by-4.0,source tag=geonames/H.FLLS
geonames:6390639,identity,Curug Nini,https://www.geonames.org/6390639/,2026-09-29,cc-by-4.0,GeoNames item name; tourism status not proven
geonames:6390652,c5_category,Cagar Alam,https://www.geonames.org/6390652/,2026-09-29,cc-by-4.0,source tag=geonames/H.FLLS
geonames:6390652,identity,Curug Bangkong,https://www.geonames.org/6390652/,2026-09-29,cc-by-4.0,GeoNames item name; tourism status not proven
geonames:6390708,c5_category,Cagar Alam,https://www.geonames.org/6390708/,2026-09-29,cc-by-4.0,source tag=geonames/H.FLLS
geonames:6390708,identity,Curug Ceheng,https://www.geonames.org/6390708/,2026-09-29,cc-by-4.0,GeoNames item name; tourism status not proven
geonames:6396855,c5_category,Cagar Alam,https://www.geonames.org/6396855/,2026-09-29,cc-by-4.0,source tag=geonames/H.LK
geonames:6396855,identity,Danau Ciranca,https://www.geonames.org/6396855/,2026-09-29,cc-by-4.0,GeoNames item name; tourism status not proven
geonames:6397079,c5_category,Cagar Alam,https://www.geonames.org/6397079/,2026-09-29,cc-by-4.0,source tag=geonames/H.LK
geonames:6397079,identity,Danau Karamas,https://www.geonames.org/6397079/,2026-09-29,cc-by-4.0,GeoNames item name; tourism status not proven
geonames:6401301,c5_category,Cagar Alam,https://www.geonames.org/6401301/,2026-09-29,cc-by-4.0,source tag=geonames/H.LK
geonames:6401301,identity,Situ Sipariuk,https://www.geonames.org/6401301/,2026-09-29,cc-by-4.0,GeoNames item name; tourism status not proven
geonames:6401312,c5_category,Cagar Alam,https://www.geonames.org/6401312/,2026-09-29,cc-by-4.0,source tag=geonames/H.LK
geonames:6401312,identity,Telaga Ciceram,https://www.geonames.org/6401312/,2026-09-29,cc-by-4.0,GeoNames item name; tourism status not proven
geonames:6401317,c5_category,Cagar Alam,https://www.geonames.org/6401317/,2026-09-29,cc-by-4.0,source tag=geonames/H.LK
geonames:6401317,identity,Telaga Nilam,https://www.geonames.org/6401317/,2026-09-29,cc-by-4.0,GeoNames item name; tourism status not proven
geonames:6401326,c5_category,Cagar Alam,https://www.geonames.org/6401326/,2026-09-29,cc-by-4.0,source tag=geonames/H.LK
geonames:6401326,identity,Telaga Tespong,https://www.geonames.org/6401326/,2026-09-29,cc-by-4.0,GeoNames item name; tourism status not proven
geonames:6401335,c5_category,Cagar Alam,https://www.geonames.org/6401335/,2026-09-29,cc-by-4.0,source tag=geonames/H.LK
geonames:6401335,identity,Telaga Nila,https://www.geonames.org/6401335/,2026-09-29,cc-by-4.0,GeoNames item name; tourism status not proven
geonames:6401368,c5_category,Cagar Alam,https://www.geonames.org/6401368/,2026-09-29,cc-by-4.0,source tag=geonames/H.LK
geonames:6401368,identity,Telaga Herang,https://www.geonames.org/6401368/,2026-09-29,cc-by-4.0,GeoNames item name; tourism status not proven
geonames:6401404,c5_category,Cagar Alam,https://www.geonames.org/6401404/,2026-09-29,cc-by-4.0,source tag=geonames/H.LK
geonames:6401404,identity,Telaga Ayakan,https://www.geonames.org/6401404/,2026-09-29,cc-by-4.0,GeoNames item name; tourism status not proven
geonames:6401452,c5_category,Cagar Alam,https://www.geonames.org/6401452/,2026-09-29,cc-by-4.0,source tag=geonames/H.LK
geonames:6401452,identity,Telaga Wasiat,https://www.geonames.org/6401452/,2026-09-29,cc-by-4.0,GeoNames item name; tourism status not proven
geonames:6401545,c5_category,Cagar Alam,https://www.geonames.org/6401545/,2026-09-29,cc-by-4.0,source tag=geonames/H.LK
geonames:6401545,identity,Rawa Surapago,https://www.geonames.org/6401545/,2026-09-29,cc-by-4.0,GeoNames item name; tourism status not proven
geonames:6401547,c5_category,Cagar Alam,https://www.geonames.org/6401547/,2026-09-29,cc-by-4.0,source tag=geonames/H.LK
geonames:6401547,identity,Rawa Kulampok,https://www.geonames.org/6401547/,2026-09-29,cc-by-4.0,GeoNames item name; tourism status not proven
geonames:6401548,c5_category,Cagar Alam,https://www.geonames.org/6401548/,2026-09-29,cc-by-4.0,source tag=geonames/H.LK
geonames:6401548,identity,Rawa Tambakan,https://www.geonames.org/6401548/,2026-09-29,cc-by-4.0,GeoNames item name; tourism status not proven
geonames:6401558,c5_category,Cagar Alam,https://www.geonames.org/6401558/,2026-09-29,cc-by-4.0,source tag=geonames/H.LK
geonames:6401558,identity,Rawa Cicabe,https://www.geonames.org/6401558/,2026-09-29,cc-by-4.0,GeoNames item name; tourism status not proven
geonames:6401567,c5_category,Cagar Alam,https://www.geonames.org/6401567/,2026-09-29,cc-by-4.0,source tag=geonames/H.LK
geonames:6401567,identity,Rawa Telik,https://www.geonames.org/6401567/,2026-09-29,cc-by-4.0,GeoNames item name; tourism status not proven
geonames:6401589,c5_category,Cagar Alam,https://www.geonames.org/6401589/,2026-09-29,cc-by-4.0,source tag=geonames/H.LK
geonames:6401589,identity,Rawa Citamiang,https://www.geonames.org/6401589/,2026-09-29,cc-by-4.0,GeoNames item name; tourism status not proven
geonames:6401600,c5_category,Cagar Alam,https://www.geonames.org/6401600/,2026-09-29,cc-by-4.0,source tag=geonames/H.LK
geonames:6401600,identity,Rawa Cimaneuh,https://www.geonames.org/6401600/,2026-09-29,cc-by-4.0,GeoNames item name; tourism status not proven
geonames:6401625,c5_category,Cagar Alam,https://www.geonames.org/6401625/,2026-09-29,cc-by-4.0,source tag=geonames/H.LK
geonames:6401625,identity,Rawa Jawura,https://www.geonames.org/6401625/,2026-09-29,cc-by-4.0,GeoNames item name; tourism status not proven
geonames:6401676,c5_category,Cagar Alam,https://www.geonames.org/6401676/,2026-09-29,cc-by-4.0,source tag=geonames/H.LK
geonames:6401676,identity,Bangawanburung,https://www.geonames.org/6401676/,2026-09-29,cc-by-4.0,GeoNames item name; tourism status not proven
geonames:6401779,c5_category,Cagar Alam,https://www.geonames.org/6401779/,2026-09-29,cc-by-4.0,source tag=geonames/H.LK
geonames:6401779,identity,Rawa Baregbeg,https://www.geonames.org/6401779/,2026-09-29,cc-by-4.0,GeoNames item name; tourism status not proven
geonames:6401788,c5_category,Cagar Alam,https://www.geonames.org/6401788/,2026-09-29,cc-by-4.0,source tag=geonames/H.LK
geonames:6401788,identity,Rawa Sasakkelapa,https://www.geonames.org/6401788/,2026-09-29,cc-by-4.0,GeoNames item name; tourism status not proven
geonames:6401797,c5_category,Cagar Alam,https://www.geonames.org/6401797/,2026-09-29,cc-by-4.0,source tag=geonames/H.LK
geonames:6401797,identity,Rawa Terisi,https://www.geonames.org/6401797/,2026-09-29,cc-by-4.0,GeoNames item name; tourism status not proven
geonames:6401798,c5_category,Cagar Alam,https://www.geonames.org/6401798/,2026-09-29,cc-by-4.0,source tag=geonames/H.LK
geonames:6401798,identity,Rawa Balik,https://www.geonames.org/6401798/,2026-09-29,cc-by-4.0,GeoNames item name; tourism status not proven
geonames:6401807,c5_category,Cagar Alam,https://www.geonames.org/6401807/,2026-09-29,cc-by-4.0,source tag=geonames/H.LK
geonames:6401807,identity,Rawa Babajurang,https://www.geonames.org/6401807/,2026-09-29,cc-by-4.0,GeoNames item name; tourism status not proven
geonames:6401827,c5_category,Cagar Alam,https://www.geonames.org/6401827/,2026-09-29,cc-by-4.0,source tag=geonames/H.LK
geonames:6401827,identity,Rawa Citempel,https://www.geonames.org/6401827/,2026-09-29,cc-by-4.0,GeoNames item name; tourism status not proven
geonames:6401829,c5_category,Cagar Alam,https://www.geonames.org/6401829/,2026-09-29,cc-by-4.0,source tag=geonames/H.LK
geonames:6401829,identity,Rawa Bedahan,https://www.geonames.org/6401829/,2026-09-29,cc-by-4.0,GeoNames item name; tourism status not proven
geonames:6401831,c5_category,Cagar Alam,https://www.geonames.org/6401831/,2026-09-29,cc-by-4.0,source tag=geonames/H.LK
geonames:6401831,identity,Rawa Ayunayunan,https://www.geonames.org/6401831/,2026-09-29,cc-by-4.0,GeoNames item name; tourism status not proven
geonames:6401833,c5_category,Cagar Alam,https://www.geonames.org/6401833/,2026-09-29,cc-by-4.0,source tag=geonames/H.LK
geonames:6401833,identity,Rawa Cirakit,https://www.geonames.org/6401833/,2026-09-29,cc-by-4.0,GeoNames item name; tourism status not proven
geonames:6401835,c5_category,Cagar Alam,https://www.geonames.org/6401835/,2026-09-29,cc-by-4.0,source tag=geonames/H.LK
geonames:6401835,identity,Rawa Sinang,https://www.geonames.org/6401835/,2026-09-29,cc-by-4.0,GeoNames item name; tourism status not proven
geonames:6401838,c5_category,Cagar Alam,https://www.geonames.org/6401838/,2026-09-29,cc-by-4.0,source tag=geonames/H.LK
geonames:6401838,identity,Rawa Sonokeling,https://www.geonames.org/6401838/,2026-09-29,cc-by-4.0,GeoNames item name; tourism status not proven
geonames:6401839,c5_category,Cagar Alam,https://www.geonames.org/6401839/,2026-09-29,cc-by-4.0,source tag=geonames/H.LK
geonames:6401839,identity,Rawa Nyesel,https://www.geonames.org/6401839/,2026-09-29,cc-by-4.0,GeoNames item name; tourism status not proven
geonames:6401842,c5_category,Cagar Alam,https://www.geonames.org/6401842/,2026-09-29,cc-by-4.0,source tag=geonames/H.LK
geonames:6401842,identity,Rawa Cicadas,https://www.geonames.org/6401842/,2026-09-29,cc-by-4.0,GeoNames item name; tourism status not proven
geonames:6401845,c5_category,Cagar Alam,https://www.geonames.org/6401845/,2026-09-29,cc-by-4.0,source tag=geonames/H.LK
geonames:6401845,identity,Rawa Kedungkuwu,https://www.geonames.org/6401845/,2026-09-29,cc-by-4.0,GeoNames item name; tourism status not proven
geonames:6401847,c5_category,Cagar Alam,https://www.geonames.org/6401847/,2026-09-29,cc-by-4.0,source tag=geonames/H.LK
geonames:6401847,identity,Rawa Sarakadongdong,https://www.geonames.org/6401847/,2026-09-29,cc-by-4.0,GeoNames item name; tourism status not proven
geonames:6401848,c5_category,Cagar Alam,https://www.geonames.org/6401848/,2026-09-29,cc-by-4.0,source tag=geonames/H.LK
geonames:6401848,identity,Rawa Carewuh,https://www.geonames.org/6401848/,2026-09-29,cc-by-4.0,GeoNames item name; tourism status not proven
geonames:6402007,c5_category,Cagar Alam,https://www.geonames.org/6402007/,2026-09-29,cc-by-4.0,source tag=geonames/H.LK
geonames:6402007,identity,Rawa Bacin,https://www.geonames.org/6402007/,2026-09-29,cc-by-4.0,GeoNames item name; tourism status not proven
geonames:6403885,c5_category,Cagar Alam,https://www.geonames.org/6403885/,2026-09-29,cc-by-4.0,source tag=geonames/H.LK
geonames:6403885,identity,Danau Kalentawa,https://www.geonames.org/6403885/,2026-09-29,cc-by-4.0,GeoNames item name; tourism status not proven
geonames:6403892,c5_category,Cagar Alam,https://www.geonames.org/6403892/,2026-09-29,cc-by-4.0,source tag=geonames/H.LK
geonames:6403892,identity,Danau Warak,https://www.geonames.org/6403892/,2026-09-29,cc-by-4.0,GeoNames item name; tourism status not proven
geonames:6404613,c5_category,Cagar Alam,https://www.geonames.org/6404613/,2026-09-29,cc-by-4.0,source tag=geonames/H.LK
geonames:6404613,identity,Waduk Nawangan,https://www.geonames.org/6404613/,2026-09-29,cc-by-4.0,GeoNames item name; tourism status not proven
geonames:6404701,c5_category,Cagar Alam,https://www.geonames.org/6404701/,2026-09-29,cc-by-4.0,source tag=geonames/H.LK
geonames:6404701,identity,Waduk Gunungsengon,https://www.geonames.org/6404701/,2026-09-29,cc-by-4.0,GeoNames item name; tourism status not proven
geonames:6404722,c5_category,Cagar Alam,https://www.geonames.org/6404722/,2026-09-29,cc-by-4.0,source tag=geonames/H.LK
geonames:6404722,identity,Telogo Buger,https://www.geonames.org/6404722/,2026-09-29,cc-by-4.0,GeoNames item name; tourism status not proven
geonames:6404723,c5_category,Cagar Alam,https://www.geonames.org/6404723/,2026-09-29,cc-by-4.0,source tag=geonames/H.LK
geonames:6404723,identity,Telogo Glimbung,https://www.geonames.org/6404723/,2026-09-29,cc-by-4.0,GeoNames item name; tourism status not proven
geonames:6404724,c5_category,Cagar Alam,https://www.geonames.org/6404724/,2026-09-29,cc-by-4.0,source tag=geonames/H.LK
geonames:6404724,identity,Telogo Plaosan,https://www.geonames.org/6404724/,2026-09-29,cc-by-4.0,GeoNames item name; tourism status not proven
geonames:6404725,c5_category,Cagar Alam,https://www.geonames.org/6404725/,2026-09-29,cc-by-4.0,source tag=geonames/H.LK
geonames:6404725,identity,Telogo Jambu,https://www.geonames.org/6404725/,2026-09-29,cc-by-4.0,GeoNames item name; tourism status not proven
geonames:6404726,c5_category,Cagar Alam,https://www.geonames.org/6404726/,2026-09-29,cc-by-4.0,source tag=geonames/H.LK
geonames:6404726,identity,Telogo Dindul,https://www.geonames.org/6404726/,2026-09-29,cc-by-4.0,GeoNames item name; tourism status not proven
geonames:6404727,c5_category,Cagar Alam,https://www.geonames.org/6404727/,2026-09-29,cc-by-4.0,source tag=geonames/H.LK
geonames:6404727,identity,Telogo Bunyak,https://www.geonames.org/6404727/,2026-09-29,cc-by-4.0,GeoNames item name; tourism status not proven
geonames:6404752,c5_category,Cagar Alam,https://www.geonames.org/6404752/,2026-09-29,cc-by-4.0,source tag=geonames/H.LK
geonames:6404752,identity,Telogo Jati,https://www.geonames.org/6404752/,2026-09-29,cc-by-4.0,GeoNames item name; tourism status not proven
geonames:6404753,c5_category,Cagar Alam,https://www.geonames.org/6404753/,2026-09-29,cc-by-4.0,source tag=geonames/H.LK
geonames:6404753,identity,Telogo Bunkek,https://www.geonames.org/6404753/,2026-09-29,cc-by-4.0,GeoNames item name; tourism status not proven
geonames:6404754,c5_category,Cagar Alam,https://www.geonames.org/6404754/,2026-09-29,cc-by-4.0,source tag=geonames/H.LK
geonames:6404754,identity,Telogo Sambirejo,https://www.geonames.org/6404754/,2026-09-29,cc-by-4.0,GeoNames item name; tourism status not proven
geonames:6404780,c5_category,Cagar Alam,https://www.geonames.org/6404780/,2026-09-29,cc-by-4.0,source tag=geonames/H.LK
geonames:6404780,identity,Telogo Krajan,https://www.geonames.org/6404780/,2026-09-29,cc-by-4.0,GeoNames item name; tourism status not proven
geonames:6404781,c5_category,Cagar Alam,https://www.geonames.org/6404781/,2026-09-29,cc-by-4.0,source tag=geonames/H.LK
geonames:6404781,identity,Telogo Jati,https://www.geonames.org/6404781/,2026-09-29,cc-by-4.0,GeoNames item name; tourism status not proven
geonames:6404782,c5_category,Cagar Alam,https://www.geonames.org/6404782/,2026-09-29,cc-by-4.0,source tag=geonames/H.LK
geonames:6404782,identity,Telogo Karangsempu,https://www.geonames.org/6404782/,2026-09-29,cc-by-4.0,GeoNames item name; tourism status not proven
geonames:6404783,c5_category,Cagar Alam,https://www.geonames.org/6404783/,2026-09-29,cc-by-4.0,source tag=geonames/H.LK
geonames:6404783,identity,Telogo Gembor,https://www.geonames.org/6404783/,2026-09-29,cc-by-4.0,GeoNames item name; tourism status not proven
geonames:6404784,c5_category,Cagar Alam,https://www.geonames.org/6404784/,2026-09-29,cc-by-4.0,source tag=geonames/H.LK
geonames:6404784,identity,Telogo Salam,https://www.geonames.org/6404784/,2026-09-29,cc-by-4.0,GeoNames item name; tourism status not proven
geonames:6404805,c5_category,Cagar Alam,https://www.geonames.org/6404805/,2026-09-29,cc-by-4.0,source tag=geonames/H.LK
geonames:6404805,identity,Telogo Suruh,https://www.geonames.org/6404805/,2026-09-29,cc-by-4.0,GeoNames item name; tourism status not proven
geonames:6404806,c5_category,Cagar Alam,https://www.geonames.org/6404806/,2026-09-29,cc-by-4.0,source tag=geonames/H.LK
geonames:6404806,identity,Telogo Miri,https://www.geonames.org/6404806/,2026-09-29,cc-by-4.0,GeoNames item name; tourism status not proven
geonames:6404826,c5_category,Cagar Alam,https://www.geonames.org/6404826/,2026-09-29,cc-by-4.0,source tag=geonames/H.LK
geonames:6404826,identity,Telogo Boto,https://www.geonames.org/6404826/,2026-09-29,cc-by-4.0,GeoNames item name; tourism status not proven
geonames:6404827,c5_category,Cagar Alam,https://www.geonames.org/6404827/,2026-09-29,cc-by-4.0,source tag=geonames/H.LK
geonames:6404827,identity,Telogo Poso,https://www.geonames.org/6404827/,2026-09-29,cc-by-4.0,GeoNames item name; tourism status not proven
geonames:6404828,c5_category,Cagar Alam,https://www.geonames.org/6404828/,2026-09-29,cc-by-4.0,source tag=geonames/H.LK
geonames:6404828,identity,Telogo Butuh,https://www.geonames.org/6404828/,2026-09-29,cc-by-4.0,GeoNames item name; tourism status not proven
geonames:6404917,c5_category,Cagar Alam,https://www.geonames.org/6404917/,2026-09-29,cc-by-4.0,source tag=geonames/H.LK
geonames:6404917,identity,Telaga Menjer,https://www.geonames.org/6404917/,2026-09-29,cc-by-4.0,GeoNames item name; tourism status not proven
geonames:6408422,c5_category,Cagar Alam,https://www.geonames.org/6408422/,2026-09-29,cc-by-4.0,source tag=geonames/H.FLLS
geonames:6408422,identity,Air Terjun Grojogan Sewu,https://www.geonames.org/6408422/,2026-09-29,cc-by-4.0,GeoNames item name; tourism status not proven
geonames:6408436,c5_category,Cagar Alam,https://www.geonames.org/6408436/,2026-09-29,cc-by-4.0,source tag=geonames/H.LK
geonames:6408436,identity,Telaga Wahyu,https://www.geonames.org/6408436/,2026-09-29,cc-by-4.0,GeoNames item name; tourism status not proven
geonames:6408546,c5_category,Cagar Alam,https://www.geonames.org/6408546/,2026-09-29,cc-by-4.0,source tag=geonames/H.LK
geonames:6408546,identity,Waduk Segebyar,https://www.geonames.org/6408546/,2026-09-29,cc-by-4.0,GeoNames item name; tourism status not proven
geonames:6410270,c5_category,Budaya,https://www.geonames.org/6410270/,2026-09-29,cc-by-4.0,source tag=geonames/S.MNMT
geonames:6410270,identity,Monumen Suryo,https://www.geonames.org/6410270/,2026-09-29,cc-by-4.0,GeoNames item name; tourism status not proven
geonames:6410868,c5_category,Cagar Alam,https://www.geonames.org/6410868/,2026-09-29,cc-by-4.0,source tag=geonames/H.LK
geonames:6410868,identity,Telaga Kramatjati,https://www.geonames.org/6410868/,2026-09-29,cc-by-4.0,GeoNames item name; tourism status not proven
geonames:6561316,c5_category,Cagar Alam,https://www.geonames.org/6561316/,2026-09-29,cc-by-4.0,source tag=geonames/H.LK
geonames:6561316,identity,Waduk Butak,https://www.geonames.org/6561316/,2026-09-29,cc-by-4.0,GeoNames item name; tourism status not proven
geonames:6561487,c5_category,Cagar Alam,https://www.geonames.org/6561487/,2026-09-29,cc-by-4.0,source tag=geonames/H.LK
geonames:6561487,identity,Waduk Nglangon,https://www.geonames.org/6561487/,2026-09-29,cc-by-4.0,GeoNames item name; tourism status not proven
geonames:6562172,c5_category,Cagar Alam,https://www.geonames.org/6562172/,2026-09-29,cc-by-4.0,source tag=geonames/H.LK
geonames:6562172,identity,Telaga Rengganis,https://www.geonames.org/6562172/,2026-09-29,cc-by-4.0,GeoNames item name; tourism status not proven
geonames:6562800,c5_category,Cagar Alam,https://www.geonames.org/6562800/,2026-09-29,cc-by-4.0,source tag=geonames/H.FLLS
geonames:6562800,identity,Curug Semar,https://www.geonames.org/6562800/,2026-09-29,cc-by-4.0,GeoNames item name; tourism status not proven
geonames:6562837,c5_category,Cagar Alam,https://www.geonames.org/6562837/,2026-09-29,cc-by-4.0,source tag=geonames/H.FLLS
geonames:6562837,identity,Curug Panaraban,https://www.geonames.org/6562837/,2026-09-29,cc-by-4.0,GeoNames item name; tourism status not proven
geonames:6562840,c5_category,Cagar Alam,https://www.geonames.org/6562840/,2026-09-29,cc-by-4.0,source tag=geonames/H.LK
geonames:6562840,identity,Telaga Siregar,https://www.geonames.org/6562840/,2026-09-29,cc-by-4.0,GeoNames item name; tourism status not proven
geonames:6562849,c5_category,Cagar Alam,https://www.geonames.org/6562849/,2026-09-29,cc-by-4.0,source tag=geonames/H.LK
geonames:6562849,identity,Telaga Sinilal,https://www.geonames.org/6562849/,2026-09-29,cc-by-4.0,GeoNames item name; tourism status not proven
geonames:6562920,c5_category,Cagar Alam,https://www.geonames.org/6562920/,2026-09-29,cc-by-4.0,source tag=geonames/H.FLLS
geonames:6562920,identity,Curug Sikunang,https://www.geonames.org/6562920/,2026-09-29,cc-by-4.0,GeoNames item name; tourism status not proven
geonames:6562923,c5_category,Cagar Alam,https://www.geonames.org/6562923/,2026-09-29,cc-by-4.0,source tag=geonames/H.FLLS
geonames:6562923,identity,Curug Damar Igir Tipis,https://www.geonames.org/6562923/,2026-09-29,cc-by-4.0,GeoNames item name; tourism status not proven
geonames:6562967,c5_category,Cagar Alam,https://www.geonames.org/6562967/,2026-09-29,cc-by-4.0,source tag=geonames/H.FLLS
geonames:6562967,identity,Curug Lengkong,https://www.geonames.org/6562967/,2026-09-29,cc-by-4.0,GeoNames item name; tourism status not proven
geonames:6563102,c5_category,Cagar Alam,https://www.geonames.org/6563102/,2026-09-29,cc-by-4.0,source tag=geonames/H.LK
geonames:6563102,identity,Telaga Kawahsilir,https://www.geonames.org/6563102/,2026-09-29,cc-by-4.0,GeoNames item name; tourism status not proven
geonames:6563122,c5_category,Cagar Alam,https://www.geonames.org/6563122/,2026-09-29,cc-by-4.0,source tag=geonames/H.LK
geonames:6563122,identity,Telaga Warna,https://www.geonames.org/6563122/,2026-09-29,cc-by-4.0,GeoNames item name; tourism status not proven
geonames:6563123,c5_category,Cagar Alam,https://www.geonames.org/6563123/,2026-09-29,cc-by-4.0,source tag=geonames/H.LK
geonames:6563123,identity,Telaga Pengilon,https://www.geonames.org/6563123/,2026-09-29,cc-by-4.0,GeoNames item name; tourism status not proven
geonames:6563125,c5_category,Gunung,https://www.geonames.org/6563125/,2026-09-29,cc-by-4.0,source tag=geonames/T.VLC
geonames:6563125,identity,Gunung Kawahsikidang,https://www.geonames.org/6563125/,2026-09-29,cc-by-4.0,GeoNames item name; tourism status not proven
geonames:6563161,c5_category,Cagar Alam,https://www.geonames.org/6563161/,2026-09-29,cc-by-4.0,source tag=geonames/H.LK
geonames:6563161,identity,Telaga Cebong,https://www.geonames.org/6563161/,2026-09-29,cc-by-4.0,GeoNames item name; tourism status not proven
geonames:6564327,c5_category,Pantai,https://www.geonames.org/6564327/,2026-09-29,cc-by-4.0,source tag=geonames/T.BCH
geonames:6564327,identity,Samas,https://www.geonames.org/6564327/,2026-09-29,cc-by-4.0,GeoNames item name; tourism status not proven
geonames:6564349,c5_category,Cagar Alam,https://www.geonames.org/6564349/,2026-09-29,cc-by-4.0,source tag=geonames/H.LK
geonames:6564349,identity,Telaga Sambi,https://www.geonames.org/6564349/,2026-09-29,cc-by-4.0,GeoNames item name; tourism status not proven
geonames:6564351,c5_category,Cagar Alam,https://www.geonames.org/6564351/,2026-09-29,cc-by-4.0,source tag=geonames/H.LK
geonames:6564351,identity,Telaga Jombor,https://www.geonames.org/6564351/,2026-09-29,cc-by-4.0,GeoNames item name; tourism status not proven
geonames:6564361,c5_category,Cagar Alam,https://www.geonames.org/6564361/,2026-09-29,cc-by-4.0,source tag=geonames/H.LK
geonames:6564361,identity,Telaga Klapok,https://www.geonames.org/6564361/,2026-09-29,cc-by-4.0,GeoNames item name; tourism status not proven
geonames:6564364,c5_category,Pantai,https://www.geonames.org/6564364/,2026-09-29,cc-by-4.0,source tag=geonames/T.BCH
geonames:6564364,identity,Depok,https://www.geonames.org/6564364/,2026-09-29,cc-by-4.0,GeoNames item name; tourism status not proven
geonames:6564366,c5_category,Pantai,https://www.geonames.org/6564366/,2026-09-29,cc-by-4.0,source tag=geonames/T.BCH
geonames:6564366,identity,Parangendog,https://www.geonames.org/6564366/,2026-09-29,cc-by-4.0,GeoNames item name; tourism status not proven
geonames:6564418,c5_category,Cagar Alam,https://www.geonames.org/6564418/,2026-09-29,cc-by-4.0,source tag=geonames/H.LK
geonames:6564418,identity,Danau Gandu,https://www.geonames.org/6564418/,2026-09-29,cc-by-4.0,GeoNames item name; tourism status not proven
geonames:6564463,c5_category,Cagar Alam,https://www.geonames.org/6564463/,2026-09-29,cc-by-4.0,source tag=geonames/H.LK
geonames:6564463,identity,Danau Sumurwuni,https://www.geonames.org/6564463/,2026-09-29,cc-by-4.0,GeoNames item name; tourism status not proven
geonames:6564467,c5_category,Cagar Alam,https://www.geonames.org/6564467/,2026-09-29,cc-by-4.0,source tag=geonames/H.LK
geonames:6564467,identity,Danau Luweng Lor,https://www.geonames.org/6564467/,2026-09-29,cc-by-4.0,GeoNames item name; tourism status not proven
geonames:6564474,c5_category,Cagar Alam,https://www.geonames.org/6564474/,2026-09-29,cc-by-4.0,source tag=geonames/H.LK
geonames:6564474,identity,Danau Gandrung,https://www.geonames.org/6564474/,2026-09-29,cc-by-4.0,GeoNames item name; tourism status not proven
geonames:6564487,c5_category,Cagar Alam,https://www.geonames.org/6564487/,2026-09-29,cc-by-4.0,source tag=geonames/H.LK
geonames:6564487,identity,Danau Towet,https://www.geonames.org/6564487/,2026-09-29,cc-by-4.0,GeoNames item name; tourism status not proven
geonames:6564493,c5_category,Cagar Alam,https://www.geonames.org/6564493/,2026-09-29,cc-by-4.0,source tag=geonames/H.LK
geonames:6564493,identity,Danau Sudang,https://www.geonames.org/6564493/,2026-09-29,cc-by-4.0,GeoNames item name; tourism status not proven
geonames:6564503,c5_category,Cagar Alam,https://www.geonames.org/6564503/,2026-09-29,cc-by-4.0,source tag=geonames/H.LK
geonames:6564503,identity,Danau Jurangjero,https://www.geonames.org/6564503/,2026-09-29,cc-by-4.0,GeoNames item name; tourism status not proven
geonames:6564511,c5_category,Cagar Alam,https://www.geonames.org/6564511/,2026-09-29,cc-by-4.0,source tag=geonames/H.LK
geonames:6564511,identity,Danau Pakem,https://www.geonames.org/6564511/,2026-09-29,cc-by-4.0,GeoNames item name; tourism status not proven
geonames:6564517,c5_category,Cagar Alam,https://www.geonames.org/6564517/,2026-09-29,cc-by-4.0,source tag=geonames/H.LK
geonames:6564517,identity,Danau Dondong,https://www.geonames.org/6564517/,2026-09-29,cc-by-4.0,GeoNames item name; tourism status not proven
geonames:6564522,c5_category,Cagar Alam,https://www.geonames.org/6564522/,2026-09-29,cc-by-4.0,source tag=geonames/H.LK
geonames:6564522,identity,Danau Makam,https://www.geonames.org/6564522/,2026-09-29,cc-by-4.0,GeoNames item name; tourism status not proven
geonames:6564523,c5_category,Cagar Alam,https://www.geonames.org/6564523/,2026-09-29,cc-by-4.0,source tag=geonames/H.LK
geonames:6564523,identity,Danau Jalin,https://www.geonames.org/6564523/,2026-09-29,cc-by-4.0,GeoNames item name; tourism status not proven
geonames:6564546,c5_category,Cagar Alam,https://www.geonames.org/6564546/,2026-09-29,cc-by-4.0,source tag=geonames/H.LK
geonames:6564546,identity,Danau Ngrandu,https://www.geonames.org/6564546/,2026-09-29,cc-by-4.0,GeoNames item name; tourism status not proven
geonames:6564549,c5_category,Cagar Alam,https://www.geonames.org/6564549/,2026-09-29,cc-by-4.0,source tag=geonames/H.LK
geonames:6564549,identity,Danau Wuni,https://www.geonames.org/6564549/,2026-09-29,cc-by-4.0,GeoNames item name; tourism status not proven
geonames:6564588,c5_category,Cagar Alam,https://www.geonames.org/6564588/,2026-09-29,cc-by-4.0,source tag=geonames/H.LK
geonames:6564588,identity,Danau Soko,https://www.geonames.org/6564588/,2026-09-29,cc-by-4.0,GeoNames item name; tourism status not proven
geonames:6564609,c5_category,Cagar Alam,https://www.geonames.org/6564609/,2026-09-29,cc-by-4.0,source tag=geonames/H.LK
geonames:6564609,identity,Danau Palgading,https://www.geonames.org/6564609/,2026-09-29,cc-by-4.0,GeoNames item name; tourism status not proven
geonames:6564669,c5_category,Cagar Alam,https://www.geonames.org/6564669/,2026-09-29,cc-by-4.0,source tag=geonames/H.LK
geonames:6564669,identity,Telaga Sureng,https://www.geonames.org/6564669/,2026-09-29,cc-by-4.0,GeoNames item name; tourism status not proven
geonames:6564674,c5_category,Cagar Alam,https://www.geonames.org/6564674/,2026-09-29,cc-by-4.0,source tag=geonames/H.LK
geonames:6564674,identity,Telaga Dengok,https://www.geonames.org/6564674/,2026-09-29,cc-by-4.0,GeoNames item name; tourism status not proven
geonames:6564676,c5_category,Cagar Alam,https://www.geonames.org/6564676/,2026-09-29,cc-by-4.0,source tag=geonames/H.LK
geonames:6564676,identity,Telaga Mulo,https://www.geonames.org/6564676/,2026-09-29,cc-by-4.0,GeoNames item name; tourism status not proven
geonames:6564690,c5_category,Cagar Alam,https://www.geonames.org/6564690/,2026-09-29,cc-by-4.0,source tag=geonames/H.LK
geonames:6564690,identity,Telaga Ngringin,https://www.geonames.org/6564690/,2026-09-29,cc-by-4.0,GeoNames item name; tourism status not proven
geonames:6564692,c5_category,Cagar Alam,https://www.geonames.org/6564692/,2026-09-29,cc-by-4.0,source tag=geonames/H.LK
geonames:6564692,identity,Telaga Suci,https://www.geonames.org/6564692/,2026-09-29,cc-by-4.0,GeoNames item name; tourism status not proven
geonames:6564694,c5_category,Cagar Alam,https://www.geonames.org/6564694/,2026-09-29,cc-by-4.0,source tag=geonames/H.LK
geonames:6564694,identity,Telaga Guwoklepu,https://www.geonames.org/6564694/,2026-09-29,cc-by-4.0,GeoNames item name; tourism status not proven
geonames:6564705,c5_category,Cagar Alam,https://www.geonames.org/6564705/,2026-09-29,cc-by-4.0,source tag=geonames/H.LK
geonames:6564705,identity,Telaga Ginaru,https://www.geonames.org/6564705/,2026-09-29,cc-by-4.0,GeoNames item name; tourism status not proven
geonames:6564710,c5_category,Cagar Alam,https://www.geonames.org/6564710/,2026-09-29,cc-by-4.0,source tag=geonames/H.LK
geonames:6564710,identity,Telaga Lebun,https://www.geonames.org/6564710/,2026-09-29,cc-by-4.0,GeoNames item name; tourism status not proven
geonames:6564712,c5_category,Cagar Alam,https://www.geonames.org/6564712/,2026-09-29,cc-by-4.0,source tag=geonames/H.LK
geonames:6564712,identity,Telaga Tanjung,https://www.geonames.org/6564712/,2026-09-29,cc-by-4.0,GeoNames item name; tourism status not proven
geonames:6564714,c5_category,Cagar Alam,https://www.geonames.org/6564714/,2026-09-29,cc-by-4.0,source tag=geonames/H.LK
geonames:6564714,identity,Telaga Mendak,https://www.geonames.org/6564714/,2026-09-29,cc-by-4.0,GeoNames item name; tourism status not proven
geonames:6564718,c5_category,Cagar Alam,https://www.geonames.org/6564718/,2026-09-29,cc-by-4.0,source tag=geonames/H.LK
geonames:6564718,identity,Telaga Serpeng,https://www.geonames.org/6564718/,2026-09-29,cc-by-4.0,GeoNames item name; tourism status not proven
geonames:6564720,c5_category,Cagar Alam,https://www.geonames.org/6564720/,2026-09-29,cc-by-4.0,source tag=geonames/H.LK
geonames:6564720,identity,Telaga Belik,https://www.geonames.org/6564720/,2026-09-29,cc-by-4.0,GeoNames item name; tourism status not proven
geonames:6564723,c5_category,Cagar Alam,https://www.geonames.org/6564723/,2026-09-29,cc-by-4.0,source tag=geonames/H.LK
geonames:6564723,identity,Telaga Namberan,https://www.geonames.org/6564723/,2026-09-29,cc-by-4.0,GeoNames item name; tourism status not proven
geonames:6564728,c5_category,Cagar Alam,https://www.geonames.org/6564728/,2026-09-29,cc-by-4.0,source tag=geonames/H.LK
geonames:6564728,identity,Telaga Bandung,https://www.geonames.org/6564728/,2026-09-29,cc-by-4.0,GeoNames item name; tourism status not proven
geonames:6564737,c5_category,Cagar Alam,https://www.geonames.org/6564737/,2026-09-29,cc-by-4.0,source tag=geonames/H.LK
geonames:6564737,identity,Telaga Mojeng,https://www.geonames.org/6564737/,2026-09-29,cc-by-4.0,GeoNames item name; tourism status not proven
geonames:6564738,c5_category,Cagar Alam,https://www.geonames.org/6564738/,2026-09-29,cc-by-4.0,source tag=geonames/H.LK
geonames:6564738,identity,Telaga Karangasem,https://www.geonames.org/6564738/,2026-09-29,cc-by-4.0,GeoNames item name; tourism status not proven
geonames:6564747,c5_category,Cagar Alam,https://www.geonames.org/6564747/,2026-09-29,cc-by-4.0,source tag=geonames/H.LK
geonames:6564747,identity,Telaga Bromo,https://www.geonames.org/6564747/,2026-09-29,cc-by-4.0,GeoNames item name; tourism status not proven
geonames:6564754,c5_category,Cagar Alam,https://www.geonames.org/6564754/,2026-09-29,cc-by-4.0,source tag=geonames/H.LK
geonames:6564754,identity,Telaga Kepek,https://www.geonames.org/6564754/,2026-09-29,cc-by-4.0,GeoNames item name; tourism status not proven
geonames:6564761,c5_category,Cagar Alam,https://www.geonames.org/6564761/,2026-09-29,cc-by-4.0,source tag=geonames/H.LK
geonames:6564761,identity,Telaga Jambeanom,https://www.geonames.org/6564761/,2026-09-29,cc-by-4.0,GeoNames item name; tourism status not proven
geonames:6564794,c5_category,Cagar Alam,https://www.geonames.org/6564794/,2026-09-29,cc-by-4.0,source tag=geonames/H.LK
geonames:6564794,identity,Telaga Klepu,https://www.geonames.org/6564794/,2026-09-29,cc-by-4.0,GeoNames item name; tourism status not proven
geonames:6564800,c5_category,Cagar Alam,https://www.geonames.org/6564800/,2026-09-29,cc-by-4.0,source tag=geonames/H.LK
geonames:6564800,identity,Telaga Winong,https://www.geonames.org/6564800/,2026-09-29,cc-by-4.0,GeoNames item name; tourism status not proven
geonames:6564810,c5_category,Cagar Alam,https://www.geonames.org/6564810/,2026-09-29,cc-by-4.0,source tag=geonames/H.LK
geonames:6564810,identity,Telaga Sumuran,https://www.geonames.org/6564810/,2026-09-29,cc-by-4.0,GeoNames item name; tourism status not proven
geonames:6564816,c5_category,Cagar Alam,https://www.geonames.org/6564816/,2026-09-29,cc-by-4.0,source tag=geonames/H.LK
geonames:6564816,identity,Telaga Pengos,https://www.geonames.org/6564816/,2026-09-29,cc-by-4.0,GeoNames item name; tourism status not proven
geonames:6564818,c5_category,Cagar Alam,https://www.geonames.org/6564818/,2026-09-29,cc-by-4.0,source tag=geonames/H.LK
geonames:6564818,identity,Telaga Sogo,https://www.geonames.org/6564818/,2026-09-29,cc-by-4.0,GeoNames item name; tourism status not proven
geonames:6564834,c5_category,Cagar Alam,https://www.geonames.org/6564834/,2026-09-29,cc-by-4.0,source tag=geonames/H.LK
geonames:6564834,identity,Telaga Seropan,https://www.geonames.org/6564834/,2026-09-29,cc-by-4.0,GeoNames item name; tourism status not proven
geonames:6564835,c5_category,Cagar Alam,https://www.geonames.org/6564835/,2026-09-29,cc-by-4.0,source tag=geonames/H.LK
geonames:6564835,identity,Telaga Mencukan,https://www.geonames.org/6564835/,2026-09-29,cc-by-4.0,GeoNames item name; tourism status not proven
geonames:6564848,c5_category,Cagar Alam,https://www.geonames.org/6564848/,2026-09-29,cc-by-4.0,source tag=geonames/H.LK
geonames:6564848,identity,Telaga Gadel,https://www.geonames.org/6564848/,2026-09-29,cc-by-4.0,GeoNames item name; tourism status not proven
geonames:6564858,c5_category,Cagar Alam,https://www.geonames.org/6564858/,2026-09-29,cc-by-4.0,source tag=geonames/H.LK
geonames:6564858,identity,Telaga Weru,https://www.geonames.org/6564858/,2026-09-29,cc-by-4.0,GeoNames item name; tourism status not proven
geonames:6564872,c5_category,Cagar Alam,https://www.geonames.org/6564872/,2026-09-29,cc-by-4.0,source tag=geonames/H.LK
geonames:6564872,identity,Telaga Omang,https://www.geonames.org/6564872/,2026-09-29,cc-by-4.0,GeoNames item name; tourism status not proven
geonames:6564875,c5_category,Cagar Alam,https://www.geonames.org/6564875/,2026-09-29,cc-by-4.0,source tag=geonames/H.LK
geonames:6564875,identity,Telaga Depok,https://www.geonames.org/6564875/,2026-09-29,cc-by-4.0,GeoNames item name; tourism status not proven
geonames:6564885,c5_category,Cagar Alam,https://www.geonames.org/6564885/,2026-09-29,cc-by-4.0,source tag=geonames/H.LK
geonames:6564885,identity,Telaga Tritis,https://www.geonames.org/6564885/,2026-09-29,cc-by-4.0,GeoNames item name; tourism status not proven
geonames:6564893,c5_category,Cagar Alam,https://www.geonames.org/6564893/,2026-09-29,cc-by-4.0,source tag=geonames/H.LK
geonames:6564893,identity,Telaga Padangan,https://www.geonames.org/6564893/,2026-09-29,cc-by-4.0,GeoNames item name; tourism status not proven
geonames:6564922,c5_category,Cagar Alam,https://www.geonames.org/6564922/,2026-09-29,cc-by-4.0,source tag=geonames/H.LK
geonames:6564922,identity,Telaga Melengan,https://www.geonames.org/6564922/,2026-09-29,cc-by-4.0,GeoNames item name; tourism status not proven
geonames:6564923,c5_category,Cagar Alam,https://www.geonames.org/6564923/,2026-09-29,cc-by-4.0,source tag=geonames/H.LK
geonames:6564923,identity,Telaga Sade,https://www.geonames.org/6564923/,2026-09-29,cc-by-4.0,GeoNames item name; tourism status not proven
geonames:6564939,c5_category,Cagar Alam,https://www.geonames.org/6564939/,2026-09-29,cc-by-4.0,source tag=geonames/H.LK
geonames:6564939,identity,Telaga Ciut,https://www.geonames.org/6564939/,2026-09-29,cc-by-4.0,GeoNames item name; tourism status not proven
geonames:6566829,c5_category,Cagar Alam,https://www.geonames.org/6566829/,2026-09-29,cc-by-4.0,source tag=geonames/H.FLLS
geonames:6566829,identity,Curug Muncar,https://www.geonames.org/6566829/,2026-09-29,cc-by-4.0,GeoNames item name; tourism status not proven
geonames:6567733,c5_category,Cagar Alam,https://www.geonames.org/6567733/,2026-09-29,cc-by-4.0,source tag=geonames/H.LK
geonames:6567733,identity,Situ Gorgo,https://www.geonames.org/6567733/,2026-09-29,cc-by-4.0,GeoNames item name; tourism status not proven
geonames:6567742,c5_category,Cagar Alam,https://www.geonames.org/6567742/,2026-09-29,cc-by-4.0,source tag=geonames/H.LK
geonames:6567742,identity,Situ Ci Kalong,https://www.geonames.org/6567742/,2026-09-29,cc-by-4.0,GeoNames item name; tourism status not proven
geonames:6567743,c5_category,Cagar Alam,https://www.geonames.org/6567743/,2026-09-29,cc-by-4.0,source tag=geonames/H.LK
geonames:6567743,identity,Situ Ijan,https://www.geonames.org/6567743/,2026-09-29,cc-by-4.0,GeoNames item name; tourism status not proven
geonames:6567755,c5_category,Cagar Alam,https://www.geonames.org/6567755/,2026-09-29,cc-by-4.0,source tag=geonames/H.LK
geonames:6567755,identity,Situ Cibugang,https://www.geonames.org/6567755/,2026-09-29,cc-by-4.0,GeoNames item name; tourism status not proven
geonames:6567756,c5_category,Cagar Alam,https://www.geonames.org/6567756/,2026-09-29,cc-by-4.0,source tag=geonames/H.LK
geonames:6567756,identity,Situ Kalenbuah,https://www.geonames.org/6567756/,2026-09-29,cc-by-4.0,GeoNames item name; tourism status not proven
geonames:6567759,c5_category,Cagar Alam,https://www.geonames.org/6567759/,2026-09-29,cc-by-4.0,source tag=geonames/H.LK
geonames:6567759,identity,Situ Rawad,https://www.geonames.org/6567759/,2026-09-29,cc-by-4.0,GeoNames item name; tourism status not proven
geonames:6567765,c5_category,Cagar Alam,https://www.geonames.org/6567765/,2026-09-29,cc-by-4.0,source tag=geonames/H.LK
geonames:6567765,identity,Situ Jati,https://www.geonames.org/6567765/,2026-09-29,cc-by-4.0,GeoNames item name; tourism status not proven
geonames:6567811,c5_category,Cagar Alam,https://www.geonames.org/6567811/,2026-09-29,cc-by-4.0,source tag=geonames/H.LK
geonames:6567811,identity,Situ Maung,https://www.geonames.org/6567811/,2026-09-29,cc-by-4.0,GeoNames item name; tourism status not proven
geonames:6567876,c5_category,Cagar Alam,https://www.geonames.org/6567876/,2026-09-29,cc-by-4.0,source tag=geonames/H.LK
geonames:6567876,identity,Situ Belendung,https://www.geonames.org/6567876/,2026-09-29,cc-by-4.0,GeoNames item name; tourism status not proven
geonames:6567882,c5_category,Cagar Alam,https://www.geonames.org/6567882/,2026-09-29,cc-by-4.0,source tag=geonames/H.LK
geonames:6567882,identity,Situ Ci Nangsi,https://www.geonames.org/6567882/,2026-09-29,cc-by-4.0,GeoNames item name; tourism status not proven
geonames:6567952,c5_category,Cagar Alam,https://www.geonames.org/6567952/,2026-09-29,cc-by-4.0,source tag=geonames/H.LK
geonames:6567952,identity,Situ Lame,https://www.geonames.org/6567952/,2026-09-29,cc-by-4.0,GeoNames item name; tourism status not proven
geonames:6568111,c5_category,Cagar Alam,https://www.geonames.org/6568111/,2026-09-29,cc-by-4.0,source tag=geonames/H.LK
geonames:6568111,identity,Tambak Kedungkacip,https://www.geonames.org/6568111/,2026-09-29,cc-by-4.0,GeoNames item name; tourism status not proven
geonames:6568380,c5_category,Cagar Alam,https://www.geonames.org/6568380/,2026-09-29,cc-by-4.0,source tag=geonames/H.LK
geonames:6568380,identity,Situ Asem,https://www.geonames.org/6568380/,2026-09-29,cc-by-4.0,GeoNames item name; tourism status not proven
geonames:6568526,c5_category,Cagar Alam,https://www.geonames.org/6568526/,2026-09-29,cc-by-4.0,source tag=geonames/H.LK
geonames:6568526,identity,Situ Karisman,https://www.geonames.org/6568526/,2026-09-29,cc-by-4.0,GeoNames item name; tourism status not proven
geonames:6568550,c5_category,Cagar Alam,https://www.geonames.org/6568550/,2026-09-29,cc-by-4.0,source tag=geonames/H.LK
geonames:6568550,identity,Situ Jati,https://www.geonames.org/6568550/,2026-09-29,cc-by-4.0,GeoNames item name; tourism status not proven
geonames:6568569,c5_category,Cagar Alam,https://www.geonames.org/6568569/,2026-09-29,cc-by-4.0,source tag=geonames/H.LK
geonames:6568569,identity,Situ Cibogo,https://www.geonames.org/6568569/,2026-09-29,cc-by-4.0,GeoNames item name; tourism status not proven
geonames:6569150,c5_category,Cagar Alam,https://www.geonames.org/6569150/,2026-09-29,cc-by-4.0,source tag=geonames/H.LK
geonames:6569150,identity,Rawa Masar,https://www.geonames.org/6569150/,2026-09-29,cc-by-4.0,GeoNames item name; tourism status not proven
geonames:6580175,c5_category,Cagar Alam,https://www.geonames.org/6580175/,2026-09-29,cc-by-4.0,source tag=geonames/H.LK
geonames:6580175,identity,Rawa Kandanghaur,https://www.geonames.org/6580175/,2026-09-29,cc-by-4.0,GeoNames item name; tourism status not proven
geonames:6580192,c5_category,Cagar Alam,https://www.geonames.org/6580192/,2026-09-29,cc-by-4.0,source tag=geonames/H.LK
geonames:6580192,identity,Rawa Kedungbima,https://www.geonames.org/6580192/,2026-09-29,cc-by-4.0,GeoNames item name; tourism status not proven
geonames:6580193,c5_category,Cagar Alam,https://www.geonames.org/6580193/,2026-09-29,cc-by-4.0,source tag=geonames/H.LK
geonames:6580193,identity,Rawa Cibogor,https://www.geonames.org/6580193/,2026-09-29,cc-by-4.0,GeoNames item name; tourism status not proven
geonames:6580194,c5_category,Cagar Alam,https://www.geonames.org/6580194/,2026-09-29,cc-by-4.0,source tag=geonames/H.LK
geonames:6580194,identity,Rawa Cigambir,https://www.geonames.org/6580194/,2026-09-29,cc-by-4.0,GeoNames item name; tourism status not proven
geonames:6580195,c5_category,Cagar Alam,https://www.geonames.org/6580195/,2026-09-29,cc-by-4.0,source tag=geonames/H.LK
geonames:6580195,identity,Rawa Suryan,https://www.geonames.org/6580195/,2026-09-29,cc-by-4.0,GeoNames item name; tourism status not proven
geonames:6580196,c5_category,Cagar Alam,https://www.geonames.org/6580196/,2026-09-29,cc-by-4.0,source tag=geonames/H.LK
geonames:6580196,identity,Rawa Cicadas,https://www.geonames.org/6580196/,2026-09-29,cc-by-4.0,GeoNames item name; tourism status not proven
geonames:6581515,c5_category,Cagar Alam,https://www.geonames.org/6581515/,2026-09-29,cc-by-4.0,source tag=geonames/H.FLLS
geonames:6581515,identity,Curug Cikararangge,https://www.geonames.org/6581515/,2026-09-29,cc-by-4.0,GeoNames item name; tourism status not proven
geonames:6581517,c5_category,Cagar Alam,https://www.geonames.org/6581517/,2026-09-29,cc-by-4.0,source tag=geonames/H.FLLS
geonames:6581517,identity,Curug Cingcelegeng,https://www.geonames.org/6581517/,2026-09-29,cc-by-4.0,GeoNames item name; tourism status not proven
geonames:6581541,c5_category,Cagar Alam,https://www.geonames.org/6581541/,2026-09-29,cc-by-4.0,source tag=geonames/H.LK
geonames:6581541,identity,Ranca Teja,https://www.geonames.org/6581541/,2026-09-29,cc-by-4.0,GeoNames item name; tourism status not proven
geonames:6581571,c5_category,Cagar Alam,https://www.geonames.org/6581571/,2026-09-29,cc-by-4.0,source tag=geonames/H.LK
geonames:6581571,identity,Ranca Bungur,https://www.geonames.org/6581571/,2026-09-29,cc-by-4.0,GeoNames item name; tourism status not proven
geonames:6581606,c5_category,Cagar Alam,https://www.geonames.org/6581606/,2026-09-29,cc-by-4.0,source tag=geonames/H.FLLS
geonames:6581606,identity,Curug Rendeng,https://www.geonames.org/6581606/,2026-09-29,cc-by-4.0,GeoNames item name; tourism status not proven
geonames:6581628,c5_category,Cagar Alam,https://www.geonames.org/6581628/,2026-09-29,cc-by-4.0,source tag=geonames/H.LK
geonames:6581628,identity,Situ Cigayonggong,https://www.geonames.org/6581628/,2026-09-29,cc-by-4.0,GeoNames item name; tourism status not proven
geonames:6582151,c5_category,Cagar Alam,https://www.geonames.org/6582151/,2026-09-29,cc-by-4.0,source tag=geonames/H.LK
geonames:6582151,identity,Situ Sentiong,https://www.geonames.org/6582151/,2026-09-29,cc-by-4.0,GeoNames item name; tourism status not proven
geonames:6583176,c5_category,Cagar Alam,https://www.geonames.org/6583176/,2026-09-29,cc-by-4.0,source tag=geonames/H.FLLS
geonames:6583176,identity,Curug Cinulang,https://www.geonames.org/6583176/,2026-09-29,cc-by-4.0,GeoNames item name; tourism status not proven
geonames:6583316,c5_category,Cagar Alam,https://www.geonames.org/6583316/,2026-09-29,cc-by-4.0,source tag=geonames/H.FLLS
geonames:6583316,identity,Cimahi Curug,https://www.geonames.org/6583316/,2026-09-29,cc-by-4.0,GeoNames item name; tourism status not proven
geonames:6583370,c5_category,Cagar Alam,https://www.geonames.org/6583370/,2026-09-29,cc-by-4.0,source tag=geonames/H.LK
geonames:6583370,identity,Situ Umar,https://www.geonames.org/6583370/,2026-09-29,cc-by-4.0,GeoNames item name; tourism status not proven
geonames:6583439,c5_category,Cagar Alam,https://www.geonames.org/6583439/,2026-09-29,cc-by-4.0,source tag=geonames/H.FLLS
geonames:6583439,identity,Curug Panganten,https://www.geonames.org/6583439/,2026-09-29,cc-by-4.0,GeoNames item name; tourism status not proven
geonames:6583458,c5_category,Cagar Alam,https://www.geonames.org/6583458/,2026-09-29,cc-by-4.0,source tag=geonames/H.LK
geonames:6583458,identity,Situ Enda,https://www.geonames.org/6583458/,2026-09-29,cc-by-4.0,GeoNames item name; tourism status not proven
geonames:6583487,c5_category,Cagar Alam,https://www.geonames.org/6583487/,2026-09-29,cc-by-4.0,source tag=geonames/H.FLLS
geonames:6583487,identity,Curug Dago,https://www.geonames.org/6583487/,2026-09-29,cc-by-4.0,GeoNames item name; tourism status not proven
geonames:6583730,c5_category,Cagar Alam,https://www.geonames.org/6583730/,2026-09-29,cc-by-4.0,source tag=geonames/H.LK
geonames:6583730,identity,Situ Wanayasa,https://www.geonames.org/6583730/,2026-09-29,cc-by-4.0,GeoNames item name; tourism status not proven
geonames:6583814,c5_category,Cagar Alam,https://www.geonames.org/6583814/,2026-09-29,cc-by-4.0,source tag=geonames/H.FLLS
geonames:6583814,identity,Curug Cilemper,https://www.geonames.org/6583814/,2026-09-29,cc-by-4.0,GeoNames item name; tourism status not proven
geonames:6583815,c5_category,Cagar Alam,https://www.geonames.org/6583815/,2026-09-29,cc-by-4.0,source tag=geonames/H.FLLS
geonames:6583815,identity,Curug Cijalu,https://www.geonames.org/6583815/,2026-09-29,cc-by-4.0,GeoNames item name; tourism status not proven
geonames:6584973,c5_category,Cagar Alam,https://www.geonames.org/6584973/,2026-09-29,cc-by-4.0,source tag=geonames/H.LK
geonames:6584973,identity,Situ Dano,https://www.geonames.org/6584973/,2026-09-29,cc-by-4.0,GeoNames item name; tourism status not proven
geonames:6585044,c5_category,Cagar Alam,https://www.geonames.org/6585044/,2026-09-29,cc-by-4.0,source tag=geonames/H.LK
geonames:6585044,identity,Situ Cimangsud,https://www.geonames.org/6585044/,2026-09-29,cc-by-4.0,GeoNames item name; tourism status not proven
geonames:6585325,c5_category,Cagar Alam,https://www.geonames.org/6585325/,2026-09-29,cc-by-4.0,source tag=geonames/H.LK
geonames:6585325,identity,Waduk Saguling,https://www.geonames.org/6585325/,2026-09-29,cc-by-4.0,GeoNames item name; tourism status not proven
geonames:6591372,c5_category,Cagar Alam,https://www.geonames.org/6591372/,2026-09-29,cc-by-4.0,source tag=geonames/H.LK
geonames:6591372,identity,Rawa Taman,https://www.geonames.org/6591372/,2026-09-29,cc-by-4.0,GeoNames item name; tourism status not proven
geonames:6591383,c5_category,Cagar Alam,https://www.geonames.org/6591383/,2026-09-29,cc-by-4.0,source tag=geonames/H.LK
geonames:6591383,identity,Rawa Leungsir,https://www.geonames.org/6591383/,2026-09-29,cc-by-4.0,GeoNames item name; tourism status not proven
geonames:6591388,c5_category,Cagar Alam,https://www.geonames.org/6591388/,2026-09-29,cc-by-4.0,source tag=geonames/H.LK
geonames:6591388,identity,Rawa Sadang,https://www.geonames.org/6591388/,2026-09-29,cc-by-4.0,GeoNames item name; tourism status not proven
geonames:6591504,c5_category,Cagar Alam,https://www.geonames.org/6591504/,2026-09-29,cc-by-4.0,source tag=geonames/H.LK
geonames:6591504,identity,Danau Kiuntang,https://www.geonames.org/6591504/,2026-09-29,cc-by-4.0,GeoNames item name; tourism status not proven
geonames:6591962,c5_category,Cagar Alam,https://www.geonames.org/6591962/,2026-09-29,cc-by-4.0,source tag=geonames/H.LK
geonames:6591962,identity,Situ Kubangpari,https://www.geonames.org/6591962/,2026-09-29,cc-by-4.0,GeoNames item name; tourism status not proven
geonames:6592888,c5_category,Cagar Alam,https://www.geonames.org/6592888/,2026-09-29,cc-by-4.0,source tag=geonames/H.LK
geonames:6592888,identity,Situ Buleud,https://www.geonames.org/6592888/,2026-09-29,cc-by-4.0,GeoNames item name; tourism status not proven
geonames:6593545,c5_category,Cagar Alam,https://www.geonames.org/6593545/,2026-09-29,cc-by-4.0,source tag=geonames/H.LK
geonames:6593545,identity,Situ Pariuk,https://www.geonames.org/6593545/,2026-09-29,cc-by-4.0,GeoNames item name; tourism status not proven
geonames:6594033,c5_category,Cagar Alam,https://www.geonames.org/6594033/,2026-09-29,cc-by-4.0,source tag=geonames/H.LK
geonames:6594033,identity,Situ Waringin,https://www.geonames.org/6594033/,2026-09-29,cc-by-4.0,GeoNames item name; tourism status not proven
geonames:6594158,c5_category,Cagar Alam,https://www.geonames.org/6594158/,2026-09-29,cc-by-4.0,source tag=geonames/H.LK
geonames:6594158,identity,Situ Kamojing,https://www.geonames.org/6594158/,2026-09-29,cc-by-4.0,GeoNames item name; tourism status not proven
geonames:6595828,c5_category,Cagar Alam,https://www.geonames.org/6595828/,2026-09-29,cc-by-4.0,source tag=geonames/H.LK
geonames:6595828,identity,Situ Jeruk,https://www.geonames.org/6595828/,2026-09-29,cc-by-4.0,GeoNames item name; tourism status not proven
geonames:6597314,c5_category,Cagar Alam,https://www.geonames.org/6597314/,2026-09-29,cc-by-4.0,source tag=geonames/H.LK
geonames:6597314,identity,Danau Cigombong,https://www.geonames.org/6597314/,2026-09-29,cc-by-4.0,GeoNames item name; tourism status not proven
geonames:6597461,c5_category,Taman Hiburan,https://www.geonames.org/6597461/,2026-09-29,cc-by-4.0,source tag=geonames/S.ZOO
geonames:6597461,identity,Taman Safari Indonesia,https://www.geonames.org/6597461/,2026-09-29,cc-by-4.0,GeoNames item name; tourism status not proven
geonames:6597960,c5_category,Budaya,https://www.geonames.org/6597960/,2026-09-29,cc-by-4.0,source tag=geonames/S.PAL
geonames:6597960,identity,Istana Bogor,https://www.geonames.org/6597960/,2026-09-29,cc-by-4.0,GeoNames item name; tourism status not proven
geonames:6599284,c5_category,Cagar Alam,https://www.geonames.org/6599284/,2026-09-29,cc-by-4.0,source tag=geonames/H.LK
geonames:6599284,identity,Situ Cibeureum,https://www.geonames.org/6599284/,2026-09-29,cc-by-4.0,GeoNames item name; tourism status not proven
geonames:6599354,c5_category,Cagar Alam,https://www.geonames.org/6599354/,2026-09-29,cc-by-4.0,source tag=geonames/H.LK
geonames:6599354,identity,Rawa Burangkeng,https://www.geonames.org/6599354/,2026-09-29,cc-by-4.0,GeoNames item name; tourism status not proven
geonames:6599374,c5_category,Cagar Alam,https://www.geonames.org/6599374/,2026-09-29,cc-by-4.0,source tag=geonames/H.LK
geonames:6599374,identity,Rawa Ciantra,https://www.geonames.org/6599374/,2026-09-29,cc-by-4.0,GeoNames item name; tourism status not proven
geonames:6599565,c5_category,Cagar Alam,https://www.geonames.org/6599565/,2026-09-29,cc-by-4.0,source tag=geonames/H.LK
geonames:6599565,identity,Situ Sindangsari,https://www.geonames.org/6599565/,2026-09-29,cc-by-4.0,GeoNames item name; tourism status not proven
geonames:6601688,c5_category,Cagar Alam,https://www.geonames.org/6601688/,2026-09-29,cc-by-4.0,source tag=geonames/H.LK
geonames:6601688,identity,Situ Cikumpay,https://www.geonames.org/6601688/,2026-09-29,cc-by-4.0,GeoNames item name; tourism status not proven
geonames:6603835,c5_category,Cagar Alam,https://www.geonames.org/6603835/,2026-09-29,cc-by-4.0,source tag=geonames/H.LK
geonames:6603835,identity,Situ Parakansalak,https://www.geonames.org/6603835/,2026-09-29,cc-by-4.0,GeoNames item name; tourism status not proven
geonames:6604116,c5_category,Cagar Alam,https://www.geonames.org/6604116/,2026-09-29,cc-by-4.0,source tag=geonames/H.LK
geonames:6604116,identity,Situ Paranje,https://www.geonames.org/6604116/,2026-09-29,cc-by-4.0,GeoNames item name; tourism status not proven
geonames:6604700,c5_category,Cagar Alam,https://www.geonames.org/6604700/,2026-09-29,cc-by-4.0,source tag=geonames/H.LK
geonames:6604700,identity,Situ Cigudeg,https://www.geonames.org/6604700/,2026-09-29,cc-by-4.0,GeoNames item name; tourism status not proven
geonames:6604957,c5_category,Cagar Alam,https://www.geonames.org/6604957/,2026-09-29,cc-by-4.0,source tag=geonames/H.LK
geonames:6604957,identity,Situ Saat,https://www.geonames.org/6604957/,2026-09-29,cc-by-4.0,GeoNames item name; tourism status not proven
geonames:6605111,c5_category,Cagar Alam,https://www.geonames.org/6605111/,2026-09-29,cc-by-4.0,source tag=geonames/H.LK
geonames:6605111,identity,Setu Moyan,https://www.geonames.org/6605111/,2026-09-29,cc-by-4.0,GeoNames item name; tourism status not proven
geonames:6605815,c5_category,Cagar Alam,https://www.geonames.org/6605815/,2026-09-29,cc-by-4.0,source tag=geonames/H.LK
geonames:6605815,identity,Situ Cicinta,https://www.geonames.org/6605815/,2026-09-29,cc-by-4.0,GeoNames item name; tourism status not proven
geonames:6606742,c5_category,Cagar Alam,https://www.geonames.org/6606742/,2026-09-29,cc-by-4.0,source tag=geonames/H.LK
geonames:6606742,identity,Situ Kidewong,https://www.geonames.org/6606742/,2026-09-29,cc-by-4.0,GeoNames item name; tourism status not proven
geonames:6606908,c5_category,Cagar Alam,https://www.geonames.org/6606908/,2026-09-29,cc-by-4.0,source tag=geonames/H.LK
geonames:6606908,identity,Situ Kedungsari,https://www.geonames.org/6606908/,2026-09-29,cc-by-4.0,GeoNames item name; tourism status not proven
geonames:6691947,c5_category,Cagar Alam,https://www.geonames.org/6691947/,2026-09-29,cc-by-4.0,source tag=geonames/H.LK
geonames:6691947,identity,Danau Buatan,https://www.geonames.org/6691947/,2026-09-29,cc-by-4.0,GeoNames item name; tourism status not proven
geonames:6693816,c5_category,Pantai,https://www.geonames.org/6693816/,2026-09-29,cc-by-4.0,source tag=geonames/T.BCHS
geonames:6693816,identity,Lovina Beach,https://www.geonames.org/6693816/,2026-09-29,cc-by-4.0,GeoNames item name; tourism status not proven
geonames:6693817,c5_category,Pantai,https://www.geonames.org/6693817/,2026-09-29,cc-by-4.0,source tag=geonames/T.BCH
geonames:6693817,identity,Legian Beach,https://www.geonames.org/6693817/,2026-09-29,cc-by-4.0,GeoNames item name; tourism status not proven
geonames:6694055,c5_category,Budaya,https://www.geonames.org/6694055/,2026-09-29,cc-by-4.0,source tag=geonames/S.MUS
geonames:6694055,identity,Museum Nasional,https://www.geonames.org/6694055/,2026-09-29,cc-by-4.0,GeoNames item name; tourism status not proven
geonames:6694056,c5_category,Budaya,https://www.geonames.org/6694056/,2026-09-29,cc-by-4.0,source tag=geonames/S.MNMT
geonames:6694056,identity,Monas,https://www.geonames.org/6694056/,2026-09-29,cc-by-4.0,GeoNames item name; tourism status not proven
geonames:6698248,c5_category,Budaya,https://www.geonames.org/6698248/,2026-09-29,cc-by-4.0,source tag=geonames/S.MNMT
geonames:6698248,identity,Tugu KKO,https://www.geonames.org/6698248/,2026-09-29,cc-by-4.0,GeoNames item name; tourism status not proven
geonames:6699931,c5_category,Cagar Alam,https://www.geonames.org/6699931/,2026-09-29,cc-by-4.0,source tag=geonames/H.LK
geonames:6699931,identity,Laut Kucak,https://www.geonames.org/6699931/,2026-09-29,cc-by-4.0,GeoNames item name; tourism status not proven
geonames:6700143,c5_category,Cagar Alam,https://www.geonames.org/6700143/,2026-09-29,cc-by-4.0,source tag=geonames/H.LK
geonames:6700143,identity,Danau Laut Bangko,https://www.geonames.org/6700143/,2026-09-29,cc-by-4.0,GeoNames item name; tourism status not proven
geonames:6700566,c5_category,Cagar Alam,https://www.geonames.org/6700566/,2026-09-29,cc-by-4.0,source tag=geonames/H.LK
geonames:6700566,identity,Geunang Peunia,https://www.geonames.org/6700566/,2026-09-29,cc-by-4.0,GeoNames item name; tourism status not proven
geonames:6700584,c5_category,Cagar Alam,https://www.geonames.org/6700584/,2026-09-29,cc-by-4.0,source tag=geonames/H.LK
geonames:6700584,identity,Pucok Laot,https://www.geonames.org/6700584/,2026-09-29,cc-by-4.0,GeoNames item name; tourism status not proven
geonames:6700913,c5_category,Cagar Alam,https://www.geonames.org/6700913/,2026-09-29,cc-by-4.0,source tag=geonames/H.LK
geonames:6700913,identity,Taleue Teungku Cotbagoh,https://www.geonames.org/6700913/,2026-09-29,cc-by-4.0,GeoNames item name; tourism status not proven
geonames:6702757,c5_category,Cagar Alam,https://www.geonames.org/6702757/,2026-09-29,cc-by-4.0,source tag=geonames/H.LK
geonames:6702757,identity,Danau Sitefato,https://www.geonames.org/6702757/,2026-09-29,cc-by-4.0,GeoNames item name; tourism status not proven
geonames:6702903,c5_category,Cagar Alam,https://www.geonames.org/6702903/,2026-09-29,cc-by-4.0,source tag=geonames/H.LK
geonames:6702903,identity,Kulamtangtang,https://www.geonames.org/6702903/,2026-09-29,cc-by-4.0,GeoNames item name; tourism status not proven
geonames:6704819,c5_category,Cagar Alam,https://www.geonames.org/6704819/,2026-09-29,cc-by-4.0,source tag=geonames/H.LK
geonames:6704819,identity,Danau Opupu,https://www.geonames.org/6704819/,2026-09-29,cc-by-4.0,GeoNames item name; tourism status not proven
geonames:6705238,c5_category,Cagar Alam,https://www.geonames.org/6705238/,2026-09-29,cc-by-4.0,source tag=geonames/H.LK
geonames:6705238,identity,Geuanggeudang,https://www.geonames.org/6705238/,2026-09-29,cc-by-4.0,GeoNames item name; tourism status not proven
geonames:6705703,c5_category,Cagar Alam,https://www.geonames.org/6705703/,2026-09-29,cc-by-4.0,source tag=geonames/H.LK
geonames:6705703,identity,Danau Paya Laot,https://www.geonames.org/6705703/,2026-09-29,cc-by-4.0,GeoNames item name; tourism status not proven
geonames:6705746,c5_category,Cagar Alam,https://www.geonames.org/6705746/,2026-09-29,cc-by-4.0,source tag=geonames/H.LK
geonames:6705746,identity,Danau Ulubulu,https://www.geonames.org/6705746/,2026-09-29,cc-by-4.0,GeoNames item name; tourism status not proven
geonames:6705854,c5_category,Cagar Alam,https://www.geonames.org/6705854/,2026-09-29,cc-by-4.0,source tag=geonames/H.LK
geonames:6705854,identity,Danau Marpunge,https://www.geonames.org/6705854/,2026-09-29,cc-by-4.0,GeoNames item name; tourism status not proven
geonames:6706014,c5_category,Cagar Alam,https://www.geonames.org/6706014/,2026-09-29,cc-by-4.0,source tag=geonames/H.LK
geonames:6706014,identity,Danau Kawar,https://www.geonames.org/6706014/,2026-09-29,cc-by-4.0,GeoNames item name; tourism status not proven
geonames:6706050,c5_category,Cagar Alam,https://www.geonames.org/6706050/,2026-09-29,cc-by-4.0,source tag=geonames/H.LK
geonames:6706050,identity,Danau Mardingding,https://www.geonames.org/6706050/,2026-09-29,cc-by-4.0,GeoNames item name; tourism status not proven
geonames:6706053,c5_category,Cagar Alam,https://www.geonames.org/6706053/,2026-09-29,cc-by-4.0,source tag=geonames/H.LK
geonames:6706053,identity,Danau Susuk,https://www.geonames.org/6706053/,2026-09-29,cc-by-4.0,GeoNames item name; tourism status not proven
geonames:6706247,c5_category,Cagar Alam,https://www.geonames.org/6706247/,2026-09-29,cc-by-4.0,source tag=geonames/H.LK
geonames:6706247,identity,Danau Taleuthu,https://www.geonames.org/6706247/,2026-09-29,cc-by-4.0,GeoNames item name; tourism status not proven
geonames:6707930,c5_category,Cagar Alam,https://www.geonames.org/6707930/,2026-09-29,cc-by-4.0,source tag=geonames/H.LK
geonames:6707930,identity,Danau Kurung,https://www.geonames.org/6707930/,2026-09-29,cc-by-4.0,GeoNames item name; tourism status not proven
geonames:6711669,c5_category,Cagar Alam,https://www.geonames.org/6711669/,2026-09-29,cc-by-4.0,source tag=geonames/H.LK
geonames:6711669,identity,Danau Lae Lestap,https://www.geonames.org/6711669/,2026-09-29,cc-by-4.0,GeoNames item name; tourism status not proven
geonames:6711673,c5_category,Cagar Alam,https://www.geonames.org/6711673/,2026-09-29,cc-by-4.0,source tag=geonames/H.LK
geonames:6711673,identity,Danau Sungara,https://www.geonames.org/6711673/,2026-09-29,cc-by-4.0,GeoNames item name; tourism status not proven
geonames:6712444,c5_category,Cagar Alam,https://www.geonames.org/6712444/,2026-09-29,cc-by-4.0,source tag=geonames/H.LK
geonames:6712444,identity,Rawa Peungapet,https://www.geonames.org/6712444/,2026-09-29,cc-by-4.0,GeoNames item name; tourism status not proven
geonames:6712458,c5_category,Pantai,https://www.geonames.org/6712458/,2026-09-29,cc-by-4.0,source tag=geonames/T.BCH
geonames:6712458,identity,Sawangbunga,https://www.geonames.org/6712458/,2026-09-29,cc-by-4.0,GeoNames item name; tourism status not proven
geonames:6712473,c5_category,Cagar Alam,https://www.geonames.org/6712473/,2026-09-29,cc-by-4.0,source tag=geonames/H.LK
geonames:6712473,identity,Lut Kucak,https://www.geonames.org/6712473/,2026-09-29,cc-by-4.0,GeoNames item name; tourism status not proven
geonames:6713383,c5_category,Cagar Alam,https://www.geonames.org/6713383/,2026-09-29,cc-by-4.0,source tag=geonames/H.LK
geonames:6713383,identity,Danau Lineir,https://www.geonames.org/6713383/,2026-09-29,cc-by-4.0,GeoNames item name; tourism status not proven
geonames:6713629,c5_category,Cagar Alam,https://www.geonames.org/6713629/,2026-09-29,cc-by-4.0,source tag=geonames/H.LK
geonames:6713629,identity,Danau Paris,https://www.geonames.org/6713629/,2026-09-29,cc-by-4.0,GeoNames item name; tourism status not proven
geonames:6713811,c5_category,Cagar Alam,https://www.geonames.org/6713811/,2026-09-29,cc-by-4.0,source tag=geonames/H.LK
geonames:6713811,identity,Danau Maranli,https://www.geonames.org/6713811/,2026-09-29,cc-by-4.0,GeoNames item name; tourism status not proven
geonames:6713829,c5_category,Cagar Alam,https://www.geonames.org/6713829/,2026-09-29,cc-by-4.0,source tag=geonames/H.LK
geonames:6713829,identity,Danau Sihaba,https://www.geonames.org/6713829/,2026-09-29,cc-by-4.0,GeoNames item name; tourism status not proven
geonames:6714327,c5_category,Cagar Alam,https://www.geonames.org/6714327/,2026-09-29,cc-by-4.0,source tag=geonames/H.LK
geonames:6714327,identity,Danau Teratai,https://www.geonames.org/6714327/,2026-09-29,cc-by-4.0,GeoNames item name; tourism status not proven
geonames:6715109,c5_category,Cagar Alam,https://www.geonames.org/6715109/,2026-09-29,cc-by-4.0,source tag=geonames/H.LK
geonames:6715109,identity,Danau Pinang,https://www.geonames.org/6715109/,2026-09-29,cc-by-4.0,GeoNames item name; tourism status not proven
geonames:6715350,c5_category,Cagar Alam,https://www.geonames.org/6715350/,2026-09-29,cc-by-4.0,source tag=geonames/H.LK
geonames:6715350,identity,Danau Lautdendang,https://www.geonames.org/6715350/,2026-09-29,cc-by-4.0,GeoNames item name; tourism status not proven
geonames:6715585,c5_category,Cagar Alam,https://www.geonames.org/6715585/,2026-09-29,cc-by-4.0,source tag=geonames/H.LK
geonames:6715585,identity,Danau Lauttodor,https://www.geonames.org/6715585/,2026-09-29,cc-by-4.0,GeoNames item name; tourism status not proven
geonames:6718789,c5_category,Cagar Alam,https://www.geonames.org/6718789/,2026-09-29,cc-by-4.0,source tag=geonames/H.LK
geonames:6718789,identity,Danau Glokkarieng,https://www.geonames.org/6718789/,2026-09-29,cc-by-4.0,GeoNames item name; tourism status not proven
geonames:6720459,c5_category,Cagar Alam,https://www.geonames.org/6720459/,2026-09-29,cc-by-4.0,source tag=geonames/H.LK
geonames:6720459,identity,Danau Etutuk,https://www.geonames.org/6720459/,2026-09-29,cc-by-4.0,GeoNames item name; tourism status not proven
geonames:6721196,c5_category,Cagar Alam,https://www.geonames.org/6721196/,2026-09-29,cc-by-4.0,source tag=geonames/H.LK
geonames:6721196,identity,Danau Laut Penang Suasa,https://www.geonames.org/6721196/,2026-09-29,cc-by-4.0,GeoNames item name; tourism status not proven
geonames:6721215,c5_category,Cagar Alam,https://www.geonames.org/6721215/,2026-09-29,cc-by-4.0,source tag=geonames/H.LK
geonames:6721215,identity,Danau Padang Kleng,https://www.geonames.org/6721215/,2026-09-29,cc-by-4.0,GeoNames item name; tourism status not proven
geonames:6721967,c5_category,Pantai,https://www.geonames.org/6721967/,2026-09-29,cc-by-4.0,source tag=geonames/T.BCH
geonames:6721967,identity,Pantai Indah Sialang Buah,https://www.geonames.org/6721967/,2026-09-29,cc-by-4.0,GeoNames item name; tourism status not proven
geonames:6722452,c5_category,Cagar Alam,https://www.geonames.org/6722452/,2026-09-29,cc-by-4.0,source tag=geonames/H.LK
geonames:6722452,identity,Danau Ombak,https://www.geonames.org/6722452/,2026-09-29,cc-by-4.0,GeoNames item name; tourism status not proven
geonames:6722453,c5_category,Cagar Alam,https://www.geonames.org/6722453/,2026-09-29,cc-by-4.0,source tag=geonames/H.LK
geonames:6722453,identity,Danau Kulit Kayu,https://www.geonames.org/6722453/,2026-09-29,cc-by-4.0,GeoNames item name; tourism status not proven
geonames:6722462,c5_category,Cagar Alam,https://www.geonames.org/6722462/,2026-09-29,cc-by-4.0,source tag=geonames/H.LK
geonames:6722462,identity,Danau Sicolik,https://www.geonames.org/6722462/,2026-09-29,cc-by-4.0,GeoNames item name; tourism status not proven
geonames:6722463,c5_category,Cagar Alam,https://www.geonames.org/6722463/,2026-09-29,cc-by-4.0,source tag=geonames/H.LK
geonames:6722463,identity,Danau Baru,https://www.geonames.org/6722463/,2026-09-29,cc-by-4.0,GeoNames item name; tourism status not proven
geonames:6722474,c5_category,Cagar Alam,https://www.geonames.org/6722474/,2026-09-29,cc-by-4.0,source tag=geonames/H.LK
geonames:6722474,identity,Danau Sialang Sanda,https://www.geonames.org/6722474/,2026-09-29,cc-by-4.0,GeoNames item name; tourism status not proven
geonames:6722641,c5_category,Cagar Alam,https://www.geonames.org/6722641/,2026-09-29,cc-by-4.0,source tag=geonames/H.LK
geonames:6722641,identity,Danau Tatangah,https://www.geonames.org/6722641/,2026-09-29,cc-by-4.0,GeoNames item name; tourism status not proven
geonames:6722642,c5_category,Cagar Alam,https://www.geonames.org/6722642/,2026-09-29,cc-by-4.0,source tag=geonames/H.LK
geonames:6722642,identity,Danau Baru,https://www.geonames.org/6722642/,2026-09-29,cc-by-4.0,GeoNames item name; tourism status not proven
geonames:6722643,c5_category,Cagar Alam,https://www.geonames.org/6722643/,2026-09-29,cc-by-4.0,source tag=geonames/H.LK
geonames:6722643,identity,Danau Kutib,https://www.geonames.org/6722643/,2026-09-29,cc-by-4.0,GeoNames item name; tourism status not proven
geonames:6722647,c5_category,Cagar Alam,https://www.geonames.org/6722647/,2026-09-29,cc-by-4.0,source tag=geonames/H.LK
geonames:6722647,identity,Danau Tanjung Durian,https://www.geonames.org/6722647/,2026-09-29,cc-by-4.0,GeoNames item name; tourism status not proven
geonames:6722648,c5_category,Cagar Alam,https://www.geonames.org/6722648/,2026-09-29,cc-by-4.0,source tag=geonames/H.LK
geonames:6722648,identity,Danau Sekayan,https://www.geonames.org/6722648/,2026-09-29,cc-by-4.0,GeoNames item name; tourism status not proven
geonames:6722649,c5_category,Cagar Alam,https://www.geonames.org/6722649/,2026-09-29,cc-by-4.0,source tag=geonames/H.LK
geonames:6722649,identity,Danau Pempinang Dalam,https://www.geonames.org/6722649/,2026-09-29,cc-by-4.0,GeoNames item name; tourism status not proven
geonames:6722650,c5_category,Cagar Alam,https://www.geonames.org/6722650/,2026-09-29,cc-by-4.0,source tag=geonames/H.LK
geonames:6722650,identity,Danau Pempinang Luaf,https://www.geonames.org/6722650/,2026-09-29,cc-by-4.0,GeoNames item name; tourism status not proven
geonames:6722651,c5_category,Cagar Alam,https://www.geonames.org/6722651/,2026-09-29,cc-by-4.0,source tag=geonames/H.LK
geonames:6722651,identity,Danau Bunter,https://www.geonames.org/6722651/,2026-09-29,cc-by-4.0,GeoNames item name; tourism status not proven
geonames:6722652,c5_category,Cagar Alam,https://www.geonames.org/6722652/,2026-09-29,cc-by-4.0,source tag=geonames/H.LK
geonames:6722652,identity,Danau Salabuna,https://www.geonames.org/6722652/,2026-09-29,cc-by-4.0,GeoNames item name; tourism status not proven
geonames:6722653,c5_category,Cagar Alam,https://www.geonames.org/6722653/,2026-09-29,cc-by-4.0,source tag=geonames/H.LK
geonames:6722653,identity,Danau Dencah Kepau,https://www.geonames.org/6722653/,2026-09-29,cc-by-4.0,GeoNames item name; tourism status not proven
geonames:6722656,c5_category,Cagar Alam,https://www.geonames.org/6722656/,2026-09-29,cc-by-4.0,source tag=geonames/H.LK
geonames:6722656,identity,Danau Sipinang,https://www.geonames.org/6722656/,2026-09-29,cc-by-4.0,GeoNames item name; tourism status not proven
geonames:6722657,c5_category,Cagar Alam,https://www.geonames.org/6722657/,2026-09-29,cc-by-4.0,source tag=geonames/H.LK
geonames:6722657,identity,Danau Satomah,https://www.geonames.org/6722657/,2026-09-29,cc-by-4.0,GeoNames item name; tourism status not proven
geonames:6722665,c5_category,Cagar Alam,https://www.geonames.org/6722665/,2026-09-29,cc-by-4.0,source tag=geonames/H.LK
geonames:6722665,identity,Danau Teluk Kemang,https://www.geonames.org/6722665/,2026-09-29,cc-by-4.0,GeoNames item name; tourism status not proven
geonames:6722666,c5_category,Cagar Alam,https://www.geonames.org/6722666/,2026-09-29,cc-by-4.0,source tag=geonames/H.LK
geonames:6722666,identity,Danau Teluk Kejuit,https://www.geonames.org/6722666/,2026-09-29,cc-by-4.0,GeoNames item name; tourism status not proven
geonames:6722673,c5_category,Cagar Alam,https://www.geonames.org/6722673/,2026-09-29,cc-by-4.0,source tag=geonames/H.LK
geonames:6722673,identity,Danau Salam Dukung,https://www.geonames.org/6722673/,2026-09-29,cc-by-4.0,GeoNames item name; tourism status not proven
geonames:6722674,c5_category,Cagar Alam,https://www.geonames.org/6722674/,2026-09-29,cc-by-4.0,source tag=geonames/H.LK
geonames:6722674,identity,Danau Kelapastuar,https://www.geonames.org/6722674/,2026-09-29,cc-by-4.0,GeoNames item name; tourism status not proven
geonames:6722822,c5_category,Cagar Alam,https://www.geonames.org/6722822/,2026-09-29,cc-by-4.0,source tag=geonames/H.LK
geonames:6722822,identity,Danau Sepunjung,https://www.geonames.org/6722822/,2026-09-29,cc-by-4.0,GeoNames item name; tourism status not proven
geonames:6722826,c5_category,Cagar Alam,https://www.geonames.org/6722826/,2026-09-29,cc-by-4.0,source tag=geonames/H.LK
geonames:6722826,identity,Danau Karangan,https://www.geonames.org/6722826/,2026-09-29,cc-by-4.0,GeoNames item name; tourism status not proven
geonames:6722932,c5_category,Cagar Alam,https://www.geonames.org/6722932/,2026-09-29,cc-by-4.0,source tag=geonames/H.LK
geonames:6722932,identity,Danau Rantau Panjang,https://www.geonames.org/6722932/,2026-09-29,cc-by-4.0,GeoNames item name; tourism status not proven
geonames:6722950,c5_category,Cagar Alam,https://www.geonames.org/6722950/,2026-09-29,cc-by-4.0,source tag=geonames/H.LK
geonames:6722950,identity,Danau Legasi Laut,https://www.geonames.org/6722950/,2026-09-29,cc-by-4.0,GeoNames item name; tourism status not proven
geonames:6722953,c5_category,Cagar Alam,https://www.geonames.org/6722953/,2026-09-29,cc-by-4.0,source tag=geonames/H.LK
geonames:6722953,identity,Danau Langga Tinggi,https://www.geonames.org/6722953/,2026-09-29,cc-by-4.0,GeoNames item name; tourism status not proven
geonames:6722956,c5_category,Cagar Alam,https://www.geonames.org/6722956/,2026-09-29,cc-by-4.0,source tag=geonames/H.LK
geonames:6722956,identity,Danau Buntar,https://www.geonames.org/6722956/,2026-09-29,cc-by-4.0,GeoNames item name; tourism status not proven
geonames:6722957,c5_category,Cagar Alam,https://www.geonames.org/6722957/,2026-09-29,cc-by-4.0,source tag=geonames/H.LK
geonames:6722957,identity,Danau Tanjung Belit Dalam,https://www.geonames.org/6722957/,2026-09-29,cc-by-4.0,GeoNames item name; tourism status not proven
geonames:6722958,c5_category,Cagar Alam,https://www.geonames.org/6722958/,2026-09-29,cc-by-4.0,source tag=geonames/H.LK
geonames:6722958,identity,Danau Tanjung Putus,https://www.geonames.org/6722958/,2026-09-29,cc-by-4.0,GeoNames item name; tourism status not proven
geonames:6722959,c5_category,Cagar Alam,https://www.geonames.org/6722959/,2026-09-29,cc-by-4.0,source tag=geonames/H.LK
geonames:6722959,identity,Danau Tanjung Pait,https://www.geonames.org/6722959/,2026-09-29,cc-by-4.0,GeoNames item name; tourism status not proven
geonames:6722960,c5_category,Cagar Alam,https://www.geonames.org/6722960/,2026-09-29,cc-by-4.0,source tag=geonames/H.LK
geonames:6722960,identity,Danau Tanjung Belit Luar,https://www.geonames.org/6722960/,2026-09-29,cc-by-4.0,GeoNames item name; tourism status not proven
geonames:6723237,c5_category,Cagar Alam,https://www.geonames.org/6723237/,2026-09-29,cc-by-4.0,source tag=geonames/H.LK
geonames:6723237,identity,Danau Ikeuen,https://www.geonames.org/6723237/,2026-09-29,cc-by-4.0,GeoNames item name; tourism status not proven
geonames:6724113,c5_category,Cagar Alam,https://www.geonames.org/6724113/,2026-09-29,cc-by-4.0,source tag=geonames/H.LK
geonames:6724113,identity,Danau Pantunan,https://www.geonames.org/6724113/,2026-09-29,cc-by-4.0,GeoNames item name; tourism status not proven
geonames:6724449,c5_category,Cagar Alam,https://www.geonames.org/6724449/,2026-09-29,cc-by-4.0,source tag=geonames/H.LK
geonames:6724449,identity,Laut Reuloih,https://www.geonames.org/6724449/,2026-09-29,cc-by-4.0,GeoNames item name; tourism status not proven
geonames:6724715,c5_category,Cagar Alam,https://www.geonames.org/6724715/,2026-09-29,cc-by-4.0,source tag=geonames/H.LK
geonames:6724715,identity,Danau Siais,https://www.geonames.org/6724715/,2026-09-29,cc-by-4.0,GeoNames item name; tourism status not proven
geonames:6729729,c5_category,Cagar Alam,https://www.geonames.org/6729729/,2026-09-29,cc-by-4.0,source tag=geonames/H.LK
geonames:6729729,identity,Danau Baua,https://www.geonames.org/6729729/,2026-09-29,cc-by-4.0,GeoNames item name; tourism status not proven
geonames:6730199,c5_category,Cagar Alam,https://www.geonames.org/6730199/,2026-09-29,cc-by-4.0,source tag=geonames/H.LK
geonames:6730199,identity,Danau Elauloh,https://www.geonames.org/6730199/,2026-09-29,cc-by-4.0,GeoNames item name; tourism status not proven
geonames:6730217,c5_category,Cagar Alam,https://www.geonames.org/6730217/,2026-09-29,cc-by-4.0,source tag=geonames/H.LK
geonames:6730217,identity,Danau Etutuk,https://www.geonames.org/6730217/,2026-09-29,cc-by-4.0,GeoNames item name; tourism status not proven
geonames:6732153,c5_category,Cagar Alam,https://www.geonames.org/6732153/,2026-09-29,cc-by-4.0,source tag=geonames/H.LK
geonames:6732153,identity,Danau Lubuk Siam,https://www.geonames.org/6732153/,2026-09-29,cc-by-4.0,GeoNames item name; tourism status not proven
geonames:6732154,c5_category,Cagar Alam,https://www.geonames.org/6732154/,2026-09-29,cc-by-4.0,source tag=geonames/H.LK
geonames:6732154,identity,Danau Atehutan,https://www.geonames.org/6732154/,2026-09-29,cc-by-4.0,GeoNames item name; tourism status not proven
geonames:6732156,c5_category,Cagar Alam,https://www.geonames.org/6732156/,2026-09-29,cc-by-4.0,source tag=geonames/H.LK
geonames:6732156,identity,Danau Raja,https://www.geonames.org/6732156/,2026-09-29,cc-by-4.0,GeoNames item name; tourism status not proven
geonames:6732157,c5_category,Cagar Alam,https://www.geonames.org/6732157/,2026-09-29,cc-by-4.0,source tag=geonames/H.LK
geonames:6732157,identity,Danau Perupuk,https://www.geonames.org/6732157/,2026-09-29,cc-by-4.0,GeoNames item name; tourism status not proven
geonames:6733199,c5_category,Cagar Alam,https://www.geonames.org/6733199/,2026-09-29,cc-by-4.0,source tag=geonames/H.LK
geonames:6733199,identity,Danau Mangappo,https://www.geonames.org/6733199/,2026-09-29,cc-by-4.0,GeoNames item name; tourism status not proven
geonames:6733200,c5_category,Cagar Alam,https://www.geonames.org/6733200/,2026-09-29,cc-by-4.0,source tag=geonames/H.LK
geonames:6733200,identity,Danau Kalappo,https://www.geonames.org/6733200/,2026-09-29,cc-by-4.0,GeoNames item name; tourism status not proven
geonames:6733507,c5_category,Cagar Alam,https://www.geonames.org/6733507/,2026-09-29,cc-by-4.0,source tag=geonames/H.LK
geonames:6733507,identity,Danau Mawang,https://www.geonames.org/6733507/,2026-09-29,cc-by-4.0,GeoNames item name; tourism status not proven
geonames:6733966,c5_category,Cagar Alam,https://www.geonames.org/6733966/,2026-09-29,cc-by-4.0,source tag=geonames/H.FLLS
geonames:6733966,identity,Air Terjun Takapala,https://www.geonames.org/6733966/,2026-09-29,cc-by-4.0,GeoNames item name; tourism status not proven
geonames:6734325,c5_category,Cagar Alam,https://www.geonames.org/6734325/,2026-09-29,cc-by-4.0,source tag=geonames/H.LK
geonames:6734325,identity,Danau Mata,https://www.geonames.org/6734325/,2026-09-29,cc-by-4.0,GeoNames item name; tourism status not proven
geonames:6735589,c5_category,Cagar Alam,https://www.geonames.org/6735589/,2026-09-29,cc-by-4.0,source tag=geonames/H.LK
geonames:6735589,identity,Telaga Tasikoki,https://www.geonames.org/6735589/,2026-09-29,cc-by-4.0,GeoNames item name; tourism status not proven
geonames:6751104,c5_category,Cagar Alam,https://www.geonames.org/6751104/,2026-09-29,cc-by-4.0,source tag=geonames/H.LK
geonames:6751104,identity,Setu Gadog,https://www.geonames.org/6751104/,2026-09-29,cc-by-4.0,GeoNames item name; tourism status not proven
geonames:6751320,c5_category,Cagar Alam,https://www.geonames.org/6751320/,2026-09-29,cc-by-4.0,source tag=geonames/L.PRK
geonames:6751320,identity,Taman Mini Indonesia Indah,https://www.geonames.org/6751320/,2026-09-29,cc-by-4.0,GeoNames item name; tourism status not proven
geonames:6751329,c5_category,Cagar Alam,https://www.geonames.org/6751329/,2026-09-29,cc-by-4.0,source tag=geonames/H.LK
geonames:6751329,identity,Rawa Gede,https://www.geonames.org/6751329/,2026-09-29,cc-by-4.0,GeoNames item name; tourism status not proven
geonames:6752240,c5_category,Cagar Alam,https://www.geonames.org/6752240/,2026-09-29,cc-by-4.0,source tag=geonames/H.LK
geonames:6752240,identity,Waduk Clumpit,https://www.geonames.org/6752240/,2026-09-29,cc-by-4.0,GeoNames item name; tourism status not proven
geonames:6752241,c5_category,Cagar Alam,https://www.geonames.org/6752241/,2026-09-29,cc-by-4.0,source tag=geonames/H.LK
geonames:6752241,identity,Waduk Bengkah,https://www.geonames.org/6752241/,2026-09-29,cc-by-4.0,GeoNames item name; tourism status not proven
geonames:6752531,c5_category,Cagar Alam,https://www.geonames.org/6752531/,2026-09-29,cc-by-4.0,source tag=geonames/H.LK
geonames:6752531,identity,Waduk Gunungrowo,https://www.geonames.org/6752531/,2026-09-29,cc-by-4.0,GeoNames item name; tourism status not proven
geonames:6752622,c5_category,Cagar Alam,https://www.geonames.org/6752622/,2026-09-29,cc-by-4.0,source tag=geonames/H.LK
geonames:6752622,identity,Waduk Gembong,https://www.geonames.org/6752622/,2026-09-29,cc-by-4.0,GeoNames item name; tourism status not proven
geonames:6752973,c5_category,Cagar Alam,https://www.geonames.org/6752973/,2026-09-29,cc-by-4.0,source tag=geonames/H.LK
geonames:6752973,identity,Danau Luraya,https://www.geonames.org/6752973/,2026-09-29,cc-by-4.0,GeoNames item name; tourism status not proven
geonames:6753787,c5_category,Cagar Alam,https://www.geonames.org/6753787/,2026-09-29,cc-by-4.0,source tag=geonames/H.FLLS
geonames:6753787,identity,Curug Cisabuk,https://www.geonames.org/6753787/,2026-09-29,cc-by-4.0,GeoNames item name; tourism status not proven
geonames:6753847,c5_category,Cagar Alam,https://www.geonames.org/6753847/,2026-09-29,cc-by-4.0,source tag=geonames/H.FLLS
geonames:6753847,identity,Curug Ciayunan,https://www.geonames.org/6753847/,2026-09-29,cc-by-4.0,GeoNames item name; tourism status not proven
geonames:6754821,c5_category,Cagar Alam,https://www.geonames.org/6754821/,2026-09-29,cc-by-4.0,source tag=geonames/H.LK
geonames:6754821,identity,Danau Cincin,https://www.geonames.org/6754821/,2026-09-29,cc-by-4.0,GeoNames item name; tourism status not proven
geonames:6755758,c5_category,Cagar Alam,https://www.geonames.org/6755758/,2026-09-29,cc-by-4.0,source tag=geonames/H.LK
geonames:6755758,identity,Danau Pangolombian,https://www.geonames.org/6755758/,2026-09-29,cc-by-4.0,GeoNames item name; tourism status not proven
geonames:6755759,c5_category,Cagar Alam,https://www.geonames.org/6755759/,2026-09-29,cc-by-4.0,source tag=geonames/H.LK
geonames:6755759,identity,Danau Tampusu,https://www.geonames.org/6755759/,2026-09-29,cc-by-4.0,GeoNames item name; tourism status not proven
geonames:6762465,c5_category,Cagar Alam,https://www.geonames.org/6762465/,2026-09-29,cc-by-4.0,source tag=geonames/H.LK
geonames:6762465,identity,Tasik Ardi,https://www.geonames.org/6762465/,2026-09-29,cc-by-4.0,GeoNames item name; tourism status not proven
geonames:6765282,c5_category,Cagar Alam,https://www.geonames.org/6765282/,2026-09-29,cc-by-4.0,source tag=geonames/H.LK
geonames:6765282,identity,Waduk Dawuhan,https://www.geonames.org/6765282/,2026-09-29,cc-by-4.0,GeoNames item name; tourism status not proven
geonames:6765360,c5_category,Cagar Alam,https://www.geonames.org/6765360/,2026-09-29,cc-by-4.0,source tag=geonames/H.LK
geonames:6765360,identity,Waduk Saradan,https://www.geonames.org/6765360/,2026-09-29,cc-by-4.0,GeoNames item name; tourism status not proven
geonames:6766046,c5_category,Budaya,https://www.geonames.org/6766046/,2026-09-29,cc-by-4.0,source tag=geonames/S.MNMT
geonames:6766046,identity,Monumen Yos Sudarso,https://www.geonames.org/6766046/,2026-09-29,cc-by-4.0,GeoNames item name; tourism status not proven
geonames:6768215,c5_category,Cagar Alam,https://www.geonames.org/6768215/,2026-09-29,cc-by-4.0,source tag=geonames/H.FLLS
geonames:6768215,identity,Curug Bengkuang,https://www.geonames.org/6768215/,2026-09-29,cc-by-4.0,GeoNames item name; tourism status not proven
geonames:6768940,c5_category,Tempat Ibadah,https://www.geonames.org/6768940/,2026-09-29,cc-by-4.0,source tag=geonames/S.TMPL
geonames:6768940,identity,Candi Badud,https://www.geonames.org/6768940/,2026-09-29,cc-by-4.0,GeoNames item name; tourism status not proven
geonames:6773217,c5_category,Cagar Alam,https://www.geonames.org/6773217/,2026-09-29,cc-by-4.0,source tag=geonames/H.LK
geonames:6773217,identity,Bendung Buyutan,https://www.geonames.org/6773217/,2026-09-29,cc-by-4.0,GeoNames item name; tourism status not proven
geonames:6773223,c5_category,Cagar Alam,https://www.geonames.org/6773223/,2026-09-29,cc-by-4.0,source tag=geonames/H.LK
geonames:6773223,identity,Bendung Durmagah,https://www.geonames.org/6773223/,2026-09-29,cc-by-4.0,GeoNames item name; tourism status not proven
geonames:6773324,c5_category,Cagar Alam,https://www.geonames.org/6773324/,2026-09-29,cc-by-4.0,source tag=geonames/H.LK
geonames:6773324,identity,Bendung Gadding,https://www.geonames.org/6773324/,2026-09-29,cc-by-4.0,GeoNames item name; tourism status not proven
geonames:6774017,c5_category,Cagar Alam,https://www.geonames.org/6774017/,2026-09-29,cc-by-4.0,source tag=geonames/H.LK
geonames:6774017,identity,Situ Tanjung,https://www.geonames.org/6774017/,2026-09-29,cc-by-4.0,GeoNames item name; tourism status not proven
geonames:6774063,c5_category,Cagar Alam,https://www.geonames.org/6774063/,2026-09-29,cc-by-4.0,source tag=geonames/H.LK
geonames:6774063,identity,Situ Rantun,https://www.geonames.org/6774063/,2026-09-29,cc-by-4.0,GeoNames item name; tourism status not proven
geonames:6774127,c5_category,Cagar Alam,https://www.geonames.org/6774127/,2026-09-29,cc-by-4.0,source tag=geonames/H.LK
geonames:6774127,identity,Situ Sukamaju,https://www.geonames.org/6774127/,2026-09-29,cc-by-4.0,GeoNames item name; tourism status not proven
geonames:6774203,c5_category,Cagar Alam,https://www.geonames.org/6774203/,2026-09-29,cc-by-4.0,source tag=geonames/H.LK
geonames:6774203,identity,Situ Cisanca,https://www.geonames.org/6774203/,2026-09-29,cc-by-4.0,GeoNames item name; tourism status not proven
geonames:6775981,c5_category,Cagar Alam,https://www.geonames.org/6775981/,2026-09-29,cc-by-4.0,source tag=geonames/H.LK
geonames:6775981,identity,Waduk Jurangkuping,https://www.geonames.org/6775981/,2026-09-29,cc-by-4.0,GeoNames item name; tourism status not proven
geonames:6775984,c5_category,Cagar Alam,https://www.geonames.org/6775984/,2026-09-29,cc-by-4.0,source tag=geonames/H.LK
geonames:6775984,identity,Waduk Sumengko,https://www.geonames.org/6775984/,2026-09-29,cc-by-4.0,GeoNames item name; tourism status not proven
geonames:6778780,c5_category,Cagar Alam,https://www.geonames.org/6778780/,2026-09-29,cc-by-4.0,source tag=geonames/H.FLLS
geonames:6778780,identity,Airterjun Madakaripura,https://www.geonames.org/6778780/,2026-09-29,cc-by-4.0,GeoNames item name; tourism status not proven
geonames:6779014,c5_category,Cagar Alam,https://www.geonames.org/6779014/,2026-09-29,cc-by-4.0,source tag=geonames/H.LK
geonames:6779014,identity,Bendung Klampis,https://www.geonames.org/6779014/,2026-09-29,cc-by-4.0,GeoNames item name; tourism status not proven
geonames:6781791,c5_category,Cagar Alam,https://www.geonames.org/6781791/,2026-09-29,cc-by-4.0,source tag=geonames/L.PRK
geonames:6781791,identity,Taman Wisata Joko Tarub,https://www.geonames.org/6781791/,2026-09-29,cc-by-4.0,GeoNames item name; tourism status not proven
geonames:6781844,c5_category,Cagar Alam,https://www.geonames.org/6781844/,2026-09-29,cc-by-4.0,source tag=geonames/L.PRK
geonames:6781844,identity,Taman Wisata Gunung Ngerong,https://www.geonames.org/6781844/,2026-09-29,cc-by-4.0,GeoNames item name; tourism status not proven
geonames:6781846,c5_category,Cagar Alam,https://www.geonames.org/6781846/,2026-09-29,cc-by-4.0,source tag=geonames/H.LK
geonames:6781846,identity,Danau Beron,https://www.geonames.org/6781846/,2026-09-29,cc-by-4.0,GeoNames item name; tourism status not proven
geonames:6782031,c5_category,Cagar Alam,https://www.geonames.org/6782031/,2026-09-29,cc-by-4.0,source tag=geonames/H.LK
geonames:6782031,identity,Waduk Gempol,https://www.geonames.org/6782031/,2026-09-29,cc-by-4.0,GeoNames item name; tourism status not proven
geonames:6782057,c5_category,Cagar Alam,https://www.geonames.org/6782057/,2026-09-29,cc-by-4.0,source tag=geonames/H.LK
geonames:6782057,identity,Waduk Mojomanis,https://www.geonames.org/6782057/,2026-09-29,cc-by-4.0,GeoNames item name; tourism status not proven
geonames:6782104,c5_category,Cagar Alam,https://www.geonames.org/6782104/,2026-09-29,cc-by-4.0,source tag=geonames/H.LK
geonames:6782104,identity,Waduk Pelang,https://www.geonames.org/6782104/,2026-09-29,cc-by-4.0,GeoNames item name; tourism status not proven
geonames:6782202,c5_category,Cagar Alam,https://www.geonames.org/6782202/,2026-09-29,cc-by-4.0,source tag=geonames/H.LK
geonames:6782202,identity,Waduk German,https://www.geonames.org/6782202/,2026-09-29,cc-by-4.0,GeoNames item name; tourism status not proven
geonames:6783884,c5_category,Cagar Alam,https://www.geonames.org/6783884/,2026-09-29,cc-by-4.0,source tag=geonames/H.FLLS
geonames:6783884,identity,Air Terjun Rambutmoyo,https://www.geonames.org/6783884/,2026-09-29,cc-by-4.0,GeoNames item name; tourism status not proven
geonames:6786082,c5_category,Cagar Alam,https://www.geonames.org/6786082/,2026-09-29,cc-by-4.0,source tag=geonames/H.LK
geonames:6786082,identity,Waduk Canggah,https://www.geonames.org/6786082/,2026-09-29,cc-by-4.0,GeoNames item name; tourism status not proven
geonames:6786084,c5_category,Cagar Alam,https://www.geonames.org/6786084/,2026-09-29,cc-by-4.0,source tag=geonames/H.LK
geonames:6786084,identity,Waduk Tuwiri,https://www.geonames.org/6786084/,2026-09-29,cc-by-4.0,GeoNames item name; tourism status not proven
geonames:6786095,c5_category,Cagar Alam,https://www.geonames.org/6786095/,2026-09-29,cc-by-4.0,source tag=geonames/H.LK
geonames:6786095,identity,Waduk Beru,https://www.geonames.org/6786095/,2026-09-29,cc-by-4.0,GeoNames item name; tourism status not proven
geonames:6786100,c5_category,Cagar Alam,https://www.geonames.org/6786100/,2026-09-29,cc-by-4.0,source tag=geonames/H.LK
geonames:6786100,identity,Waduk Tambakrejo,https://www.geonames.org/6786100/,2026-09-29,cc-by-4.0,GeoNames item name; tourism status not proven
geonames:6786107,c5_category,Cagar Alam,https://www.geonames.org/6786107/,2026-09-29,cc-by-4.0,source tag=geonames/H.LK
geonames:6786107,identity,Waduk Pilanggadung,https://www.geonames.org/6786107/,2026-09-29,cc-by-4.0,GeoNames item name; tourism status not proven
geonames:6786109,c5_category,Cagar Alam,https://www.geonames.org/6786109/,2026-09-29,cc-by-4.0,source tag=geonames/H.LK
geonames:6786109,identity,Waduk Karangpilang,https://www.geonames.org/6786109/,2026-09-29,cc-by-4.0,GeoNames item name; tourism status not proven
geonames:6786120,c5_category,Cagar Alam,https://www.geonames.org/6786120/,2026-09-29,cc-by-4.0,source tag=geonames/H.LK
geonames:6786120,identity,Waduk Lopang,https://www.geonames.org/6786120/,2026-09-29,cc-by-4.0,GeoNames item name; tourism status not proven
geonames:6786128,c5_category,Cagar Alam,https://www.geonames.org/6786128/,2026-09-29,cc-by-4.0,source tag=geonames/H.LK
geonames:6786128,identity,Waduk Mumbulan,https://www.geonames.org/6786128/,2026-09-29,cc-by-4.0,GeoNames item name; tourism status not proven
geonames:6786136,c5_category,Cagar Alam,https://www.geonames.org/6786136/,2026-09-29,cc-by-4.0,source tag=geonames/H.LK
geonames:6786136,identity,Waduk Delikguno,https://www.geonames.org/6786136/,2026-09-29,cc-by-4.0,GeoNames item name; tourism status not proven
geonames:6786148,c5_category,Cagar Alam,https://www.geonames.org/6786148/,2026-09-29,cc-by-4.0,source tag=geonames/H.LK
geonames:6786148,identity,Waduk Dampit,https://www.geonames.org/6786148/,2026-09-29,cc-by-4.0,GeoNames item name; tourism status not proven
geonames:6786151,c5_category,Cagar Alam,https://www.geonames.org/6786151/,2026-09-29,cc-by-4.0,source tag=geonames/H.LK
geonames:6786151,identity,Waduk Bajangan,https://www.geonames.org/6786151/,2026-09-29,cc-by-4.0,GeoNames item name; tourism status not proven
geonames:6786155,c5_category,Cagar Alam,https://www.geonames.org/6786155/,2026-09-29,cc-by-4.0,source tag=geonames/H.LK
geonames:6786155,identity,Waduk Sarirejo,https://www.geonames.org/6786155/,2026-09-29,cc-by-4.0,GeoNames item name; tourism status not proven
geonames:6786168,c5_category,Cagar Alam,https://www.geonames.org/6786168/,2026-09-29,cc-by-4.0,source tag=geonames/H.LK
geonames:6786168,identity,Waduk Takeran,https://www.geonames.org/6786168/,2026-09-29,cc-by-4.0,GeoNames item name; tourism status not proven
geonames:6786177,c5_category,Cagar Alam,https://www.geonames.org/6786177/,2026-09-29,cc-by-4.0,source tag=geonames/H.LK
geonames:6786177,identity,Waduk Mloko,https://www.geonames.org/6786177/,2026-09-29,cc-by-4.0,GeoNames item name; tourism status not proven
geonames:6786178,c5_category,Cagar Alam,https://www.geonames.org/6786178/,2026-09-29,cc-by-4.0,source tag=geonames/H.LK
geonames:6786178,identity,Waduk Gempolpayung,https://www.geonames.org/6786178/,2026-09-29,cc-by-4.0,GeoNames item name; tourism status not proven
geonames:6786224,c5_category,Cagar Alam,https://www.geonames.org/6786224/,2026-09-29,cc-by-4.0,source tag=geonames/H.LK
geonames:6786224,identity,Waduk Kuripan,https://www.geonames.org/6786224/,2026-09-29,cc-by-4.0,GeoNames item name; tourism status not proven
geonames:6786235,c5_category,Cagar Alam,https://www.geonames.org/6786235/,2026-09-29,cc-by-4.0,source tag=geonames/H.LK
geonames:6786235,identity,Waduk Juwet,https://www.geonames.org/6786235/,2026-09-29,cc-by-4.0,GeoNames item name; tourism status not proven
geonames:6786255,c5_category,Cagar Alam,https://www.geonames.org/6786255/,2026-09-29,cc-by-4.0,source tag=geonames/H.LK
geonames:6786255,identity,Waduk Tenggor,https://www.geonames.org/6786255/,2026-09-29,cc-by-4.0,GeoNames item name; tourism status not proven
geonames:6786337,c5_category,Cagar Alam,https://www.geonames.org/6786337/,2026-09-29,cc-by-4.0,source tag=geonames/H.LK
geonames:6786337,identity,Mata Air Umbulan,https://www.geonames.org/6786337/,2026-09-29,cc-by-4.0,GeoNames item name; tourism status not proven
geonames:6820212,c5_category,Pantai,https://www.geonames.org/6820212/,2026-09-29,cc-by-4.0,source tag=geonames/T.BCH
geonames:6820212,identity,Pantai Purwahamba,https://www.geonames.org/6820212/,2026-09-29,cc-by-4.0,GeoNames item name; tourism status not proven
geonames:6821718,c5_category,Cagar Alam,https://www.geonames.org/6821718/,2026-09-29,cc-by-4.0,source tag=geonames/H.LK
geonames:6821718,identity,Waduk Kencono,https://www.geonames.org/6821718/,2026-09-29,cc-by-4.0,GeoNames item name; tourism status not proven
geonames:6827546,c5_category,Cagar Alam,https://www.geonames.org/6827546/,2026-09-29,cc-by-4.0,source tag=geonames/L.PRK
geonames:6827546,identity,Taman Wisata Penggaron,https://www.geonames.org/6827546/,2026-09-29,cc-by-4.0,GeoNames item name; tourism status not proven
geonames:6827995,c5_category,Cagar Alam,https://www.geonames.org/6827995/,2026-09-29,cc-by-4.0,source tag=geonames/H.LK
geonames:6827995,identity,Telaga Ngebel,https://www.geonames.org/6827995/,2026-09-29,cc-by-4.0,GeoNames item name; tourism status not proven
geonames:6828392,c5_category,Cagar Alam,https://www.geonames.org/6828392/,2026-09-29,cc-by-4.0,source tag=geonames/H.FLLS
geonames:6828392,identity,Air Terjun Cobanrondo,https://www.geonames.org/6828392/,2026-09-29,cc-by-4.0,GeoNames item name; tourism status not proven
geonames:6829001,c5_category,Cagar Alam,https://www.geonames.org/6829001/,2026-09-29,cc-by-4.0,source tag=geonames/H.LK
geonames:6829001,identity,Danau Banyubiru,https://www.geonames.org/6829001/,2026-09-29,cc-by-4.0,GeoNames item name; tourism status not proven
geonames:6829514,c5_category,Pantai,https://www.geonames.org/6829514/,2026-09-29,cc-by-4.0,source tag=geonames/T.BCH
geonames:6829514,identity,Pantai Giliketapang,https://www.geonames.org/6829514/,2026-09-29,cc-by-4.0,GeoNames item name; tourism status not proven
geonames:6831189,c5_category,Tempat Ibadah,https://www.geonames.org/6831189/,2026-09-29,cc-by-4.0,source tag=geonames/S.TMPL
geonames:6831189,identity,Candi Suronowo,https://www.geonames.org/6831189/,2026-09-29,cc-by-4.0,GeoNames item name; tourism status not proven
geonames:6831191,c5_category,Tempat Ibadah,https://www.geonames.org/6831191/,2026-09-29,cc-by-4.0,source tag=geonames/S.TMPL
geonames:6831191,identity,Candi Teggawang,https://www.geonames.org/6831191/,2026-09-29,cc-by-4.0,GeoNames item name; tourism status not proven
geonames:6835127,c5_category,Tempat Ibadah,https://www.geonames.org/6835127/,2026-09-29,cc-by-4.0,source tag=geonames/S.TMPL
geonames:6835127,identity,Candi Ombenjago,https://www.geonames.org/6835127/,2026-09-29,cc-by-4.0,GeoNames item name; tourism status not proven
geonames:6835190,c5_category,Tempat Ibadah,https://www.geonames.org/6835190/,2026-09-29,cc-by-4.0,source tag=geonames/S.TMPL
geonames:6835190,identity,Candi Sakar,https://www.geonames.org/6835190/,2026-09-29,cc-by-4.0,GeoNames item name; tourism status not proven
geonames:6836176,c5_category,Tempat Ibadah,https://www.geonames.org/6836176/,2026-09-29,cc-by-4.0,source tag=geonames/S.TMPL
geonames:6836176,identity,Mahavihara Majapahit,https://www.geonames.org/6836176/,2026-09-29,cc-by-4.0,GeoNames item name; tourism status not proven
geonames:6836177,c5_category,Tempat Ibadah,https://www.geonames.org/6836177/,2026-09-29,cc-by-4.0,source tag=geonames/S.TMPL
geonames:6836177,identity,Candi Brahu,https://www.geonames.org/6836177/,2026-09-29,cc-by-4.0,GeoNames item name; tourism status not proven
geonames:6836456,c5_category,Cagar Alam,https://www.geonames.org/6836456/,2026-09-29,cc-by-4.0,source tag=geonames/H.FLLS
geonames:6836456,identity,Air Terjun Kakekbodo,https://www.geonames.org/6836456/,2026-09-29,cc-by-4.0,GeoNames item name; tourism status not proven
geonames:6838589,c5_category,Cagar Alam,https://www.geonames.org/6838589/,2026-09-29,cc-by-4.0,source tag=geonames/H.LK
geonames:6838589,identity,Rowo Tirto,https://www.geonames.org/6838589/,2026-09-29,cc-by-4.0,GeoNames item name; tourism status not proven
geonames:6838750,c5_category,Cagar Alam,https://www.geonames.org/6838750/,2026-09-29,cc-by-4.0,source tag=geonames/H.LK
geonames:6838750,identity,Ranu Gunungparang,https://www.geonames.org/6838750/,2026-09-29,cc-by-4.0,GeoNames item name; tourism status not proven
geonames:6838752,c5_category,Cagar Alam,https://www.geonames.org/6838752/,2026-09-29,cc-by-4.0,source tag=geonames/H.LK
geonames:6838752,identity,Ranu Katak,https://www.geonames.org/6838752/,2026-09-29,cc-by-4.0,GeoNames item name; tourism status not proven
geonames:6838767,c5_category,Cagar Alam,https://www.geonames.org/6838767/,2026-09-29,cc-by-4.0,source tag=geonames/H.LK
geonames:6838767,identity,Ranu Yoso,https://www.geonames.org/6838767/,2026-09-29,cc-by-4.0,GeoNames item name; tourism status not proven
geonames:6838772,c5_category,Cagar Alam,https://www.geonames.org/6838772/,2026-09-29,cc-by-4.0,source tag=geonames/H.LK
geonames:6838772,identity,Ranu Air,https://www.geonames.org/6838772/,2026-09-29,cc-by-4.0,GeoNames item name; tourism status not proven
geonames:6838797,c5_category,Cagar Alam,https://www.geonames.org/6838797/,2026-09-29,cc-by-4.0,source tag=geonames/H.LK
geonames:6838797,identity,Ranu Klakah,https://www.geonames.org/6838797/,2026-09-29,cc-by-4.0,GeoNames item name; tourism status not proven
geonames:6839254,c5_category,Cagar Alam,https://www.geonames.org/6839254/,2026-09-29,cc-by-4.0,source tag=geonames/H.FLLS
geonames:6839254,identity,Air Terjun Rorokuning,https://www.geonames.org/6839254/,2026-09-29,cc-by-4.0,GeoNames item name; tourism status not proven
geonames:6839259,c5_category,Cagar Alam,https://www.geonames.org/6839259/,2026-09-29,cc-by-4.0,source tag=geonames/H.FLLS
geonames:6839259,identity,Air Terjun Sedudo,https://www.geonames.org/6839259/,2026-09-29,cc-by-4.0,GeoNames item name; tourism status not proven
geonames:6839766,c5_category,Cagar Alam,https://www.geonames.org/6839766/,2026-09-29,cc-by-4.0,source tag=geonames/H.LK
geonames:6839766,identity,Waduk Siman,https://www.geonames.org/6839766/,2026-09-29,cc-by-4.0,GeoNames item name; tourism status not proven
geonames:6839839,c5_category,Cagar Alam,https://www.geonames.org/6839839/,2026-09-29,cc-by-4.0,source tag=geonames/H.LK
geonames:6839839,identity,Waduk Mendalan,https://www.geonames.org/6839839/,2026-09-29,cc-by-4.0,GeoNames item name; tourism status not proven
geonames:6839844,c5_category,Cagar Alam,https://www.geonames.org/6839844/,2026-09-29,cc-by-4.0,source tag=geonames/H.LK
geonames:6839844,identity,Waduk Siman,https://www.geonames.org/6839844/,2026-09-29,cc-by-4.0,GeoNames item name; tourism status not proven
geonames:6839851,c5_category,Cagar Alam,https://www.geonames.org/6839851/,2026-09-29,cc-by-4.0,source tag=geonames/H.LK
geonames:6839851,identity,Waduk Selorejo,https://www.geonames.org/6839851/,2026-09-29,cc-by-4.0,GeoNames item name; tourism status not proven
geonames:6840449,c5_category,Cagar Alam,https://www.geonames.org/6840449/,2026-09-29,cc-by-4.0,source tag=geonames/H.FLLS
geonames:6840449,identity,Air Mancur Tancakkembar,https://www.geonames.org/6840449/,2026-09-29,cc-by-4.0,GeoNames item name; tourism status not proven
geonames:6841991,c5_category,Cagar Alam,https://www.geonames.org/6841991/,2026-09-29,cc-by-4.0,source tag=geonames/H.LK
geonames:6841991,identity,Telaga Sumbersongo,https://www.geonames.org/6841991/,2026-09-29,cc-by-4.0,GeoNames item name; tourism status not proven
geonames:6865350,c5_category,Cagar Alam,https://www.geonames.org/6865350/,2026-09-29,cc-by-4.0,source tag=geonames/L.PRK
geonames:6865350,identity,Wisata Wiliwis Putih,https://www.geonames.org/6865350/,2026-09-29,cc-by-4.0,GeoNames item name; tourism status not proven
geonames:6867202,c5_category,Cagar Alam,https://www.geonames.org/6867202/,2026-09-29,cc-by-4.0,source tag=geonames/H.LK
geonames:6867202,identity,Waduk Setrenan,https://www.geonames.org/6867202/,2026-09-29,cc-by-4.0,GeoNames item name; tourism status not proven
geonames:6867653,c5_category,Cagar Alam,https://www.geonames.org/6867653/,2026-09-29,cc-by-4.0,source tag=geonames/H.LK
geonames:6867653,identity,Waduk Pandan,https://www.geonames.org/6867653/,2026-09-29,cc-by-4.0,GeoNames item name; tourism status not proven
geonames:6868181,c5_category,Budaya,https://www.geonames.org/6868181/,2026-09-29,cc-by-4.0,source tag=geonames/S.MNMT
geonames:6868181,identity,Monumen Gerbongmaut,https://www.geonames.org/6868181/,2026-09-29,cc-by-4.0,GeoNames item name; tourism status not proven
geonames:6868381,c5_category,Cagar Alam,https://www.geonames.org/6868381/,2026-09-29,cc-by-4.0,source tag=geonames/H.LK
geonames:6868381,identity,Rawa Tamanindah,https://www.geonames.org/6868381/,2026-09-29,cc-by-4.0,GeoNames item name; tourism status not proven
geonames:6881193,c5_category,Cagar Alam,https://www.geonames.org/6881193/,2026-09-29,cc-by-4.0,source tag=geonames/H.LK
geonames:6881193,identity,Waduk Tanjungan,https://www.geonames.org/6881193/,2026-09-29,cc-by-4.0,GeoNames item name; tourism status not proven
geonames:6881893,c5_category,Cagar Alam,https://www.geonames.org/6881893/,2026-09-29,cc-by-4.0,source tag=geonames/H.LK
geonames:6881893,identity,Danau Setaren,https://www.geonames.org/6881893/,2026-09-29,cc-by-4.0,GeoNames item name; tourism status not proven
geonames:6882153,c5_category,Cagar Alam,https://www.geonames.org/6882153/,2026-09-29,cc-by-4.0,source tag=geonames/H.LK
geonames:6882153,identity,Waduk Wotan,https://www.geonames.org/6882153/,2026-09-29,cc-by-4.0,GeoNames item name; tourism status not proven
geonames:6882231,c5_category,Cagar Alam,https://www.geonames.org/6882231/,2026-09-29,cc-by-4.0,source tag=geonames/H.LK
geonames:6882231,identity,Waduk Tlogo,https://www.geonames.org/6882231/,2026-09-29,cc-by-4.0,GeoNames item name; tourism status not proven
geonames:6882459,c5_category,Cagar Alam,https://www.geonames.org/6882459/,2026-09-29,cc-by-4.0,source tag=geonames/H.LK
geonames:6882459,identity,Waduk Kalen,https://www.geonames.org/6882459/,2026-09-29,cc-by-4.0,GeoNames item name; tourism status not proven
geonames:6882463,c5_category,Cagar Alam,https://www.geonames.org/6882463/,2026-09-29,cc-by-4.0,source tag=geonames/H.LK
geonames:6882463,identity,Waduk Sentir,https://www.geonames.org/6882463/,2026-09-29,cc-by-4.0,GeoNames item name; tourism status not proven
geonames:6882469,c5_category,Cagar Alam,https://www.geonames.org/6882469/,2026-09-29,cc-by-4.0,source tag=geonames/H.LK
geonames:6882469,identity,Waduk Caling,https://www.geonames.org/6882469/,2026-09-29,cc-by-4.0,GeoNames item name; tourism status not proven
geonames:6882492,c5_category,Cagar Alam,https://www.geonames.org/6882492/,2026-09-29,cc-by-4.0,source tag=geonames/H.LK
geonames:6882492,identity,Waduk Bowo,https://www.geonames.org/6882492/,2026-09-29,cc-by-4.0,GeoNames item name; tourism status not proven
geonames:6885467,c5_category,Cagar Alam,https://www.geonames.org/6885467/,2026-09-29,cc-by-4.0,source tag=geonames/H.LK
geonames:6885467,identity,Dam Tepus,https://www.geonames.org/6885467/,2026-09-29,cc-by-4.0,GeoNames item name; tourism status not proven
geonames:6885489,c5_category,Cagar Alam,https://www.geonames.org/6885489/,2026-09-29,cc-by-4.0,source tag=geonames/H.LK
geonames:6885489,identity,Tlaga Pendem,https://www.geonames.org/6885489/,2026-09-29,cc-by-4.0,GeoNames item name; tourism status not proven
geonames:6885523,c5_category,Cagar Alam,https://www.geonames.org/6885523/,2026-09-29,cc-by-4.0,source tag=geonames/H.LK
geonames:6885523,identity,Danau Klumpit,https://www.geonames.org/6885523/,2026-09-29,cc-by-4.0,GeoNames item name; tourism status not proven
geonames:6911086,c5_category,Cagar Alam,https://www.geonames.org/6911086/,2026-09-29,cc-by-4.0,source tag=geonames/H.LK
geonames:6911086,identity,Luah Lahendong,https://www.geonames.org/6911086/,2026-09-29,cc-by-4.0,GeoNames item name; tourism status not proven
geonames:6922756,c5_category,Cagar Alam,https://www.geonames.org/6922756/,2026-09-29,cc-by-4.0,source tag=geonames/H.LK
geonames:6922756,identity,Alau Togoge,https://www.geonames.org/6922756/,2026-09-29,cc-by-4.0,GeoNames item name; tourism status not proven
geonames:6922757,c5_category,Cagar Alam,https://www.geonames.org/6922757/,2026-09-29,cc-by-4.0,source tag=geonames/H.LK
geonames:6922757,identity,Alau Tadide,https://www.geonames.org/6922757/,2026-09-29,cc-by-4.0,GeoNames item name; tourism status not proven
geonames:6922886,c5_category,Cagar Alam,https://www.geonames.org/6922886/,2026-09-29,cc-by-4.0,source tag=geonames/H.LK
geonames:6922886,identity,Dano Lautkecil,https://www.geonames.org/6922886/,2026-09-29,cc-by-4.0,GeoNames item name; tourism status not proven
geonames:6922905,c5_category,Cagar Alam,https://www.geonames.org/6922905/,2026-09-29,cc-by-4.0,source tag=geonames/H.LK
geonames:6922905,identity,Bulalo Molosipat,https://www.geonames.org/6922905/,2026-09-29,cc-by-4.0,GeoNames item name; tourism status not proven
geonames:6923153,c5_category,Cagar Alam,https://www.geonames.org/6923153/,2026-09-29,cc-by-4.0,source tag=geonames/L.PRK
geonames:6923153,identity,Taman Laut Tanjunglesah,https://www.geonames.org/6923153/,2026-09-29,cc-by-4.0,GeoNames item name; tourism status not proven
geonames:6923295,c5_category,Cagar Alam,https://www.geonames.org/6923295/,2026-09-29,cc-by-4.0,source tag=geonames/L.PRK
geonames:6923295,identity,Taman Laut Mahoro,https://www.geonames.org/6923295/,2026-09-29,cc-by-4.0,GeoNames item name; tourism status not proven
geonames:6923300,c5_category,Cagar Alam,https://www.geonames.org/6923300/,2026-09-29,cc-by-4.0,source tag=geonames/H.LK
geonames:6923300,identity,Danau Kapeta,https://www.geonames.org/6923300/,2026-09-29,cc-by-4.0,GeoNames item name; tourism status not proven
geonames:6923511,c5_category,Pantai,https://www.geonames.org/6923511/,2026-09-29,cc-by-4.0,source tag=geonames/T.BCH
geonames:6923511,identity,Pantai Mananawo,https://www.geonames.org/6923511/,2026-09-29,cc-by-4.0,GeoNames item name; tourism status not proven
geonames:6923955,c5_category,Pantai,https://www.geonames.org/6923955/,2026-09-29,cc-by-4.0,source tag=geonames/T.BCH
geonames:6923955,identity,Pantai Balane,https://www.geonames.org/6923955/,2026-09-29,cc-by-4.0,GeoNames item name; tourism status not proven
geonames:6923956,c5_category,Pantai,https://www.geonames.org/6923956/,2026-09-29,cc-by-4.0,source tag=geonames/T.BCH
geonames:6923956,identity,Pantai Taloara,https://www.geonames.org/6923956/,2026-09-29,cc-by-4.0,GeoNames item name; tourism status not proven
geonames:6924057,c5_category,Pantai,https://www.geonames.org/6924057/,2026-09-29,cc-by-4.0,source tag=geonames/T.BCH
geonames:6924057,identity,Pantai Talala,https://www.geonames.org/6924057/,2026-09-29,cc-by-4.0,GeoNames item name; tourism status not proven
geonames:6924082,c5_category,Pantai,https://www.geonames.org/6924082/,2026-09-29,cc-by-4.0,source tag=geonames/T.BCH
geonames:6924082,identity,Pantai Lue,https://www.geonames.org/6924082/,2026-09-29,cc-by-4.0,GeoNames item name; tourism status not proven
geonames:6924085,c5_category,Pantai,https://www.geonames.org/6924085/,2026-09-29,cc-by-4.0,source tag=geonames/T.BCH
geonames:6924085,identity,Pantai Simueng,https://www.geonames.org/6924085/,2026-09-29,cc-by-4.0,GeoNames item name; tourism status not proven
geonames:6925952,c5_category,Cagar Alam,https://www.geonames.org/6925952/,2026-09-29,cc-by-4.0,source tag=geonames/H.LK
geonames:6925952,identity,Luah Mongkawok,https://www.geonames.org/6925952/,2026-09-29,cc-by-4.0,GeoNames item name; tourism status not proven
geonames:6925970,c5_category,Cagar Alam,https://www.geonames.org/6925970/,2026-09-29,cc-by-4.0,source tag=geonames/H.LK
geonames:6925970,identity,Rano Pakioan,https://www.geonames.org/6925970/,2026-09-29,cc-by-4.0,GeoNames item name; tourism status not proven
geonames:6925971,c5_category,Cagar Alam,https://www.geonames.org/6925971/,2026-09-29,cc-by-4.0,source tag=geonames/H.LK
geonames:6925971,identity,Rano Kinoho,https://www.geonames.org/6925971/,2026-09-29,cc-by-4.0,GeoNames item name; tourism status not proven
geonames:6925972,c5_category,Cagar Alam,https://www.geonames.org/6925972/,2026-09-29,cc-by-4.0,source tag=geonames/H.LK
geonames:6925972,identity,Rano Liuteh,https://www.geonames.org/6925972/,2026-09-29,cc-by-4.0,GeoNames item name; tourism status not proven
geonames:6926005,c5_category,Cagar Alam,https://www.geonames.org/6926005/,2026-09-29,cc-by-4.0,source tag=geonames/H.LK
geonames:6926005,identity,Luah Seledan,https://www.geonames.org/6926005/,2026-09-29,cc-by-4.0,GeoNames item name; tourism status not proven
geonames:6926006,c5_category,Cagar Alam,https://www.geonames.org/6926006/,2026-09-29,cc-by-4.0,source tag=geonames/H.LK
geonames:6926006,identity,Luah Kawelaan,https://www.geonames.org/6926006/,2026-09-29,cc-by-4.0,GeoNames item name; tourism status not proven
geonames:6926007,c5_category,Cagar Alam,https://www.geonames.org/6926007/,2026-09-29,cc-by-4.0,source tag=geonames/H.LK
geonames:6926007,identity,Luah Sosong,https://www.geonames.org/6926007/,2026-09-29,cc-by-4.0,GeoNames item name; tourism status not proven
geonames:6926035,c5_category,Cagar Alam,https://www.geonames.org/6926035/,2026-09-29,cc-by-4.0,source tag=geonames/H.LK
geonames:6926035,identity,Luah Useban,https://www.geonames.org/6926035/,2026-09-29,cc-by-4.0,GeoNames item name; tourism status not proven
geonames:6926036,c5_category,Cagar Alam,https://www.geonames.org/6926036/,2026-09-29,cc-by-4.0,source tag=geonames/H.LK
geonames:6926036,identity,Luah Derel,https://www.geonames.org/6926036/,2026-09-29,cc-by-4.0,GeoNames item name; tourism status not proven
geonames:6926037,c5_category,Cagar Alam,https://www.geonames.org/6926037/,2026-09-29,cc-by-4.0,source tag=geonames/H.LK
geonames:6926037,identity,Luah Tutud,https://www.geonames.org/6926037/,2026-09-29,cc-by-4.0,GeoNames item name; tourism status not proven
geonames:6926038,c5_category,Cagar Alam,https://www.geonames.org/6926038/,2026-09-29,cc-by-4.0,source tag=geonames/H.LK
geonames:6926038,identity,Luah Kuyanga,https://www.geonames.org/6926038/,2026-09-29,cc-by-4.0,GeoNames item name; tourism status not proven
geonames:6930491,c5_category,Cagar Alam,https://www.geonames.org/6930491/,2026-09-29,cc-by-4.0,source tag=geonames/H.LK
geonames:6930491,identity,apar bay,https://www.geonames.org/6930491/,2026-09-29,cc-by-4.0,GeoNames item name; tourism status not proven
geonames:6940502,c5_category,Cagar Alam,https://www.geonames.org/6940502/,2026-09-29,cc-by-4.0,source tag=geonames/L.PRK
geonames:6940502,identity,Komodo National Park,https://www.geonames.org/6940502/,2026-09-29,cc-by-4.0,GeoNames item name; tourism status not proven
geonames:6941970,c5_category,Tempat Ibadah,https://www.geonames.org/6941970/,2026-09-29,cc-by-4.0,source tag=geonames/S.TMPL
geonames:6941970,identity,Ulun Danu Temple,https://www.geonames.org/6941970/,2026-09-29,cc-by-4.0,GeoNames item name; tourism status not proven
geonames:6942109,c5_category,Tempat Ibadah,https://www.geonames.org/6942109/,2026-09-29,cc-by-4.0,source tag=geonames/S.TMPL
geonames:6942109,identity,Masjid Sultan Suriansyah,https://www.geonames.org/6942109/,2026-09-29,cc-by-4.0,GeoNames item name; tourism status not proven
geonames:6942180,c5_category,Cagar Alam,https://www.geonames.org/6942180/,2026-09-29,cc-by-4.0,source tag=geonames/L.PRK
geonames:6942180,identity,Mt. Kinabalu National Park,https://www.geonames.org/6942180/,2026-09-29,cc-by-4.0,GeoNames item name; tourism status not proven
geonames:6960183,c5_category,Cagar Alam,https://www.geonames.org/6960183/,2026-09-29,cc-by-4.0,source tag=geonames/H.LK
geonames:6960183,identity,Bulalo Lambu,https://www.geonames.org/6960183/,2026-09-29,cc-by-4.0,GeoNames item name; tourism status not proven
geonames:6960244,c5_category,Cagar Alam,https://www.geonames.org/6960244/,2026-09-29,cc-by-4.0,source tag=geonames/H.LK
geonames:6960244,identity,Danau Laindungan,https://www.geonames.org/6960244/,2026-09-29,cc-by-4.0,GeoNames item name; tourism status not proven
geonames:6960250,c5_category,Cagar Alam,https://www.geonames.org/6960250/,2026-09-29,cc-by-4.0,source tag=geonames/H.LK
geonames:6960250,identity,Danau Kobit,https://www.geonames.org/6960250/,2026-09-29,cc-by-4.0,GeoNames item name; tourism status not proven
geonames:6960251,c5_category,Cagar Alam,https://www.geonames.org/6960251/,2026-09-29,cc-by-4.0,source tag=geonames/H.LK
geonames:6960251,identity,Danau Bakalan,https://www.geonames.org/6960251/,2026-09-29,cc-by-4.0,GeoNames item name; tourism status not proven
geonames:6960252,c5_category,Cagar Alam,https://www.geonames.org/6960252/,2026-09-29,cc-by-4.0,source tag=geonames/H.LK
geonames:6960252,identity,Danau Petinding,https://www.geonames.org/6960252/,2026-09-29,cc-by-4.0,GeoNames item name; tourism status not proven
geonames:6960254,c5_category,Cagar Alam,https://www.geonames.org/6960254/,2026-09-29,cc-by-4.0,source tag=geonames/H.LK
geonames:6960254,identity,Danau Lamotong,https://www.geonames.org/6960254/,2026-09-29,cc-by-4.0,GeoNames item name; tourism status not proven
geonames:6960310,c5_category,Cagar Alam,https://www.geonames.org/6960310/,2026-09-29,cc-by-4.0,source tag=geonames/H.LK
geonames:6960310,identity,Tabang Babakan,https://www.geonames.org/6960310/,2026-09-29,cc-by-4.0,GeoNames item name; tourism status not proven
geonames:6960317,c5_category,Cagar Alam,https://www.geonames.org/6960317/,2026-09-29,cc-by-4.0,source tag=geonames/H.LK
geonames:6960317,identity,Tabang Mointok,https://www.geonames.org/6960317/,2026-09-29,cc-by-4.0,GeoNames item name; tourism status not proven
geonames:6964803,c5_category,Cagar Alam,https://www.geonames.org/6964803/,2026-09-29,cc-by-4.0,source tag=geonames/H.LK
geonames:6964803,identity,Tabang Moleben,https://www.geonames.org/6964803/,2026-09-29,cc-by-4.0,GeoNames item name; tourism status not proven
geonames:6965941,c5_category,Cagar Alam,https://www.geonames.org/6965941/,2026-09-29,cc-by-4.0,source tag=geonames/H.LK
geonames:6965941,identity,Telaga Toju,https://www.geonames.org/6965941/,2026-09-29,cc-by-4.0,GeoNames item name; tourism status not proven
geonames:6965976,c5_category,Cagar Alam,https://www.geonames.org/6965976/,2026-09-29,cc-by-4.0,source tag=geonames/H.LK
geonames:6965976,identity,Rano Padang,https://www.geonames.org/6965976/,2026-09-29,cc-by-4.0,GeoNames item name; tourism status not proven
geonames:6965977,c5_category,Cagar Alam,https://www.geonames.org/6965977/,2026-09-29,cc-by-4.0,source tag=geonames/H.LK
geonames:6965977,identity,Rano Patawu,https://www.geonames.org/6965977/,2026-09-29,cc-by-4.0,GeoNames item name; tourism status not proven
geonames:6965978,c5_category,Cagar Alam,https://www.geonames.org/6965978/,2026-09-29,cc-by-4.0,source tag=geonames/H.LK
geonames:6965978,identity,Rano Wanga,https://www.geonames.org/6965978/,2026-09-29,cc-by-4.0,GeoNames item name; tourism status not proven
geonames:6965979,c5_category,Cagar Alam,https://www.geonames.org/6965979/,2026-09-29,cc-by-4.0,source tag=geonames/H.LK
geonames:6965979,identity,Rano Kalimpaa,https://www.geonames.org/6965979/,2026-09-29,cc-by-4.0,GeoNames item name; tourism status not proven
geonames:6966873,c5_category,Cagar Alam,https://www.geonames.org/6966873/,2026-09-29,cc-by-4.0,source tag=geonames/H.LK
geonames:6966873,identity,Danau Tendetung,https://www.geonames.org/6966873/,2026-09-29,cc-by-4.0,GeoNames item name; tourism status not proven
geonames:6973963,c5_category,Cagar Alam,https://www.geonames.org/6973963/,2026-09-29,cc-by-4.0,source tag=geonames/H.LK
geonames:6973963,identity,Danau Airasin,https://www.geonames.org/6973963/,2026-09-29,cc-by-4.0,GeoNames item name; tourism status not proven
geonames:6977130,c5_category,Cagar Alam,https://www.geonames.org/6977130/,2026-09-29,cc-by-4.0,source tag=geonames/H.LK
geonames:6977130,identity,Danau Mahembo,https://www.geonames.org/6977130/,2026-09-29,cc-by-4.0,GeoNames item name; tourism status not proven
geonames:6983433,c5_category,Cagar Alam,https://www.geonames.org/6983433/,2026-09-29,cc-by-4.0,source tag=geonames/H.LK
geonames:6983433,identity,Danau Aau,https://www.geonames.org/6983433/,2026-09-29,cc-by-4.0,GeoNames item name; tourism status not proven
geonames:6983434,c5_category,Cagar Alam,https://www.geonames.org/6983434/,2026-09-29,cc-by-4.0,source tag=geonames/H.LK
geonames:6983434,identity,Danau Molowo,https://www.geonames.org/6983434/,2026-09-29,cc-by-4.0,GeoNames item name; tourism status not proven
geonames:6983476,c5_category,Cagar Alam,https://www.geonames.org/6983476/,2026-09-29,cc-by-4.0,source tag=geonames/H.LK
geonames:6983476,identity,Danau Tanamalea,https://www.geonames.org/6983476/,2026-09-29,cc-by-4.0,GeoNames item name; tourism status not proven
geonames:6983687,c5_category,Cagar Alam,https://www.geonames.org/6983687/,2026-09-29,cc-by-4.0,source tag=geonames/H.LK
geonames:6983687,identity,Danau Alani,https://www.geonames.org/6983687/,2026-09-29,cc-by-4.0,GeoNames item name; tourism status not proven
geonames:6996384,c5_category,Pantai,https://www.geonames.org/6996384/,2026-09-29,cc-by-4.0,source tag=geonames/T.BCH
geonames:6996384,identity,Bonggilo Dahaga,https://www.geonames.org/6996384/,2026-09-29,cc-by-4.0,GeoNames item name; tourism status not proven
geonames:6996453,c5_category,Cagar Alam,https://www.geonames.org/6996453/,2026-09-29,cc-by-4.0,source tag=geonames/H.LK
geonames:6996453,identity,Bulalo Bayalo,https://www.geonames.org/6996453/,2026-09-29,cc-by-4.0,GeoNames item name; tourism status not proven
geonames:6996457,c5_category,Cagar Alam,https://www.geonames.org/6996457/,2026-09-29,cc-by-4.0,source tag=geonames/H.LK
geonames:6996457,identity,Bulalo Teratai,https://www.geonames.org/6996457/,2026-09-29,cc-by-4.0,GeoNames item name; tourism status not proven
geonames:6996619,c5_category,Cagar Alam,https://www.geonames.org/6996619/,2026-09-29,cc-by-4.0,source tag=geonames/H.LK
geonames:6996619,identity,Danau Tahiea,https://www.geonames.org/6996619/,2026-09-29,cc-by-4.0,GeoNames item name; tourism status not proven
geonames:6997109,c5_category,Cagar Alam,https://www.geonames.org/6997109/,2026-09-29,cc-by-4.0,source tag=geonames/H.LK
geonames:6997109,identity,Danau Monosan,https://www.geonames.org/6997109/,2026-09-29,cc-by-4.0,GeoNames item name; tourism status not proven
geonames:7030545,c5_category,Cagar Alam,https://www.geonames.org/7030545/,2026-09-29,cc-by-4.0,source tag=geonames/H.LK
geonames:7030545,identity,Danow Tondok,https://www.geonames.org/7030545/,2026-09-29,cc-by-4.0,GeoNames item name; tourism status not proven
geonames:7031130,c5_category,Cagar Alam,https://www.geonames.org/7031130/,2026-09-29,cc-by-4.0,source tag=geonames/H.LK
geonames:7031130,identity,Danow Tabang,https://www.geonames.org/7031130/,2026-09-29,cc-by-4.0,GeoNames item name; tourism status not proven
geonames:7031289,c5_category,Cagar Alam,https://www.geonames.org/7031289/,2026-09-29,cc-by-4.0,source tag=geonames/H.LK
geonames:7031289,identity,Lour Mokobang,https://www.geonames.org/7031289/,2026-09-29,cc-by-4.0,GeoNames item name; tourism status not proven
geonames:7034631,c5_category,Cagar Alam,https://www.geonames.org/7034631/,2026-09-29,cc-by-4.0,source tag=geonames/H.LK
geonames:7034631,identity,Telaga Ngambal,https://www.geonames.org/7034631/,2026-09-29,cc-by-4.0,GeoNames item name; tourism status not proven
geonames:7034646,c5_category,Cagar Alam,https://www.geonames.org/7034646/,2026-09-29,cc-by-4.0,source tag=geonames/H.LK
geonames:7034646,identity,Telaga Mbaran,https://www.geonames.org/7034646/,2026-09-29,cc-by-4.0,GeoNames item name; tourism status not proven
geonames:7035563,c5_category,Tempat Ibadah,https://www.geonames.org/7035563/,2026-09-29,cc-by-4.0,source tag=geonames/S.TMPL
geonames:7035563,identity,Candi Tepas,https://www.geonames.org/7035563/,2026-09-29,cc-by-4.0,GeoNames item name; tourism status not proven
geonames:7035624,c5_category,Tempat Ibadah,https://www.geonames.org/7035624/,2026-09-29,cc-by-4.0,source tag=geonames/S.TMPL
geonames:7035624,identity,Candi Selotumpuk,https://www.geonames.org/7035624/,2026-09-29,cc-by-4.0,GeoNames item name; tourism status not proven
geonames:7036994,c5_category,Tempat Ibadah,https://www.geonames.org/7036994/,2026-09-29,cc-by-4.0,source tag=geonames/S.TMPL
geonames:7036994,identity,Candi Kidal,https://www.geonames.org/7036994/,2026-09-29,cc-by-4.0,GeoNames item name; tourism status not proven
geonames:7037092,c5_category,Cagar Alam,https://www.geonames.org/7037092/,2026-09-29,cc-by-4.0,source tag=geonames/H.LK
geonames:7037092,identity,Ranu Tompe,https://www.geonames.org/7037092/,2026-09-29,cc-by-4.0,GeoNames item name; tourism status not proven
geonames:7037093,c5_category,Cagar Alam,https://www.geonames.org/7037093/,2026-09-29,cc-by-4.0,source tag=geonames/H.LK
geonames:7037093,identity,Ranu Pukis,https://www.geonames.org/7037093/,2026-09-29,cc-by-4.0,GeoNames item name; tourism status not proven
geonames:7037670,c5_category,Cagar Alam,https://www.geonames.org/7037670/,2026-09-29,cc-by-4.0,source tag=geonames/H.LK
geonames:7037670,identity,Rawa Biru,https://www.geonames.org/7037670/,2026-09-29,cc-by-4.0,GeoNames item name; tourism status not proven
geonames:7054509,c5_category,Cagar Alam,https://www.geonames.org/7054509/,2026-09-29,cc-by-4.0,source tag=geonames/L.PRK
geonames:7054509,identity,Kawasan Wisata Batuampar,https://www.geonames.org/7054509/,2026-09-29,cc-by-4.0,GeoNames item name; tourism status not proven
geonames:7054514,c5_category,Cagar Alam,https://www.geonames.org/7054514/,2026-09-29,cc-by-4.0,source tag=geonames/L.PRK
geonames:7054514,identity,Tempat Wisata Labuhan Lalang,https://www.geonames.org/7054514/,2026-09-29,cc-by-4.0,GeoNames item name; tourism status not proven
geonames:7054948,c5_category,Tempat Ibadah,https://www.geonames.org/7054948/,2026-09-29,cc-by-4.0,source tag=geonames/S.TMPL
geonames:7054948,identity,Wisata Puraluhur Beratan,https://www.geonames.org/7054948/,2026-09-29,cc-by-4.0,GeoNames item name; tourism status not proven
geonames:7054957,c5_category,Tempat Ibadah,https://www.geonames.org/7054957/,2026-09-29,cc-by-4.0,source tag=geonames/S.TMPL
geonames:7054957,identity,Taman Wisata Kebun Raya,https://www.geonames.org/7054957/,2026-09-29,cc-by-4.0,GeoNames item name; tourism status not proven
geonames:7056640,c5_category,Cagar Alam,https://www.geonames.org/7056640/,2026-09-29,cc-by-4.0,source tag=geonames/H.LK
geonames:7056640,identity,Waduk Pengga,https://www.geonames.org/7056640/,2026-09-29,cc-by-4.0,GeoNames item name; tourism status not proven
geonames:7056889,c5_category,Cagar Alam,https://www.geonames.org/7056889/,2026-09-29,cc-by-4.0,source tag=geonames/H.LK
geonames:7056889,identity,Embung Bedah,https://www.geonames.org/7056889/,2026-09-29,cc-by-4.0,GeoNames item name; tourism status not proven
geonames:7057216,c5_category,Cagar Alam,https://www.geonames.org/7057216/,2026-09-29,cc-by-4.0,source tag=geonames/H.LK
geonames:7057216,identity,Waduk Mamak,https://www.geonames.org/7057216/,2026-09-29,cc-by-4.0,GeoNames item name; tourism status not proven
geonames:7057744,c5_category,Cagar Alam,https://www.geonames.org/7057744/,2026-09-29,cc-by-4.0,source tag=geonames/H.LK
geonames:7057744,identity,Danau Pekat,https://www.geonames.org/7057744/,2026-09-29,cc-by-4.0,GeoNames item name; tourism status not proven
geonames:7057815,c5_category,Cagar Alam,https://www.geonames.org/7057815/,2026-09-29,cc-by-4.0,source tag=geonames/H.LK
geonames:7057815,identity,Ramuk Tiliyombul,https://www.geonames.org/7057815/,2026-09-29,cc-by-4.0,GeoNames item name; tourism status not proven
geonames:7057921,c5_category,Budaya,https://www.geonames.org/7057921/,2026-09-29,cc-by-4.0,source tag=geonames/S.MNMT
geonames:7057921,identity,Monumen Perang Ngali,https://www.geonames.org/7057921/,2026-09-29,cc-by-4.0,GeoNames item name; tourism status not proven
geonames:7058747,c5_category,Cagar Alam,https://www.geonames.org/7058747/,2026-09-29,cc-by-4.0,source tag=geonames/H.FLLS
geonames:7058747,identity,Air Terjun Waerogo,https://www.geonames.org/7058747/,2026-09-29,cc-by-4.0,GeoNames item name; tourism status not proven
geonames:7059066,c5_category,Cagar Alam,https://www.geonames.org/7059066/,2026-09-29,cc-by-4.0,source tag=geonames/H.FLLS
geonames:7059066,identity,Air Terjun Tengkulese,https://www.geonames.org/7059066/,2026-09-29,cc-by-4.0,GeoNames item name; tourism status not proven
geonames:7059903,c5_category,Cagar Alam,https://www.geonames.org/7059903/,2026-09-29,cc-by-4.0,source tag=geonames/H.LK
geonames:7059903,identity,Rana Laco,https://www.geonames.org/7059903/,2026-09-29,cc-by-4.0,GeoNames item name; tourism status not proven
geonames:7060212,c5_category,Cagar Alam,https://www.geonames.org/7060212/,2026-09-29,cc-by-4.0,source tag=geonames/H.LK
geonames:7060212,identity,Rana Gopang,https://www.geonames.org/7060212/,2026-09-29,cc-by-4.0,GeoNames item name; tourism status not proven
geonames:7060367,c5_category,Cagar Alam,https://www.geonames.org/7060367/,2026-09-29,cc-by-4.0,source tag=geonames/H.LK
geonames:7060367,identity,Ramuk Rakawatu,https://www.geonames.org/7060367/,2026-09-29,cc-by-4.0,GeoNames item name; tourism status not proven
geonames:7060368,c5_category,Cagar Alam,https://www.geonames.org/7060368/,2026-09-29,cc-by-4.0,source tag=geonames/H.LK
geonames:7060368,identity,Ramuk Patamawai,https://www.geonames.org/7060368/,2026-09-29,cc-by-4.0,GeoNames item name; tourism status not proven
geonames:7060399,c5_category,Cagar Alam,https://www.geonames.org/7060399/,2026-09-29,cc-by-4.0,source tag=geonames/H.LK
geonames:7060399,identity,Ramuk Dangawali Satu,https://www.geonames.org/7060399/,2026-09-29,cc-by-4.0,GeoNames item name; tourism status not proven
geonames:7060400,c5_category,Cagar Alam,https://www.geonames.org/7060400/,2026-09-29,cc-by-4.0,source tag=geonames/H.LK
geonames:7060400,identity,Ramuk Dangawali Dua,https://www.geonames.org/7060400/,2026-09-29,cc-by-4.0,GeoNames item name; tourism status not proven
geonames:7060401,c5_category,Cagar Alam,https://www.geonames.org/7060401/,2026-09-29,cc-by-4.0,source tag=geonames/H.LK
geonames:7060401,identity,Ramuk Lairara,https://www.geonames.org/7060401/,2026-09-29,cc-by-4.0,GeoNames item name; tourism status not proven
geonames:7060412,c5_category,Cagar Alam,https://www.geonames.org/7060412/,2026-09-29,cc-by-4.0,source tag=geonames/H.LK
geonames:7060412,identity,Ramuk Wairinding,https://www.geonames.org/7060412/,2026-09-29,cc-by-4.0,GeoNames item name; tourism status not proven
geonames:7060413,c5_category,Cagar Alam,https://www.geonames.org/7060413/,2026-09-29,cc-by-4.0,source tag=geonames/H.LK
geonames:7060413,identity,Ramuk Lairowak,https://www.geonames.org/7060413/,2026-09-29,cc-by-4.0,GeoNames item name; tourism status not proven
geonames:7060429,c5_category,Cagar Alam,https://www.geonames.org/7060429/,2026-09-29,cc-by-4.0,source tag=geonames/H.LK
geonames:7060429,identity,Ramuk Binjalai,https://www.geonames.org/7060429/,2026-09-29,cc-by-4.0,GeoNames item name; tourism status not proven
geonames:7060445,c5_category,Cagar Alam,https://www.geonames.org/7060445/,2026-09-29,cc-by-4.0,source tag=geonames/H.LK
geonames:7060445,identity,Ramuk Kajirukapilit,https://www.geonames.org/7060445/,2026-09-29,cc-by-4.0,GeoNames item name; tourism status not proven
geonames:7070096,c5_category,Cagar Alam,https://www.geonames.org/7070096/,2026-09-29,cc-by-4.0,source tag=geonames/H.LK
geonames:7070096,identity,Taparang Lampuleng,https://www.geonames.org/7070096/,2026-09-29,cc-by-4.0,GeoNames item name; tourism status not proven
geonames:7070223,c5_category,Cagar Alam,https://www.geonames.org/7070223/,2026-09-29,cc-by-4.0,source tag=geonames/H.LK
geonames:7070223,identity,Taparang Saleko,https://www.geonames.org/7070223/,2026-09-29,cc-by-4.0,GeoNames item name; tourism status not proven
geonames:7070240,c5_category,Cagar Alam,https://www.geonames.org/7070240/,2026-09-29,cc-by-4.0,source tag=geonames/H.LK
geonames:7070240,identity,Taparang Penrang,https://www.geonames.org/7070240/,2026-09-29,cc-by-4.0,GeoNames item name; tourism status not proven
geonames:7081660,c5_category,Tempat Ibadah,https://www.geonames.org/7081660/,2026-09-29,cc-by-4.0,source tag=geonames/S.TMPL
geonames:7081660,identity,Candi Simping,https://www.geonames.org/7081660/,2026-09-29,cc-by-4.0,GeoNames item name; tourism status not proven
geonames:7084846,c5_category,Cagar Alam,https://www.geonames.org/7084846/,2026-09-29,cc-by-4.0,source tag=geonames/L.PRK
geonames:7084846,identity,Taman Nasional Baluran,https://www.geonames.org/7084846/,2026-09-29,cc-by-4.0,GeoNames item name; tourism status not proven
geonames:7084982,c5_category,Cagar Alam,https://www.geonames.org/7084982/,2026-09-29,cc-by-4.0,source tag=geonames/H.LK
geonames:7084982,identity,Embung Bonter,https://www.geonames.org/7084982/,2026-09-29,cc-by-4.0,GeoNames item name; tourism status not proven
geonames:7085100,c5_category,Cagar Alam,https://www.geonames.org/7085100/,2026-09-29,cc-by-4.0,source tag=geonames/H.LK
geonames:7085100,identity,Embung Sepit,https://www.geonames.org/7085100/,2026-09-29,cc-by-4.0,GeoNames item name; tourism status not proven
geonames:7085101,c5_category,Cagar Alam,https://www.geonames.org/7085101/,2026-09-29,cc-by-4.0,source tag=geonames/H.LK
geonames:7085101,identity,Embung Munggil,https://www.geonames.org/7085101/,2026-09-29,cc-by-4.0,GeoNames item name; tourism status not proven
geonames:7085102,c5_category,Cagar Alam,https://www.geonames.org/7085102/,2026-09-29,cc-by-4.0,source tag=geonames/H.LK
geonames:7085102,identity,Embung Ruje,https://www.geonames.org/7085102/,2026-09-29,cc-by-4.0,GeoNames item name; tourism status not proven
geonames:7085103,c5_category,Cagar Alam,https://www.geonames.org/7085103/,2026-09-29,cc-by-4.0,source tag=geonames/H.LK
geonames:7085103,identity,Embung Tantih,https://www.geonames.org/7085103/,2026-09-29,cc-by-4.0,GeoNames item name; tourism status not proven
geonames:7085104,c5_category,Cagar Alam,https://www.geonames.org/7085104/,2026-09-29,cc-by-4.0,source tag=geonames/H.LK
geonames:7085104,identity,Embung Mengkene,https://www.geonames.org/7085104/,2026-09-29,cc-by-4.0,GeoNames item name; tourism status not proven
geonames:7085105,c5_category,Cagar Alam,https://www.geonames.org/7085105/,2026-09-29,cc-by-4.0,source tag=geonames/H.LK
geonames:7085105,identity,Embung Gabak,https://www.geonames.org/7085105/,2026-09-29,cc-by-4.0,GeoNames item name; tourism status not proven
geonames:7085106,c5_category,Cagar Alam,https://www.geonames.org/7085106/,2026-09-29,cc-by-4.0,source tag=geonames/H.LK
geonames:7085106,identity,Embung Pengkemit,https://www.geonames.org/7085106/,2026-09-29,cc-by-4.0,GeoNames item name; tourism status not proven
geonames:7085993,c5_category,Cagar Alam,https://www.geonames.org/7085993/,2026-09-29,cc-by-4.0,source tag=geonames/H.LK
geonames:7085993,identity,Embung Jeruju,https://www.geonames.org/7085993/,2026-09-29,cc-by-4.0,GeoNames item name; tourism status not proven
geonames:7087230,c5_category,Cagar Alam,https://www.geonames.org/7087230/,2026-09-29,cc-by-4.0,source tag=geonames/H.LK
geonames:7087230,identity,Tlaga Beteng,https://www.geonames.org/7087230/,2026-09-29,cc-by-4.0,GeoNames item name; tourism status not proven
geonames:7087377,c5_category,Cagar Alam,https://www.geonames.org/7087377/,2026-09-29,cc-by-4.0,source tag=geonames/H.LK
geonames:7087377,identity,Ramuk Pabundu,https://www.geonames.org/7087377/,2026-09-29,cc-by-4.0,GeoNames item name; tourism status not proven
geonames:7089136,c5_category,Cagar Alam,https://www.geonames.org/7089136/,2026-09-29,cc-by-4.0,source tag=geonames/H.LK
geonames:7089136,identity,Rana Acu,https://www.geonames.org/7089136/,2026-09-29,cc-by-4.0,GeoNames item name; tourism status not proven
geonames:7089138,c5_category,Cagar Alam,https://www.geonames.org/7089138/,2026-09-29,cc-by-4.0,source tag=geonames/H.LK
geonames:7089138,identity,Rana Sia,https://www.geonames.org/7089138/,2026-09-29,cc-by-4.0,GeoNames item name; tourism status not proven
geonames:7089147,c5_category,Cagar Alam,https://www.geonames.org/7089147/,2026-09-29,cc-by-4.0,source tag=geonames/H.LK
geonames:7089147,identity,Rana Kenti,https://www.geonames.org/7089147/,2026-09-29,cc-by-4.0,GeoNames item name; tourism status not proven
geonames:7303756,c5_category,Budaya,https://www.geonames.org/7303756/,2026-09-29,cc-by-4.0,source tag=geonames/S.MUS
geonames:7303756,identity,Museum Nusa Tenggara Barat,https://www.geonames.org/7303756/,2026-09-29,cc-by-4.0,GeoNames item name; tourism status not proven
geonames:7303760,c5_category,Cagar Alam,https://www.geonames.org/7303760/,2026-09-29,cc-by-4.0,source tag=geonames/L.PRK
geonames:7303760,identity,Taman Mayura,https://www.geonames.org/7303760/,2026-09-29,cc-by-4.0,GeoNames item name; tourism status not proven
geonames:7333179,c5_category,Pantai,https://www.geonames.org/7333179/,2026-09-29,cc-by-4.0,source tag=geonames/T.BCH
geonames:7333179,identity,Pantai Sine,https://www.geonames.org/7333179/,2026-09-29,cc-by-4.0,GeoNames item name; tourism status not proven
geonames:7333470,c5_category,Cagar Alam,https://www.geonames.org/7333470/,2026-09-29,cc-by-4.0,source tag=geonames/H.LK
geonames:7333470,identity,Ranu Lading,https://www.geonames.org/7333470/,2026-09-29,cc-by-4.0,GeoNames item name; tourism status not proven
geonames:7333471,c5_category,Cagar Alam,https://www.geonames.org/7333471/,2026-09-29,cc-by-4.0,source tag=geonames/H.LK
geonames:7333471,identity,Ranu Legung,https://www.geonames.org/7333471/,2026-09-29,cc-by-4.0,GeoNames item name; tourism status not proven
geonames:7335651,c5_category,Cagar Alam,https://www.geonames.org/7335651/,2026-09-29,cc-by-4.0,source tag=geonames/H.LK
geonames:7335651,identity,Embung Sejepit,https://www.geonames.org/7335651/,2026-09-29,cc-by-4.0,GeoNames item name; tourism status not proven
geonames:7335652,c5_category,Cagar Alam,https://www.geonames.org/7335652/,2026-09-29,cc-by-4.0,source tag=geonames/H.LK
geonames:7335652,identity,Embung Wise,https://www.geonames.org/7335652/,2026-09-29,cc-by-4.0,GeoNames item name; tourism status not proven
geonames:7335653,c5_category,Cagar Alam,https://www.geonames.org/7335653/,2026-09-29,cc-by-4.0,source tag=geonames/H.LK
geonames:7335653,identity,Embung Kemalearan,https://www.geonames.org/7335653/,2026-09-29,cc-by-4.0,GeoNames item name; tourism status not proven
geonames:7335654,c5_category,Cagar Alam,https://www.geonames.org/7335654/,2026-09-29,cc-by-4.0,source tag=geonames/H.LK
geonames:7335654,identity,Embung Igas,https://www.geonames.org/7335654/,2026-09-29,cc-by-4.0,GeoNames item name; tourism status not proven
geonames:7335655,c5_category,Cagar Alam,https://www.geonames.org/7335655/,2026-09-29,cc-by-4.0,source tag=geonames/H.LK
geonames:7335655,identity,Embung Pare,https://www.geonames.org/7335655/,2026-09-29,cc-by-4.0,GeoNames item name; tourism status not proven
geonames:7335656,c5_category,Cagar Alam,https://www.geonames.org/7335656/,2026-09-29,cc-by-4.0,source tag=geonames/H.LK
geonames:7335656,identity,Embung Malegetik,https://www.geonames.org/7335656/,2026-09-29,cc-by-4.0,GeoNames item name; tourism status not proven
geonames:7335657,c5_category,Cagar Alam,https://www.geonames.org/7335657/,2026-09-29,cc-by-4.0,source tag=geonames/H.LK
geonames:7335657,identity,Embung Engkang,https://www.geonames.org/7335657/,2026-09-29,cc-by-4.0,GeoNames item name; tourism status not proven
geonames:7335658,c5_category,Cagar Alam,https://www.geonames.org/7335658/,2026-09-29,cc-by-4.0,source tag=geonames/H.LK
geonames:7335658,identity,Embung Rentong,https://www.geonames.org/7335658/,2026-09-29,cc-by-4.0,GeoNames item name; tourism status not proven
geonames:7335659,c5_category,Cagar Alam,https://www.geonames.org/7335659/,2026-09-29,cc-by-4.0,source tag=geonames/H.LK
geonames:7335659,identity,Embung Segate,https://www.geonames.org/7335659/,2026-09-29,cc-by-4.0,GeoNames item name; tourism status not proven
geonames:7335660,c5_category,Cagar Alam,https://www.geonames.org/7335660/,2026-09-29,cc-by-4.0,source tag=geonames/H.LK
geonames:7335660,identity,Embung Pondokraden,https://www.geonames.org/7335660/,2026-09-29,cc-by-4.0,GeoNames item name; tourism status not proven
geonames:7335661,c5_category,Cagar Alam,https://www.geonames.org/7335661/,2026-09-29,cc-by-4.0,source tag=geonames/H.LK
geonames:7335661,identity,Embung Tembeng,https://www.geonames.org/7335661/,2026-09-29,cc-by-4.0,GeoNames item name; tourism status not proven
geonames:7335662,c5_category,Cagar Alam,https://www.geonames.org/7335662/,2026-09-29,cc-by-4.0,source tag=geonames/H.LK
geonames:7335662,identity,Embung Renge,https://www.geonames.org/7335662/,2026-09-29,cc-by-4.0,GeoNames item name; tourism status not proven
geonames:7335663,c5_category,Cagar Alam,https://www.geonames.org/7335663/,2026-09-29,cc-by-4.0,source tag=geonames/H.LK
geonames:7335663,identity,Embung Berasem,https://www.geonames.org/7335663/,2026-09-29,cc-by-4.0,GeoNames item name; tourism status not proven
geonames:7335664,c5_category,Cagar Alam,https://www.geonames.org/7335664/,2026-09-29,cc-by-4.0,source tag=geonames/H.LK
geonames:7335664,identity,Embung Tengessenges,https://www.geonames.org/7335664/,2026-09-29,cc-by-4.0,GeoNames item name; tourism status not proven
geonames:7335665,c5_category,Cagar Alam,https://www.geonames.org/7335665/,2026-09-29,cc-by-4.0,source tag=geonames/H.LK
geonames:7335665,identity,Embung Rungkang,https://www.geonames.org/7335665/,2026-09-29,cc-by-4.0,GeoNames item name; tourism status not proven
geonames:7335666,c5_category,Cagar Alam,https://www.geonames.org/7335666/,2026-09-29,cc-by-4.0,source tag=geonames/H.LK
geonames:7335666,identity,Embung Penalat,https://www.geonames.org/7335666/,2026-09-29,cc-by-4.0,GeoNames item name; tourism status not proven
geonames:7335667,c5_category,Cagar Alam,https://www.geonames.org/7335667/,2026-09-29,cc-by-4.0,source tag=geonames/H.LK
geonames:7335667,identity,Embung Tundak,https://www.geonames.org/7335667/,2026-09-29,cc-by-4.0,GeoNames item name; tourism status not proven
geonames:7336563,c5_category,Cagar Alam,https://www.geonames.org/7336563/,2026-09-29,cc-by-4.0,source tag=geonames/H.LK
geonames:7336563,identity,Ramuk Weewola,https://www.geonames.org/7336563/,2026-09-29,cc-by-4.0,GeoNames item name; tourism status not proven
geonames:7336564,c5_category,Cagar Alam,https://www.geonames.org/7336564/,2026-09-29,cc-by-4.0,source tag=geonames/H.LK
geonames:7336564,identity,Ramuk Weenga,https://www.geonames.org/7336564/,2026-09-29,cc-by-4.0,GeoNames item name; tourism status not proven
geonames:7336565,c5_category,Cagar Alam,https://www.geonames.org/7336565/,2026-09-29,cc-by-4.0,source tag=geonames/H.LK
geonames:7336565,identity,Ramuk Weewini,https://www.geonames.org/7336565/,2026-09-29,cc-by-4.0,GeoNames item name; tourism status not proven
geonames:7337249,c5_category,Cagar Alam,https://www.geonames.org/7337249/,2026-09-29,cc-by-4.0,source tag=geonames/H.LK
geonames:7337249,identity,Danau Waepait,https://www.geonames.org/7337249/,2026-09-29,cc-by-4.0,GeoNames item name; tourism status not proven
geonames:7337304,c5_category,Cagar Alam,https://www.geonames.org/7337304/,2026-09-29,cc-by-4.0,source tag=geonames/H.LK
geonames:7337304,identity,Danau Siok,https://www.geonames.org/7337304/,2026-09-29,cc-by-4.0,GeoNames item name; tourism status not proven
geonames:7337309,c5_category,Cagar Alam,https://www.geonames.org/7337309/,2026-09-29,cc-by-4.0,source tag=geonames/H.FLLS
geonames:7337309,identity,Air Terjun Rodangpuni,https://www.geonames.org/7337309/,2026-09-29,cc-by-4.0,GeoNames item name; tourism status not proven
geonames:7337318,c5_category,Cagar Alam,https://www.geonames.org/7337318/,2026-09-29,cc-by-4.0,source tag=geonames/H.FLLS
geonames:7337318,identity,Air Terjun Podawutor,https://www.geonames.org/7337318/,2026-09-29,cc-by-4.0,GeoNames item name; tourism status not proven
geonames:7339470,c5_category,Cagar Alam,https://www.geonames.org/7339470/,2026-09-29,cc-by-4.0,source tag=geonames/H.LK
geonames:7339470,identity,Danau Apaho,https://www.geonames.org/7339470/,2026-09-29,cc-by-4.0,GeoNames item name; tourism status not proven
geonames:7350989,c5_category,Pantai,https://www.geonames.org/7350989/,2026-09-29,cc-by-4.0,source tag=geonames/T.BCH
geonames:7350989,identity,Sanur,https://www.geonames.org/7350989/,2026-09-29,cc-by-4.0,GeoNames item name; tourism status not proven
geonames:7350990,c5_category,Pantai,https://www.geonames.org/7350990/,2026-09-29,cc-by-4.0,source tag=geonames/T.BCH
geonames:7350990,identity,Sindhu,https://www.geonames.org/7350990/,2026-09-29,cc-by-4.0,GeoNames item name; tourism status not proven
geonames:7351725,c5_category,Cagar Alam,https://www.geonames.org/7351725/,2026-09-29,cc-by-4.0,source tag=geonames/H.LK
geonames:7351725,identity,Padak Belusin,https://www.geonames.org/7351725/,2026-09-29,cc-by-4.0,GeoNames item name; tourism status not proven
geonames:7351792,c5_category,Cagar Alam,https://www.geonames.org/7351792/,2026-09-29,cc-by-4.0,source tag=geonames/H.LK
geonames:7351792,identity,Danau Taliwang,https://www.geonames.org/7351792/,2026-09-29,cc-by-4.0,GeoNames item name; tourism status not proven
geonames:7352013,c5_category,Cagar Alam,https://www.geonames.org/7352013/,2026-09-29,cc-by-4.0,source tag=geonames/H.FLLS
geonames:7352013,identity,Air Terjun Tebamurin,https://www.geonames.org/7352013/,2026-09-29,cc-by-4.0,GeoNames item name; tourism status not proven
geonames:7353938,c5_category,Cagar Alam,https://www.geonames.org/7353938/,2026-09-29,cc-by-4.0,source tag=geonames/H.LK
geonames:7353938,identity,Danow Pononotokan,https://www.geonames.org/7353938/,2026-09-29,cc-by-4.0,GeoNames item name; tourism status not proven
geonames:7353940,c5_category,Cagar Alam,https://www.geonames.org/7353940/,2026-09-29,cc-by-4.0,source tag=geonames/H.LK
geonames:7353940,identity,Danow Tobangan,https://www.geonames.org/7353940/,2026-09-29,cc-by-4.0,GeoNames item name; tourism status not proven
geonames:7379032,c5_category,Cagar Alam,https://www.geonames.org/7379032/,2026-09-29,cc-by-4.0,source tag=geonames/H.LK
geonames:7379032,identity,Tamma Rindidita,https://www.geonames.org/7379032/,2026-09-29,cc-by-4.0,GeoNames item name; tourism status not proven
geonames:7379060,c5_category,Cagar Alam,https://www.geonames.org/7379060/,2026-09-29,cc-by-4.0,source tag=geonames/H.LK
geonames:7379060,identity,Ramuk Lakahi,https://www.geonames.org/7379060/,2026-09-29,cc-by-4.0,GeoNames item name; tourism status not proven
geonames:7379115,c5_category,Cagar Alam,https://www.geonames.org/7379115/,2026-09-29,cc-by-4.0,source tag=geonames/H.LK
geonames:7379115,identity,Ramuk Wairinding Dua,https://www.geonames.org/7379115/,2026-09-29,cc-by-4.0,GeoNames item name; tourism status not proven
geonames:7379116,c5_category,Cagar Alam,https://www.geonames.org/7379116/,2026-09-29,cc-by-4.0,source tag=geonames/H.LK
geonames:7379116,identity,Ramuk Wairinding Satu,https://www.geonames.org/7379116/,2026-09-29,cc-by-4.0,GeoNames item name; tourism status not proven
geonames:7380257,c5_category,Cagar Alam,https://www.geonames.org/7380257/,2026-09-29,cc-by-4.0,source tag=geonames/H.LK
geonames:7380257,identity,Tiwu Rhewu,https://www.geonames.org/7380257/,2026-09-29,cc-by-4.0,GeoNames item name; tourism status not proven
geonames:7383876,c5_category,Pantai,https://www.geonames.org/7383876/,2026-09-29,cc-by-4.0,source tag=geonames/T.BCH
geonames:7383876,identity,Pemandian Madapangga,https://www.geonames.org/7383876/,2026-09-29,cc-by-4.0,GeoNames item name; tourism status not proven
geonames:7384409,c5_category,Cagar Alam,https://www.geonames.org/7384409/,2026-09-29,cc-by-4.0,source tag=geonames/H.LK
geonames:7384409,identity,Ndano Mbora,https://www.geonames.org/7384409/,2026-09-29,cc-by-4.0,GeoNames item name; tourism status not proven
geonames:7387025,c5_category,Cagar Alam,https://www.geonames.org/7387025/,2026-09-29,cc-by-4.0,source tag=geonames/H.LK
geonames:7387025,identity,Bulalo Telaga,https://www.geonames.org/7387025/,2026-09-29,cc-by-4.0,GeoNames item name; tourism status not proven
geonames:7389148,c5_category,Cagar Alam,https://www.geonames.org/7389148/,2026-09-29,cc-by-4.0,source tag=geonames/H.LK
geonames:7389148,identity,Ramuk Lakulul,https://www.geonames.org/7389148/,2026-09-29,cc-by-4.0,GeoNames item name; tourism status not proven
geonames:7389970,c5_category,Cagar Alam,https://www.geonames.org/7389970/,2026-09-29,cc-by-4.0,source tag=geonames/H.LK
geonames:7389970,identity,Rana Kulan,https://www.geonames.org/7389970/,2026-09-29,cc-by-4.0,GeoNames item name; tourism status not proven
geonames:7410861,c5_category,Pantai,https://www.geonames.org/7410861/,2026-09-29,cc-by-4.0,source tag=geonames/T.BCH
geonames:7410861,identity,Pantai Ujung,https://www.geonames.org/7410861/,2026-09-29,cc-by-4.0,GeoNames item name; tourism status not proven
geonames:7414944,c5_category,Cagar Alam,https://www.geonames.org/7414944/,2026-09-29,cc-by-4.0,source tag=geonames/H.LK
geonames:7414944,identity,Rana Mese,https://www.geonames.org/7414944/,2026-09-29,cc-by-4.0,GeoNames item name; tourism status not proven
geonames:7414945,c5_category,Cagar Alam,https://www.geonames.org/7414945/,2026-09-29,cc-by-4.0,source tag=geonames/H.LK
geonames:7414945,identity,Rana Sawe,https://www.geonames.org/7414945/,2026-09-29,cc-by-4.0,GeoNames item name; tourism status not proven
geonames:7415047,c5_category,Cagar Alam,https://www.geonames.org/7415047/,2026-09-29,cc-by-4.0,source tag=geonames/S.OBPT
geonames:7415047,identity,Cunca Manggur,https://www.geonames.org/7415047/,2026-09-29,cc-by-4.0,GeoNames item name; tourism status not proven
geonames:7415062,c5_category,Cagar Alam,https://www.geonames.org/7415062/,2026-09-29,cc-by-4.0,source tag=geonames/S.OBPT
geonames:7415062,identity,Wisata Alam Robo,https://www.geonames.org/7415062/,2026-09-29,cc-by-4.0,GeoNames item name; tourism status not proven
geonames:7415063,c5_category,Cagar Alam,https://www.geonames.org/7415063/,2026-09-29,cc-by-4.0,source tag=geonames/H.FLLS
geonames:7415063,identity,Cunca Rede,https://www.geonames.org/7415063/,2026-09-29,cc-by-4.0,GeoNames item name; tourism status not proven
geonames:7455111,c5_category,Cagar Alam,https://www.geonames.org/7455111/,2026-09-29,cc-by-4.0,source tag=geonames/L.RESN
geonames:7455111,identity,Taman Laut Tulamben,https://www.geonames.org/7455111/,2026-09-29,cc-by-4.0,GeoNames item name; tourism status not proven
geonames:7455510,c5_category,Cagar Alam,https://www.geonames.org/7455510/,2026-09-29,cc-by-4.0,source tag=geonames/H.FLLS
geonames:7455510,identity,Air Terjun Sindanggila,https://www.geonames.org/7455510/,2026-09-29,cc-by-4.0,GeoNames item name; tourism status not proven
geonames:7455511,c5_category,Cagar Alam,https://www.geonames.org/7455511/,2026-09-29,cc-by-4.0,source tag=geonames/H.FLLS
geonames:7455511,identity,Air Terjun Mayungputih,https://www.geonames.org/7455511/,2026-09-29,cc-by-4.0,GeoNames item name; tourism status not proven
geonames:7455853,c5_category,Cagar Alam,https://www.geonames.org/7455853/,2026-09-29,cc-by-4.0,source tag=geonames/H.LK
geonames:7455853,identity,Ramuk Heriwundut,https://www.geonames.org/7455853/,2026-09-29,cc-by-4.0,GeoNames item name; tourism status not proven
geonames:7455854,c5_category,Cagar Alam,https://www.geonames.org/7455854/,2026-09-29,cc-by-4.0,source tag=geonames/H.LK
geonames:7455854,identity,Ramuk Wailambuha,https://www.geonames.org/7455854/,2026-09-29,cc-by-4.0,GeoNames item name; tourism status not proven
geonames:7456133,c5_category,Cagar Alam,https://www.geonames.org/7456133/,2026-09-29,cc-by-4.0,source tag=geonames/H.LK
geonames:7456133,identity,Tamma Waiboro,https://www.geonames.org/7456133/,2026-09-29,cc-by-4.0,GeoNames item name; tourism status not proven
geonames:7456154,c5_category,Cagar Alam,https://www.geonames.org/7456154/,2026-09-29,cc-by-4.0,source tag=geonames/H.LK
geonames:7456154,identity,Tamma Maurani,https://www.geonames.org/7456154/,2026-09-29,cc-by-4.0,GeoNames item name; tourism status not proven
geonames:7456155,c5_category,Cagar Alam,https://www.geonames.org/7456155/,2026-09-29,cc-by-4.0,source tag=geonames/H.LK
geonames:7456155,identity,Tamma Karal,https://www.geonames.org/7456155/,2026-09-29,cc-by-4.0,GeoNames item name; tourism status not proven
geonames:7456275,c5_category,Cagar Alam,https://www.geonames.org/7456275/,2026-09-29,cc-by-4.0,source tag=geonames/H.LK
geonames:7456275,identity,Tamma Buhaba,https://www.geonames.org/7456275/,2026-09-29,cc-by-4.0,GeoNames item name; tourism status not proven
geonames:7456276,c5_category,Cagar Alam,https://www.geonames.org/7456276/,2026-09-29,cc-by-4.0,source tag=geonames/H.LK
geonames:7456276,identity,Tamma Maredakarage,https://www.geonames.org/7456276/,2026-09-29,cc-by-4.0,GeoNames item name; tourism status not proven
geonames:7456303,c5_category,Cagar Alam,https://www.geonames.org/7456303/,2026-09-29,cc-by-4.0,source tag=geonames/H.LK
geonames:7456303,identity,Tamma Hobabakul,https://www.geonames.org/7456303/,2026-09-29,cc-by-4.0,GeoNames item name; tourism status not proven
geonames:7456349,c5_category,Cagar Alam,https://www.geonames.org/7456349/,2026-09-29,cc-by-4.0,source tag=geonames/H.LK
geonames:7456349,identity,Ramuk Pahiutena,https://www.geonames.org/7456349/,2026-09-29,cc-by-4.0,GeoNames item name; tourism status not proven
geonames:7456378,c5_category,Cagar Alam,https://www.geonames.org/7456378/,2026-09-29,cc-by-4.0,source tag=geonames/H.LK
geonames:7456378,identity,Ramuk Lakadu,https://www.geonames.org/7456378/,2026-09-29,cc-by-4.0,GeoNames item name; tourism status not proven
geonames:7456439,c5_category,Cagar Alam,https://www.geonames.org/7456439/,2026-09-29,cc-by-4.0,source tag=geonames/H.LK
geonames:7456439,identity,Ramuk Tapil,https://www.geonames.org/7456439/,2026-09-29,cc-by-4.0,GeoNames item name; tourism status not proven
geonames:7456440,c5_category,Cagar Alam,https://www.geonames.org/7456440/,2026-09-29,cc-by-4.0,source tag=geonames/H.LK
geonames:7456440,identity,Ramuk Pangadurendi,https://www.geonames.org/7456440/,2026-09-29,cc-by-4.0,GeoNames item name; tourism status not proven
geonames:7456444,c5_category,Cagar Alam,https://www.geonames.org/7456444/,2026-09-29,cc-by-4.0,source tag=geonames/H.LK
geonames:7456444,identity,Ramuk Laikarada,https://www.geonames.org/7456444/,2026-09-29,cc-by-4.0,GeoNames item name; tourism status not proven
geonames:7456480,c5_category,Cagar Alam,https://www.geonames.org/7456480/,2026-09-29,cc-by-4.0,source tag=geonames/H.LK
geonames:7456480,identity,Ramuk Karuakadu,https://www.geonames.org/7456480/,2026-09-29,cc-by-4.0,GeoNames item name; tourism status not proven
geonames:7456484,c5_category,Cagar Alam,https://www.geonames.org/7456484/,2026-09-29,cc-by-4.0,source tag=geonames/H.LK
geonames:7456484,identity,Tamma Laikayoro,https://www.geonames.org/7456484/,2026-09-29,cc-by-4.0,GeoNames item name; tourism status not proven
geonames:7456490,c5_category,Cagar Alam,https://www.geonames.org/7456490/,2026-09-29,cc-by-4.0,source tag=geonames/H.LK
geonames:7456490,identity,Tamma Laimadat,https://www.geonames.org/7456490/,2026-09-29,cc-by-4.0,GeoNames item name; tourism status not proven
geonames:7456579,c5_category,Cagar Alam,https://www.geonames.org/7456579/,2026-09-29,cc-by-4.0,source tag=geonames/H.FLLS
geonames:7456579,identity,Air Terjun Matayangu,https://www.geonames.org/7456579/,2026-09-29,cc-by-4.0,GeoNames item name; tourism status not proven
geonames:7456597,c5_category,Cagar Alam,https://www.geonames.org/7456597/,2026-09-29,cc-by-4.0,source tag=geonames/H.LK
geonames:7456597,identity,Tamma Winakarabi,https://www.geonames.org/7456597/,2026-09-29,cc-by-4.0,GeoNames item name; tourism status not proven
geonames:7456598,c5_category,Cagar Alam,https://www.geonames.org/7456598/,2026-09-29,cc-by-4.0,source tag=geonames/H.LK
geonames:7456598,identity,Tamma Laimudi,https://www.geonames.org/7456598/,2026-09-29,cc-by-4.0,GeoNames item name; tourism status not proven
geonames:7456599,c5_category,Cagar Alam,https://www.geonames.org/7456599/,2026-09-29,cc-by-4.0,source tag=geonames/H.LK
geonames:7456599,identity,Tamma Laiwatung,https://www.geonames.org/7456599/,2026-09-29,cc-by-4.0,GeoNames item name; tourism status not proven
geonames:7456600,c5_category,Cagar Alam,https://www.geonames.org/7456600/,2026-09-29,cc-by-4.0,source tag=geonames/H.LK
geonames:7456600,identity,Tamma Laikawaudi,https://www.geonames.org/7456600/,2026-09-29,cc-by-4.0,GeoNames item name; tourism status not proven
geonames:7456601,c5_category,Cagar Alam,https://www.geonames.org/7456601/,2026-09-29,cc-by-4.0,source tag=geonames/H.LK
geonames:7456601,identity,Tamma Jara,https://www.geonames.org/7456601/,2026-09-29,cc-by-4.0,GeoNames item name; tourism status not proven
geonames:7456602,c5_category,Cagar Alam,https://www.geonames.org/7456602/,2026-09-29,cc-by-4.0,source tag=geonames/H.LK
geonames:7456602,identity,Tamma Kaburadi,https://www.geonames.org/7456602/,2026-09-29,cc-by-4.0,GeoNames item name; tourism status not proven
geonames:7456628,c5_category,Cagar Alam,https://www.geonames.org/7456628/,2026-09-29,cc-by-4.0,source tag=geonames/H.LK
geonames:7456628,identity,Ramuk Dasaelu,https://www.geonames.org/7456628/,2026-09-29,cc-by-4.0,GeoNames item name; tourism status not proven
geonames:7458844,c5_category,Cagar Alam,https://www.geonames.org/7458844/,2026-09-29,cc-by-4.0,source tag=geonames/H.LK
geonames:7458844,identity,Wae Penda,https://www.geonames.org/7458844/,2026-09-29,cc-by-4.0,GeoNames item name; tourism status not proven
geonames:7462186,c5_category,Cagar Alam,https://www.geonames.org/7462186/,2026-09-29,cc-by-4.0,source tag=geonames/H.LK
geonames:7462186,identity,Bolano Toga,https://www.geonames.org/7462186/,2026-09-29,cc-by-4.0,GeoNames item name; tourism status not proven
geonames:7462496,c5_category,Cagar Alam,https://www.geonames.org/7462496/,2026-09-29,cc-by-4.0,source tag=geonames/H.LK
geonames:7462496,identity,Rama Mbata,https://www.geonames.org/7462496/,2026-09-29,cc-by-4.0,GeoNames item name; tourism status not proven
geonames:7463962,c5_category,Cagar Alam,https://www.geonames.org/7463962/,2026-09-29,cc-by-4.0,source tag=geonames/H.LK
geonames:7463962,identity,Seh Belen,https://www.geonames.org/7463962/,2026-09-29,cc-by-4.0,GeoNames item name; tourism status not proven
geonames:7463974,c5_category,Pantai,https://www.geonames.org/7463974/,2026-09-29,cc-by-4.0,source tag=geonames/T.BCH
geonames:7463974,identity,Pantai Roka,https://www.geonames.org/7463974/,2026-09-29,cc-by-4.0,GeoNames item name; tourism status not proven
geonames:7473587,c5_category,Cagar Alam,https://www.geonames.org/7473587/,2026-09-29,cc-by-4.0,source tag=geonames/H.LK
geonames:7473587,identity,Rano Tanahmorambu,https://www.geonames.org/7473587/,2026-09-29,cc-by-4.0,GeoNames item name; tourism status not proven
geonames:7529205,c5_category,Pantai,https://www.geonames.org/7529205/,2026-09-29,cc-by-4.0,source tag=geonames/T.BCH
geonames:7529205,identity,Pantai Batubelig,https://www.geonames.org/7529205/,2026-09-29,cc-by-4.0,GeoNames item name; tourism status not proven
geonames:7529238,c5_category,Pantai,https://www.geonames.org/7529238/,2026-09-29,cc-by-4.0,source tag=geonames/T.BCH
geonames:7529238,identity,Pantai Seminyak,https://www.geonames.org/7529238/,2026-09-29,cc-by-4.0,GeoNames item name; tourism status not proven
geonames:7529239,c5_category,Pantai,https://www.geonames.org/7529239/,2026-09-29,cc-by-4.0,source tag=geonames/T.BCH
geonames:7529239,identity,Pantai Legian,https://www.geonames.org/7529239/,2026-09-29,cc-by-4.0,GeoNames item name; tourism status not proven
geonames:7529288,c5_category,Pantai,https://www.geonames.org/7529288/,2026-09-29,cc-by-4.0,source tag=geonames/T.BCH
geonames:7529288,identity,Pantai Kuta,https://www.geonames.org/7529288/,2026-09-29,cc-by-4.0,GeoNames item name; tourism status not proven
geonames:7534681,c5_category,Tempat Ibadah,https://www.geonames.org/7534681/,2026-09-29,cc-by-4.0,source tag=geonames/S.TMPL
geonames:7534681,identity,Pura Luhur Ulun Danu Brata,https://www.geonames.org/7534681/,2026-09-29,cc-by-4.0,GeoNames item name; tourism status not proven
geonames:7541454,c5_category,Pantai,https://www.geonames.org/7541454/,2026-09-29,cc-by-4.0,source tag=geonames/T.BCH
geonames:7541454,identity,Pantai Nusadua,https://www.geonames.org/7541454/,2026-09-29,cc-by-4.0,GeoNames item name; tourism status not proven
geonames:7554778,c5_category,Cagar Alam,https://www.geonames.org/7554778/,2026-09-29,cc-by-4.0,source tag=geonames/H.FLLS
geonames:7554778,identity,Air Terjun Tiuteja,https://www.geonames.org/7554778/,2026-09-29,cc-by-4.0,GeoNames item name; tourism status not proven
geonames:7556188,c5_category,Cagar Alam,https://www.geonames.org/7556188/,2026-09-29,cc-by-4.0,source tag=geonames/H.LK
geonames:7556188,identity,Ramuk Hombakadangar,https://www.geonames.org/7556188/,2026-09-29,cc-by-4.0,GeoNames item name; tourism status not proven
geonames:7556190,c5_category,Cagar Alam,https://www.geonames.org/7556190/,2026-09-29,cc-by-4.0,source tag=geonames/H.LK
geonames:7556190,identity,Ramuk Hiryosito,https://www.geonames.org/7556190/,2026-09-29,cc-by-4.0,GeoNames item name; tourism status not proven
geonames:7558778,c5_category,Cagar Alam,https://www.geonames.org/7558778/,2026-09-29,cc-by-4.0,source tag=geonames/H.LK
geonames:7558778,identity,Bulano Perintis,https://www.geonames.org/7558778/,2026-09-29,cc-by-4.0,GeoNames item name; tourism status not proven
geonames:7558816,c5_category,Pantai,https://www.geonames.org/7558816/,2026-09-29,cc-by-4.0,source tag=geonames/T.BCH
geonames:7558816,identity,Pantai Indah,https://www.geonames.org/7558816/,2026-09-29,cc-by-4.0,GeoNames item name; tourism status not proven
geonames:7559769,c5_category,Cagar Alam,https://www.geonames.org/7559769/,2026-09-29,cc-by-4.0,source tag=geonames/H.LK
geonames:7559769,identity,Tamma Galuloloka,https://www.geonames.org/7559769/,2026-09-29,cc-by-4.0,GeoNames item name; tourism status not proven
geonames:7559784,c5_category,Cagar Alam,https://www.geonames.org/7559784/,2026-09-29,cc-by-4.0,source tag=geonames/H.LK
geonames:7559784,identity,Tamma Tunuwawi,https://www.geonames.org/7559784/,2026-09-29,cc-by-4.0,GeoNames item name; tourism status not proven
geonames:7560078,c5_category,Cagar Alam,https://www.geonames.org/7560078/,2026-09-29,cc-by-4.0,source tag=geonames/H.LK
geonames:7560078,identity,Ramuk Katewel,https://www.geonames.org/7560078/,2026-09-29,cc-by-4.0,GeoNames item name; tourism status not proven
geonames:7561486,c5_category,Cagar Alam,https://www.geonames.org/7561486/,2026-09-29,cc-by-4.0,source tag=geonames/H.LK
geonames:7561486,identity,Ramuk Weebeka,https://www.geonames.org/7561486/,2026-09-29,cc-by-4.0,GeoNames item name; tourism status not proven
geonames:7561571,c5_category,Cagar Alam,https://www.geonames.org/7561571/,2026-09-29,cc-by-4.0,source tag=geonames/H.LK
geonames:7561571,identity,Ramuk Ombakalada,https://www.geonames.org/7561571/,2026-09-29,cc-by-4.0,GeoNames item name; tourism status not proven
geonames:7563826,c5_category,Cagar Alam,https://www.geonames.org/7563826/,2026-09-29,cc-by-4.0,source tag=geonames/H.LK
geonames:7563826,identity,Tamma Kasosa,https://www.geonames.org/7563826/,2026-09-29,cc-by-4.0,GeoNames item name; tourism status not proven
geonames:7563830,c5_category,Cagar Alam,https://www.geonames.org/7563830/,2026-09-29,cc-by-4.0,source tag=geonames/H.LK
geonames:7563830,identity,Tamma Hilibau,https://www.geonames.org/7563830/,2026-09-29,cc-by-4.0,GeoNames item name; tourism status not proven
geonames:7563832,c5_category,Cagar Alam,https://www.geonames.org/7563832/,2026-09-29,cc-by-4.0,source tag=geonames/H.LK
geonames:7563832,identity,Tamma Kapegi,https://www.geonames.org/7563832/,2026-09-29,cc-by-4.0,GeoNames item name; tourism status not proven
geonames:7563877,c5_category,Cagar Alam,https://www.geonames.org/7563877/,2026-09-29,cc-by-4.0,source tag=geonames/H.LK
geonames:7563877,identity,Tamma Bakul,https://www.geonames.org/7563877/,2026-09-29,cc-by-4.0,GeoNames item name; tourism status not proven
geonames:7564173,c5_category,Cagar Alam,https://www.geonames.org/7564173/,2026-09-29,cc-by-4.0,source tag=geonames/H.LK
geonames:7564173,identity,Tamma Hambuli,https://www.geonames.org/7564173/,2026-09-29,cc-by-4.0,GeoNames item name; tourism status not proven
geonames:7564542,c5_category,Cagar Alam,https://www.geonames.org/7564542/,2026-09-29,cc-by-4.0,source tag=geonames/H.LK
geonames:7564542,identity,Ndano Ore,https://www.geonames.org/7564542/,2026-09-29,cc-by-4.0,GeoNames item name; tourism status not proven
geonames:7564580,c5_category,Cagar Alam,https://www.geonames.org/7564580/,2026-09-29,cc-by-4.0,source tag=geonames/H.LK
geonames:7564580,identity,Ombo Tonda,https://www.geonames.org/7564580/,2026-09-29,cc-by-4.0,GeoNames item name; tourism status not proven
geonames:7564598,c5_category,Cagar Alam,https://www.geonames.org/7564598/,2026-09-29,cc-by-4.0,source tag=geonames/H.LK
geonames:7564598,identity,Embung Sumpa,https://www.geonames.org/7564598/,2026-09-29,cc-by-4.0,GeoNames item name; tourism status not proven
geonames:7567639,c5_category,Cagar Alam,https://www.geonames.org/7567639/,2026-09-29,cc-by-4.0,source tag=geonames/H.LK
geonames:7567639,identity,Rana Masak,https://www.geonames.org/7567639/,2026-09-29,cc-by-4.0,GeoNames item name; tourism status not proven
geonames:7568367,c5_category,Cagar Alam,https://www.geonames.org/7568367/,2026-09-29,cc-by-4.0,source tag=geonames/H.LK
geonames:7568367,identity,Tamma Walahambaku,https://www.geonames.org/7568367/,2026-09-29,cc-by-4.0,GeoNames item name; tourism status not proven
geonames:7568377,c5_category,Cagar Alam,https://www.geonames.org/7568377/,2026-09-29,cc-by-4.0,source tag=geonames/H.LK
geonames:7568377,identity,Tamma Pajurung,https://www.geonames.org/7568377/,2026-09-29,cc-by-4.0,GeoNames item name; tourism status not proven
geonames:7568378,c5_category,Cagar Alam,https://www.geonames.org/7568378/,2026-09-29,cc-by-4.0,source tag=geonames/H.LK
geonames:7568378,identity,Tamma Panggin,https://www.geonames.org/7568378/,2026-09-29,cc-by-4.0,GeoNames item name; tourism status not proven
geonames:7568396,c5_category,Cagar Alam,https://www.geonames.org/7568396/,2026-09-29,cc-by-4.0,source tag=geonames/H.LK
geonames:7568396,identity,Tamma Kudu,https://www.geonames.org/7568396/,2026-09-29,cc-by-4.0,GeoNames item name; tourism status not proven
geonames:7569507,c5_category,Cagar Alam,https://www.geonames.org/7569507/,2026-09-29,cc-by-4.0,source tag=geonames/H.LK
geonames:7569507,identity,Embung Zano,https://www.geonames.org/7569507/,2026-09-29,cc-by-4.0,GeoNames item name; tourism status not proven
geonames:7569788,c5_category,Budaya,https://www.geonames.org/7569788/,2026-09-29,cc-by-4.0,source tag=geonames/S.MNMT
geonames:7569788,identity,Compang uling,https://www.geonames.org/7569788/,2026-09-29,cc-by-4.0,GeoNames item name; tourism status not proven
geonames:7569821,c5_category,Cagar Alam,https://www.geonames.org/7569821/,2026-09-29,cc-by-4.0,source tag=geonames/H.LK
geonames:7569821,identity,Sano Limbung,https://www.geonames.org/7569821/,2026-09-29,cc-by-4.0,GeoNames item name; tourism status not proven
geonames:7569870,c5_category,Cagar Alam,https://www.geonames.org/7569870/,2026-09-29,cc-by-4.0,source tag=geonames/H.FLLS
geonames:7569870,identity,Air Terjun Ogi,https://www.geonames.org/7569870/,2026-09-29,cc-by-4.0,GeoNames item name; tourism status not proven
geonames:7584620,c5_category,Cagar Alam,https://www.geonames.org/7584620/,2026-09-29,cc-by-4.0,source tag=geonames/H.LK
geonames:7584620,identity,Ramuk Weekelilit,https://www.geonames.org/7584620/,2026-09-29,cc-by-4.0,GeoNames item name; tourism status not proven
geonames:7592196,c5_category,Cagar Alam,https://www.geonames.org/7592196/,2026-09-29,cc-by-4.0,source tag=geonames/H.LK
geonames:7592196,identity,Ramuk Penang,https://www.geonames.org/7592196/,2026-09-29,cc-by-4.0,GeoNames item name; tourism status not proven
geonames:7592208,c5_category,Cagar Alam,https://www.geonames.org/7592208/,2026-09-29,cc-by-4.0,source tag=geonames/H.FLLS
geonames:7592208,identity,Air Terjun Lukat,https://www.geonames.org/7592208/,2026-09-29,cc-by-4.0,GeoNames item name; tourism status not proven
geonames:7592541,c5_category,Cagar Alam,https://www.geonames.org/7592541/,2026-09-29,cc-by-4.0,source tag=geonames/H.FLLS
geonames:7592541,identity,Airterjun Kanabuai,https://www.geonames.org/7592541/,2026-09-29,cc-by-4.0,GeoNames item name; tourism status not proven
geonames:7609618,c5_category,Cagar Alam,https://www.geonames.org/7609618/,2026-09-29,cc-by-4.0,source tag=geonames/H.LK
geonames:7609618,identity,Ramuk Rindiwai,https://www.geonames.org/7609618/,2026-09-29,cc-by-4.0,GeoNames item name; tourism status not proven
geonames:7610730,c5_category,Cagar Alam,https://www.geonames.org/7610730/,2026-09-29,cc-by-4.0,source tag=geonames/H.LK
geonames:7610730,identity,Mata Menge,https://www.geonames.org/7610730/,2026-09-29,cc-by-4.0,GeoNames item name; tourism status not proven
geonames:7612839,c5_category,Cagar Alam,https://www.geonames.org/7612839/,2026-09-29,cc-by-4.0,source tag=geonames/H.LK
geonames:7612839,identity,Letong Tontang,https://www.geonames.org/7612839/,2026-09-29,cc-by-4.0,GeoNames item name; tourism status not proven
geonames:7612840,c5_category,Cagar Alam,https://www.geonames.org/7612840/,2026-09-29,cc-by-4.0,source tag=geonames/H.LK
geonames:7612840,identity,Letong Porosatar,https://www.geonames.org/7612840/,2026-09-29,cc-by-4.0,GeoNames item name; tourism status not proven
geonames:7666157,c5_category,Cagar Alam,https://www.geonames.org/7666157/,2026-09-29,cc-by-4.0,source tag=geonames/H.LK
geonames:7666157,identity,Danau Kamuning,https://www.geonames.org/7666157/,2026-09-29,cc-by-4.0,GeoNames item name; tourism status not proven
geonames:7668032,c5_category,Budaya,https://www.geonames.org/7668032/,2026-09-29,cc-by-4.0,source tag=geonames/S.PAL
geonames:7668032,identity,Merdeka Palace,https://www.geonames.org/7668032/,2026-09-29,cc-by-4.0,GeoNames item name; tourism status not proven
geonames:7743250,c5_category,Cagar Alam,https://www.geonames.org/7743250/,2026-09-29,cc-by-4.0,source tag=geonames/H.LK
geonames:7743250,identity,Pea Aeknetonang,https://www.geonames.org/7743250/,2026-09-29,cc-by-4.0,GeoNames item name; tourism status not proven
geonames:7743376,c5_category,Cagar Alam,https://www.geonames.org/7743376/,2026-09-29,cc-by-4.0,source tag=geonames/H.LK
geonames:7743376,identity,Pea Aek Tawar,https://www.geonames.org/7743376/,2026-09-29,cc-by-4.0,GeoNames item name; tourism status not proven
geonames:7743377,c5_category,Cagar Alam,https://www.geonames.org/7743377/,2026-09-29,cc-by-4.0,source tag=geonames/H.LK
geonames:7743377,identity,Pea Taharan,https://www.geonames.org/7743377/,2026-09-29,cc-by-4.0,GeoNames item name; tourism status not proven
geonames:7743392,c5_category,Cagar Alam,https://www.geonames.org/7743392/,2026-09-29,cc-by-4.0,source tag=geonames/H.LK
geonames:7743392,identity,Pea Lintongnihuta,https://www.geonames.org/7743392/,2026-09-29,cc-by-4.0,GeoNames item name; tourism status not proven
geonames:7743393,c5_category,Cagar Alam,https://www.geonames.org/7743393/,2026-09-29,cc-by-4.0,source tag=geonames/H.LK
geonames:7743393,identity,Pea Sosortolong,https://www.geonames.org/7743393/,2026-09-29,cc-by-4.0,GeoNames item name; tourism status not proven
geonames:7743394,c5_category,Cagar Alam,https://www.geonames.org/7743394/,2026-09-29,cc-by-4.0,source tag=geonames/H.LK
geonames:7743394,identity,Pea Arung-arung,https://www.geonames.org/7743394/,2026-09-29,cc-by-4.0,GeoNames item name; tourism status not proven
geonames:7743425,c5_category,Cagar Alam,https://www.geonames.org/7743425/,2026-09-29,cc-by-4.0,source tag=geonames/H.LK
geonames:7743425,identity,Pea Horpea,https://www.geonames.org/7743425/,2026-09-29,cc-by-4.0,GeoNames item name; tourism status not proven
geonames:7753722,c5_category,Cagar Alam,https://www.geonames.org/7753722/,2026-09-29,cc-by-4.0,source tag=geonames/H.LK
geonames:7753722,identity,Situ Cikamunding,https://www.geonames.org/7753722/,2026-09-29,cc-by-4.0,GeoNames item name; tourism status not proven
geonames:7766454,c5_category,Cagar Alam,https://www.geonames.org/7766454/,2026-09-29,cc-by-4.0,source tag=geonames/H.LK
geonames:7766454,identity,Situ Cikendal,https://www.geonames.org/7766454/,2026-09-29,cc-by-4.0,GeoNames item name; tourism status not proven
geonames:7766479,c5_category,Cagar Alam,https://www.geonames.org/7766479/,2026-09-29,cc-by-4.0,source tag=geonames/H.LK
geonames:7766479,identity,Situ Gonggong,https://www.geonames.org/7766479/,2026-09-29,cc-by-4.0,GeoNames item name; tourism status not proven
geonames:7766856,c5_category,Cagar Alam,https://www.geonames.org/7766856/,2026-09-29,cc-by-4.0,source tag=geonames/H.LK
geonames:7766856,identity,Situ Cirateun,https://www.geonames.org/7766856/,2026-09-29,cc-by-4.0,GeoNames item name; tourism status not proven
geonames:7767034,c5_category,Cagar Alam,https://www.geonames.org/7767034/,2026-09-29,cc-by-4.0,source tag=geonames/H.LK
geonames:7767034,identity,Situ Dandangageung,https://www.geonames.org/7767034/,2026-09-29,cc-by-4.0,GeoNames item name; tourism status not proven
geonames:7779973,c5_category,Taman Hiburan,https://www.geonames.org/7779973/,2026-09-29,cc-by-4.0,source tag=geonames/S.RSRT
geonames:7779973,identity,Caritabeachresort,https://www.geonames.org/7779973/,2026-09-29,cc-by-4.0,GeoNames item name; tourism status not proven
geonames:7779977,c5_category,Cagar Alam,https://www.geonames.org/7779977/,2026-09-29,cc-by-4.0,source tag=geonames/H.FLLS
geonames:7779977,identity,Curug Gendang,https://www.geonames.org/7779977/,2026-09-29,cc-by-4.0,GeoNames item name; tourism status not proven
geonames:7780035,c5_category,Pantai,https://www.geonames.org/7780035/,2026-09-29,cc-by-4.0,source tag=geonames/T.BCH
geonames:7780035,identity,Pantai Carita,https://www.geonames.org/7780035/,2026-09-29,cc-by-4.0,GeoNames item name; tourism status not proven
geonames:7780036,c5_category,Pantai,https://www.geonames.org/7780036/,2026-09-29,cc-by-4.0,source tag=geonames/T.BCH
geonames:7780036,identity,Pantai Karangsari,https://www.geonames.org/7780036/,2026-09-29,cc-by-4.0,GeoNames item name; tourism status not proven
geonames:7780101,c5_category,Cagar Alam,https://www.geonames.org/7780101/,2026-09-29,cc-by-4.0,source tag=geonames/H.LK
geonames:7780101,identity,Situ Tegalpaku,https://www.geonames.org/7780101/,2026-09-29,cc-by-4.0,GeoNames item name; tourism status not proven
geonames:7780731,c5_category,Cagar Alam,https://www.geonames.org/7780731/,2026-09-29,cc-by-4.0,source tag=geonames/L.PRK
geonames:7780731,identity,Taman Matahari,https://www.geonames.org/7780731/,2026-09-29,cc-by-4.0,GeoNames item name; tourism status not proven
geonames:7780739,c5_category,Pantai,https://www.geonames.org/7780739/,2026-09-29,cc-by-4.0,source tag=geonames/T.BCH
geonames:7780739,identity,Pantai Matahari,https://www.geonames.org/7780739/,2026-09-29,cc-by-4.0,GeoNames item name; tourism status not proven
geonames:7780749,c5_category,Pantai,https://www.geonames.org/7780749/,2026-09-29,cc-by-4.0,source tag=geonames/T.BCH
geonames:7780749,identity,Pantai Bulakan,https://www.geonames.org/7780749/,2026-09-29,cc-by-4.0,GeoNames item name; tourism status not proven
geonames:7780751,c5_category,Pantai,https://www.geonames.org/7780751/,2026-09-29,cc-by-4.0,source tag=geonames/T.BCH
geonames:7780751,identity,Pantai Marina,https://www.geonames.org/7780751/,2026-09-29,cc-by-4.0,GeoNames item name; tourism status not proven
geonames:7781260,c5_category,Cagar Alam,https://www.geonames.org/7781260/,2026-09-29,cc-by-4.0,source tag=geonames/H.FLLS
geonames:7781260,identity,Curug Cikanteh,https://www.geonames.org/7781260/,2026-09-29,cc-by-4.0,GeoNames item name; tourism status not proven
geonames:7782343,c5_category,Cagar Alam,https://www.geonames.org/7782343/,2026-09-29,cc-by-4.0,source tag=geonames/H.FLLS
geonames:7782343,identity,Curug Sata,https://www.geonames.org/7782343/,2026-09-29,cc-by-4.0,GeoNames item name; tourism status not proven
geonames:7787558,c5_category,Cagar Alam,https://www.geonames.org/7787558/,2026-09-29,cc-by-4.0,source tag=geonames/H.LK
geonames:7787558,identity,Danau Talanca,https://www.geonames.org/7787558/,2026-09-29,cc-by-4.0,GeoNames item name; tourism status not proven
geonames:7792374,c5_category,Cagar Alam,https://www.geonames.org/7792374/,2026-09-29,cc-by-4.0,source tag=geonames/H.FLLS
geonames:7792374,identity,Curug Cigumawang,https://www.geonames.org/7792374/,2026-09-29,cc-by-4.0,GeoNames item name; tourism status not proven
geonames:7839984,c5_category,Cagar Alam,https://www.geonames.org/7839984/,2026-09-29,cc-by-4.0,source tag=geonames/H.LK
geonames:7839984,identity,Siak Kecil,https://www.geonames.org/7839984/,2026-09-29,cc-by-4.0,GeoNames item name; tourism status not proven
geonames:7846019,c5_category,Cagar Alam,https://www.geonames.org/7846019/,2026-09-29,cc-by-4.0,source tag=geonames/H.LK
geonames:7846019,identity,Situ Cikareo,https://www.geonames.org/7846019/,2026-09-29,cc-by-4.0,GeoNames item name; tourism status not proven
geonames:7846020,c5_category,Cagar Alam,https://www.geonames.org/7846020/,2026-09-29,cc-by-4.0,source tag=geonames/H.LK
geonames:7846020,identity,Situ Bendungan,https://www.geonames.org/7846020/,2026-09-29,cc-by-4.0,GeoNames item name; tourism status not proven
geonames:7846027,c5_category,Cagar Alam,https://www.geonames.org/7846027/,2026-09-29,cc-by-4.0,source tag=geonames/H.LK
geonames:7846027,identity,Situ Cimadang,https://www.geonames.org/7846027/,2026-09-29,cc-by-4.0,GeoNames item name; tourism status not proven
geonames:7846363,c5_category,Cagar Alam,https://www.geonames.org/7846363/,2026-09-29,cc-by-4.0,source tag=geonames/H.LK
geonames:7846363,identity,Situ Ciroyom,https://www.geonames.org/7846363/,2026-09-29,cc-by-4.0,GeoNames item name; tourism status not proven
geonames:7846364,c5_category,Cagar Alam,https://www.geonames.org/7846364/,2026-09-29,cc-by-4.0,source tag=geonames/H.LK
geonames:7846364,identity,Situ Cikaso,https://www.geonames.org/7846364/,2026-09-29,cc-by-4.0,GeoNames item name; tourism status not proven
geonames:7846954,c5_category,Pantai,https://www.geonames.org/7846954/,2026-09-29,cc-by-4.0,source tag=geonames/T.BCH
geonames:7846954,identity,Pantai Badur,https://www.geonames.org/7846954/,2026-09-29,cc-by-4.0,GeoNames item name; tourism status not proven
geonames:7847165,c5_category,Cagar Alam,https://www.geonames.org/7847165/,2026-09-29,cc-by-4.0,source tag=geonames/H.LK
geonames:7847165,identity,Danau Rancabungur,https://www.geonames.org/7847165/,2026-09-29,cc-by-4.0,GeoNames item name; tourism status not proven
geonames:7847170,c5_category,Cagar Alam,https://www.geonames.org/7847170/,2026-09-29,cc-by-4.0,source tag=geonames/H.LK
geonames:7847170,identity,Danau Rancatutut,https://www.geonames.org/7847170/,2026-09-29,cc-by-4.0,GeoNames item name; tourism status not proven
geonames:7847515,c5_category,Pantai,https://www.geonames.org/7847515/,2026-09-29,cc-by-4.0,source tag=geonames/T.BCH
geonames:7847515,identity,Pantai Punaga,https://www.geonames.org/7847515/,2026-09-29,cc-by-4.0,GeoNames item name; tourism status not proven
geonames:7847861,c5_category,Pantai,https://www.geonames.org/7847861/,2026-09-29,cc-by-4.0,source tag=geonames/T.BCH
geonames:7847861,identity,Pantai Manalusu,https://www.geonames.org/7847861/,2026-09-29,cc-by-4.0,GeoNames item name; tourism status not proven
geonames:7848923,c5_category,Cagar Alam,https://www.geonames.org/7848923/,2026-09-29,cc-by-4.0,source tag=geonames/H.LK
geonames:7848923,identity,Situ Cisepat,https://www.geonames.org/7848923/,2026-09-29,cc-by-4.0,GeoNames item name; tourism status not proven
geonames:7850137,c5_category,Cagar Alam,https://www.geonames.org/7850137/,2026-09-29,cc-by-4.0,source tag=geonames/H.FLLS
geonames:7850137,identity,Curug Jaisah,https://www.geonames.org/7850137/,2026-09-29,cc-by-4.0,GeoNames item name; tourism status not proven
geonames:7850156,c5_category,Cagar Alam,https://www.geonames.org/7850156/,2026-09-29,cc-by-4.0,source tag=geonames/H.FLLS
geonames:7850156,identity,Curug Luhur,https://www.geonames.org/7850156/,2026-09-29,cc-by-4.0,GeoNames item name; tourism status not proven
geonames:7852364,c5_category,Cagar Alam,https://www.geonames.org/7852364/,2026-09-29,cc-by-4.0,source tag=geonames/H.LK
geonames:7852364,identity,Situ Hiang,https://www.geonames.org/7852364/,2026-09-29,cc-by-4.0,GeoNames item name; tourism status not proven
geonames:7852382,c5_category,Cagar Alam,https://www.geonames.org/7852382/,2026-09-29,cc-by-4.0,source tag=geonames/H.LK
geonames:7852382,identity,Situ Kubangbungur,https://www.geonames.org/7852382/,2026-09-29,cc-by-4.0,GeoNames item name; tourism status not proven
geonames:7852418,c5_category,Cagar Alam,https://www.geonames.org/7852418/,2026-09-29,cc-by-4.0,source tag=geonames/H.LK
geonames:7852418,identity,Situ Cibungaok,https://www.geonames.org/7852418/,2026-09-29,cc-by-4.0,GeoNames item name; tourism status not proven
geonames:7857247,c5_category,Cagar Alam,https://www.geonames.org/7857247/,2026-09-29,cc-by-4.0,source tag=geonames/H.LK
geonames:7857247,identity,Talaga Cibuntu,https://www.geonames.org/7857247/,2026-09-29,cc-by-4.0,GeoNames item name; tourism status not proven
geonames:7857292,c5_category,Cagar Alam,https://www.geonames.org/7857292/,2026-09-29,cc-by-4.0,source tag=geonames/H.FLLS
geonames:7857292,identity,Curug Pareang,https://www.geonames.org/7857292/,2026-09-29,cc-by-4.0,GeoNames item name; tourism status not proven
geonames:7857879,c5_category,Cagar Alam,https://www.geonames.org/7857879/,2026-09-29,cc-by-4.0,source tag=geonames/H.LK
geonames:7857879,identity,Situ Kabuyutan,https://www.geonames.org/7857879/,2026-09-29,cc-by-4.0,GeoNames item name; tourism status not proven
geonames:7858236,c5_category,Cagar Alam,https://www.geonames.org/7858236/,2026-09-29,cc-by-4.0,source tag=geonames/H.LK
geonames:7858236,identity,Talaga Cipingku,https://www.geonames.org/7858236/,2026-09-29,cc-by-4.0,GeoNames item name; tourism status not proven
geonames:7858264,c5_category,Cagar Alam,https://www.geonames.org/7858264/,2026-09-29,cc-by-4.0,source tag=geonames/H.LK
geonames:7858264,identity,Talaga Ciukur,https://www.geonames.org/7858264/,2026-09-29,cc-by-4.0,GeoNames item name; tourism status not proven
geonames:7858448,c5_category,Cagar Alam,https://www.geonames.org/7858448/,2026-09-29,cc-by-4.0,source tag=geonames/H.LK
geonames:7858448,identity,Situ Cigayun,https://www.geonames.org/7858448/,2026-09-29,cc-by-4.0,GeoNames item name; tourism status not proven
geonames:7861380,c5_category,Cagar Alam,https://www.geonames.org/7861380/,2026-09-29,cc-by-4.0,source tag=geonames/H.LK
geonames:7861380,identity,Rawa Gede,https://www.geonames.org/7861380/,2026-09-29,cc-by-4.0,GeoNames item name; tourism status not proven
geonames:7861381,c5_category,Cagar Alam,https://www.geonames.org/7861381/,2026-09-29,cc-by-4.0,source tag=geonames/H.LK
geonames:7861381,identity,Rawa Tande,https://www.geonames.org/7861381/,2026-09-29,cc-by-4.0,GeoNames item name; tourism status not proven
geonames:7862417,c5_category,Pantai,https://www.geonames.org/7862417/,2026-09-29,cc-by-4.0,source tag=geonames/T.BCH
geonames:7862417,identity,Pantai Grom,https://www.geonames.org/7862417/,2026-09-29,cc-by-4.0,GeoNames item name; tourism status not proven
geonames:7863271,c5_category,Cagar Alam,https://www.geonames.org/7863271/,2026-09-29,cc-by-4.0,source tag=geonames/H.LK
geonames:7863271,identity,Danau Lebar,https://www.geonames.org/7863271/,2026-09-29,cc-by-4.0,GeoNames item name; tourism status not proven
geonames:7863272,c5_category,Cagar Alam,https://www.geonames.org/7863272/,2026-09-29,cc-by-4.0,source tag=geonames/H.LK
geonames:7863272,identity,Danau Minyak,https://www.geonames.org/7863272/,2026-09-29,cc-by-4.0,GeoNames item name; tourism status not proven
geonames:7863273,c5_category,Cagar Alam,https://www.geonames.org/7863273/,2026-09-29,cc-by-4.0,source tag=geonames/H.LK
geonames:7863273,identity,Danau Asam,https://www.geonames.org/7863273/,2026-09-29,cc-by-4.0,GeoNames item name; tourism status not proven
geonames:7863274,c5_category,Cagar Alam,https://www.geonames.org/7863274/,2026-09-29,cc-by-4.0,source tag=geonames/H.LK
geonames:7863274,identity,Danau Blibis,https://www.geonames.org/7863274/,2026-09-29,cc-by-4.0,GeoNames item name; tourism status not proven
geonames:7863276,c5_category,Cagar Alam,https://www.geonames.org/7863276/,2026-09-29,cc-by-4.0,source tag=geonames/H.LK
geonames:7863276,identity,Danau Perikanan,https://www.geonames.org/7863276/,2026-09-29,cc-by-4.0,GeoNames item name; tourism status not proven
geonames:7863294,c5_category,Cagar Alam,https://www.geonames.org/7863294/,2026-09-29,cc-by-4.0,source tag=geonames/H.LK
geonames:7863294,identity,Danau Curing,https://www.geonames.org/7863294/,2026-09-29,cc-by-4.0,GeoNames item name; tourism status not proven
geonames:7888074,c5_category,Cagar Alam,https://www.geonames.org/7888074/,2026-09-29,cc-by-4.0,source tag=geonames/H.LK
geonames:7888074,identity,Rawa Kalong,https://www.geonames.org/7888074/,2026-09-29,cc-by-4.0,GeoNames item name; tourism status not proven
geonames:7888833,c5_category,Cagar Alam,https://www.geonames.org/7888833/,2026-09-29,cc-by-4.0,source tag=geonames/H.FLLS
geonames:7888833,identity,Curug Ciengang,https://www.geonames.org/7888833/,2026-09-29,cc-by-4.0,GeoNames item name; tourism status not proven
geonames:7888854,c5_category,Cagar Alam,https://www.geonames.org/7888854/,2026-09-29,cc-by-4.0,source tag=geonames/H.FLLS
geonames:7888854,identity,Curug Kondang,https://www.geonames.org/7888854/,2026-09-29,cc-by-4.0,GeoNames item name; tourism status not proven
geonames:7911645,c5_category,Cagar Alam,https://www.geonames.org/7911645/,2026-09-29,cc-by-4.0,source tag=geonames/H.LK
geonames:7911645,identity,Situ Calana,https://www.geonames.org/7911645/,2026-09-29,cc-by-4.0,GeoNames item name; tourism status not proven
geonames:7914116,c5_category,Cagar Alam,https://www.geonames.org/7914116/,2026-09-29,cc-by-4.0,source tag=geonames/H.LK
geonames:7914116,identity,Talanca Cipangukusan,https://www.geonames.org/7914116/,2026-09-29,cc-by-4.0,GeoNames item name; tourism status not proven
geonames:7914624,c5_category,Cagar Alam,https://www.geonames.org/7914624/,2026-09-29,cc-by-4.0,source tag=geonames/H.LK
geonames:7914624,identity,Talaga Denuh,https://www.geonames.org/7914624/,2026-09-29,cc-by-4.0,GeoNames item name; tourism status not proven
geonames:7915068,c5_category,Cagar Alam,https://www.geonames.org/7915068/,2026-09-29,cc-by-4.0,source tag=geonames/H.LK
geonames:7915068,identity,Situ Cilangla,https://www.geonames.org/7915068/,2026-09-29,cc-by-4.0,GeoNames item name; tourism status not proven
geonames:7916446,c5_category,Cagar Alam,https://www.geonames.org/7916446/,2026-09-29,cc-by-4.0,source tag=geonames/H.LK
geonames:7916446,identity,Situ Cibitung,https://www.geonames.org/7916446/,2026-09-29,cc-by-4.0,GeoNames item name; tourism status not proven
geonames:7920304,c5_category,Cagar Alam,https://www.geonames.org/7920304/,2026-09-29,cc-by-4.0,source tag=geonames/H.LK
geonames:7920304,identity,Situ Rancakukuk,https://www.geonames.org/7920304/,2026-09-29,cc-by-4.0,GeoNames item name; tourism status not proven
geonames:7920399,c5_category,Cagar Alam,https://www.geonames.org/7920399/,2026-09-29,cc-by-4.0,source tag=geonames/H.LK
geonames:7920399,identity,Situ Gede,https://www.geonames.org/7920399/,2026-09-29,cc-by-4.0,GeoNames item name; tourism status not proven
geonames:7920558,c5_category,Cagar Alam,https://www.geonames.org/7920558/,2026-09-29,cc-by-4.0,source tag=geonames/H.LK
geonames:7920558,identity,Situ Cipolerang,https://www.geonames.org/7920558/,2026-09-29,cc-by-4.0,GeoNames item name; tourism status not proven
geonames:7920710,c5_category,Cagar Alam,https://www.geonames.org/7920710/,2026-09-29,cc-by-4.0,source tag=geonames/H.LK
geonames:7920710,identity,Situ Liung,https://www.geonames.org/7920710/,2026-09-29,cc-by-4.0,GeoNames item name; tourism status not proven
geonames:7920722,c5_category,Cagar Alam,https://www.geonames.org/7920722/,2026-09-29,cc-by-4.0,source tag=geonames/H.LK
geonames:7920722,identity,Situ Cidahu,https://www.geonames.org/7920722/,2026-09-29,cc-by-4.0,GeoNames item name; tourism status not proven
geonames:7920724,c5_category,Cagar Alam,https://www.geonames.org/7920724/,2026-09-29,cc-by-4.0,source tag=geonames/H.LK
geonames:7920724,identity,Situ Bundar,https://www.geonames.org/7920724/,2026-09-29,cc-by-4.0,GeoNames item name; tourism status not proven
geonames:7920958,c5_category,Cagar Alam,https://www.geonames.org/7920958/,2026-09-29,cc-by-4.0,source tag=geonames/H.LK
geonames:7920958,identity,Situ Cibangban,https://www.geonames.org/7920958/,2026-09-29,cc-by-4.0,GeoNames item name; tourism status not proven
geonames:7921782,c5_category,Cagar Alam,https://www.geonames.org/7921782/,2026-09-29,cc-by-4.0,source tag=geonames/H.LK
geonames:7921782,identity,Situ Jaruju,https://www.geonames.org/7921782/,2026-09-29,cc-by-4.0,GeoNames item name; tourism status not proven
geonames:7927873,c5_category,Cagar Alam,https://www.geonames.org/7927873/,2026-09-29,cc-by-4.0,source tag=geonames/L.PRK
geonames:7927873,identity,Taman Lengsar,https://www.geonames.org/7927873/,2026-09-29,cc-by-4.0,GeoNames item name; tourism status not proven
geonames:7927874,c5_category,Cagar Alam,https://www.geonames.org/7927874/,2026-09-29,cc-by-4.0,source tag=geonames/L.PRK
geonames:7927874,identity,Taman Uwri,https://www.geonames.org/7927874/,2026-09-29,cc-by-4.0,GeoNames item name; tourism status not proven
geonames:7932520,c5_category,Cagar Alam,https://www.geonames.org/7932520/,2026-09-29,cc-by-4.0,source tag=geonames/L.PRK
geonames:7932520,identity,Tanjung Puting National Park,https://www.geonames.org/7932520/,2026-09-29,cc-by-4.0,GeoNames item name; tourism status not proven
geonames:8018387,c5_category,Cagar Alam,https://www.geonames.org/8018387/,2026-09-29,cc-by-4.0,source tag=geonames/H.LK
geonames:8018387,identity,Situ Cibuyut,https://www.geonames.org/8018387/,2026-09-29,cc-by-4.0,GeoNames item name; tourism status not proven
geonames:8018488,c5_category,Cagar Alam,https://www.geonames.org/8018488/,2026-09-29,cc-by-4.0,source tag=geonames/H.LK
geonames:8018488,identity,Situ Ranca,https://www.geonames.org/8018488/,2026-09-29,cc-by-4.0,GeoNames item name; tourism status not proven
geonames:8022546,c5_category,Cagar Alam,https://www.geonames.org/8022546/,2026-09-29,cc-by-4.0,source tag=geonames/H.LK
geonames:8022546,identity,Situ Bojong,https://www.geonames.org/8022546/,2026-09-29,cc-by-4.0,GeoNames item name; tourism status not proven
geonames:8022632,c5_category,Cagar Alam,https://www.geonames.org/8022632/,2026-09-29,cc-by-4.0,source tag=geonames/H.LK
geonames:8022632,identity,Situ Malingping,https://www.geonames.org/8022632/,2026-09-29,cc-by-4.0,GeoNames item name; tourism status not proven
geonames:8041520,c5_category,Cagar Alam,https://www.geonames.org/8041520/,2026-09-29,cc-by-4.0,source tag=geonames/H.LK
geonames:8041520,identity,Situ Sukamanah,https://www.geonames.org/8041520/,2026-09-29,cc-by-4.0,GeoNames item name; tourism status not proven
geonames:8043670,c5_category,Cagar Alam,https://www.geonames.org/8043670/,2026-09-29,cc-by-4.0,source tag=geonames/H.LK
geonames:8043670,identity,Danau Tibu Tapala,https://www.geonames.org/8043670/,2026-09-29,cc-by-4.0,GeoNames item name; tourism status not proven
geonames:8043776,c5_category,Cagar Alam,https://www.geonames.org/8043776/,2026-09-29,cc-by-4.0,source tag=geonames/H.LK
geonames:8043776,identity,Telaga Tihu,https://www.geonames.org/8043776/,2026-09-29,cc-by-4.0,GeoNames item name; tourism status not proven
geonames:8043777,c5_category,Cagar Alam,https://www.geonames.org/8043777/,2026-09-29,cc-by-4.0,source tag=geonames/H.LK
geonames:8043777,identity,Telaga Biru,https://www.geonames.org/8043777/,2026-09-29,cc-by-4.0,GeoNames item name; tourism status not proven
geonames:8044809,c5_category,Cagar Alam,https://www.geonames.org/8044809/,2026-09-29,cc-by-4.0,source tag=geonames/H.LK
geonames:8044809,identity,Telaga Tihu,https://www.geonames.org/8044809/,2026-09-29,cc-by-4.0,GeoNames item name; tourism status not proven
geonames:8045299,c5_category,Cagar Alam,https://www.geonames.org/8045299/,2026-09-29,cc-by-4.0,source tag=geonames/H.LK
geonames:8045299,identity,Situ Garunggang,https://www.geonames.org/8045299/,2026-09-29,cc-by-4.0,GeoNames item name; tourism status not proven
geonames:8046759,c5_category,Cagar Alam,https://www.geonames.org/8046759/,2026-09-29,cc-by-4.0,source tag=geonames/H.LK
geonames:8046759,identity,Situ Wangi,https://www.geonames.org/8046759/,2026-09-29,cc-by-4.0,GeoNames item name; tourism status not proven
geonames:8052687,c5_category,Cagar Alam,https://www.geonames.org/8052687/,2026-09-29,cc-by-4.0,source tag=geonames/H.LK
geonames:8052687,identity,Ranca Haur,https://www.geonames.org/8052687/,2026-09-29,cc-by-4.0,GeoNames item name; tourism status not proven
geonames:8052688,c5_category,Cagar Alam,https://www.geonames.org/8052688/,2026-09-29,cc-by-4.0,source tag=geonames/H.LK
geonames:8052688,identity,Ranca Gede,https://www.geonames.org/8052688/,2026-09-29,cc-by-4.0,GeoNames item name; tourism status not proven
geonames:8052689,c5_category,Cagar Alam,https://www.geonames.org/8052689/,2026-09-29,cc-by-4.0,source tag=geonames/H.LK
geonames:8052689,identity,Ranca Simperem,https://www.geonames.org/8052689/,2026-09-29,cc-by-4.0,GeoNames item name; tourism status not proven
geonames:8052693,c5_category,Cagar Alam,https://www.geonames.org/8052693/,2026-09-29,cc-by-4.0,source tag=geonames/H.LK
geonames:8052693,identity,Situ Oe,https://www.geonames.org/8052693/,2026-09-29,cc-by-4.0,GeoNames item name; tourism status not proven
geonames:8052703,c5_category,Cagar Alam,https://www.geonames.org/8052703/,2026-09-29,cc-by-4.0,source tag=geonames/H.LK
geonames:8052703,identity,Situ Babakan,https://www.geonames.org/8052703/,2026-09-29,cc-by-4.0,GeoNames item name; tourism status not proven
geonames:8056778,c5_category,Cagar Alam,https://www.geonames.org/8056778/,2026-09-29,cc-by-4.0,source tag=geonames/H.LK
geonames:8056778,identity,Situ Kubang,https://www.geonames.org/8056778/,2026-09-29,cc-by-4.0,GeoNames item name; tourism status not proven
geonames:8056880,c5_category,Pantai,https://www.geonames.org/8056880/,2026-09-29,cc-by-4.0,source tag=geonames/T.BCH
geonames:8056880,identity,Balekambang,https://www.geonames.org/8056880/,2026-09-29,cc-by-4.0,GeoNames item name; tourism status not proven
geonames:8057074,c5_category,Cagar Alam,https://www.geonames.org/8057074/,2026-09-29,cc-by-4.0,source tag=geonames/H.FLLS
geonames:8057074,identity,Curug Cebak,https://www.geonames.org/8057074/,2026-09-29,cc-by-4.0,GeoNames item name; tourism status not proven
geonames:8058668,c5_category,Cagar Alam,https://www.geonames.org/8058668/,2026-09-29,cc-by-4.0,source tag=geonames/H.LK
geonames:8058668,identity,Rawa Jayamanggala,https://www.geonames.org/8058668/,2026-09-29,cc-by-4.0,GeoNames item name; tourism status not proven
geonames:8060718,c5_category,Pantai,https://www.geonames.org/8060718/,2026-09-29,cc-by-4.0,source tag=geonames/T.BCH
geonames:8060718,identity,Pantai Kartini,https://www.geonames.org/8060718/,2026-09-29,cc-by-4.0,GeoNames item name; tourism status not proven
geonames:8067342,c5_category,Cagar Alam,https://www.geonames.org/8067342/,2026-09-29,cc-by-4.0,source tag=geonames/L.RESN
geonames:8067342,identity,Cagar Alam Pangandaran,https://www.geonames.org/8067342/,2026-09-29,cc-by-4.0,GeoNames item name; tourism status not proven
geonames:8067948,c5_category,Cagar Alam,https://www.geonames.org/8067948/,2026-09-29,cc-by-4.0,source tag=geonames/H.LK
geonames:8067948,identity,Waduk Greneng,https://www.geonames.org/8067948/,2026-09-29,cc-by-4.0,GeoNames item name; tourism status not proven
geonames:8070149,c5_category,Cagar Alam,https://www.geonames.org/8070149/,2026-09-29,cc-by-4.0,source tag=geonames/H.LK
geonames:8070149,identity,Situ Bebedahan,https://www.geonames.org/8070149/,2026-09-29,cc-by-4.0,GeoNames item name; tourism status not proven
geonames:8070849,c5_category,Cagar Alam,https://www.geonames.org/8070849/,2026-09-29,cc-by-4.0,source tag=geonames/H.LK
geonames:8070849,identity,Rawa Sambongan,https://www.geonames.org/8070849/,2026-09-29,cc-by-4.0,GeoNames item name; tourism status not proven
geonames:8072442,c5_category,Cagar Alam,https://www.geonames.org/8072442/,2026-09-29,cc-by-4.0,source tag=geonames/H.LK
geonames:8072442,identity,Rawa Keris,https://www.geonames.org/8072442/,2026-09-29,cc-by-4.0,GeoNames item name; tourism status not proven
geonames:8073790,c5_category,Cagar Alam,https://www.geonames.org/8073790/,2026-09-29,cc-by-4.0,source tag=geonames/H.LK
geonames:8073790,identity,Situ Luhur,https://www.geonames.org/8073790/,2026-09-29,cc-by-4.0,GeoNames item name; tourism status not proven
geonames:8076101,c5_category,Cagar Alam,https://www.geonames.org/8076101/,2026-09-29,cc-by-4.0,source tag=geonames/H.FLLS
geonames:8076101,identity,Air Terjun Nglirip,https://www.geonames.org/8076101/,2026-09-29,cc-by-4.0,GeoNames item name; tourism status not proven
geonames:8077949,c5_category,Cagar Alam,https://www.geonames.org/8077949/,2026-09-29,cc-by-4.0,source tag=geonames/H.LK
geonames:8077949,identity,Waduk Malahayu,https://www.geonames.org/8077949/,2026-09-29,cc-by-4.0,GeoNames item name; tourism status not proven
geonames:8079021,c5_category,Cagar Alam,https://www.geonames.org/8079021/,2026-09-29,cc-by-4.0,source tag=geonames/H.LK
geonames:8079021,identity,Luweng Sanggungbendo,https://www.geonames.org/8079021/,2026-09-29,cc-by-4.0,GeoNames item name; tourism status not proven
geonames:8079022,c5_category,Cagar Alam,https://www.geonames.org/8079022/,2026-09-29,cc-by-4.0,source tag=geonames/H.LK
geonames:8079022,identity,Luweng Ngembak,https://www.geonames.org/8079022/,2026-09-29,cc-by-4.0,GeoNames item name; tourism status not proven
geonames:8079027,c5_category,Cagar Alam,https://www.geonames.org/8079027/,2026-09-29,cc-by-4.0,source tag=geonames/H.LK
geonames:8079027,identity,Luweng Jambe,https://www.geonames.org/8079027/,2026-09-29,cc-by-4.0,GeoNames item name; tourism status not proven
geonames:8079168,c5_category,Cagar Alam,https://www.geonames.org/8079168/,2026-09-29,cc-by-4.0,source tag=geonames/H.LK
geonames:8079168,identity,Rawa Tikus,https://www.geonames.org/8079168/,2026-09-29,cc-by-4.0,GeoNames item name; tourism status not proven
geonames:8079211,c5_category,Cagar Alam,https://www.geonames.org/8079211/,2026-09-29,cc-by-4.0,source tag=geonames/H.LK
geonames:8079211,identity,Rawa Banyubiru,https://www.geonames.org/8079211/,2026-09-29,cc-by-4.0,GeoNames item name; tourism status not proven
geonames:8079212,c5_category,Cagar Alam,https://www.geonames.org/8079212/,2026-09-29,cc-by-4.0,source tag=geonames/H.LK
geonames:8079212,identity,Rawa Gebang,https://www.geonames.org/8079212/,2026-09-29,cc-by-4.0,GeoNames item name; tourism status not proven
geonames:8079218,c5_category,Cagar Alam,https://www.geonames.org/8079218/,2026-09-29,cc-by-4.0,source tag=geonames/H.LK
geonames:8079218,identity,Rawa Kul,https://www.geonames.org/8079218/,2026-09-29,cc-by-4.0,GeoNames item name; tourism status not proven
geonames:8079235,c5_category,Cagar Alam,https://www.geonames.org/8079235/,2026-09-29,cc-by-4.0,source tag=geonames/H.LK
geonames:8079235,identity,Danau Segaran,https://www.geonames.org/8079235/,2026-09-29,cc-by-4.0,GeoNames item name; tourism status not proven
geonames:8079436,c5_category,Pantai,https://www.geonames.org/8079436/,2026-09-29,cc-by-4.0,source tag=geonames/T.BCH
geonames:8079436,identity,Pasir Medangan,https://www.geonames.org/8079436/,2026-09-29,cc-by-4.0,GeoNames item name; tourism status not proven
geonames:8079437,c5_category,Pantai,https://www.geonames.org/8079437/,2026-09-29,cc-by-4.0,source tag=geonames/T.BCH
geonames:8079437,identity,Pasir Nylonggringsoloko,https://www.geonames.org/8079437/,2026-09-29,cc-by-4.0,GeoNames item name; tourism status not proven
geonames:8079441,c5_category,Cagar Alam,https://www.geonames.org/8079441/,2026-09-29,cc-by-4.0,source tag=geonames/H.LK
geonames:8079441,identity,Sendang Kamulyan,https://www.geonames.org/8079441/,2026-09-29,cc-by-4.0,GeoNames item name; tourism status not proven
geonames:8079444,c5_category,Cagar Alam,https://www.geonames.org/8079444/,2026-09-29,cc-by-4.0,source tag=geonames/H.LK
geonames:8079444,identity,Sendang Bulkembang,https://www.geonames.org/8079444/,2026-09-29,cc-by-4.0,GeoNames item name; tourism status not proven
geonames:8079445,c5_category,Pantai,https://www.geonames.org/8079445/,2026-09-29,cc-by-4.0,source tag=geonames/T.BCH
geonames:8079445,identity,Pasir Panjang,https://www.geonames.org/8079445/,2026-09-29,cc-by-4.0,GeoNames item name; tourism status not proven
geonames:8079447,c5_category,Pantai,https://www.geonames.org/8079447/,2026-09-29,cc-by-4.0,source tag=geonames/T.BCH
geonames:8079447,identity,Pasir Putih,https://www.geonames.org/8079447/,2026-09-29,cc-by-4.0,GeoNames item name; tourism status not proven
geonames:8079449,c5_category,Pantai,https://www.geonames.org/8079449/,2026-09-29,cc-by-4.0,source tag=geonames/T.BCH
geonames:8079449,identity,Pasir Bantol,https://www.geonames.org/8079449/,2026-09-29,cc-by-4.0,GeoNames item name; tourism status not proven
geonames:8079451,c5_category,Pantai,https://www.geonames.org/8079451/,2026-09-29,cc-by-4.0,source tag=geonames/T.BCH
geonames:8079451,identity,Pasir Muncar,https://www.geonames.org/8079451/,2026-09-29,cc-by-4.0,GeoNames item name; tourism status not proven
geonames:8079535,c5_category,Cagar Alam,https://www.geonames.org/8079535/,2026-09-29,cc-by-4.0,source tag=geonames/H.LK
geonames:8079535,identity,Danau Apusan,https://www.geonames.org/8079535/,2026-09-29,cc-by-4.0,GeoNames item name; tourism status not proven
geonames:8079984,c5_category,Cagar Alam,https://www.geonames.org/8079984/,2026-09-29,cc-by-4.0,source tag=geonames/H.LK
geonames:8079984,identity,Danau Sumbersuko,https://www.geonames.org/8079984/,2026-09-29,cc-by-4.0,GeoNames item name; tourism status not proven
geonames:8080143,c5_category,Cagar Alam,https://www.geonames.org/8080143/,2026-09-29,cc-by-4.0,source tag=geonames/H.LK
geonames:8080143,identity,Danau Gondangbandung,https://www.geonames.org/8080143/,2026-09-29,cc-by-4.0,GeoNames item name; tourism status not proven
geonames:8080144,c5_category,Cagar Alam,https://www.geonames.org/8080144/,2026-09-29,cc-by-4.0,source tag=geonames/H.LK
geonames:8080144,identity,Danau Kapur Kulon,https://www.geonames.org/8080144/,2026-09-29,cc-by-4.0,GeoNames item name; tourism status not proven
geonames:8080145,c5_category,Cagar Alam,https://www.geonames.org/8080145/,2026-09-29,cc-by-4.0,source tag=geonames/H.LK
geonames:8080145,identity,Danau Kapur Wetan,https://www.geonames.org/8080145/,2026-09-29,cc-by-4.0,GeoNames item name; tourism status not proven
geonames:8080146,c5_category,Cagar Alam,https://www.geonames.org/8080146/,2026-09-29,cc-by-4.0,source tag=geonames/H.LK
geonames:8080146,identity,Danau Beji,https://www.geonames.org/8080146/,2026-09-29,cc-by-4.0,GeoNames item name; tourism status not proven
geonames:8140925,c5_category,Cagar Alam,https://www.geonames.org/8140925/,2026-09-29,cc-by-4.0,source tag=geonames/H.LK
geonames:8140925,identity,Waduk Joho,https://www.geonames.org/8140925/,2026-09-29,cc-by-4.0,GeoNames item name; tourism status not proven
geonames:8142479,c5_category,Pantai,https://www.geonames.org/8142479/,2026-09-29,cc-by-4.0,source tag=geonames/T.BCH
geonames:8142479,identity,Pantai Bajulmati,https://www.geonames.org/8142479/,2026-09-29,cc-by-4.0,GeoNames item name; tourism status not proven
geonames:8142503,c5_category,Pantai,https://www.geonames.org/8142503/,2026-09-29,cc-by-4.0,source tag=geonames/T.BCH
geonames:8142503,identity,Pantai Sendangbiru,https://www.geonames.org/8142503/,2026-09-29,cc-by-4.0,GeoNames item name; tourism status not proven
geonames:8142524,c5_category,Cagar Alam,https://www.geonames.org/8142524/,2026-09-29,cc-by-4.0,source tag=geonames/H.LK
geonames:8142524,identity,Telaga Lele,https://www.geonames.org/8142524/,2026-09-29,cc-by-4.0,GeoNames item name; tourism status not proven
geonames:8142525,c5_category,Cagar Alam,https://www.geonames.org/8142525/,2026-09-29,cc-by-4.0,source tag=geonames/H.LK
geonames:8142525,identity,Segara Anakan,https://www.geonames.org/8142525/,2026-09-29,cc-by-4.0,GeoNames item name; tourism status not proven
geonames:8170755,c5_category,Cagar Alam,https://www.geonames.org/8170755/,2026-09-29,cc-by-4.0,source tag=geonames/H.LK
geonames:8170755,identity,Telaga Rejo,https://www.geonames.org/8170755/,2026-09-29,cc-by-4.0,GeoNames item name; tourism status not proven
geonames:8174932,c5_category,Pantai,https://www.geonames.org/8174932/,2026-09-29,cc-by-4.0,source tag=geonames/T.BCH
geonames:8174932,identity,Pantai Sipelot,https://www.geonames.org/8174932/,2026-09-29,cc-by-4.0,GeoNames item name; tourism status not proven
geonames:8180937,c5_category,Pantai,https://www.geonames.org/8180937/,2026-09-29,cc-by-4.0,source tag=geonames/T.BCH
geonames:8180937,identity,Pantai Paseban,https://www.geonames.org/8180937/,2026-09-29,cc-by-4.0,GeoNames item name; tourism status not proven
geonames:8184971,c5_category,Pantai,https://www.geonames.org/8184971/,2026-09-29,cc-by-4.0,source tag=geonames/T.BCH
geonames:8184971,identity,Pantai Kucur,https://www.geonames.org/8184971/,2026-09-29,cc-by-4.0,GeoNames item name; tourism status not proven
geonames:8185322,c5_category,Pantai,https://www.geonames.org/8185322/,2026-09-29,cc-by-4.0,source tag=geonames/T.BCH
geonames:8185322,identity,Pantai Watuulo,https://www.geonames.org/8185322/,2026-09-29,cc-by-4.0,GeoNames item name; tourism status not proven
geonames:8196127,c5_category,Cagar Alam,https://www.geonames.org/8196127/,2026-09-29,cc-by-4.0,source tag=geonames/L.RESN
geonames:8196127,identity,Cagar Alam Meru Betiri,https://www.geonames.org/8196127/,2026-09-29,cc-by-4.0,GeoNames item name; tourism status not proven
geonames:8299394,c5_category,Cagar Alam,https://www.geonames.org/8299394/,2026-09-29,cc-by-4.0,source tag=geonames/H.LK
geonames:8299394,identity,Sawah 2 Yans Punya,https://www.geonames.org/8299394/,2026-09-29,cc-by-4.0,GeoNames item name; tourism status not proven
geonames:8299395,c5_category,Cagar Alam,https://www.geonames.org/8299395/,2026-09-29,cc-by-4.0,source tag=geonames/H.LK
geonames:8299395,identity,Sawah 1 yans punya,https://www.geonames.org/8299395/,2026-09-29,cc-by-4.0,GeoNames item name; tourism status not proven
geonames:8314581,c5_category,Pantai,https://www.geonames.org/8314581/,2026-09-29,cc-by-4.0,source tag=geonames/T.BCH
geonames:8314581,identity,Pasir Panjang,https://www.geonames.org/8314581/,2026-09-29,cc-by-4.0,GeoNames item name; tourism status not proven
geonames:8315163,c5_category,Cagar Alam,https://www.geonames.org/8315163/,2026-09-29,cc-by-4.0,source tag=geonames/H.LK
geonames:8315163,identity,Danau Ngebakan,https://www.geonames.org/8315163/,2026-09-29,cc-by-4.0,GeoNames item name; tourism status not proven
geonames:8329824,c5_category,Tempat Ibadah,https://www.geonames.org/8329824/,2026-09-29,cc-by-4.0,source tag=geonames/S.TMPL
geonames:8329824,identity,Candi Brongkah,https://www.geonames.org/8329824/,2026-09-29,cc-by-4.0,GeoNames item name; tourism status not proven
geonames:8362364,c5_category,Cagar Alam,https://www.geonames.org/8362364/,2026-09-29,cc-by-4.0,source tag=geonames/H.LK
geonames:8362364,identity,Tebat Sekedi,https://www.geonames.org/8362364/,2026-09-29,cc-by-4.0,GeoNames item name; tourism status not proven
geonames:8362382,c5_category,Cagar Alam,https://www.geonames.org/8362382/,2026-09-29,cc-by-4.0,source tag=geonames/H.LK
geonames:8362382,identity,Tebat Jambu,https://www.geonames.org/8362382/,2026-09-29,cc-by-4.0,GeoNames item name; tourism status not proven
geonames:8362384,c5_category,Cagar Alam,https://www.geonames.org/8362384/,2026-09-29,cc-by-4.0,source tag=geonames/H.LK
geonames:8362384,identity,Tebat Bingkuk,https://www.geonames.org/8362384/,2026-09-29,cc-by-4.0,GeoNames item name; tourism status not proven
geonames:8363226,c5_category,Cagar Alam,https://www.geonames.org/8363226/,2026-09-29,cc-by-4.0,source tag=geonames/H.LK
geonames:8363226,identity,Bawang Rambih,https://www.geonames.org/8363226/,2026-09-29,cc-by-4.0,GeoNames item name; tourism status not proven
geonames:8363240,c5_category,Cagar Alam,https://www.geonames.org/8363240/,2026-09-29,cc-by-4.0,source tag=geonames/H.LK
geonames:8363240,identity,Bawang Tias,https://www.geonames.org/8363240/,2026-09-29,cc-by-4.0,GeoNames item name; tourism status not proven
geonames:8363245,c5_category,Cagar Alam,https://www.geonames.org/8363245/,2026-09-29,cc-by-4.0,source tag=geonames/H.LK
geonames:8363245,identity,Bawang Seroja,https://www.geonames.org/8363245/,2026-09-29,cc-by-4.0,GeoNames item name; tourism status not proven
geonames:8363253,c5_category,Cagar Alam,https://www.geonames.org/8363253/,2026-09-29,cc-by-4.0,source tag=geonames/H.LK
geonames:8363253,identity,Bawang Dasar,https://www.geonames.org/8363253/,2026-09-29,cc-by-4.0,GeoNames item name; tourism status not proven
geonames:8363256,c5_category,Cagar Alam,https://www.geonames.org/8363256/,2026-09-29,cc-by-4.0,source tag=geonames/H.LK
geonames:8363256,identity,Bawang Olakadundung,https://www.geonames.org/8363256/,2026-09-29,cc-by-4.0,GeoNames item name; tourism status not proven
geonames:8363263,c5_category,Cagar Alam,https://www.geonames.org/8363263/,2026-09-29,cc-by-4.0,source tag=geonames/H.LK
geonames:8363263,identity,Bawang Handa,https://www.geonames.org/8363263/,2026-09-29,cc-by-4.0,GeoNames item name; tourism status not proven
geonames:8363264,c5_category,Cagar Alam,https://www.geonames.org/8363264/,2026-09-29,cc-by-4.0,source tag=geonames/H.LK
geonames:8363264,identity,Bawang Pangajar,https://www.geonames.org/8363264/,2026-09-29,cc-by-4.0,GeoNames item name; tourism status not proven
geonames:8363265,c5_category,Cagar Alam,https://www.geonames.org/8363265/,2026-09-29,cc-by-4.0,source tag=geonames/H.LK
geonames:8363265,identity,Bawang Hanibung,https://www.geonames.org/8363265/,2026-09-29,cc-by-4.0,GeoNames item name; tourism status not proven
geonames:8363267,c5_category,Cagar Alam,https://www.geonames.org/8363267/,2026-09-29,cc-by-4.0,source tag=geonames/H.LK
geonames:8363267,identity,Bawang Ujun,https://www.geonames.org/8363267/,2026-09-29,cc-by-4.0,GeoNames item name; tourism status not proven
geonames:8363268,c5_category,Cagar Alam,https://www.geonames.org/8363268/,2026-09-29,cc-by-4.0,source tag=geonames/H.LK
geonames:8363268,identity,Bawang Mulangraya,https://www.geonames.org/8363268/,2026-09-29,cc-by-4.0,GeoNames item name; tourism status not proven
geonames:8363269,c5_category,Cagar Alam,https://www.geonames.org/8363269/,2026-09-29,cc-by-4.0,source tag=geonames/H.LK
geonames:8363269,identity,Bawang Baru,https://www.geonames.org/8363269/,2026-09-29,cc-by-4.0,GeoNames item name; tourism status not proven
geonames:8363270,c5_category,Cagar Alam,https://www.geonames.org/8363270/,2026-09-29,cc-by-4.0,source tag=geonames/H.LK
geonames:8363270,identity,Bawang Klowi,https://www.geonames.org/8363270/,2026-09-29,cc-by-4.0,GeoNames item name; tourism status not proven
geonames:8363279,c5_category,Cagar Alam,https://www.geonames.org/8363279/,2026-09-29,cc-by-4.0,source tag=geonames/H.LK
geonames:8363279,identity,Bawang Gunung Liwat,https://www.geonames.org/8363279/,2026-09-29,cc-by-4.0,GeoNames item name; tourism status not proven
geonames:8363280,c5_category,Cagar Alam,https://www.geonames.org/8363280/,2026-09-29,cc-by-4.0,source tag=geonames/H.LK
geonames:8363280,identity,Bawang Tala,https://www.geonames.org/8363280/,2026-09-29,cc-by-4.0,GeoNames item name; tourism status not proven
geonames:8363289,c5_category,Cagar Alam,https://www.geonames.org/8363289/,2026-09-29,cc-by-4.0,source tag=geonames/H.LK
geonames:8363289,identity,Bawang Lekis,https://www.geonames.org/8363289/,2026-09-29,cc-by-4.0,GeoNames item name; tourism status not proven
geonames:8363290,c5_category,Cagar Alam,https://www.geonames.org/8363290/,2026-09-29,cc-by-4.0,source tag=geonames/H.LK
geonames:8363290,identity,Bawang Terusanbawang,https://www.geonames.org/8363290/,2026-09-29,cc-by-4.0,GeoNames item name; tourism status not proven
geonames:8363291,c5_category,Cagar Alam,https://www.geonames.org/8363291/,2026-09-29,cc-by-4.0,source tag=geonames/H.LK
geonames:8363291,identity,Bawang Canggah,https://www.geonames.org/8363291/,2026-09-29,cc-by-4.0,GeoNames item name; tourism status not proven
geonames:8363292,c5_category,Cagar Alam,https://www.geonames.org/8363292/,2026-09-29,cc-by-4.0,source tag=geonames/H.LK
geonames:8363292,identity,Bawang Gihitam,https://www.geonames.org/8363292/,2026-09-29,cc-by-4.0,GeoNames item name; tourism status not proven
geonames:8363293,c5_category,Cagar Alam,https://www.geonames.org/8363293/,2026-09-29,cc-by-4.0,source tag=geonames/H.LK
geonames:8363293,identity,Bawang Datuk,https://www.geonames.org/8363293/,2026-09-29,cc-by-4.0,GeoNames item name; tourism status not proven
geonames:8363294,c5_category,Cagar Alam,https://www.geonames.org/8363294/,2026-09-29,cc-by-4.0,source tag=geonames/H.LK
geonames:8363294,identity,Bawang Lintahan,https://www.geonames.org/8363294/,2026-09-29,cc-by-4.0,GeoNames item name; tourism status not proven
geonames:8363295,c5_category,Cagar Alam,https://www.geonames.org/8363295/,2026-09-29,cc-by-4.0,source tag=geonames/H.LK
geonames:8363295,identity,Bawang Rimba,https://www.geonames.org/8363295/,2026-09-29,cc-by-4.0,GeoNames item name; tourism status not proven
geonames:8363298,c5_category,Cagar Alam,https://www.geonames.org/8363298/,2026-09-29,cc-by-4.0,source tag=geonames/H.LK
geonames:8363298,identity,Bawang Rungku,https://www.geonames.org/8363298/,2026-09-29,cc-by-4.0,GeoNames item name; tourism status not proven
geonames:8363302,c5_category,Cagar Alam,https://www.geonames.org/8363302/,2026-09-29,cc-by-4.0,source tag=geonames/H.LK
geonames:8363302,identity,Bawang Jembatan Tanuh,https://www.geonames.org/8363302/,2026-09-29,cc-by-4.0,GeoNames item name; tourism status not proven
geonames:8363310,c5_category,Cagar Alam,https://www.geonames.org/8363310/,2026-09-29,cc-by-4.0,source tag=geonames/H.LK
geonames:8363310,identity,Bawang Sekawat,https://www.geonames.org/8363310/,2026-09-29,cc-by-4.0,GeoNames item name; tourism status not proven
geonames:8363317,c5_category,Cagar Alam,https://www.geonames.org/8363317/,2026-09-29,cc-by-4.0,source tag=geonames/H.LK
geonames:8363317,identity,Bawang Pojen,https://www.geonames.org/8363317/,2026-09-29,cc-by-4.0,GeoNames item name; tourism status not proven
geonames:8363318,c5_category,Cagar Alam,https://www.geonames.org/8363318/,2026-09-29,cc-by-4.0,source tag=geonames/H.LK
geonames:8363318,identity,Bawang Lota,https://www.geonames.org/8363318/,2026-09-29,cc-by-4.0,GeoNames item name; tourism status not proven
geonames:8363321,c5_category,Cagar Alam,https://www.geonames.org/8363321/,2026-09-29,cc-by-4.0,source tag=geonames/H.LK
geonames:8363321,identity,Bawang Tikai,https://www.geonames.org/8363321/,2026-09-29,cc-by-4.0,GeoNames item name; tourism status not proven
geonames:8363323,c5_category,Cagar Alam,https://www.geonames.org/8363323/,2026-09-29,cc-by-4.0,source tag=geonames/H.LK
geonames:8363323,identity,Bawang Lidung,https://www.geonames.org/8363323/,2026-09-29,cc-by-4.0,GeoNames item name; tourism status not proven
geonames:8363324,c5_category,Cagar Alam,https://www.geonames.org/8363324/,2026-09-29,cc-by-4.0,source tag=geonames/H.LK
geonames:8363324,identity,Bawang Siluang,https://www.geonames.org/8363324/,2026-09-29,cc-by-4.0,GeoNames item name; tourism status not proven
geonames:8363325,c5_category,Cagar Alam,https://www.geonames.org/8363325/,2026-09-29,cc-by-4.0,source tag=geonames/H.LK
geonames:8363325,identity,Bawang Beruntang,https://www.geonames.org/8363325/,2026-09-29,cc-by-4.0,GeoNames item name; tourism status not proven
geonames:8363326,c5_category,Cagar Alam,https://www.geonames.org/8363326/,2026-09-29,cc-by-4.0,source tag=geonames/H.LK
geonames:8363326,identity,Bawang Pasar,https://www.geonames.org/8363326/,2026-09-29,cc-by-4.0,GeoNames item name; tourism status not proven
geonames:8364101,c5_category,Cagar Alam,https://www.geonames.org/8364101/,2026-09-29,cc-by-4.0,source tag=geonames/H.LK
geonames:8364101,identity,Danau Rakihan,https://www.geonames.org/8364101/,2026-09-29,cc-by-4.0,GeoNames item name; tourism status not proven
geonames:8377254,c5_category,Cagar Alam,https://www.geonames.org/8377254/,2026-09-29,cc-by-4.0,source tag=geonames/H.LK
geonames:8377254,identity,Lobo Paka,https://www.geonames.org/8377254/,2026-09-29,cc-by-4.0,GeoNames item name; tourism status not proven
geonames:8377255,c5_category,Cagar Alam,https://www.geonames.org/8377255/,2026-09-29,cc-by-4.0,source tag=geonames/H.LK
geonames:8377255,identity,Lobo Ubaroe,https://www.geonames.org/8377255/,2026-09-29,cc-by-4.0,GeoNames item name; tourism status not proven
geonames:8377591,c5_category,Cagar Alam,https://www.geonames.org/8377591/,2026-09-29,cc-by-4.0,source tag=geonames/H.LK
geonames:8377591,identity,Lobo Latamako,https://www.geonames.org/8377591/,2026-09-29,cc-by-4.0,GeoNames item name; tourism status not proven
geonames:8377618,c5_category,Cagar Alam,https://www.geonames.org/8377618/,2026-09-29,cc-by-4.0,source tag=geonames/H.LK
geonames:8377618,identity,Lobo Helaba,https://www.geonames.org/8377618/,2026-09-29,cc-by-4.0,GeoNames item name; tourism status not proven
geonames:8377685,c5_category,Cagar Alam,https://www.geonames.org/8377685/,2026-09-29,cc-by-4.0,source tag=geonames/H.LK
geonames:8377685,identity,Lobo Mamanu,https://www.geonames.org/8377685/,2026-09-29,cc-by-4.0,GeoNames item name; tourism status not proven
geonames:8377966,c5_category,Cagar Alam,https://www.geonames.org/8377966/,2026-09-29,cc-by-4.0,source tag=geonames/H.LK
geonames:8377966,identity,Lobo Kapaka,https://www.geonames.org/8377966/,2026-09-29,cc-by-4.0,GeoNames item name; tourism status not proven
geonames:8378160,c5_category,Cagar Alam,https://www.geonames.org/8378160/,2026-09-29,cc-by-4.0,source tag=geonames/H.LK
geonames:8378160,identity,Lobo Ae,https://www.geonames.org/8378160/,2026-09-29,cc-by-4.0,GeoNames item name; tourism status not proven
geonames:8378417,c5_category,Cagar Alam,https://www.geonames.org/8378417/,2026-09-29,cc-by-4.0,source tag=geonames/H.LK
geonames:8378417,identity,Dano Manggis,https://www.geonames.org/8378417/,2026-09-29,cc-by-4.0,GeoNames item name; tourism status not proven
geonames:8379350,c5_category,Taman Hiburan,https://www.geonames.org/8379350/,2026-09-29,cc-by-4.0,source tag=geonames/S.RSRT
geonames:8379350,identity,Bali Baliku Villa,https://www.geonames.org/8379350/,2026-09-29,cc-by-4.0,GeoNames item name; tourism status not proven
geonames:8379361,c5_category,Cagar Alam,https://www.geonames.org/8379361/,2026-09-29,cc-by-4.0,source tag=geonames/L.PRK
geonames:8379361,identity,Garuda Wisnu Kencana (GWK),https://www.geonames.org/8379361/,2026-09-29,cc-by-4.0,GeoNames item name; tourism status not proven
geonames:8381776,c5_category,Cagar Alam,https://www.geonames.org/8381776/,2026-09-29,cc-by-4.0,source tag=geonames/H.LK
geonames:8381776,identity,Dano Ndukis,https://www.geonames.org/8381776/,2026-09-29,cc-by-4.0,GeoNames item name; tourism status not proven
geonames:8382028,c5_category,Cagar Alam,https://www.geonames.org/8382028/,2026-09-29,cc-by-4.0,source tag=geonames/H.LK
geonames:8382028,identity,Dano Oehela,https://www.geonames.org/8382028/,2026-09-29,cc-by-4.0,GeoNames item name; tourism status not proven
geonames:8382029,c5_category,Cagar Alam,https://www.geonames.org/8382029/,2026-09-29,cc-by-4.0,source tag=geonames/H.LK
geonames:8382029,identity,Dano Oeoi,https://www.geonames.org/8382029/,2026-09-29,cc-by-4.0,GeoNames item name; tourism status not proven
geonames:8382046,c5_category,Cagar Alam,https://www.geonames.org/8382046/,2026-09-29,cc-by-4.0,source tag=geonames/H.LK
geonames:8382046,identity,Dano Oehenda,https://www.geonames.org/8382046/,2026-09-29,cc-by-4.0,GeoNames item name; tourism status not proven
geonames:8382080,c5_category,Cagar Alam,https://www.geonames.org/8382080/,2026-09-29,cc-by-4.0,source tag=geonames/H.LK
geonames:8382080,identity,Dano Langgaluan,https://www.geonames.org/8382080/,2026-09-29,cc-by-4.0,GeoNames item name; tourism status not proven
geonames:8382081,c5_category,Cagar Alam,https://www.geonames.org/8382081/,2026-09-29,cc-by-4.0,source tag=geonames/H.LK
geonames:8382081,identity,Dano Baihelok,https://www.geonames.org/8382081/,2026-09-29,cc-by-4.0,GeoNames item name; tourism status not proven
geonames:8382110,c5_category,Cagar Alam,https://www.geonames.org/8382110/,2026-09-29,cc-by-4.0,source tag=geonames/H.LK
geonames:8382110,identity,Dano Dale,https://www.geonames.org/8382110/,2026-09-29,cc-by-4.0,GeoNames item name; tourism status not proven
geonames:8382122,c5_category,Cagar Alam,https://www.geonames.org/8382122/,2026-09-29,cc-by-4.0,source tag=geonames/H.LK
geonames:8382122,identity,Dano Nggongoer,https://www.geonames.org/8382122/,2026-09-29,cc-by-4.0,GeoNames item name; tourism status not proven
geonames:8382128,c5_category,Cagar Alam,https://www.geonames.org/8382128/,2026-09-29,cc-by-4.0,source tag=geonames/H.LK
geonames:8382128,identity,Dano Mbuk Kecil,https://www.geonames.org/8382128/,2026-09-29,cc-by-4.0,GeoNames item name; tourism status not proven
geonames:8382130,c5_category,Cagar Alam,https://www.geonames.org/8382130/,2026-09-29,cc-by-4.0,source tag=geonames/H.LK
geonames:8382130,identity,Dano Mbuk Besar,https://www.geonames.org/8382130/,2026-09-29,cc-by-4.0,GeoNames item name; tourism status not proven
geonames:8382217,c5_category,Cagar Alam,https://www.geonames.org/8382217/,2026-09-29,cc-by-4.0,source tag=geonames/H.LK
geonames:8382217,identity,Dano Kapalangge,https://www.geonames.org/8382217/,2026-09-29,cc-by-4.0,GeoNames item name; tourism status not proven
geonames:8382257,c5_category,Cagar Alam,https://www.geonames.org/8382257/,2026-09-29,cc-by-4.0,source tag=geonames/H.LK
geonames:8382257,identity,Dano Tua,https://www.geonames.org/8382257/,2026-09-29,cc-by-4.0,GeoNames item name; tourism status not proven
geonames:8382262,c5_category,Cagar Alam,https://www.geonames.org/8382262/,2026-09-29,cc-by-4.0,source tag=geonames/H.LK
geonames:8382262,identity,Dano Anak,https://www.geonames.org/8382262/,2026-09-29,cc-by-4.0,GeoNames item name; tourism status not proven
geonames:8382507,c5_category,Cagar Alam,https://www.geonames.org/8382507/,2026-09-29,cc-by-4.0,source tag=geonames/H.LK
geonames:8382507,identity,Dano Kuli,https://www.geonames.org/8382507/,2026-09-29,cc-by-4.0,GeoNames item name; tourism status not proven
geonames:8382533,c5_category,Cagar Alam,https://www.geonames.org/8382533/,2026-09-29,cc-by-4.0,source tag=geonames/H.LK
geonames:8382533,identity,Dano Napioen,https://www.geonames.org/8382533/,2026-09-29,cc-by-4.0,GeoNames item name; tourism status not proven
geonames:8382551,c5_category,Cagar Alam,https://www.geonames.org/8382551/,2026-09-29,cc-by-4.0,source tag=geonames/H.LK
geonames:8382551,identity,Dano Oliedale,https://www.geonames.org/8382551/,2026-09-29,cc-by-4.0,GeoNames item name; tourism status not proven
geonames:8382556,c5_category,Cagar Alam,https://www.geonames.org/8382556/,2026-09-29,cc-by-4.0,source tag=geonames/H.LK
geonames:8382556,identity,Dano Tekeme,https://www.geonames.org/8382556/,2026-09-29,cc-by-4.0,GeoNames item name; tourism status not proven
geonames:8382742,c5_category,Cagar Alam,https://www.geonames.org/8382742/,2026-09-29,cc-by-4.0,source tag=geonames/H.LK
geonames:8382742,identity,Dano Manubulu,https://www.geonames.org/8382742/,2026-09-29,cc-by-4.0,GeoNames item name; tourism status not proven
geonames:8383914,c5_category,Cagar Alam,https://www.geonames.org/8383914/,2026-09-29,cc-by-4.0,source tag=geonames/H.LK
geonames:8383914,identity,Dano Pokodanon,https://www.geonames.org/8383914/,2026-09-29,cc-by-4.0,GeoNames item name; tourism status not proven
geonames:8383922,c5_category,Cagar Alam,https://www.geonames.org/8383922/,2026-09-29,cc-by-4.0,source tag=geonames/H.LK
geonames:8383922,identity,Dano Diloandanon,https://www.geonames.org/8383922/,2026-09-29,cc-by-4.0,GeoNames item name; tourism status not proven
geonames:8383931,c5_category,Cagar Alam,https://www.geonames.org/8383931/,2026-09-29,cc-by-4.0,source tag=geonames/H.LK
geonames:8383931,identity,Dano Seda,https://www.geonames.org/8383931/,2026-09-29,cc-by-4.0,GeoNames item name; tourism status not proven
geonames:8384005,c5_category,Cagar Alam,https://www.geonames.org/8384005/,2026-09-29,cc-by-4.0,source tag=geonames/H.LK
geonames:8384005,identity,Dano Bisak,https://www.geonames.org/8384005/,2026-09-29,cc-by-4.0,GeoNames item name; tourism status not proven
geonames:8384070,c5_category,Cagar Alam,https://www.geonames.org/8384070/,2026-09-29,cc-by-4.0,source tag=geonames/H.LK
geonames:8384070,identity,Dano Soioedale,https://www.geonames.org/8384070/,2026-09-29,cc-by-4.0,GeoNames item name; tourism status not proven
geonames:8384096,c5_category,Cagar Alam,https://www.geonames.org/8384096/,2026-09-29,cc-by-4.0,source tag=geonames/H.LK
geonames:8384096,identity,Dano Noanak,https://www.geonames.org/8384096/,2026-09-29,cc-by-4.0,GeoNames item name; tourism status not proven
geonames:8384121,c5_category,Cagar Alam,https://www.geonames.org/8384121/,2026-09-29,cc-by-4.0,source tag=geonames/H.LK
geonames:8384121,identity,Dano Ngeok,https://www.geonames.org/8384121/,2026-09-29,cc-by-4.0,GeoNames item name; tourism status not proven
geonames:8384177,c5_category,Cagar Alam,https://www.geonames.org/8384177/,2026-09-29,cc-by-4.0,source tag=geonames/H.LK
geonames:8384177,identity,Dano Batulilok,https://www.geonames.org/8384177/,2026-09-29,cc-by-4.0,GeoNames item name; tourism status not proven
geonames:8388323,c5_category,Cagar Alam,https://www.geonames.org/8388323/,2026-09-29,cc-by-4.0,source tag=geonames/H.LK
geonames:8388323,identity,Dano Ana,https://www.geonames.org/8388323/,2026-09-29,cc-by-4.0,GeoNames item name; tourism status not proven
geonames:8389146,c5_category,Cagar Alam,https://www.geonames.org/8389146/,2026-09-29,cc-by-4.0,source tag=geonames/H.LK
geonames:8389146,identity,Dano Kaloen,https://www.geonames.org/8389146/,2026-09-29,cc-by-4.0,GeoNames item name; tourism status not proven
geonames:8389147,c5_category,Cagar Alam,https://www.geonames.org/8389147/,2026-09-29,cc-by-4.0,source tag=geonames/H.LK
geonames:8389147,identity,Dano Olifoe,https://www.geonames.org/8389147/,2026-09-29,cc-by-4.0,GeoNames item name; tourism status not proven
geonames:8389148,c5_category,Cagar Alam,https://www.geonames.org/8389148/,2026-09-29,cc-by-4.0,source tag=geonames/H.LK
geonames:8389148,identity,Dano Ledulu,https://www.geonames.org/8389148/,2026-09-29,cc-by-4.0,GeoNames item name; tourism status not proven
geonames:8389149,c5_category,Cagar Alam,https://www.geonames.org/8389149/,2026-09-29,cc-by-4.0,source tag=geonames/H.LK
geonames:8389149,identity,Dano Fitiloko,https://www.geonames.org/8389149/,2026-09-29,cc-by-4.0,GeoNames item name; tourism status not proven
geonames:8389151,c5_category,Cagar Alam,https://www.geonames.org/8389151/,2026-09-29,cc-by-4.0,source tag=geonames/H.LK
geonames:8389151,identity,Dano Maspor,https://www.geonames.org/8389151/,2026-09-29,cc-by-4.0,GeoNames item name; tourism status not proven
geonames:8389158,c5_category,Cagar Alam,https://www.geonames.org/8389158/,2026-09-29,cc-by-4.0,source tag=geonames/H.LK
geonames:8389158,identity,Dano Oemasapoka,https://www.geonames.org/8389158/,2026-09-29,cc-by-4.0,GeoNames item name; tourism status not proven
geonames:8389160,c5_category,Cagar Alam,https://www.geonames.org/8389160/,2026-09-29,cc-by-4.0,source tag=geonames/H.LK
geonames:8389160,identity,Dano Sapuoen,https://www.geonames.org/8389160/,2026-09-29,cc-by-4.0,GeoNames item name; tourism status not proven
geonames:8389161,c5_category,Cagar Alam,https://www.geonames.org/8389161/,2026-09-29,cc-by-4.0,source tag=geonames/H.LK
geonames:8389161,identity,Dano Tutui,https://www.geonames.org/8389161/,2026-09-29,cc-by-4.0,GeoNames item name; tourism status not proven
geonames:8389162,c5_category,Cagar Alam,https://www.geonames.org/8389162/,2026-09-29,cc-by-4.0,source tag=geonames/H.LK
geonames:8389162,identity,Dano Oekukura,https://www.geonames.org/8389162/,2026-09-29,cc-by-4.0,GeoNames item name; tourism status not proven
geonames:8389172,c5_category,Cagar Alam,https://www.geonames.org/8389172/,2026-09-29,cc-by-4.0,source tag=geonames/H.LK
geonames:8389172,identity,Dano Lindu,https://www.geonames.org/8389172/,2026-09-29,cc-by-4.0,GeoNames item name; tourism status not proven
geonames:8389181,c5_category,Cagar Alam,https://www.geonames.org/8389181/,2026-09-29,cc-by-4.0,source tag=geonames/H.LK
geonames:8389181,identity,Dano Oendui,https://www.geonames.org/8389181/,2026-09-29,cc-by-4.0,GeoNames item name; tourism status not proven
geonames:8389235,c5_category,Cagar Alam,https://www.geonames.org/8389235/,2026-09-29,cc-by-4.0,source tag=geonames/H.LK
geonames:8389235,identity,Dano Fakadale,https://www.geonames.org/8389235/,2026-09-29,cc-by-4.0,GeoNames item name; tourism status not proven
geonames:8389400,c5_category,Cagar Alam,https://www.geonames.org/8389400/,2026-09-29,cc-by-4.0,source tag=geonames/H.LK
geonames:8389400,identity,Dano Oinadale,https://www.geonames.org/8389400/,2026-09-29,cc-by-4.0,GeoNames item name; tourism status not proven
geonames:8389426,c5_category,Cagar Alam,https://www.geonames.org/8389426/,2026-09-29,cc-by-4.0,source tag=geonames/H.LK
geonames:8389426,identity,Dano Bisafooh,https://www.geonames.org/8389426/,2026-09-29,cc-by-4.0,GeoNames item name; tourism status not proven
geonames:8389427,c5_category,Cagar Alam,https://www.geonames.org/8389427/,2026-09-29,cc-by-4.0,source tag=geonames/H.LK
geonames:8389427,identity,Dano Bisaolifoe,https://www.geonames.org/8389427/,2026-09-29,cc-by-4.0,GeoNames item name; tourism status not proven
geonames:8389432,c5_category,Cagar Alam,https://www.geonames.org/8389432/,2026-09-29,cc-by-4.0,source tag=geonames/H.LK
geonames:8389432,identity,Dano Bisabiwae,https://www.geonames.org/8389432/,2026-09-29,cc-by-4.0,GeoNames item name; tourism status not proven
geonames:8389454,c5_category,Cagar Alam,https://www.geonames.org/8389454/,2026-09-29,cc-by-4.0,source tag=geonames/H.LK
geonames:8389454,identity,Dano Jamaharan,https://www.geonames.org/8389454/,2026-09-29,cc-by-4.0,GeoNames item name; tourism status not proven
geonames:8389510,c5_category,Cagar Alam,https://www.geonames.org/8389510/,2026-09-29,cc-by-4.0,source tag=geonames/H.LK
geonames:8389510,identity,Dano Bisanduli,https://www.geonames.org/8389510/,2026-09-29,cc-by-4.0,GeoNames item name; tourism status not proven
geonames:8389538,c5_category,Cagar Alam,https://www.geonames.org/8389538/,2026-09-29,cc-by-4.0,source tag=geonames/H.LK
geonames:8389538,identity,Dano Oetete,https://www.geonames.org/8389538/,2026-09-29,cc-by-4.0,GeoNames item name; tourism status not proven
geonames:8389544,c5_category,Cagar Alam,https://www.geonames.org/8389544/,2026-09-29,cc-by-4.0,source tag=geonames/H.LK
geonames:8389544,identity,Dano Baluolin,https://www.geonames.org/8389544/,2026-09-29,cc-by-4.0,GeoNames item name; tourism status not proven
geonames:8389785,c5_category,Pantai,https://www.geonames.org/8389785/,2026-09-29,cc-by-4.0,source tag=geonames/T.BCH
geonames:8389785,identity,Siring Kemuning,https://www.geonames.org/8389785/,2026-09-29,cc-by-4.0,GeoNames item name; tourism status not proven
geonames:8390337,c5_category,Cagar Alam,https://www.geonames.org/8390337/,2026-09-29,cc-by-4.0,source tag=geonames/H.LK
geonames:8390337,identity,Oe Uisiunahi,https://www.geonames.org/8390337/,2026-09-29,cc-by-4.0,GeoNames item name; tourism status not proven
geonames:8390340,c5_category,Cagar Alam,https://www.geonames.org/8390340/,2026-09-29,cc-by-4.0,source tag=geonames/H.LK
geonames:8390340,identity,Oe Lumun,https://www.geonames.org/8390340/,2026-09-29,cc-by-4.0,GeoNames item name; tourism status not proven
geonames:8393720,c5_category,Cagar Alam,https://www.geonames.org/8393720/,2026-09-29,cc-by-4.0,source tag=geonames/H.LK
geonames:8393720,identity,Nefo Na,https://www.geonames.org/8393720/,2026-09-29,cc-by-4.0,GeoNames item name; tourism status not proven
geonames:8402297,c5_category,Cagar Alam,https://www.geonames.org/8402297/,2026-09-29,cc-by-4.0,source tag=geonames/L.PRK
geonames:8402297,identity,Taman Wisata Pulau Menipo,https://www.geonames.org/8402297/,2026-09-29,cc-by-4.0,GeoNames item name; tourism status not proven
geonames:8402306,c5_category,Cagar Alam,https://www.geonames.org/8402306/,2026-09-29,cc-by-4.0,source tag=geonames/H.LK
geonames:8402306,identity,Nifu Kubai,https://www.geonames.org/8402306/,2026-09-29,cc-by-4.0,GeoNames item name; tourism status not proven
geonames:8402755,c5_category,Cagar Alam,https://www.geonames.org/8402755/,2026-09-29,cc-by-4.0,source tag=geonames/H.LK
geonames:8402755,identity,Nefo Nununapeka,https://www.geonames.org/8402755/,2026-09-29,cc-by-4.0,GeoNames item name; tourism status not proven
geonames:8402757,c5_category,Cagar Alam,https://www.geonames.org/8402757/,2026-09-29,cc-by-4.0,source tag=geonames/H.LK
geonames:8402757,identity,Nefo Baun,https://www.geonames.org/8402757/,2026-09-29,cc-by-4.0,GeoNames item name; tourism status not proven
geonames:8402777,c5_category,Cagar Alam,https://www.geonames.org/8402777/,2026-09-29,cc-by-4.0,source tag=geonames/H.LK
geonames:8402777,identity,Nefo Neotme,https://www.geonames.org/8402777/,2026-09-29,cc-by-4.0,GeoNames item name; tourism status not proven
geonames:8402869,c5_category,Cagar Alam,https://www.geonames.org/8402869/,2026-09-29,cc-by-4.0,source tag=geonames/H.LK
geonames:8402869,identity,Nifu Oekabi,https://www.geonames.org/8402869/,2026-09-29,cc-by-4.0,GeoNames item name; tourism status not proven
geonames:8402878,c5_category,Cagar Alam,https://www.geonames.org/8402878/,2026-09-29,cc-by-4.0,source tag=geonames/H.LK
geonames:8402878,identity,Nifu Koko,https://www.geonames.org/8402878/,2026-09-29,cc-by-4.0,GeoNames item name; tourism status not proven
geonames:8402879,c5_category,Cagar Alam,https://www.geonames.org/8402879/,2026-09-29,cc-by-4.0,source tag=geonames/H.LK
geonames:8402879,identity,Nifu Huki,https://www.geonames.org/8402879/,2026-09-29,cc-by-4.0,GeoNames item name; tourism status not proven
geonames:8402880,c5_category,Cagar Alam,https://www.geonames.org/8402880/,2026-09-29,cc-by-4.0,source tag=geonames/H.LK
geonames:8402880,identity,Nifu Buat,https://www.geonames.org/8402880/,2026-09-29,cc-by-4.0,GeoNames item name; tourism status not proven
geonames:8403664,c5_category,Cagar Alam,https://www.geonames.org/8403664/,2026-09-29,cc-by-4.0,source tag=geonames/H.LK
geonames:8403664,identity,Nefo Talmanu,https://www.geonames.org/8403664/,2026-09-29,cc-by-4.0,GeoNames item name; tourism status not proven
geonames:8404629,c5_category,Pantai,https://www.geonames.org/8404629/,2026-09-29,cc-by-4.0,source tag=geonames/T.BCH
geonames:8404629,identity,Pantai Lombang,https://www.geonames.org/8404629/,2026-09-29,cc-by-4.0,GeoNames item name; tourism status not proven
geonames:8405588,c5_category,Cagar Alam,https://www.geonames.org/8405588/,2026-09-29,cc-by-4.0,source tag=geonames/H.LK
geonames:8405588,identity,Nefo Fatubena,https://www.geonames.org/8405588/,2026-09-29,cc-by-4.0,GeoNames item name; tourism status not proven
geonames:8405589,c5_category,Cagar Alam,https://www.geonames.org/8405589/,2026-09-29,cc-by-4.0,source tag=geonames/H.LK
geonames:8405589,identity,Nefo Hahae,https://www.geonames.org/8405589/,2026-09-29,cc-by-4.0,GeoNames item name; tourism status not proven
geonames:8407523,c5_category,Cagar Alam,https://www.geonames.org/8407523/,2026-09-29,cc-by-4.0,source tag=geonames/H.LK
geonames:8407523,identity,Nefo Liuf,https://www.geonames.org/8407523/,2026-09-29,cc-by-4.0,GeoNames item name; tourism status not proven
geonames:8409257,c5_category,Cagar Alam,https://www.geonames.org/8409257/,2026-09-29,cc-by-4.0,source tag=geonames/H.LK
geonames:8409257,identity,Danau Anaut,https://www.geonames.org/8409257/,2026-09-29,cc-by-4.0,GeoNames item name; tourism status not proven
geonames:8409448,c5_category,Cagar Alam,https://www.geonames.org/8409448/,2026-09-29,cc-by-4.0,source tag=geonames/H.LK
geonames:8409448,identity,Danau Nefokau,https://www.geonames.org/8409448/,2026-09-29,cc-by-4.0,GeoNames item name; tourism status not proven
geonames:8409827,c5_category,Cagar Alam,https://www.geonames.org/8409827/,2026-09-29,cc-by-4.0,source tag=geonames/H.LK
geonames:8409827,identity,Nifu Papan,https://www.geonames.org/8409827/,2026-09-29,cc-by-4.0,GeoNames item name; tourism status not proven
geonames:8418534,c5_category,Cagar Alam,https://www.geonames.org/8418534/,2026-09-29,cc-by-4.0,source tag=geonames/H.LK
geonames:8418534,identity,Talaga Kayuaru,https://www.geonames.org/8418534/,2026-09-29,cc-by-4.0,GeoNames item name; tourism status not proven
geonames:8420400,c5_category,Cagar Alam,https://www.geonames.org/8420400/,2026-09-29,cc-by-4.0,source tag=geonames/H.LK
geonames:8420400,identity,Ireaku Wekelmai,https://www.geonames.org/8420400/,2026-09-29,cc-by-4.0,GeoNames item name; tourism status not proven
geonames:8420401,c5_category,Cagar Alam,https://www.geonames.org/8420401/,2026-09-29,cc-by-4.0,source tag=geonames/H.LK
geonames:8420401,identity,Ireaku Webo,https://www.geonames.org/8420401/,2026-09-29,cc-by-4.0,GeoNames item name; tourism status not proven
geonames:8420420,c5_category,Cagar Alam,https://www.geonames.org/8420420/,2026-09-29,cc-by-4.0,source tag=geonames/H.LK
geonames:8420420,identity,Ireaku Koyakoya,https://www.geonames.org/8420420/,2026-09-29,cc-by-4.0,GeoNames item name; tourism status not proven
geonames:8420478,c5_category,Cagar Alam,https://www.geonames.org/8420478/,2026-09-29,cc-by-4.0,source tag=geonames/H.LK
geonames:8420478,identity,Ireaku Meriaka,https://www.geonames.org/8420478/,2026-09-29,cc-by-4.0,GeoNames item name; tourism status not proven
geonames:8420524,c5_category,Cagar Alam,https://www.geonames.org/8420524/,2026-09-29,cc-by-4.0,source tag=geonames/H.LK
geonames:8420524,identity,Ireaku Suntan,https://www.geonames.org/8420524/,2026-09-29,cc-by-4.0,GeoNames item name; tourism status not proven
geonames:8420565,c5_category,Cagar Alam,https://www.geonames.org/8420565/,2026-09-29,cc-by-4.0,source tag=geonames/H.LK
geonames:8420565,identity,Ireaku Atokbagut,https://www.geonames.org/8420565/,2026-09-29,cc-by-4.0,GeoNames item name; tourism status not proven
geonames:8421015,c5_category,Cagar Alam,https://www.geonames.org/8421015/,2026-09-29,cc-by-4.0,source tag=geonames/H.LK
geonames:8421015,identity,Luwa Wandraiguna,https://www.geonames.org/8421015/,2026-09-29,cc-by-4.0,GeoNames item name; tourism status not proven
geonames:8421023,c5_category,Cagar Alam,https://www.geonames.org/8421023/,2026-09-29,cc-by-4.0,source tag=geonames/H.LK
geonames:8421023,identity,Luwa Longabian,https://www.geonames.org/8421023/,2026-09-29,cc-by-4.0,GeoNames item name; tourism status not proven
geonames:8421064,c5_category,Cagar Alam,https://www.geonames.org/8421064/,2026-09-29,cc-by-4.0,source tag=geonames/H.LK
geonames:8421064,identity,Mako Buraga,https://www.geonames.org/8421064/,2026-09-29,cc-by-4.0,GeoNames item name; tourism status not proven
geonames:8421068,c5_category,Cagar Alam,https://www.geonames.org/8421068/,2026-09-29,cc-by-4.0,source tag=geonames/H.LK
geonames:8421068,identity,Mako Kaibona,https://www.geonames.org/8421068/,2026-09-29,cc-by-4.0,GeoNames item name; tourism status not proven
geonames:8421190,c5_category,Pantai,https://www.geonames.org/8421190/,2026-09-29,cc-by-4.0,source tag=geonames/T.BCH
geonames:8421190,identity,Pantai Labuansait,https://www.geonames.org/8421190/,2026-09-29,cc-by-4.0,GeoNames item name; tourism status not proven
geonames:8421193,c5_category,Pantai,https://www.geonames.org/8421193/,2026-09-29,cc-by-4.0,source tag=geonames/T.BCH
geonames:8421193,identity,Pantai Suluban,https://www.geonames.org/8421193/,2026-09-29,cc-by-4.0,GeoNames item name; tourism status not proven
geonames:8421200,c5_category,Pantai,https://www.geonames.org/8421200/,2026-09-29,cc-by-4.0,source tag=geonames/T.BCH
geonames:8421200,identity,Pantai Deere,https://www.geonames.org/8421200/,2026-09-29,cc-by-4.0,GeoNames item name; tourism status not proven
geonames:8421202,c5_category,Cagar Alam,https://www.geonames.org/8421202/,2026-09-29,cc-by-4.0,source tag=geonames/L.PRK
geonames:8421202,identity,Taman Wisata Pantai Mali,https://www.geonames.org/8421202/,2026-09-29,cc-by-4.0,GeoNames item name; tourism status not proven
geonames:8421247,c5_category,Cagar Alam,https://www.geonames.org/8421247/,2026-09-29,cc-by-4.0,source tag=geonames/L.PRK
geonames:8421247,identity,Taman Makam Pahlawan,https://www.geonames.org/8421247/,2026-09-29,cc-by-4.0,GeoNames item name; tourism status not proven
geonames:8421340,c5_category,Pantai,https://www.geonames.org/8421340/,2026-09-29,cc-by-4.0,source tag=geonames/T.BCH
geonames:8421340,identity,Pantai Selasih,https://www.geonames.org/8421340/,2026-09-29,cc-by-4.0,GeoNames item name; tourism status not proven
geonames:8422480,c5_category,Pantai,https://www.geonames.org/8422480/,2026-09-29,cc-by-4.0,source tag=geonames/T.BCH
geonames:8422480,identity,Pantai Somed,https://www.geonames.org/8422480/,2026-09-29,cc-by-4.0,GeoNames item name; tourism status not proven
geonames:8422688,c5_category,Cagar Alam,https://www.geonames.org/8422688/,2026-09-29,cc-by-4.0,source tag=geonames/H.LK
geonames:8422688,identity,Danau Allibagis,https://www.geonames.org/8422688/,2026-09-29,cc-by-4.0,GeoNames item name; tourism status not proven
geonames:8423757,c5_category,Cagar Alam,https://www.geonames.org/8423757/,2026-09-29,cc-by-4.0,source tag=geonames/H.LK
geonames:8423757,identity,Danau Padang,https://www.geonames.org/8423757/,2026-09-29,cc-by-4.0,GeoNames item name; tourism status not proven
geonames:8423807,c5_category,Cagar Alam,https://www.geonames.org/8423807/,2026-09-29,cc-by-4.0,source tag=geonames/H.LK
geonames:8423807,identity,Danau Besar,https://www.geonames.org/8423807/,2026-09-29,cc-by-4.0,GeoNames item name; tourism status not proven
geonames:8423825,c5_category,Cagar Alam,https://www.geonames.org/8423825/,2026-09-29,cc-by-4.0,source tag=geonames/H.LK
geonames:8423825,identity,Danau Redan,https://www.geonames.org/8423825/,2026-09-29,cc-by-4.0,GeoNames item name; tourism status not proven
geonames:8424162,c5_category,Gunung,https://www.geonames.org/8424162/,2026-09-29,cc-by-4.0,source tag=geonames/T.VLC
geonames:8424162,identity,Ile Adowajo,https://www.geonames.org/8424162/,2026-09-29,cc-by-4.0,GeoNames item name; tourism status not proven
geonames:8424529,c5_category,Cagar Alam,https://www.geonames.org/8424529/,2026-09-29,cc-by-4.0,source tag=geonames/H.LK
geonames:8424529,identity,Danau Walbala,https://www.geonames.org/8424529/,2026-09-29,cc-by-4.0,GeoNames item name; tourism status not proven
geonames:8424988,c5_category,Cagar Alam,https://www.geonames.org/8424988/,2026-09-29,cc-by-4.0,source tag=geonames/H.LK
geonames:8424988,identity,Danau Kotakaya,https://www.geonames.org/8424988/,2026-09-29,cc-by-4.0,GeoNames item name; tourism status not proven
geonames:8425557,c5_category,Cagar Alam,https://www.geonames.org/8425557/,2026-09-29,cc-by-4.0,source tag=geonames/H.LK
geonames:8425557,identity,Borattar,https://www.geonames.org/8425557/,2026-09-29,cc-by-4.0,GeoNames item name; tourism status not proven
geonames:8425558,c5_category,Cagar Alam,https://www.geonames.org/8425558/,2026-09-29,cc-by-4.0,source tag=geonames/H.LK
geonames:8425558,identity,Bobabatare,https://www.geonames.org/8425558/,2026-09-29,cc-by-4.0,GeoNames item name; tourism status not proven
geonames:8430404,c5_category,Cagar Alam,https://www.geonames.org/8430404/,2026-09-29,cc-by-4.0,source tag=geonames/H.LK
geonames:8430404,identity,Danau Pantu,https://www.geonames.org/8430404/,2026-09-29,cc-by-4.0,GeoNames item name; tourism status not proven
geonames:8430524,c5_category,Cagar Alam,https://www.geonames.org/8430524/,2026-09-29,cc-by-4.0,source tag=geonames/H.LK
geonames:8430524,identity,Danau Pengembung,https://www.geonames.org/8430524/,2026-09-29,cc-by-4.0,GeoNames item name; tourism status not proven
geonames:8430525,c5_category,Cagar Alam,https://www.geonames.org/8430525/,2026-09-29,cc-by-4.0,source tag=geonames/H.LK
geonames:8430525,identity,Danau Selegan,https://www.geonames.org/8430525/,2026-09-29,cc-by-4.0,GeoNames item name; tourism status not proven
geonames:8430921,c5_category,Cagar Alam,https://www.geonames.org/8430921/,2026-09-29,cc-by-4.0,source tag=geonames/H.LK
geonames:8430921,identity,Danau Pengunghabang,https://www.geonames.org/8430921/,2026-09-29,cc-by-4.0,GeoNames item name; tourism status not proven
geonames:8432664,c5_category,Cagar Alam,https://www.geonames.org/8432664/,2026-09-29,cc-by-4.0,source tag=geonames/H.LK
geonames:8432664,identity,LAut Napangga,https://www.geonames.org/8432664/,2026-09-29,cc-by-4.0,GeoNames item name; tourism status not proven
geonames:8433259,c5_category,Cagar Alam,https://www.geonames.org/8433259/,2026-09-29,cc-by-4.0,source tag=geonames/H.LK
geonames:8433259,identity,Danau Waibelen,https://www.geonames.org/8433259/,2026-09-29,cc-by-4.0,GeoNames item name; tourism status not proven
geonames:8433684,c5_category,Cagar Alam,https://www.geonames.org/8433684/,2026-09-29,cc-by-4.0,source tag=geonames/H.LK
geonames:8433684,identity,Danau Egon,https://www.geonames.org/8433684/,2026-09-29,cc-by-4.0,GeoNames item name; tourism status not proven
geonames:8433910,c5_category,Cagar Alam,https://www.geonames.org/8433910/,2026-09-29,cc-by-4.0,source tag=geonames/H.LK
geonames:8433910,identity,Danau Piamfron,https://www.geonames.org/8433910/,2026-09-29,cc-by-4.0,GeoNames item name; tourism status not proven
geonames:8444289,c5_category,Cagar Alam,https://www.geonames.org/8444289/,2026-09-29,cc-by-4.0,source tag=geonames/H.LK
geonames:8444289,identity,Tiwu Roa,https://www.geonames.org/8444289/,2026-09-29,cc-by-4.0,GeoNames item name; tourism status not proven
geonames:8445108,c5_category,Cagar Alam,https://www.geonames.org/8445108/,2026-09-29,cc-by-4.0,source tag=geonames/L.PRK
geonames:8445108,identity,Taman Nasional Komodo,https://www.geonames.org/8445108/,2026-09-29,cc-by-4.0,GeoNames item name; tourism status not proven
geonames:8446222,c5_category,Cagar Alam,https://www.geonames.org/8446222/,2026-09-29,cc-by-4.0,source tag=geonames/H.LK
geonames:8446222,identity,Ramuk Karipi,https://www.geonames.org/8446222/,2026-09-29,cc-by-4.0,GeoNames item name; tourism status not proven
geonames:8446505,c5_category,Cagar Alam,https://www.geonames.org/8446505/,2026-09-29,cc-by-4.0,source tag=geonames/H.FLLS
geonames:8446505,identity,Air Terjun Kalikupandi,https://www.geonames.org/8446505/,2026-09-29,cc-by-4.0,GeoNames item name; tourism status not proven
geonames:8446513,c5_category,Cagar Alam,https://www.geonames.org/8446513/,2026-09-29,cc-by-4.0,source tag=geonames/H.LK
geonames:8446513,identity,Tamma Winu,https://www.geonames.org/8446513/,2026-09-29,cc-by-4.0,GeoNames item name; tourism status not proven
geonames:8446572,c5_category,Cagar Alam,https://www.geonames.org/8446572/,2026-09-29,cc-by-4.0,source tag=geonames/H.FLLS
geonames:8446572,identity,Air Terjun Waimuru,https://www.geonames.org/8446572/,2026-09-29,cc-by-4.0,GeoNames item name; tourism status not proven
geonames:8446607,c5_category,Cagar Alam,https://www.geonames.org/8446607/,2026-09-29,cc-by-4.0,source tag=geonames/H.LK
geonames:8446607,identity,Tamma Pahulubandil,https://www.geonames.org/8446607/,2026-09-29,cc-by-4.0,GeoNames item name; tourism status not proven
geonames:8446702,c5_category,Cagar Alam,https://www.geonames.org/8446702/,2026-09-29,cc-by-4.0,source tag=geonames/H.LK
geonames:8446702,identity,Tamma Tapaji,https://www.geonames.org/8446702/,2026-09-29,cc-by-4.0,GeoNames item name; tourism status not proven
geonames:8447196,c5_category,Cagar Alam,https://www.geonames.org/8447196/,2026-09-29,cc-by-4.0,source tag=geonames/H.LK
geonames:8447196,identity,Ramuk Baseyala,https://www.geonames.org/8447196/,2026-09-29,cc-by-4.0,GeoNames item name; tourism status not proven
geonames:8447198,c5_category,Cagar Alam,https://www.geonames.org/8447198/,2026-09-29,cc-by-4.0,source tag=geonames/H.LK
geonames:8447198,identity,Ramuk Marosi,https://www.geonames.org/8447198/,2026-09-29,cc-by-4.0,GeoNames item name; tourism status not proven
geonames:8447219,c5_category,Cagar Alam,https://www.geonames.org/8447219/,2026-09-29,cc-by-4.0,source tag=geonames/H.LK
geonames:8447219,identity,Ramuk Waru,https://www.geonames.org/8447219/,2026-09-29,cc-by-4.0,GeoNames item name; tourism status not proven
geonames:8448434,c5_category,Cagar Alam,https://www.geonames.org/8448434/,2026-09-29,cc-by-4.0,source tag=geonames/H.LK
geonames:8448434,identity,Ndano Sido,https://www.geonames.org/8448434/,2026-09-29,cc-by-4.0,GeoNames item name; tourism status not proven
geonames:8449284,c5_category,Cagar Alam,https://www.geonames.org/8449284/,2026-09-29,cc-by-4.0,source tag=geonames/H.FLLS
geonames:8449284,identity,Air Terjun Aibeling,https://www.geonames.org/8449284/,2026-09-29,cc-by-4.0,GeoNames item name; tourism status not proven
geonames:8449501,c5_category,Pantai,https://www.geonames.org/8449501/,2026-09-29,cc-by-4.0,source tag=geonames/T.BCH
geonames:8449501,identity,Pantai Werur,https://www.geonames.org/8449501/,2026-09-29,cc-by-4.0,GeoNames item name; tourism status not proven
geonames:8449543,c5_category,Cagar Alam,https://www.geonames.org/8449543/,2026-09-29,cc-by-4.0,source tag=geonames/L.RESN
geonames:8449543,identity,Swimbath,https://www.geonames.org/8449543/,2026-09-29,cc-by-4.0,GeoNames item name; tourism status not proven
geonames:8454088,c5_category,Cagar Alam,https://www.geonames.org/8454088/,2026-09-29,cc-by-4.0,source tag=geonames/H.LK
geonames:8454088,identity,Danau Kecil,https://www.geonames.org/8454088/,2026-09-29,cc-by-4.0,GeoNames item name; tourism status not proven
geonames:8454091,c5_category,Cagar Alam,https://www.geonames.org/8454091/,2026-09-29,cc-by-4.0,source tag=geonames/H.LK
geonames:8454091,identity,Danau Langkat,https://www.geonames.org/8454091/,2026-09-29,cc-by-4.0,GeoNames item name; tourism status not proven
geonames:8454252,c5_category,Cagar Alam,https://www.geonames.org/8454252/,2026-09-29,cc-by-4.0,source tag=geonames/H.LK
geonames:8454252,identity,Danau Nibung,https://www.geonames.org/8454252/,2026-09-29,cc-by-4.0,GeoNames item name; tourism status not proven
geonames:8457855,c5_category,Cagar Alam,https://www.geonames.org/8457855/,2026-09-29,cc-by-4.0,source tag=geonames/H.LK
geonames:8457855,identity,Danau Gunung Labuh,https://www.geonames.org/8457855/,2026-09-29,cc-by-4.0,GeoNames item name; tourism status not proven
geonames:8458670,c5_category,Cagar Alam,https://www.geonames.org/8458670/,2026-09-29,cc-by-4.0,source tag=geonames/H.LK
geonames:8458670,identity,Alo Kademu,https://www.geonames.org/8458670/,2026-09-29,cc-by-4.0,GeoNames item name; tourism status not proven
geonames:8458671,c5_category,Cagar Alam,https://www.geonames.org/8458671/,2026-09-29,cc-by-4.0,source tag=geonames/H.LK
geonames:8458671,identity,Alo Tengak,https://www.geonames.org/8458671/,2026-09-29,cc-by-4.0,GeoNames item name; tourism status not proven
geonames:8458672,c5_category,Cagar Alam,https://www.geonames.org/8458672/,2026-09-29,cc-by-4.0,source tag=geonames/H.LK
geonames:8458672,identity,Alo Pagah,https://www.geonames.org/8458672/,2026-09-29,cc-by-4.0,GeoNames item name; tourism status not proven
geonames:8458673,c5_category,Cagar Alam,https://www.geonames.org/8458673/,2026-09-29,cc-by-4.0,source tag=geonames/H.LK
geonames:8458673,identity,Alo Labuaji,https://www.geonames.org/8458673/,2026-09-29,cc-by-4.0,GeoNames item name; tourism status not proven
geonames:8467061,c5_category,Cagar Alam,https://www.geonames.org/8467061/,2026-09-29,cc-by-4.0,source tag=geonames/H.LK
geonames:8467061,identity,Danau Samateh,https://www.geonames.org/8467061/,2026-09-29,cc-by-4.0,GeoNames item name; tourism status not proven
geonames:8467178,c5_category,Cagar Alam,https://www.geonames.org/8467178/,2026-09-29,cc-by-4.0,source tag=geonames/H.LK
geonames:8467178,identity,Danau Biaro,https://www.geonames.org/8467178/,2026-09-29,cc-by-4.0,GeoNames item name; tourism status not proven
geonames:8467179,c5_category,Cagar Alam,https://www.geonames.org/8467179/,2026-09-29,cc-by-4.0,source tag=geonames/H.LK
geonames:8467179,identity,Danau Baru,https://www.geonames.org/8467179/,2026-09-29,cc-by-4.0,GeoNames item name; tourism status not proven
geonames:8467180,c5_category,Cagar Alam,https://www.geonames.org/8467180/,2026-09-29,cc-by-4.0,source tag=geonames/H.LK
geonames:8467180,identity,Danau Raya,https://www.geonames.org/8467180/,2026-09-29,cc-by-4.0,GeoNames item name; tourism status not proven
geonames:8467181,c5_category,Cagar Alam,https://www.geonames.org/8467181/,2026-09-29,cc-by-4.0,source tag=geonames/H.LK
geonames:8467181,identity,Danau Anyar,https://www.geonames.org/8467181/,2026-09-29,cc-by-4.0,GeoNames item name; tourism status not proven
geonames:8468617,c5_category,Pantai,https://www.geonames.org/8468617/,2026-09-29,cc-by-4.0,source tag=geonames/T.BCH
geonames:8468617,identity,Pantai Rawan,https://www.geonames.org/8468617/,2026-09-29,cc-by-4.0,GeoNames item name; tourism status not proven
geonames:8468618,c5_category,Pantai,https://www.geonames.org/8468618/,2026-09-29,cc-by-4.0,source tag=geonames/T.BCH
geonames:8468618,identity,Pantai Bertok,https://www.geonames.org/8468618/,2026-09-29,cc-by-4.0,GeoNames item name; tourism status not proven
geonames:8468619,c5_category,Pantai,https://www.geonames.org/8468619/,2026-09-29,cc-by-4.0,source tag=geonames/T.BCH
geonames:8468619,identity,Tanjung Bloam,https://www.geonames.org/8468619/,2026-09-29,cc-by-4.0,GeoNames item name; tourism status not proven
geonames:8468621,c5_category,Pantai,https://www.geonames.org/8468621/,2026-09-29,cc-by-4.0,source tag=geonames/T.BCH
geonames:8468621,identity,Pantai Pink / Tangsi,https://www.geonames.org/8468621/,2026-09-29,cc-by-4.0,GeoNames item name; tourism status not proven
geonames:8468623,c5_category,Pantai,https://www.geonames.org/8468623/,2026-09-29,cc-by-4.0,source tag=geonames/T.BCH
geonames:8468623,identity,Pantai Sowan,https://www.geonames.org/8468623/,2026-09-29,cc-by-4.0,GeoNames item name; tourism status not proven
geonames:8506336,c5_category,Cagar Alam,https://www.geonames.org/8506336/,2026-09-29,cc-by-4.0,source tag=geonames/H.LK
geonames:8506336,identity,Danau Calo,https://www.geonames.org/8506336/,2026-09-29,cc-by-4.0,GeoNames item name; tourism status not proven
geonames:8508650,c5_category,Cagar Alam,https://www.geonames.org/8508650/,2026-09-29,cc-by-4.0,source tag=geonames/H.LK
geonames:8508650,identity,Lebak Petal,https://www.geonames.org/8508650/,2026-09-29,cc-by-4.0,GeoNames item name; tourism status not proven
geonames:8508652,c5_category,Cagar Alam,https://www.geonames.org/8508652/,2026-09-29,cc-by-4.0,source tag=geonames/H.LK
geonames:8508652,identity,Danau Tampang,https://www.geonames.org/8508652/,2026-09-29,cc-by-4.0,GeoNames item name; tourism status not proven
geonames:8508763,c5_category,Cagar Alam,https://www.geonames.org/8508763/,2026-09-29,cc-by-4.0,source tag=geonames/H.LK
geonames:8508763,identity,Lebak Telokpuran,https://www.geonames.org/8508763/,2026-09-29,cc-by-4.0,GeoNames item name; tourism status not proven
geonames:8508765,c5_category,Cagar Alam,https://www.geonames.org/8508765/,2026-09-29,cc-by-4.0,source tag=geonames/H.LK
geonames:8508765,identity,Lebak Nilang,https://www.geonames.org/8508765/,2026-09-29,cc-by-4.0,GeoNames item name; tourism status not proven
geonames:8521571,c5_category,Budaya,https://www.geonames.org/8521571/,2026-09-29,cc-by-4.0,source tag=geonames/S.PAL
geonames:8521571,identity,Kosan Si Fahmi jng si Dadang,https://www.geonames.org/8521571/,2026-09-29,cc-by-4.0,GeoNames item name; tourism status not proven
geonames:8527151,c5_category,Cagar Alam,https://www.geonames.org/8527151/,2026-09-29,cc-by-4.0,source tag=geonames/H.LK
geonames:8527151,identity,Tebat Kerinjing,https://www.geonames.org/8527151/,2026-09-29,cc-by-4.0,GeoNames item name; tourism status not proven
geonames:8527153,c5_category,Cagar Alam,https://www.geonames.org/8527153/,2026-09-29,cc-by-4.0,source tag=geonames/H.LK
geonames:8527153,identity,Tebat Pama,https://www.geonames.org/8527153/,2026-09-29,cc-by-4.0,GeoNames item name; tourism status not proven
geonames:8530758,c5_category,Cagar Alam,https://www.geonames.org/8530758/,2026-09-29,cc-by-4.0,source tag=geonames/H.LK
geonames:8530758,identity,Danau Mbula,https://www.geonames.org/8530758/,2026-09-29,cc-by-4.0,GeoNames item name; tourism status not proven
geonames:8530772,c5_category,Cagar Alam,https://www.geonames.org/8530772/,2026-09-29,cc-by-4.0,source tag=geonames/H.LK
geonames:8530772,identity,Danau Nanami,https://www.geonames.org/8530772/,2026-09-29,cc-by-4.0,GeoNames item name; tourism status not proven
geonames:8530773,c5_category,Cagar Alam,https://www.geonames.org/8530773/,2026-09-29,cc-by-4.0,source tag=geonames/H.LK
geonames:8530773,identity,Danau Urema,https://www.geonames.org/8530773/,2026-09-29,cc-by-4.0,GeoNames item name; tourism status not proven
geonames:8530774,c5_category,Cagar Alam,https://www.geonames.org/8530774/,2026-09-29,cc-by-4.0,source tag=geonames/H.LK
geonames:8530774,identity,Danau Mutap,https://www.geonames.org/8530774/,2026-09-29,cc-by-4.0,GeoNames item name; tourism status not proven
geonames:8530854,c5_category,Cagar Alam,https://www.geonames.org/8530854/,2026-09-29,cc-by-4.0,source tag=geonames/H.LK
geonames:8530854,identity,Danau Nisa,https://www.geonames.org/8530854/,2026-09-29,cc-by-4.0,GeoNames item name; tourism status not proven
geonames:8531217,c5_category,Cagar Alam,https://www.geonames.org/8531217/,2026-09-29,cc-by-4.0,source tag=geonames/H.LK
geonames:8531217,identity,Danau Arehbold,https://www.geonames.org/8531217/,2026-09-29,cc-by-4.0,GeoNames item name; tourism status not proven
geonames:8549289,c5_category,Cagar Alam,https://www.geonames.org/8549289/,2026-09-29,cc-by-4.0,source tag=geonames/H.LK
geonames:8549289,identity,Danau Piamfrom,https://www.geonames.org/8549289/,2026-09-29,cc-by-4.0,GeoNames item name; tourism status not proven
geonames:8549657,c5_category,Cagar Alam,https://www.geonames.org/8549657/,2026-09-29,cc-by-4.0,source tag=geonames/H.LK
geonames:8549657,identity,Kenohan Tempatung,https://www.geonames.org/8549657/,2026-09-29,cc-by-4.0,GeoNames item name; tourism status not proven
geonames:8552160,c5_category,Cagar Alam,https://www.geonames.org/8552160/,2026-09-29,cc-by-4.0,source tag=geonames/H.LK
geonames:8552160,identity,Danau Hain,https://www.geonames.org/8552160/,2026-09-29,cc-by-4.0,GeoNames item name; tourism status not proven
geonames:8552904,c5_category,Gunung,https://www.geonames.org/8552904/,2026-09-29,cc-by-4.0,source tag=geonames/T.VLC
geonames:8552904,identity,Gunung Colo,https://www.geonames.org/8552904/,2026-09-29,cc-by-4.0,GeoNames item name; tourism status not proven
geonames:8563315,c5_category,Cagar Alam,https://www.geonames.org/8563315/,2026-09-29,cc-by-4.0,source tag=geonames/L.PRK
geonames:8563315,identity,Taman Pulai,https://www.geonames.org/8563315/,2026-09-29,cc-by-4.0,GeoNames item name; tourism status not proven
geonames:8563316,c5_category,Cagar Alam,https://www.geonames.org/8563316/,2026-09-29,cc-by-4.0,source tag=geonames/L.PRK
geonames:8563316,identity,Taman Rawang,https://www.geonames.org/8563316/,2026-09-29,cc-by-4.0,GeoNames item name; tourism status not proven
geonames:8569165,c5_category,Cagar Alam,https://www.geonames.org/8569165/,2026-09-29,cc-by-4.0,source tag=geonames/H.LK
geonames:8569165,identity,Danau Hulu,https://www.geonames.org/8569165/,2026-09-29,cc-by-4.0,GeoNames item name; tourism status not proven
geonames:8569166,c5_category,Cagar Alam,https://www.geonames.org/8569166/,2026-09-29,cc-by-4.0,source tag=geonames/H.LK
geonames:8569166,identity,Danau Hilir,https://www.geonames.org/8569166/,2026-09-29,cc-by-4.0,GeoNames item name; tourism status not proven
geonames:8573716,c5_category,Cagar Alam,https://www.geonames.org/8573716/,2026-09-29,cc-by-4.0,source tag=geonames/H.LK
geonames:8573716,identity,Danau Kotalama,https://www.geonames.org/8573716/,2026-09-29,cc-by-4.0,GeoNames item name; tourism status not proven
geonames:8573753,c5_category,Cagar Alam,https://www.geonames.org/8573753/,2026-09-29,cc-by-4.0,source tag=geonames/H.LK
geonames:8573753,identity,Danau Pudu,https://www.geonames.org/8573753/,2026-09-29,cc-by-4.0,GeoNames item name; tourism status not proven
geonames:8597220,c5_category,Cagar Alam,https://www.geonames.org/8597220/,2026-09-29,cc-by-4.0,source tag=geonames/H.LK
geonames:8597220,identity,Tasik Metus,https://www.geonames.org/8597220/,2026-09-29,cc-by-4.0,GeoNames item name; tourism status not proven
geonames:8597221,c5_category,Cagar Alam,https://www.geonames.org/8597221/,2026-09-29,cc-by-4.0,source tag=geonames/H.LK
geonames:8597221,identity,Tasik Mungkal,https://www.geonames.org/8597221/,2026-09-29,cc-by-4.0,GeoNames item name; tourism status not proven
geonames:8597230,c5_category,Cagar Alam,https://www.geonames.org/8597230/,2026-09-29,cc-by-4.0,source tag=geonames/H.LK
geonames:8597230,identity,Tasik Perteloran,https://www.geonames.org/8597230/,2026-09-29,cc-by-4.0,GeoNames item name; tourism status not proven
geonames:8597236,c5_category,Cagar Alam,https://www.geonames.org/8597236/,2026-09-29,cc-by-4.0,source tag=geonames/H.LK
geonames:8597236,identity,Tasik Nambus,https://www.geonames.org/8597236/,2026-09-29,cc-by-4.0,GeoNames item name; tourism status not proven
geonames:8597239,c5_category,Cagar Alam,https://www.geonames.org/8597239/,2026-09-29,cc-by-4.0,source tag=geonames/H.LK
geonames:8597239,identity,Tasik Penekat,https://www.geonames.org/8597239/,2026-09-29,cc-by-4.0,GeoNames item name; tourism status not proven
geonames:8597244,c5_category,Cagar Alam,https://www.geonames.org/8597244/,2026-09-29,cc-by-4.0,source tag=geonames/H.LK
geonames:8597244,identity,Tasik Sembilan,https://www.geonames.org/8597244/,2026-09-29,cc-by-4.0,GeoNames item name; tourism status not proven
geonames:8597245,c5_category,Cagar Alam,https://www.geonames.org/8597245/,2026-09-29,cc-by-4.0,source tag=geonames/H.LK
geonames:8597245,identity,Tasik Bakung,https://www.geonames.org/8597245/,2026-09-29,cc-by-4.0,GeoNames item name; tourism status not proven
geonames:8597263,c5_category,Cagar Alam,https://www.geonames.org/8597263/,2026-09-29,cc-by-4.0,source tag=geonames/H.LK
geonames:8597263,identity,Tasik Linau,https://www.geonames.org/8597263/,2026-09-29,cc-by-4.0,GeoNames item name; tourism status not proven
geonames:8597270,c5_category,Cagar Alam,https://www.geonames.org/8597270/,2026-09-29,cc-by-4.0,source tag=geonames/H.LK
geonames:8597270,identity,Tasik Anak Penyagun,https://www.geonames.org/8597270/,2026-09-29,cc-by-4.0,GeoNames item name; tourism status not proven
geonames:8600005,c5_category,Cagar Alam,https://www.geonames.org/8600005/,2026-09-29,cc-by-4.0,source tag=geonames/H.LK
geonames:8600005,identity,Tasik Legang,https://www.geonames.org/8600005/,2026-09-29,cc-by-4.0,GeoNames item name; tourism status not proven
geonames:8600166,c5_category,Cagar Alam,https://www.geonames.org/8600166/,2026-09-29,cc-by-4.0,source tag=geonames/H.LK
geonames:8600166,identity,Tasik Cilanang,https://www.geonames.org/8600166/,2026-09-29,cc-by-4.0,GeoNames item name; tourism status not proven
geonames:8600167,c5_category,Cagar Alam,https://www.geonames.org/8600167/,2026-09-29,cc-by-4.0,source tag=geonames/H.LK
geonames:8600167,identity,Tasik Tanga,https://www.geonames.org/8600167/,2026-09-29,cc-by-4.0,GeoNames item name; tourism status not proven
geonames:8600571,c5_category,Cagar Alam,https://www.geonames.org/8600571/,2026-09-29,cc-by-4.0,source tag=geonames/H.LK
geonames:8600571,identity,Tasik Burung,https://www.geonames.org/8600571/,2026-09-29,cc-by-4.0,GeoNames item name; tourism status not proven
geonames:8600593,c5_category,Cagar Alam,https://www.geonames.org/8600593/,2026-09-29,cc-by-4.0,source tag=geonames/H.LK
geonames:8600593,identity,Tasik Sebabu,https://www.geonames.org/8600593/,2026-09-29,cc-by-4.0,GeoNames item name; tourism status not proven
geonames:8600737,c5_category,Cagar Alam,https://www.geonames.org/8600737/,2026-09-29,cc-by-4.0,source tag=geonames/H.LK
geonames:8600737,identity,Tasik Sangar,https://www.geonames.org/8600737/,2026-09-29,cc-by-4.0,GeoNames item name; tourism status not proven
geonames:8600869,c5_category,Cagar Alam,https://www.geonames.org/8600869/,2026-09-29,cc-by-4.0,source tag=geonames/H.LK
geonames:8600869,identity,Tasik Tanjung Meskil,https://www.geonames.org/8600869/,2026-09-29,cc-by-4.0,GeoNames item name; tourism status not proven
geonames:8601038,c5_category,Cagar Alam,https://www.geonames.org/8601038/,2026-09-29,cc-by-4.0,source tag=geonames/H.LK
geonames:8601038,identity,Tasik Ular,https://www.geonames.org/8601038/,2026-09-29,cc-by-4.0,GeoNames item name; tourism status not proven
geonames:8608755,c5_category,Cagar Alam,https://www.geonames.org/8608755/,2026-09-29,cc-by-4.0,source tag=geonames/H.LK
geonames:8608755,identity,Danau Laut Napangga,https://www.geonames.org/8608755/,2026-09-29,cc-by-4.0,GeoNames item name; tourism status not proven
geonames:8608786,c5_category,Cagar Alam,https://www.geonames.org/8608786/,2026-09-29,cc-by-4.0,source tag=geonames/H.LK
geonames:8608786,identity,Tasik Kemayan,https://www.geonames.org/8608786/,2026-09-29,cc-by-4.0,GeoNames item name; tourism status not proven
geonames:8608787,c5_category,Cagar Alam,https://www.geonames.org/8608787/,2026-09-29,cc-by-4.0,source tag=geonames/H.LK
geonames:8608787,identity,Tasik Teretang,https://www.geonames.org/8608787/,2026-09-29,cc-by-4.0,GeoNames item name; tourism status not proven
geonames:8608793,c5_category,Cagar Alam,https://www.geonames.org/8608793/,2026-09-29,cc-by-4.0,source tag=geonames/H.LK
geonames:8608793,identity,Tasik Bunian,https://www.geonames.org/8608793/,2026-09-29,cc-by-4.0,GeoNames item name; tourism status not proven
geonames:8609266,c5_category,Cagar Alam,https://www.geonames.org/8609266/,2026-09-29,cc-by-4.0,source tag=geonames/H.LK
geonames:8609266,identity,Danau Maung,https://www.geonames.org/8609266/,2026-09-29,cc-by-4.0,GeoNames item name; tourism status not proven
geonames:8609274,c5_category,Cagar Alam,https://www.geonames.org/8609274/,2026-09-29,cc-by-4.0,source tag=geonames/H.LK
geonames:8609274,identity,Danau Dipo,https://www.geonames.org/8609274/,2026-09-29,cc-by-4.0,GeoNames item name; tourism status not proven
geonames:8609275,c5_category,Cagar Alam,https://www.geonames.org/8609275/,2026-09-29,cc-by-4.0,source tag=geonames/H.LK
geonames:8609275,identity,Danau Usau,https://www.geonames.org/8609275/,2026-09-29,cc-by-4.0,GeoNames item name; tourism status not proven
geonames:8609276,c5_category,Cagar Alam,https://www.geonames.org/8609276/,2026-09-29,cc-by-4.0,source tag=geonames/H.LK
geonames:8609276,identity,Danau Kapitie,https://www.geonames.org/8609276/,2026-09-29,cc-by-4.0,GeoNames item name; tourism status not proven
geonames:8609277,c5_category,Cagar Alam,https://www.geonames.org/8609277/,2026-09-29,cc-by-4.0,source tag=geonames/H.LK
geonames:8609277,identity,Danau Rantau Bonbon,https://www.geonames.org/8609277/,2026-09-29,cc-by-4.0,GeoNames item name; tourism status not proven
geonames:8609338,c5_category,Cagar Alam,https://www.geonames.org/8609338/,2026-09-29,cc-by-4.0,source tag=geonames/H.LK
geonames:8609338,identity,Danau Pasir Pandak,https://www.geonames.org/8609338/,2026-09-29,cc-by-4.0,GeoNames item name; tourism status not proven
geonames:8609339,c5_category,Cagar Alam,https://www.geonames.org/8609339/,2026-09-29,cc-by-4.0,source tag=geonames/H.LK
geonames:8609339,identity,Danau Padang Silang Raja,https://www.geonames.org/8609339/,2026-09-29,cc-by-4.0,GeoNames item name; tourism status not proven
geonames:8609345,c5_category,Cagar Alam,https://www.geonames.org/8609345/,2026-09-29,cc-by-4.0,source tag=geonames/H.LK
geonames:8609345,identity,Danau Silalayang,https://www.geonames.org/8609345/,2026-09-29,cc-by-4.0,GeoNames item name; tourism status not proven
geonames:8609346,c5_category,Cagar Alam,https://www.geonames.org/8609346/,2026-09-29,cc-by-4.0,source tag=geonames/H.LK
geonames:8609346,identity,Danau Pinga,https://www.geonames.org/8609346/,2026-09-29,cc-by-4.0,GeoNames item name; tourism status not proven
geonames:8609348,c5_category,Cagar Alam,https://www.geonames.org/8609348/,2026-09-29,cc-by-4.0,source tag=geonames/H.LK
geonames:8609348,identity,Danau Rantau Peluru,https://www.geonames.org/8609348/,2026-09-29,cc-by-4.0,GeoNames item name; tourism status not proven
geonames:8609349,c5_category,Cagar Alam,https://www.geonames.org/8609349/,2026-09-29,cc-by-4.0,source tag=geonames/H.LK
geonames:8609349,identity,Danau Rantau Puar,https://www.geonames.org/8609349/,2026-09-29,cc-by-4.0,GeoNames item name; tourism status not proven
geonames:8609350,c5_category,Cagar Alam,https://www.geonames.org/8609350/,2026-09-29,cc-by-4.0,source tag=geonames/H.LK
geonames:8609350,identity,Danau Semeranti,https://www.geonames.org/8609350/,2026-09-29,cc-by-4.0,GeoNames item name; tourism status not proven
geonames:8609351,c5_category,Cagar Alam,https://www.geonames.org/8609351/,2026-09-29,cc-by-4.0,source tag=geonames/H.LK
geonames:8609351,identity,Danau Gemuruh,https://www.geonames.org/8609351/,2026-09-29,cc-by-4.0,GeoNames item name; tourism status not proven
geonames:8609359,c5_category,Cagar Alam,https://www.geonames.org/8609359/,2026-09-29,cc-by-4.0,source tag=geonames/H.LK
geonames:8609359,identity,Danau Sinarak,https://www.geonames.org/8609359/,2026-09-29,cc-by-4.0,GeoNames item name; tourism status not proven
geonames:8609401,c5_category,Cagar Alam,https://www.geonames.org/8609401/,2026-09-29,cc-by-4.0,source tag=geonames/H.LK
geonames:8609401,identity,Danau Tanjung Balai,https://www.geonames.org/8609401/,2026-09-29,cc-by-4.0,GeoNames item name; tourism status not proven
geonames:8609402,c5_category,Cagar Alam,https://www.geonames.org/8609402/,2026-09-29,cc-by-4.0,source tag=geonames/H.LK
geonames:8609402,identity,Danau Ompularas,https://www.geonames.org/8609402/,2026-09-29,cc-by-4.0,GeoNames item name; tourism status not proven
geonames:8609404,c5_category,Cagar Alam,https://www.geonames.org/8609404/,2026-09-29,cc-by-4.0,source tag=geonames/H.LK
geonames:8609404,identity,Danau Titian Simpu,https://www.geonames.org/8609404/,2026-09-29,cc-by-4.0,GeoNames item name; tourism status not proven
geonames:8609428,c5_category,Cagar Alam,https://www.geonames.org/8609428/,2026-09-29,cc-by-4.0,source tag=geonames/H.LK
geonames:8609428,identity,Danau Pancarikan,https://www.geonames.org/8609428/,2026-09-29,cc-by-4.0,GeoNames item name; tourism status not proven
geonames:8609516,c5_category,Cagar Alam,https://www.geonames.org/8609516/,2026-09-29,cc-by-4.0,source tag=geonames/H.LK
geonames:8609516,identity,Danau Ulak Paneban,https://www.geonames.org/8609516/,2026-09-29,cc-by-4.0,GeoNames item name; tourism status not proven
geonames:8609521,c5_category,Cagar Alam,https://www.geonames.org/8609521/,2026-09-29,cc-by-4.0,source tag=geonames/H.LK
geonames:8609521,identity,Danau Sarkar Dua,https://www.geonames.org/8609521/,2026-09-29,cc-by-4.0,GeoNames item name; tourism status not proven
geonames:8609522,c5_category,Cagar Alam,https://www.geonames.org/8609522/,2026-09-29,cc-by-4.0,source tag=geonames/H.LK
geonames:8609522,identity,Danau Simoring,https://www.geonames.org/8609522/,2026-09-29,cc-by-4.0,GeoNames item name; tourism status not proven
geonames:8609547,c5_category,Cagar Alam,https://www.geonames.org/8609547/,2026-09-29,cc-by-4.0,source tag=geonames/H.LK
geonames:8609547,identity,Danau Labu Kabal,https://www.geonames.org/8609547/,2026-09-29,cc-by-4.0,GeoNames item name; tourism status not proven
geonames:8609548,c5_category,Cagar Alam,https://www.geonames.org/8609548/,2026-09-29,cc-by-4.0,source tag=geonames/H.LK
geonames:8609548,identity,Danau Raya,https://www.geonames.org/8609548/,2026-09-29,cc-by-4.0,GeoNames item name; tourism status not proven
geonames:8609550,c5_category,Cagar Alam,https://www.geonames.org/8609550/,2026-09-29,cc-by-4.0,source tag=geonames/H.LK
geonames:8609550,identity,Danau Rimau,https://www.geonames.org/8609550/,2026-09-29,cc-by-4.0,GeoNames item name; tourism status not proven
geonames:8609671,c5_category,Cagar Alam,https://www.geonames.org/8609671/,2026-09-29,cc-by-4.0,source tag=geonames/H.LK
geonames:8609671,identity,Tasik Samak Baru,https://www.geonames.org/8609671/,2026-09-29,cc-by-4.0,GeoNames item name; tourism status not proven
geonames:8609673,c5_category,Cagar Alam,https://www.geonames.org/8609673/,2026-09-29,cc-by-4.0,source tag=geonames/H.LK
geonames:8609673,identity,Tasik Piding,https://www.geonames.org/8609673/,2026-09-29,cc-by-4.0,GeoNames item name; tourism status not proven
geonames:8609717,c5_category,Cagar Alam,https://www.geonames.org/8609717/,2026-09-29,cc-by-4.0,source tag=geonames/H.LK
geonames:8609717,identity,Tasik Sijemput,https://www.geonames.org/8609717/,2026-09-29,cc-by-4.0,GeoNames item name; tourism status not proven
geonames:8609719,c5_category,Cagar Alam,https://www.geonames.org/8609719/,2026-09-29,cc-by-4.0,source tag=geonames/H.LK
geonames:8609719,identity,Tasik Merbalu Kecil,https://www.geonames.org/8609719/,2026-09-29,cc-by-4.0,GeoNames item name; tourism status not proven
geonames:8609722,c5_category,Cagar Alam,https://www.geonames.org/8609722/,2026-09-29,cc-by-4.0,source tag=geonames/H.LK
geonames:8609722,identity,Tasik Sikurus,https://www.geonames.org/8609722/,2026-09-29,cc-by-4.0,GeoNames item name; tourism status not proven
geonames:8609733,c5_category,Cagar Alam,https://www.geonames.org/8609733/,2026-09-29,cc-by-4.0,source tag=geonames/H.LK
geonames:8609733,identity,Tasik Belat Buluh,https://www.geonames.org/8609733/,2026-09-29,cc-by-4.0,GeoNames item name; tourism status not proven
geonames:8609734,c5_category,Cagar Alam,https://www.geonames.org/8609734/,2026-09-29,cc-by-4.0,source tag=geonames/H.LK
geonames:8609734,identity,Tasik Paseru,https://www.geonames.org/8609734/,2026-09-29,cc-by-4.0,GeoNames item name; tourism status not proven
geonames:8609735,c5_category,Cagar Alam,https://www.geonames.org/8609735/,2026-09-29,cc-by-4.0,source tag=geonames/H.LK
geonames:8609735,identity,Tasik Anggung,https://www.geonames.org/8609735/,2026-09-29,cc-by-4.0,GeoNames item name; tourism status not proven
geonames:8609854,c5_category,Cagar Alam,https://www.geonames.org/8609854/,2026-09-29,cc-by-4.0,source tag=geonames/H.LK
geonames:8609854,identity,Tasik Terung Asem,https://www.geonames.org/8609854/,2026-09-29,cc-by-4.0,GeoNames item name; tourism status not proven
geonames:8609858,c5_category,Cagar Alam,https://www.geonames.org/8609858/,2026-09-29,cc-by-4.0,source tag=geonames/H.LK
geonames:8609858,identity,Tasik Pepagar,https://www.geonames.org/8609858/,2026-09-29,cc-by-4.0,GeoNames item name; tourism status not proven
geonames:8609944,c5_category,Cagar Alam,https://www.geonames.org/8609944/,2026-09-29,cc-by-4.0,source tag=geonames/H.LK
geonames:8609944,identity,Tasik Bagan Belado,https://www.geonames.org/8609944/,2026-09-29,cc-by-4.0,GeoNames item name; tourism status not proven
geonames:8609949,c5_category,Cagar Alam,https://www.geonames.org/8609949/,2026-09-29,cc-by-4.0,source tag=geonames/H.LK
geonames:8609949,identity,Danau Wan,https://www.geonames.org/8609949/,2026-09-29,cc-by-4.0,GeoNames item name; tourism status not proven
geonames:8609950,c5_category,Cagar Alam,https://www.geonames.org/8609950/,2026-09-29,cc-by-4.0,source tag=geonames/H.LK
geonames:8609950,identity,Tasik Batu,https://www.geonames.org/8609950/,2026-09-29,cc-by-4.0,GeoNames item name; tourism status not proven
geonames:8609973,c5_category,Cagar Alam,https://www.geonames.org/8609973/,2026-09-29,cc-by-4.0,source tag=geonames/H.LK
geonames:8609973,identity,Tasik Sembilang,https://www.geonames.org/8609973/,2026-09-29,cc-by-4.0,GeoNames item name; tourism status not proven
geonames:8609974,c5_category,Cagar Alam,https://www.geonames.org/8609974/,2026-09-29,cc-by-4.0,source tag=geonames/H.LK
geonames:8609974,identity,Tasik Nyiru,https://www.geonames.org/8609974/,2026-09-29,cc-by-4.0,GeoNames item name; tourism status not proven
geonames:8609975,c5_category,Cagar Alam,https://www.geonames.org/8609975/,2026-09-29,cc-by-4.0,source tag=geonames/H.LK
geonames:8609975,identity,Tasik Bungsu,https://www.geonames.org/8609975/,2026-09-29,cc-by-4.0,GeoNames item name; tourism status not proven
geonames:8610740,c5_category,Cagar Alam,https://www.geonames.org/8610740/,2026-09-29,cc-by-4.0,source tag=geonames/H.LK
geonames:8610740,identity,Tasik Mesjid,https://www.geonames.org/8610740/,2026-09-29,cc-by-4.0,GeoNames item name; tourism status not proven
geonames:8611634,c5_category,Cagar Alam,https://www.geonames.org/8611634/,2026-09-29,cc-by-4.0,source tag=geonames/H.LK
geonames:8611634,identity,Danau Tasik,https://www.geonames.org/8611634/,2026-09-29,cc-by-4.0,GeoNames item name; tourism status not proven
geonames:8615590,c5_category,Cagar Alam,https://www.geonames.org/8615590/,2026-09-29,cc-by-4.0,source tag=geonames/H.LK
geonames:8615590,identity,Danau Napa Galinggang,https://www.geonames.org/8615590/,2026-09-29,cc-by-4.0,GeoNames item name; tourism status not proven
geonames:8615738,c5_category,Cagar Alam,https://www.geonames.org/8615738/,2026-09-29,cc-by-4.0,source tag=geonames/H.LK
geonames:8615738,identity,Danau Bargot,https://www.geonames.org/8615738/,2026-09-29,cc-by-4.0,GeoNames item name; tourism status not proven
geonames:8632922,c5_category,Gunung,https://www.geonames.org/8632922/,2026-09-29,cc-by-4.0,source tag=geonames/T.VLC
geonames:8632922,identity,Sorik Merapi na Menek,https://www.geonames.org/8632922/,2026-09-29,cc-by-4.0,GeoNames item name; tourism status not proven
geonames:8633171,c5_category,Cagar Alam,https://www.geonames.org/8633171/,2026-09-29,cc-by-4.0,source tag=geonames/H.LK
geonames:8633171,identity,Laut Tinggai,https://www.geonames.org/8633171/,2026-09-29,cc-by-4.0,GeoNames item name; tourism status not proven
geonames:8640643,c5_category,Cagar Alam,https://www.geonames.org/8640643/,2026-09-29,cc-by-4.0,source tag=geonames/H.LK
geonames:8640643,identity,Danau Kiri,https://www.geonames.org/8640643/,2026-09-29,cc-by-4.0,GeoNames item name; tourism status not proven
geonames:8640645,c5_category,Cagar Alam,https://www.geonames.org/8640645/,2026-09-29,cc-by-4.0,source tag=geonames/H.LK
geonames:8640645,identity,Danau Pinang Radan,https://www.geonames.org/8640645/,2026-09-29,cc-by-4.0,GeoNames item name; tourism status not proven
geonames:8640649,c5_category,Cagar Alam,https://www.geonames.org/8640649/,2026-09-29,cc-by-4.0,source tag=geonames/H.LK
geonames:8640649,identity,Danau Embat,https://www.geonames.org/8640649/,2026-09-29,cc-by-4.0,GeoNames item name; tourism status not proven
geonames:8643721,c5_category,Budaya,https://www.geonames.org/8643721/,2026-09-29,cc-by-4.0,source tag=geonames/S.MNMT
geonames:8643721,identity,"Tugu,Yogyakarta",https://www.geonames.org/8643721/,2026-09-29,cc-by-4.0,GeoNames item name; tourism status not proven
geonames:8656044,c5_category,Cagar Alam,https://www.geonames.org/8656044/,2026-09-29,cc-by-4.0,source tag=geonames/L.RESN
geonames:8656044,identity,Cagar Alam Laut,https://www.geonames.org/8656044/,2026-09-29,cc-by-4.0,GeoNames item name; tourism status not proven
geonames:8657045,c5_category,Cagar Alam,https://www.geonames.org/8657045/,2026-09-29,cc-by-4.0,source tag=geonames/L.RESN
geonames:8657045,identity,Cagar Alam / Taman Laut Banda,https://www.geonames.org/8657045/,2026-09-29,cc-by-4.0,GeoNames item name; tourism status not proven
geonames:8776598,c5_category,Cagar Alam,https://www.geonames.org/8776598/,2026-09-29,cc-by-4.0,source tag=geonames/H.LK
geonames:8776598,identity,Danau Arang-arang,https://www.geonames.org/8776598/,2026-09-29,cc-by-4.0,GeoNames item name; tourism status not proven
geonames:8776601,c5_category,Cagar Alam,https://www.geonames.org/8776601/,2026-09-29,cc-by-4.0,source tag=geonames/H.LK
geonames:8776601,identity,Danau Sirih,https://www.geonames.org/8776601/,2026-09-29,cc-by-4.0,GeoNames item name; tourism status not proven
geonames:8776602,c5_category,Cagar Alam,https://www.geonames.org/8776602/,2026-09-29,cc-by-4.0,source tag=geonames/H.LK
geonames:8776602,identity,Danau Sarang Burung,https://www.geonames.org/8776602/,2026-09-29,cc-by-4.0,GeoNames item name; tourism status not proven
geonames:8776603,c5_category,Cagar Alam,https://www.geonames.org/8776603/,2026-09-29,cc-by-4.0,source tag=geonames/H.LK
geonames:8776603,identity,Danau Rebo,https://www.geonames.org/8776603/,2026-09-29,cc-by-4.0,GeoNames item name; tourism status not proven
geonames:8777165,c5_category,Cagar Alam,https://www.geonames.org/8777165/,2026-09-29,cc-by-4.0,source tag=geonames/H.LK
geonames:8777165,identity,Danau Sipin,https://www.geonames.org/8777165/,2026-09-29,cc-by-4.0,GeoNames item name; tourism status not proven
geonames:8777166,c5_category,Cagar Alam,https://www.geonames.org/8777166/,2026-09-29,cc-by-4.0,source tag=geonames/H.LK
geonames:8777166,identity,Danau Mudung,https://www.geonames.org/8777166/,2026-09-29,cc-by-4.0,GeoNames item name; tourism status not proven
geonames:8777167,c5_category,Cagar Alam,https://www.geonames.org/8777167/,2026-09-29,cc-by-4.0,source tag=geonames/H.LK
geonames:8777167,identity,Danau Kenali,https://www.geonames.org/8777167/,2026-09-29,cc-by-4.0,GeoNames item name; tourism status not proven
geonames:9017506,c5_category,Cagar Alam,https://www.geonames.org/9017506/,2026-09-29,cc-by-4.0,source tag=geonames/H.LK
geonames:9017506,identity,Danau Ensdor,https://www.geonames.org/9017506/,2026-09-29,cc-by-4.0,GeoNames item name; tourism status not proven
geonames:9026170,c5_category,Cagar Alam,https://www.geonames.org/9026170/,2026-09-29,cc-by-4.0,source tag=geonames/H.LK
geonames:9026170,identity,Danau Tampangkeladi,https://www.geonames.org/9026170/,2026-09-29,cc-by-4.0,GeoNames item name; tourism status not proven
geonames:9026368,c5_category,Cagar Alam,https://www.geonames.org/9026368/,2026-09-29,cc-by-4.0,source tag=geonames/H.LK
geonames:9026368,identity,Danau Solutong,https://www.geonames.org/9026368/,2026-09-29,cc-by-4.0,GeoNames item name; tourism status not proven
geonames:9026369,c5_category,Cagar Alam,https://www.geonames.org/9026369/,2026-09-29,cc-by-4.0,source tag=geonames/H.LK
geonames:9026369,identity,Danau Thaipetis,https://www.geonames.org/9026369/,2026-09-29,cc-by-4.0,GeoNames item name; tourism status not proven
geonames:9204079,c5_category,Cagar Alam,https://www.geonames.org/9204079/,2026-09-29,cc-by-4.0,source tag=geonames/L.PRK
geonames:9204079,identity,Kayan Mentarang National Park,https://www.geonames.org/9204079/,2026-09-29,cc-by-4.0,GeoNames item name; tourism status not proven
geonames:9251997,c5_category,Pantai,https://www.geonames.org/9251997/,2026-09-29,cc-by-4.0,source tag=geonames/T.BCH
geonames:9251997,identity,Pantai Liang,https://www.geonames.org/9251997/,2026-09-29,cc-by-4.0,GeoNames item name; tourism status not proven
geonames:9251998,c5_category,Pantai,https://www.geonames.org/9251998/,2026-09-29,cc-by-4.0,source tag=geonames/T.BCH
geonames:9251998,identity,Pantai Pedenlaran,https://www.geonames.org/9251998/,2026-09-29,cc-by-4.0,GeoNames item name; tourism status not proven
geonames:9252000,c5_category,Pantai,https://www.geonames.org/9252000/,2026-09-29,cc-by-4.0,source tag=geonames/T.BCH
geonames:9252000,identity,Pantai Waiokang,https://www.geonames.org/9252000/,2026-09-29,cc-by-4.0,GeoNames item name; tourism status not proven
geonames:9404944,c5_category,Cagar Alam,https://www.geonames.org/9404944/,2026-09-29,cc-by-4.0,source tag=geonames/L.RESN
geonames:9404944,identity,Gunung Leuser National Park,https://www.geonames.org/9404944/,2026-09-29,cc-by-4.0,GeoNames item name; tourism status not proven
geonames:9405271,c5_category,Cagar Alam,https://www.geonames.org/9405271/,2026-09-29,cc-by-4.0,source tag=geonames/L.PRK
geonames:9405271,identity,Bukit Baka Bukit Raya National Park,https://www.geonames.org/9405271/,2026-09-29,cc-by-4.0,GeoNames item name; tourism status not proven
geonames:9409815,c5_category,Cagar Alam,https://www.geonames.org/9409815/,2026-09-29,cc-by-4.0,source tag=geonames/L.PRK
geonames:9409815,identity,Pattmura Park,https://www.geonames.org/9409815/,2026-09-29,cc-by-4.0,GeoNames item name; tourism status not proven
geonames:9534227,c5_category,Cagar Alam,https://www.geonames.org/9534227/,2026-09-29,cc-by-4.0,source tag=geonames/H.LK
geonames:9534227,identity,Danau Hijau,https://www.geonames.org/9534227/,2026-09-29,cc-by-4.0,GeoNames item name; tourism status not proven
geonames:9534230,c5_category,Cagar Alam,https://www.geonames.org/9534230/,2026-09-29,cc-by-4.0,source tag=geonames/H.LK
geonames:9534230,identity,Danau Ketel,https://www.geonames.org/9534230/,2026-09-29,cc-by-4.0,GeoNames item name; tourism status not proven
geonames:9534231,c5_category,Cagar Alam,https://www.geonames.org/9534231/,2026-09-29,cc-by-4.0,source tag=geonames/H.LK
geonames:9534231,identity,Danau Biru,https://www.geonames.org/9534231/,2026-09-29,cc-by-4.0,GeoNames item name; tourism status not proven
geonames:9534268,c5_category,Cagar Alam,https://www.geonames.org/9534268/,2026-09-29,cc-by-4.0,source tag=geonames/H.LK
geonames:9534268,identity,Danau Dugundugu,https://www.geonames.org/9534268/,2026-09-29,cc-by-4.0,GeoNames item name; tourism status not proven
geonames:9642354,c5_category,Cagar Alam,https://www.geonames.org/9642354/,2026-09-29,cc-by-4.0,source tag=geonames/H.LK
geonames:9642354,identity,Ndano Satonda,https://www.geonames.org/9642354/,2026-09-29,cc-by-4.0,GeoNames item name; tourism status not proven
geonames:9781174,c5_category,Gunung,https://www.geonames.org/9781174/,2026-09-29,cc-by-4.0,source tag=geonames/T.VLC
geonames:9781174,identity,Mount Gamalama,https://www.geonames.org/9781174/,2026-09-29,cc-by-4.0,GeoNames item name; tourism status not proven
geonames:9860318,c5_category,Cagar Alam,https://www.geonames.org/9860318/,2026-09-29,cc-by-4.0,source tag=geonames/L.PRK
geonames:9860318,identity,Taman Nasional Bali Barat,https://www.geonames.org/9860318/,2026-09-29,cc-by-4.0,GeoNames item name; tourism status not proven
geonames:9881630,c5_category,Cagar Alam,https://www.geonames.org/9881630/,2026-09-29,cc-by-4.0,source tag=geonames/L.RESN
geonames:9881630,identity,Taman Nasional Loretz,https://www.geonames.org/9881630/,2026-09-29,cc-by-4.0,GeoNames item name; tourism status not proven
geonames:9963715,c5_category,Cagar Alam,https://www.geonames.org/9963715/,2026-09-29,cc-by-4.0,source tag=geonames/L.PRK
geonames:9963715,identity,Kerinci Seblat National Park,https://www.geonames.org/9963715/,2026-09-29,cc-by-4.0,GeoNames item name; tourism status not proven
