Place_Id,Place_Name,Description,Category,Sub_Category,City,Price,Rating,Time_Minutes,Coordinate,Lat,Long,Province,Category_Clean,c1_ticket_price,c2_rating,facility_toilet_mentioned,facility_parking_mentioned,facility_food_mentioned,facility_worship_mentioned,facility_accessibility_mentioned,facility_information_center_mentioned,c4_facility_score,activity_tags
1,Pantai Lampuuk,"Pantai Lampuuk di Aceh Barat, Aceh. Destinasi wisata pesisir dengan hamparan pasir bersih, deburan ombak yang menenangkan, serta panorama matahari terbenam yang memukau. Dilengkapi fasilitas warung makan seafood lokal, area parkir, toilet umum, dan persewaan payung pantai.",Pantai,Pantai,Aceh Barat,15000,4.5,150.0,"{'lat': 4.461154, 'lng': 96.128701}",4.461154,96.128701,Aceh,bahari,15000.0,4.5,1,1,1,1,1,1,1.0,berenang|fotografi|kuliner|pantai|rekreasi_keluarga
2,Pantai Iboih Sabang,"Pantai Iboih Sabang di Kota Banda Aceh, Aceh. Destinasi wisata pesisir dengan hamparan pasir bersih, deburan ombak yang menenangkan, serta panorama matahari terbenam yang memukau. Dilengkapi fasilitas warung makan seafood lokal, area parkir, toilet umum, dan persewaan payung pantai.",Pantai,Pantai,Kota Banda Aceh,20000,4.2,120.0,"{'lat': 5.579674, 'lng': 95.290755}",5.579674,95.290755,Aceh,bahari,20000.0,4.2,1,1,1,1,0,1,0.8333,berenang|fotografi|kuliner|pantai|rekreasi_keluarga
3,Pantai Lhoknga,"Pantai Lhoknga di Bener Meriah, Aceh. Pantai eksotis dengan air laut jernih dan deretan pohon kelapa yang rindang. Menjadi lokasi favorit wisatawan untuk bersantai, bermain air bersama keluarga, berswafoto, serta menikmati kelapa muda segar di tepi pantai.",Pantai,Pantai,Bener Meriah,30000,4.8,150.0,"{'lat': 4.695423, 'lng': 96.842607}",4.695423,96.842607,Aceh,bahari,30000.0,4.8,1,1,1,1,0,1,0.8333,berenang|fotografi|kuliner|pantai|rekreasi_keluarga
4,Pantai Ujong Batee,"Pantai Ujong Batee di Kota Sabang, Aceh. Pantai eksotis dengan air laut jernih dan deretan pohon kelapa yang rindang. Menjadi lokasi favorit wisatawan untuk bersantai, bermain air bersama keluarga, berswafoto, serta menikmati kelapa muda segar di tepi pantai.",Pantai,Pantai,Kota Sabang,30000,4.8,180.0,"{'lat': 5.85382, 'lng': 95.341166}",5.85382,95.341166,Aceh,bahari,30000.0,4.8,1,1,1,1,0,1,0.8333,berenang|fotografi|kuliner|pantai|rekreasi_keluarga
5,Pantai Pasir Putih Lhok Me,"Pantai Pasir Putih Lhok Me di Kota Banda Aceh, Aceh. Kawasan pantai dengan keindahan garis pantai memanjang, batuan karang yang menawan, serta angin sepoi-sepoi yang menyegarkan. Sangat cocok untuk aktivitas rekreasi, jalan santai di tepi air, dan piknik sore hari.",Pantai,Pantai,Kota Banda Aceh,5000,4.7,180.0,"{'lat': 5.535228, 'lng': 95.29122}",5.535228,95.29122,Aceh,bahari,5000.0,4.7,1,1,1,1,0,0,0.6667,berenang|fotografi|kuliner|pantai|rekreasi_keluarga
6,Pantai Sumur Tiga,"Pantai Sumur Tiga di Aceh Besar, Aceh. Kawasan pantai dengan keindahan garis pantai memanjang, batuan karang yang menawan, serta angin sepoi-sepoi yang menyegarkan. Sangat cocok untuk aktivitas rekreasi, jalan santai di tepi air, dan piknik sore hari.",Pantai,Pantai,Aceh Besar,20000,4.3,180.0,"{'lat': 5.380054, 'lng': 95.486686}",5.380054,95.486686,Aceh,bahari,20000.0,4.3,1,1,1,1,1,1,1.0,berenang|fotografi|kuliner|pantai|rekreasi_keluarga
7,Pantai Anoi Itam,"Pantai Anoi Itam di Aceh Besar, Aceh. Destinasi wisata pesisir dengan hamparan pasir bersih, deburan ombak yang menenangkan, serta panorama matahari terbenam yang memukau. Dilengkapi fasilitas warung makan seafood lokal, area parkir, toilet umum, dan persewaan payung pantai.",Pantai,Pantai,Aceh Besar,5000,4.5,180.0,"{'lat': 5.389488, 'lng': 95.533066}",5.389488,95.533066,Aceh,bahari,5000.0,4.5,1,1,1,1,1,1,1.0,berenang|fotografi|kuliner|pantai|rekreasi_keluarga
8,Pantai Ujong Kareung,"Pantai Ujong Kareung di Aceh Jaya, Aceh. Pantai eksotis dengan air laut jernih dan deretan pohon kelapa yang rindang. Menjadi lokasi favorit wisatawan untuk bersantai, bermain air bersama keluarga, berswafoto, serta menikmati kelapa muda segar di tepi pantai.",Pantai,Pantai,Aceh Jaya,15000,4.4,180.0,"{'lat': 4.77371, 'lng': 95.629573}",4.77371,95.629573,Aceh,bahari,15000.0,4.4,1,1,1,1,0,0,0.6667,berenang|fotografi|kuliner|pantai|rekreasi_keluarga
9,Pantai Suak Ribee,"Pantai Suak Ribee di Aceh Selatan, Aceh. Destinasi wisata pesisir dengan hamparan pasir bersih, deburan ombak yang menenangkan, serta panorama matahari terbenam yang memukau. Dilengkapi fasilitas warung makan seafood lokal, area parkir, toilet umum, dan persewaan payung pantai.",Pantai,Pantai,Aceh Selatan,25000,4.4,150.0,"{'lat': 3.284932, 'lng': 97.261843}",3.284932,97.261843,Aceh,bahari,25000.0,4.4,1,1,1,1,0,0,0.6667,berenang|fotografi|kuliner|pantai|rekreasi_keluarga
10,Pantai Batee Puteh,"Pantai Batee Puteh di Aceh Jaya, Aceh. Destinasi wisata pesisir dengan hamparan pasir bersih, deburan ombak yang menenangkan, serta panorama matahari terbenam yang memukau. Dilengkapi fasilitas warung makan seafood lokal, area parkir, toilet umum, dan persewaan payung pantai.",Pantai,Pantai,Aceh Jaya,10000,4.7,120.0,"{'lat': 4.817331, 'lng': 95.648353}",4.817331,95.648353,Aceh,bahari,10000.0,4.7,1,1,1,1,1,1,1.0,berenang|fotografi|kuliner|pantai|rekreasi_keluarga
11,Pantai Kuala Merisi,"Pantai Kuala Merisi di Kota Lhokseumawe, Aceh. Kawasan pantai dengan keindahan garis pantai memanjang, batuan karang yang menawan, serta angin sepoi-sepoi yang menyegarkan. Sangat cocok untuk aktivitas rekreasi, jalan santai di tepi air, dan piknik sore hari.",Pantai,Pantai,Kota Lhokseumawe,25000,4.7,150.0,"{'lat': 5.172093, 'lng': 97.105295}",5.172093,97.105295,Aceh,bahari,25000.0,4.7,1,1,1,1,0,1,0.8333,berenang|fotografi|kuliner|pantai|rekreasi_keluarga
12,Pantai Gapang Sabang,"Pantai Gapang Sabang di Kota Sabang, Aceh. Kawasan pantai dengan keindahan garis pantai memanjang, batuan karang yang menawan, serta angin sepoi-sepoi yang menyegarkan. Sangat cocok untuk aktivitas rekreasi, jalan santai di tepi air, dan piknik sore hari.",Pantai,Pantai,Kota Sabang,10000,4.5,180.0,"{'lat': 5.904728, 'lng': 95.28813}",5.904728,95.28813,Aceh,bahari,10000.0,4.5,1,1,1,1,0,1,0.8333,berenang|fotografi|kuliner|pantai|rekreasi_keluarga
13,Pantai Alue Naga,"Pantai Alue Naga di Aceh Singkil, Aceh. Destinasi wisata pesisir dengan hamparan pasir bersih, deburan ombak yang menenangkan, serta panorama matahari terbenam yang memukau. Dilengkapi fasilitas warung makan seafood lokal, area parkir, toilet umum, dan persewaan payung pantai.",Pantai,Pantai,Aceh Singkil,10000,4.9,120.0,"{'lat': 2.325252, 'lng': 97.777546}",2.325252,97.777546,Aceh,bahari,10000.0,4.9,1,1,1,1,1,0,0.8333,berenang|fotografi|kuliner|pantai|rekreasi_keluarga
14,Pantai Lange,"Pantai Lange di Aceh Selatan, Aceh. Pantai eksotis dengan air laut jernih dan deretan pohon kelapa yang rindang. Menjadi lokasi favorit wisatawan untuk bersantai, bermain air bersama keluarga, berswafoto, serta menikmati kelapa muda segar di tepi pantai.",Pantai,Pantai,Aceh Selatan,25000,4.3,240.0,"{'lat': 3.222799, 'lng': 97.264438}",3.222799,97.264438,Aceh,bahari,25000.0,4.3,1,1,1,1,0,0,0.6667,berenang|fotografi|kuliner|pantai|rekreasi_keluarga
15,Gunung Burni Telong,"Gunung Burni Telong di Kota Lhokseumawe, Aceh. Kawasan dataran tinggi dan lereng gunung yang asri dengan pemandangan perbukitan hijau dan kawah eksotis. Sangat ideal untuk petualangan alam terbuka, hiking santai, perkemahan keluarga, dan melepas penat.",Gunung,Gunung,Kota Lhokseumawe,10000,4.3,300.0,"{'lat': 5.160113, 'lng': 97.144258}",5.160113,97.144258,Aceh,alam,10000.0,4.3,1,1,1,0,0,0,0.5,camping|fotografi|gunung|hiking
16,Gunung Leuser (TNGL),"Gunung Leuser (TNGL) di Kota Sabang, Aceh. Kawasan dataran tinggi dan lereng gunung yang asri dengan pemandangan perbukitan hijau dan kawah eksotis. Sangat ideal untuk petualangan alam terbuka, hiking santai, perkemahan keluarga, dan melepas penat.",Gunung,Gunung,Kota Sabang,50000,4.6,240.0,"{'lat': 5.85356, 'lng': 95.334467}",5.85356,95.334467,Aceh,alam,50000.0,4.6,1,1,1,1,1,0,0.8333,camping|fotografi|gunung|hiking
17,Gunung Seulawah Agam,"Gunung Seulawah Agam di Aceh Besar, Aceh. Kawasan dataran tinggi dan lereng gunung yang asri dengan pemandangan perbukitan hijau dan kawah eksotis. Sangat ideal untuk petualangan alam terbuka, hiking santai, perkemahan keluarga, dan melepas penat.",Gunung,Gunung,Aceh Besar,15000,4.7,240.0,"{'lat': 5.394416, 'lng': 95.525418}",5.394416,95.525418,Aceh,alam,15000.0,4.7,1,1,1,1,1,1,1.0,camping|fotografi|gunung|hiking
18,Gunung Seulawah Inong,"Gunung Seulawah Inong di Aceh Barat, Aceh. Destinasi wisata pegunungan berhawa sejuk dengan jalur pendakian yang menantang dan panorama lautan awan yang spektakuler saat fajar. Tersedia pos peristirahatan, warung logistik pendaki, area perkemahan, dan pemandu lokal.",Gunung,Gunung,Aceh Barat,10000,4.7,300.0,"{'lat': 4.457916, 'lng': 96.165788}",4.457916,96.165788,Aceh,alam,10000.0,4.7,1,1,1,0,1,1,0.8333,camping|fotografi|gunung|hiking
19,Gunung Geureudong,"Gunung Geureudong di Kota Sabang, Aceh. Kawasan dataran tinggi dan lereng gunung yang asri dengan pemandangan perbukitan hijau dan kawah eksotis. Sangat ideal untuk petualangan alam terbuka, hiking santai, perkemahan keluarga, dan melepas penat.",Gunung,Gunung,Kota Sabang,10000,4.4,240.0,"{'lat': 5.860152, 'lng': 95.315579}",5.860152,95.315579,Aceh,alam,10000.0,4.4,1,1,1,1,0,0,0.6667,camping|fotografi|gunung|hiking
20,Gunung Abong-Abong,"Gunung Abong-Abong di Aceh Tengah, Aceh. Puncak bukit dan pegunungan dengan pemandangan lanskap hijau membentang sejauh mata memandang. Menawarkan pengalaman menikmati golden sunrise, udara bersih bebas polusi, dan spot foto alam yang memesona.",Gunung,Gunung,Aceh Tengah,15000,4.5,300.0,"{'lat': 4.658095, 'lng': 96.839151}",4.658095,96.839151,Aceh,alam,15000.0,4.5,1,1,1,1,1,0,0.8333,camping|fotografi|gunung|hiking
21,Gunung Peuet Sago,"Gunung Peuet Sago di Aceh Tengah, Aceh. Destinasi wisata pegunungan berhawa sejuk dengan jalur pendakian yang menantang dan panorama lautan awan yang spektakuler saat fajar. Tersedia pos peristirahatan, warung logistik pendaki, area perkemahan, dan pemandu lokal.",Gunung,Gunung,Aceh Tengah,15000,4.3,300.0,"{'lat': 4.629706, 'lng': 96.81498}",4.629706,96.81498,Aceh,alam,15000.0,4.3,1,1,1,1,0,0,0.6667,camping|fotografi|gunung|hiking
22,Puncak Burni Kelieten,"Puncak Burni Kelieten di Aceh Singkil, Aceh. Puncak bukit dan pegunungan dengan pemandangan lanskap hijau membentang sejauh mata memandang. Menawarkan pengalaman menikmati golden sunrise, udara bersih bebas polusi, dan spot foto alam yang memesona.",Gunung,Perbukitan,Aceh Singkil,15000,4.3,180.0,"{'lat': 2.298979, 'lng': 97.810488}",2.298979,97.810488,Aceh,alam,15000.0,4.3,1,1,1,0,0,1,0.6667,camping|fotografi|gunung|hiking
23,Puncak Pantan Terong Takengon,"Puncak Pantan Terong Takengon di Aceh Jaya, Aceh. Puncak bukit dan pegunungan dengan pemandangan lanskap hijau membentang sejauh mata memandang. Menawarkan pengalaman menikmati golden sunrise, udara bersih bebas polusi, dan spot foto alam yang memesona.",Gunung,Perbukitan,Aceh Jaya,35000,4.9,240.0,"{'lat': 4.760439, 'lng': 95.603885}",4.760439,95.603885,Aceh,alam,35000.0,4.9,1,1,1,1,0,0,0.6667,camping|fotografi|gunung|hiking
24,Bukit Cot Panglima,"Bukit Cot Panglima di Aceh Jaya, Aceh. Destinasi wisata pegunungan berhawa sejuk dengan jalur pendakian yang menantang dan panorama lautan awan yang spektakuler saat fajar. Tersedia pos peristirahatan, warung logistik pendaki, area perkemahan, dan pemandu lokal.",Gunung,Perbukitan,Aceh Jaya,25000,4.2,180.0,"{'lat': 4.777784, 'lng': 95.627186}",4.777784,95.627186,Aceh,alam,25000.0,4.2,1,1,1,1,0,1,0.8333,camping|fotografi|gunung|hiking
25,Danau Laut Tawar,"Danau Laut Tawar di Bener Meriah, Aceh. Kawasan konservasi alam yang asri dan terlindungi dengan keanekaragaman flora dan fauna tropis endemik. Dilengkapi jalur trekking kayu yang tertata rapi, gazebo istirahat, pusat informasi lingkungan, dan toilet pengunjung.",Cagar Alam,Danau,Bener Meriah,25000,4.4,180.0,"{'lat': 4.713193, 'lng': 96.841917}",4.713193,96.841917,Aceh,alam,25000.0,4.4,1,1,1,0,0,1,0.6667,alam|edukasi|fotografi|hiking|rekreasi_keluarga
26,Air Terjun Suhom,"Air Terjun Suhom di Aceh Jaya, Aceh. Objek wisata alam dengan formasi tebing batuan alami, gua karst purba, serta telaga yang jernih dan tenang. Suasana alam yang tenang memberikan kesegaran pikiran bagi pengunjung yang mencintai ketenangan alam.",Cagar Alam,Air Terjun,Aceh Jaya,30000,4.3,90.0,"{'lat': 4.817161, 'lng': 95.62875}",4.817161,95.62875,Aceh,alam,30000.0,4.3,1,1,1,1,1,1,1.0,alam|edukasi|fotografi|hiking|rekreasi_keluarga
27,Air Terjun Blang Kolam,"Air Terjun Blang Kolam di Aceh Barat, Aceh. Wisata alam edukatif berbalut udara segar hutan tropis, aliran sungai yang jernih, serta air terjun bertingkat yang menyejukkan. Pilihan utama untuk riset keanekaragaman hayati dan ekowisata ramah lingkungan.",Cagar Alam,Air Terjun,Aceh Barat,15000,4.4,180.0,"{'lat': 4.48752, 'lng': 96.200809}",4.48752,96.200809,Aceh,alam,15000.0,4.4,1,1,1,1,1,1,1.0,alam|edukasi|fotografi|hiking|rekreasi_keluarga
28,Air Terjun Tansaran Bidin,"Air Terjun Tansaran Bidin di Aceh Singkil, Aceh. Wisata alam edukatif berbalut udara segar hutan tropis, aliran sungai yang jernih, serta air terjun bertingkat yang menyejukkan. Pilihan utama untuk riset keanekaragaman hayati dan ekowisata ramah lingkungan.",Cagar Alam,Air Terjun,Aceh Singkil,10000,4.8,150.0,"{'lat': 2.365495, 'lng': 97.773171}",2.365495,97.773171,Aceh,alam,10000.0,4.8,1,1,1,0,1,1,0.8333,alam|edukasi|fotografi|hiking|rekreasi_keluarga
29,Gua Sarang Pulau Weh,"Gua Sarang Pulau Weh di Aceh Barat, Aceh. Wisata alam edukatif berbalut udara segar hutan tropis, aliran sungai yang jernih, serta air terjun bertingkat yang menyejukkan. Pilihan utama untuk riset keanekaragaman hayati dan ekowisata ramah lingkungan.",Cagar Alam,Gua,Aceh Barat,25000,4.4,120.0,"{'lat': 4.46844, 'lng': 96.189369}",4.46844,96.189369,Aceh,alam,25000.0,4.4,1,1,1,0,0,1,0.6667,edukasi|fotografi|hiking|rekreasi_keluarga
30,Pemandian Air Panas Ie Suum,"Pemandian Air Panas Ie Suum di Aceh Besar, Aceh. Objek wisata alam dengan formasi tebing batuan alami, gua karst purba, serta telaga yang jernih dan tenang. Suasana alam yang tenang memberikan kesegaran pikiran bagi pengunjung yang mencintai ketenangan alam.",Cagar Alam,Taman Nasional,Aceh Besar,20000,4.2,90.0,"{'lat': 5.402159, 'lng': 95.481577}",5.402159,95.481577,Aceh,alam,20000.0,4.2,1,1,1,1,1,1,1.0,edukasi|fotografi|hiking|rekreasi_keluarga
31,Taman Hutan Raya Pocut Meurah Intan,"Taman Hutan Raya Pocut Meurah Intan di Kota Sabang, Aceh. Kawasan konservasi alam yang asri dan terlindungi dengan keanekaragaman flora dan fauna tropis endemik. Dilengkapi jalur trekking kayu yang tertata rapi, gazebo istirahat, pusat informasi lingkungan, dan toilet pengunjung.",Cagar Alam,Taman Nasional,Kota Sabang,30000,4.3,120.0,"{'lat': 5.89579, 'lng': 95.28125}",5.89579,95.28125,Aceh,alam,30000.0,4.3,1,1,1,1,1,1,1.0,edukasi|fotografi|hiking|rekreasi_keluarga
32,Ekowisata Hutan Mangrove Langsa,"Ekowisata Hutan Mangrove Langsa di Aceh Singkil, Aceh. Objek wisata alam dengan formasi tebing batuan alami, gua karst purba, serta telaga yang jernih dan tenang. Suasana alam yang tenang memberikan kesegaran pikiran bagi pengunjung yang mencintai ketenangan alam.",Cagar Alam,Taman Nasional,Aceh Singkil,30000,4.5,90.0,"{'lat': 2.312116, 'lng': 97.769591}",2.312116,97.769591,Aceh,alam,30000.0,4.5,1,1,1,0,1,1,0.8333,edukasi|fotografi|hiking|rekreasi_keluarga
33,Museum Tsunami Aceh,"Museum Tsunami Aceh di Kota Lhokseumawe, Aceh. Kompleks bangunan bersejarah dan desa adat yang mempertahankan adat istiadat turun-temurun dengan ramah. Wisatawan dapat menyaksikan kerajinan tangan tradisional dan berinteraksi langsung dengan warga setempat.",Budaya,Museum,Kota Lhokseumawe,15000,4.5,120.0,"{'lat': 5.185218, 'lng': 97.12531}",5.185218,97.12531,Aceh,budaya,15000.0,4.5,1,1,1,0,0,1,0.6667,budaya|edukasi|fotografi|sejarah
34,Tugu Nol Kilometer Indonesia,"Tugu Nol Kilometer Indonesia di Kota Lhokseumawe, Aceh. Kompleks bangunan bersejarah dan desa adat yang mempertahankan adat istiadat turun-temurun dengan ramah. Wisatawan dapat menyaksikan kerajinan tangan tradisional dan berinteraksi langsung dengan warga setempat.",Budaya,Situs Sejarah,Kota Lhokseumawe,5000,4.2,90.0,"{'lat': 5.19164, 'lng': 97.136578}",5.19164,97.136578,Aceh,budaya,5000.0,4.2,1,1,1,1,0,1,0.8333,budaya|edukasi|fotografi|sejarah
35,Rumah Cut Nyak Dhien,"Rumah Cut Nyak Dhien di Aceh Besar, Aceh. Destinasi wisata sejarah dan kearifan lokal yang memperlihatkan warisan peradaban masa lampau melalui koleksi artefak berharga. Tempat ideal untuk belajar mengenai perjuangan bangsa dan filosofi adat masyarakat.",Budaya,Situs Sejarah,Aceh Besar,15000,4.3,60.0,"{'lat': 5.360352, 'lng': 95.497916}",5.360352,95.497916,Aceh,budaya,15000.0,4.3,1,1,0,1,0,1,0.6667,budaya|edukasi|fotografi|sejarah
36,Taman Sari Gunongan,"Taman Sari Gunongan di Aceh Besar, Aceh. Kompleks bangunan bersejarah dan desa adat yang mempertahankan adat istiadat turun-temurun dengan ramah. Wisatawan dapat menyaksikan kerajinan tangan tradisional dan berinteraksi langsung dengan warga setempat.",Budaya,Situs Sejarah,Aceh Besar,25000,4.2,120.0,"{'lat': 5.367501, 'lng': 95.555408}",5.367501,95.555408,Aceh,budaya,25000.0,4.2,1,1,0,1,1,1,0.8333,budaya|edukasi|fotografi|sejarah
37,Benteng Anoi Itam,"Benteng Anoi Itam di Kota Sabang, Aceh. Destinasi wisata sejarah dan kearifan lokal yang memperlihatkan warisan peradaban masa lampau melalui koleksi artefak berharga. Tempat ideal untuk belajar mengenai perjuangan bangsa dan filosofi adat masyarakat.",Budaya,Benteng,Kota Sabang,5000,4.4,90.0,"{'lat': 5.864043, 'lng': 95.285934}",5.864043,95.285934,Aceh,budaya,5000.0,4.4,1,1,1,1,0,1,0.8333,budaya|edukasi|fotografi|sejarah
38,Museum Aceh,"Museum Aceh di Bener Meriah, Aceh. Situs cagar budaya bersejarah yang sarat dengan nilai tradisi leluhur, arsitektur arca dan bangunan tradisional yang otentik. Dilengkapi pemandu wisata budaya, museum informasi sejarah, dan pertunjukan seni berkala.",Budaya,Museum,Bener Meriah,20000,4.6,60.0,"{'lat': 4.744039, 'lng': 96.847819}",4.744039,96.847819,Aceh,budaya,20000.0,4.6,1,1,1,1,0,1,0.8333,budaya|edukasi|fotografi|sejarah
39,Makam Sultan Iskandar Muda,"Makam Sultan Iskandar Muda di Aceh Besar, Aceh. Destinasi wisata sejarah dan kearifan lokal yang memperlihatkan warisan peradaban masa lampau melalui koleksi artefak berharga. Tempat ideal untuk belajar mengenai perjuangan bangsa dan filosofi adat masyarakat.",Budaya,Situs Sejarah,Aceh Besar,15000,4.4,120.0,"{'lat': 5.369985, 'lng': 95.487166}",5.369985,95.487166,Aceh,budaya,15000.0,4.4,1,1,1,1,0,1,0.8333,budaya|edukasi|fotografi|sejarah
40,Taman Ratu Safiatuddin,"Taman Ratu Safiatuddin di Aceh Besar, Aceh. Kawasan rekreasi bertema dengan wahana pemacu adrenalin, kolam renang bergelombang, serta taman bermain anak yang aman. Dilengkapi staf pengawas keselamatan dan berbagai tenant kuliner lezat.",Taman Hiburan,Taman Rekreasi,Aceh Besar,50000,4.2,180.0,"{'lat': 5.34932, 'lng': 95.547349}",5.34932,95.547349,Aceh,hiburan,50000.0,4.2,1,1,1,1,1,1,1.0,edukasi|fotografi|rekreasi_keluarga
41,Taman Bustanussalatin,"Taman Bustanussalatin di Aceh Besar, Aceh. Taman rekreasi modern keluarga yang menghadirkan beragam wahana permainan seru, atraksi air, serta pertunjukan tematik interaktif. Memiliki fasilitas lengkap seperti food court, musala yang nyaman, toilet bersih, dan area parkir luas.",Taman Hiburan,Taman Rekreasi,Aceh Besar,35000,4.6,180.0,"{'lat': 5.387502, 'lng': 95.511083}",5.387502,95.511083,Aceh,hiburan,35000.0,4.6,1,1,1,1,1,1,1.0,edukasi|fotografi|rekreasi_keluarga
42,Waterpark Taman Impian,"Waterpark Taman Impian di Aceh Barat, Aceh. Kawasan rekreasi bertema dengan wahana pemacu adrenalin, kolam renang bergelombang, serta taman bermain anak yang aman. Dilengkapi staf pengawas keselamatan dan berbagai tenant kuliner lezat.",Taman Hiburan,Waterpark,Aceh Barat,50000,4.3,180.0,"{'lat': 4.481914, 'lng': 96.143506}",4.481914,96.143506,Aceh,hiburan,50000.0,4.3,1,1,1,1,1,1,1.0,edukasi|fotografi|rekreasi_keluarga
43,Kolam Mata Ie,"Kolam Mata Ie di Bener Meriah, Aceh. Taman rekreasi modern keluarga yang menghadirkan beragam wahana permainan seru, atraksi air, serta pertunjukan tematik interaktif. Memiliki fasilitas lengkap seperti food court, musala yang nyaman, toilet bersih, dan area parkir luas.",Taman Hiburan,Taman Rekreasi,Bener Meriah,150000,4.4,150.0,"{'lat': 4.764031, 'lng': 96.85921}",4.764031,96.85921,Aceh,hiburan,150000.0,4.4,1,1,1,1,1,1,1.0,edukasi|fotografi|rekreasi_keluarga
44,Pasar Atjeh Banda Aceh,"Pasar Atjeh Banda Aceh di Aceh Besar, Aceh. Pusat perbelanjaan dan pasar tradisional khas daerah yang menjual aneka kerajinan tangan, kain tenun atau batik, serta camilan oleh-oleh lokal. Tempat bertemunya tawar-menawar yang hangat dengan harga terjangkau.",Pusat Perbelanjaan,Pasar Tradisional,Aceh Besar,0,4.8,60.0,"{'lat': 5.421396, 'lng': 95.541562}",5.421396,95.541562,Aceh,belanja,0.0,4.8,1,1,1,1,1,0,0.8333,belanja|budaya|kuliner
45,Pusat Oleh-Oleh Kopi Ulee Kareng,"Pusat Oleh-Oleh Kopi Ulee Kareng di Aceh Tengah, Aceh. Pusat perbelanjaan dan pasar tradisional khas daerah yang menjual aneka kerajinan tangan, kain tenun atau batik, serta camilan oleh-oleh lokal. Tempat bertemunya tawar-menawar yang hangat dengan harga terjangkau.",Pusat Perbelanjaan,Pasar Tradisional,Aceh Tengah,0,4.5,90.0,"{'lat': 4.662765, 'lng': 96.869479}",4.662765,96.869479,Aceh,belanja,0.0,4.5,1,1,1,1,1,0,0.8333,belanja|budaya|kuliner
46,Sentra Souvenir Peunayong,"Sentra Souvenir Peunayong di Aceh Jaya, Aceh. Sentra kuliner dan suvenir ikonik yang menyediakan aneka buah tangan khas Nusantara berkualitas tinggi. Dilengkapi area parkir kendaraan wisata, gerai anjungan tunai mandiri (ATM), dan mushola.",Pusat Perbelanjaan,Sentra Kerajinan,Aceh Jaya,0,4.5,60.0,"{'lat': 4.813073, 'lng': 95.661987}",4.813073,95.661987,Aceh,belanja,0.0,4.5,1,1,1,0,1,1,0.8333,belanja|budaya|kuliner
47,Pasar Buah Puncak Gayo,"Pasar Buah Puncak Gayo di Aceh Selatan, Aceh. Sentra kuliner dan suvenir ikonik yang menyediakan aneka buah tangan khas Nusantara berkualitas tinggi. Dilengkapi area parkir kendaraan wisata, gerai anjungan tunai mandiri (ATM), dan mushola.",Pusat Perbelanjaan,Pasar Tradisional,Aceh Selatan,0,4.5,90.0,"{'lat': 3.279706, 'lng': 97.227834}",3.279706,97.227834,Aceh,belanja,0.0,4.5,1,1,1,0,1,0,0.6667,belanja|budaya|kuliner
48,Masjid Raya Baiturrahman,"Masjid Raya Baiturrahman di Aceh Barat, Aceh. Tempat ibadah cagar budaya dengan ornamen seni pahat antik dan sejarah pendirian yang menginspirasi. Terbuka bagi pengunjung yang ingin berdoa maupun mengagumi keindahan karya arsitektur Nusantara.",Tempat Ibadah,Masjid,Aceh Barat,0,4.8,90.0,"{'lat': 4.471866, 'lng': 96.154792}",4.471866,96.154792,Aceh,religi,0.0,4.8,1,1,1,1,1,0,0.8333,budaya|religi|sejarah
49,Masjid Rahmatullah Lampuuk,"Masjid Rahmatullah Lampuuk di Aceh Jaya, Aceh. Bangunan keagamaan bersejarah dengan arsitektur megah dan penuh nilai filosofis spiritual tinggi. Menyediakan sarana ibadah yang bersih dan khusyuk, pelataran yang teduh dan asri, serta toilet wudhu yang terawat.",Tempat Ibadah,Masjid,Aceh Jaya,0,4.6,45.0,"{'lat': 4.813463, 'lng': 95.614197}",4.813463,95.614197,Aceh,religi,0.0,4.6,1,1,1,1,1,0,0.8333,budaya|religi|sejarah
50,Masjid Tuha Indrapuri,"Masjid Tuha Indrapuri di Aceh Tengah, Aceh. Tempat ibadah cagar budaya dengan ornamen seni pahat antik dan sejarah pendirian yang menginspirasi. Terbuka bagi pengunjung yang ingin berdoa maupun mengagumi keindahan karya arsitektur Nusantara.",Tempat Ibadah,Masjid,Aceh Tengah,0,4.3,60.0,"{'lat': 4.651214, 'lng': 96.840212}",4.651214,96.840212,Aceh,religi,0.0,4.3,1,1,0,1,1,0,0.6667,budaya|religi|sejarah
51,Pantai Sorake Nias,"Pantai Sorake Nias di Deli Serdang, Sumatera Utara. Pantai eksotis dengan air laut jernih dan deretan pohon kelapa yang rindang. Menjadi lokasi favorit wisatawan untuk bersantai, bermain air bersama keluarga, berswafoto, serta menikmati kelapa muda segar di tepi pantai.",Pantai,Pantai,Deli Serdang,25000,4.5,180.0,"{'lat': 3.478185, 'lng': 98.701594}",3.478185,98.701594,Sumatera Utara,bahari,25000.0,4.5,1,1,1,1,0,1,0.8333,berenang|fotografi|kuliner|pantai|rekreasi_keluarga
52,Pantai Lagundri,"Pantai Lagundri di Simalungun, Sumatera Utara. Kawasan pantai dengan keindahan garis pantai memanjang, batuan karang yang menawan, serta angin sepoi-sepoi yang menyegarkan. Sangat cocok untuk aktivitas rekreasi, jalan santai di tepi air, dan piknik sore hari.",Pantai,Pantai,Simalungun,5000,4.6,180.0,"{'lat': 2.936416, 'lng': 98.985113}",2.936416,98.985113,Sumatera Utara,bahari,5000.0,4.6,1,1,1,1,0,0,0.6667,berenang|fotografi|kuliner|pantai|rekreasi_keluarga
53,Pantai Pasir Putih Parbaba Samosir,"Pantai Pasir Putih Parbaba Samosir di Simalungun, Sumatera Utara. Kawasan pantai dengan keindahan garis pantai memanjang, batuan karang yang menawan, serta angin sepoi-sepoi yang menyegarkan. Sangat cocok untuk aktivitas rekreasi, jalan santai di tepi air, dan piknik sore hari.",Pantai,Pantai,Simalungun,20000,4.8,150.0,"{'lat': 2.933652, 'lng': 98.970183}",2.933652,98.970183,Sumatera Utara,bahari,20000.0,4.8,1,1,1,1,0,0,0.6667,berenang|fotografi|kuliner|pantai|rekreasi_keluarga
54,Pantai Batu Hoda,"Pantai Batu Hoda di Kota Pematangsiantar, Sumatera Utara. Pantai eksotis dengan air laut jernih dan deretan pohon kelapa yang rindang. Menjadi lokasi favorit wisatawan untuk bersantai, bermain air bersama keluarga, berswafoto, serta menikmati kelapa muda segar di tepi pantai.",Pantai,Pantai,Kota Pematangsiantar,10000,4.8,180.0,"{'lat': 2.986698, 'lng': 99.04431}",2.986698,99.04431,Sumatera Utara,bahari,10000.0,4.8,1,1,1,1,0,1,0.8333,berenang|fotografi|kuliner|pantai|rekreasi_keluarga
55,Pantai Pandan Sibolga,"Pantai Pandan Sibolga di Langkat, Sumatera Utara. Pantai eksotis dengan air laut jernih dan deretan pohon kelapa yang rindang. Menjadi lokasi favorit wisatawan untuk bersantai, bermain air bersama keluarga, berswafoto, serta menikmati kelapa muda segar di tepi pantai.",Pantai,Pantai,Langkat,30000,4.4,120.0,"{'lat': 3.750894, 'lng': 98.273499}",3.750894,98.273499,Sumatera Utara,bahari,30000.0,4.4,1,1,1,1,0,1,0.8333,berenang|fotografi|kuliner|pantai|rekreasi_keluarga
56,Pantai Bosur Tapanuli,"Pantai Bosur Tapanuli di Simalungun, Sumatera Utara. Destinasi wisata pesisir dengan hamparan pasir bersih, deburan ombak yang menenangkan, serta panorama matahari terbenam yang memukau. Dilengkapi fasilitas warung makan seafood lokal, area parkir, toilet umum, dan persewaan payung pantai.",Pantai,Pantai,Simalungun,10000,4.6,150.0,"{'lat': 2.936815, 'lng': 99.025474}",2.936815,99.025474,Sumatera Utara,bahari,10000.0,4.6,1,1,1,1,0,0,0.6667,berenang|fotografi|kuliner|pantai|rekreasi_keluarga
57,Pantai Cermin Theme Park,"Pantai Cermin Theme Park di Kota Medan, Sumatera Utara. Kawasan pantai dengan keindahan garis pantai memanjang, batuan karang yang menawan, serta angin sepoi-sepoi yang menyegarkan. Sangat cocok untuk aktivitas rekreasi, jalan santai di tepi air, dan piknik sore hari.",Pantai,Pantai,Kota Medan,5000,4.9,240.0,"{'lat': 3.633915, 'lng': 98.681102}",3.633915,98.681102,Sumatera Utara,bahari,5000.0,4.9,1,1,1,1,0,1,0.8333,berenang|fotografi|kuliner|pantai|rekreasi_keluarga
58,Pantai Romance Bay,"Pantai Romance Bay di Langkat, Sumatera Utara. Pantai eksotis dengan air laut jernih dan deretan pohon kelapa yang rindang. Menjadi lokasi favorit wisatawan untuk bersantai, bermain air bersama keluarga, berswafoto, serta menikmati kelapa muda segar di tepi pantai.",Pantai,Pantai,Langkat,10000,4.2,120.0,"{'lat': 3.740718, 'lng': 98.241972}",3.740718,98.241972,Sumatera Utara,bahari,10000.0,4.2,1,1,1,1,0,1,0.8333,berenang|fotografi|kuliner|pantai|rekreasi_keluarga
59,Pantai Sigurgur Samosir,"Pantai Sigurgur Samosir di Samosir, Sumatera Utara. Pantai eksotis dengan air laut jernih dan deretan pohon kelapa yang rindang. Menjadi lokasi favorit wisatawan untuk bersantai, bermain air bersama keluarga, berswafoto, serta menikmati kelapa muda segar di tepi pantai.",Pantai,Pantai,Samosir,25000,4.5,120.0,"{'lat': 2.648973, 'lng': 98.713864}",2.648973,98.713864,Sumatera Utara,bahari,25000.0,4.5,1,1,1,1,0,0,0.6667,berenang|fotografi|kuliner|pantai|rekreasi_keluarga
60,Pantai Lumban Bulbul Balige,"Pantai Lumban Bulbul Balige di Simalungun, Sumatera Utara. Kawasan pantai dengan keindahan garis pantai memanjang, batuan karang yang menawan, serta angin sepoi-sepoi yang menyegarkan. Sangat cocok untuk aktivitas rekreasi, jalan santai di tepi air, dan piknik sore hari.",Pantai,Pantai,Simalungun,15000,4.9,240.0,"{'lat': 2.952491, 'lng': 99.004714}",2.952491,99.004714,Sumatera Utara,bahari,15000.0,4.9,1,1,1,1,0,0,0.6667,berenang|fotografi|kuliner|pantai|rekreasi_keluarga
61,Pantai Bintang Lagundri,"Pantai Bintang Lagundri di Toba, Sumatera Utara. Kawasan pantai dengan keindahan garis pantai memanjang, batuan karang yang menawan, serta angin sepoi-sepoi yang menyegarkan. Sangat cocok untuk aktivitas rekreasi, jalan santai di tepi air, dan piknik sore hari.",Pantai,Pantai,Toba,10000,4.6,240.0,"{'lat': 2.41222, 'lng': 99.062706}",2.41222,99.062706,Sumatera Utara,bahari,10000.0,4.6,1,1,1,1,0,0,0.6667,berenang|fotografi|kuliner|pantai|rekreasi_keluarga
62,Pantai Tureloto Laut Mati Nias,"Pantai Tureloto Laut Mati Nias di Samosir, Sumatera Utara. Destinasi wisata pesisir dengan hamparan pasir bersih, deburan ombak yang menenangkan, serta panorama matahari terbenam yang memukau. Dilengkapi fasilitas warung makan seafood lokal, area parkir, toilet umum, dan persewaan payung pantai.",Pantai,Pantai,Samosir,15000,4.7,120.0,"{'lat': 2.650384, 'lng': 98.695459}",2.650384,98.695459,Sumatera Utara,bahari,15000.0,4.7,1,1,1,1,0,0,0.6667,berenang|fotografi|kuliner|pantai|rekreasi_keluarga
63,Pantai Muara Indah Deli,"Pantai Muara Indah Deli di Langkat, Sumatera Utara. Kawasan pantai dengan keindahan garis pantai memanjang, batuan karang yang menawan, serta angin sepoi-sepoi yang menyegarkan. Sangat cocok untuk aktivitas rekreasi, jalan santai di tepi air, dan piknik sore hari.",Pantai,Pantai,Langkat,20000,4.8,180.0,"{'lat': 3.722224, 'lng': 98.227116}",3.722224,98.227116,Sumatera Utara,bahari,20000.0,4.8,1,1,1,1,0,0,0.6667,berenang|fotografi|kuliner|pantai|rekreasi_keluarga
64,Pantai Bali Lestari Serdang,"Pantai Bali Lestari Serdang di Kota Medan, Sumatera Utara. Pantai eksotis dengan air laut jernih dan deretan pohon kelapa yang rindang. Menjadi lokasi favorit wisatawan untuk bersantai, bermain air bersama keluarga, berswafoto, serta menikmati kelapa muda segar di tepi pantai.",Pantai,Pantai,Kota Medan,25000,4.2,240.0,"{'lat': 3.621831, 'lng': 98.663358}",3.621831,98.663358,Sumatera Utara,bahari,25000.0,4.2,1,1,1,1,0,0,0.6667,berenang|fotografi|kuliner|pantai|rekreasi_keluarga
65,Gunung Sibayak Berastagi,"Gunung Sibayak Berastagi di Nias Selatan, Sumatera Utara. Destinasi wisata pegunungan berhawa sejuk dengan jalur pendakian yang menantang dan panorama lautan awan yang spektakuler saat fajar. Tersedia pos peristirahatan, warung logistik pendaki, area perkemahan, dan pemandu lokal.",Gunung,Gunung,Nias Selatan,25000,4.5,360.0,"{'lat': 0.786978, 'lng': 97.778276}",0.786978,97.778276,Sumatera Utara,alam,25000.0,4.5,1,1,1,0,0,0,0.5,camping|fotografi|gunung|hiking
66,Gunung Sinabung,"Gunung Sinabung di Simalungun, Sumatera Utara. Destinasi wisata pegunungan berhawa sejuk dengan jalur pendakian yang menantang dan panorama lautan awan yang spektakuler saat fajar. Tersedia pos peristirahatan, warung logistik pendaki, area perkemahan, dan pemandu lokal.",Gunung,Gunung,Simalungun,50000,4.4,360.0,"{'lat': 2.96351, 'lng': 99.023851}",2.96351,99.023851,Sumatera Utara,alam,50000.0,4.4,1,1,1,1,0,1,0.8333,camping|fotografi|gunung|hiking
67,Gunung Sibuatan,"Gunung Sibuatan di Tapanuli Tengah, Sumatera Utara. Puncak bukit dan pegunungan dengan pemandangan lanskap hijau membentang sejauh mata memandang. Menawarkan pengalaman menikmati golden sunrise, udara bersih bebas polusi, dan spot foto alam yang memesona.",Gunung,Gunung,Tapanuli Tengah,10000,4.8,240.0,"{'lat': 1.890651, 'lng': 98.67974}",1.890651,98.67974,Sumatera Utara,alam,10000.0,4.8,1,1,1,0,0,0,0.5,camping|fotografi|gunung|hiking
68,Gunung Pusuk Buhit Samosir,"Gunung Pusuk Buhit Samosir di Kota Pematangsiantar, Sumatera Utara. Puncak bukit dan pegunungan dengan pemandangan lanskap hijau membentang sejauh mata memandang. Menawarkan pengalaman menikmati golden sunrise, udara bersih bebas polusi, dan spot foto alam yang memesona.",Gunung,Gunung,Kota Pematangsiantar,25000,4.6,360.0,"{'lat': 2.956376, 'lng': 99.047}",2.956376,99.047,Sumatera Utara,alam,25000.0,4.6,1,1,1,1,0,1,0.8333,camping|fotografi|gunung|hiking
69,Bukit Gundaling Berastagi,"Bukit Gundaling Berastagi di Kota Pematangsiantar, Sumatera Utara. Destinasi wisata pegunungan berhawa sejuk dengan jalur pendakian yang menantang dan panorama lautan awan yang spektakuler saat fajar. Tersedia pos peristirahatan, warung logistik pendaki, area perkemahan, dan pemandu lokal.",Gunung,Perbukitan,Kota Pematangsiantar,15000,4.3,180.0,"{'lat': 2.924167, 'lng': 99.096154}",2.924167,99.096154,Sumatera Utara,alam,15000.0,4.3,1,1,1,1,0,0,0.6667,camping|fotografi|gunung|hiking
70,Bukit Holbung Samosir,"Bukit Holbung Samosir di Simalungun, Sumatera Utara. Puncak bukit dan pegunungan dengan pemandangan lanskap hijau membentang sejauh mata memandang. Menawarkan pengalaman menikmati golden sunrise, udara bersih bebas polusi, dan spot foto alam yang memesona.",Gunung,Perbukitan,Simalungun,50000,4.3,240.0,"{'lat': 2.922191, 'lng': 98.970098}",2.922191,98.970098,Sumatera Utara,alam,50000.0,4.3,1,1,1,1,1,0,0.8333,camping|fotografi|gunung|hiking
71,Bukit Sibea-bea,"Bukit Sibea-bea di Samosir, Sumatera Utara. Destinasi wisata pegunungan berhawa sejuk dengan jalur pendakian yang menantang dan panorama lautan awan yang spektakuler saat fajar. Tersedia pos peristirahatan, warung logistik pendaki, area perkemahan, dan pemandu lokal.",Gunung,Perbukitan,Samosir,10000,4.4,300.0,"{'lat': 2.64188, 'lng': 98.736534}",2.64188,98.736534,Sumatera Utara,alam,10000.0,4.4,1,1,1,1,1,1,1.0,camping|fotografi|gunung|hiking
72,Puncak 2000 Siosar,"Puncak 2000 Siosar di Langkat, Sumatera Utara. Kawasan dataran tinggi dan lereng gunung yang asri dengan pemandangan perbukitan hijau dan kawah eksotis. Sangat ideal untuk petualangan alam terbuka, hiking santai, perkemahan keluarga, dan melepas penat.",Gunung,Perbukitan,Langkat,50000,4.5,180.0,"{'lat': 3.782642, 'lng': 98.240025}",3.782642,98.240025,Sumatera Utara,alam,50000.0,4.5,1,1,1,1,1,0,0.8333,camping|fotografi|gunung|hiking
73,Bukit Gajah Bobok,"Bukit Gajah Bobok di Langkat, Sumatera Utara. Puncak bukit dan pegunungan dengan pemandangan lanskap hijau membentang sejauh mata memandang. Menawarkan pengalaman menikmati golden sunrise, udara bersih bebas polusi, dan spot foto alam yang memesona.",Gunung,Perbukitan,Langkat,35000,4.3,180.0,"{'lat': 3.771798, 'lng': 98.278023}",3.771798,98.278023,Sumatera Utara,alam,35000.0,4.3,1,1,1,1,1,0,0.8333,camping|fotografi|gunung|hiking
74,Bukit Siadtaratas Silalahi,"Bukit Siadtaratas Silalahi di Langkat, Sumatera Utara. Puncak bukit dan pegunungan dengan pemandangan lanskap hijau membentang sejauh mata memandang. Menawarkan pengalaman menikmati golden sunrise, udara bersih bebas polusi, dan spot foto alam yang memesona.",Gunung,Perbukitan,Langkat,25000,4.9,180.0,"{'lat': 3.761803, 'lng': 98.211012}",3.761803,98.211012,Sumatera Utara,alam,25000.0,4.9,1,1,1,1,1,1,1.0,camping|fotografi|gunung|hiking
75,Danau Toba (Parapat),"Danau Toba (Parapat) di Kota Medan, Sumatera Utara. Wisata alam edukatif berbalut udara segar hutan tropis, aliran sungai yang jernih, serta air terjun bertingkat yang menyejukkan. Pilihan utama untuk riset keanekaragaman hayati dan ekowisata ramah lingkungan.",Cagar Alam,Danau,Kota Medan,30000,4.6,180.0,"{'lat': 3.611785, 'lng': 98.667039}",3.611785,98.667039,Sumatera Utara,alam,30000.0,4.6,1,1,1,1,1,1,1.0,alam|edukasi|fotografi|hiking|rekreasi_keluarga
76,Air Terjun Sipiso-piso,"Air Terjun Sipiso-piso di Toba, Sumatera Utara. Kawasan konservasi alam yang asri dan terlindungi dengan keanekaragaman flora dan fauna tropis endemik. Dilengkapi jalur trekking kayu yang tertata rapi, gazebo istirahat, pusat informasi lingkungan, dan toilet pengunjung.",Cagar Alam,Air Terjun,Toba,10000,4.6,180.0,"{'lat': 2.364772, 'lng': 99.094837}",2.364772,99.094837,Sumatera Utara,alam,10000.0,4.6,1,1,1,1,0,1,0.8333,alam|edukasi|fotografi|hiking|rekreasi_keluarga
77,Taman Wisata Alam Tangkahan,"Taman Wisata Alam Tangkahan di Kota Pematangsiantar, Sumatera Utara. Wisata alam edukatif berbalut udara segar hutan tropis, aliran sungai yang jernih, serta air terjun bertingkat yang menyejukkan. Pilihan utama untuk riset keanekaragaman hayati dan ekowisata ramah lingkungan.",Cagar Alam,Taman Nasional,Kota Pematangsiantar,25000,4.7,120.0,"{'lat': 2.973455, 'lng': 99.046912}",2.973455,99.046912,Sumatera Utara,alam,25000.0,4.7,1,1,1,0,1,1,0.8333,edukasi|fotografi|hiking|rekreasi_keluarga
78,Bukit Lawang Ekowisata Orangutan,"Bukit Lawang Ekowisata Orangutan di Langkat, Sumatera Utara. Kawasan konservasi alam yang asri dan terlindungi dengan keanekaragaman flora dan fauna tropis endemik. Dilengkapi jalur trekking kayu yang tertata rapi, gazebo istirahat, pusat informasi lingkungan, dan toilet pengunjung.",Cagar Alam,Taman Nasional,Langkat,20000,4.2,120.0,"{'lat': 3.737227, 'lng': 98.280426}",3.737227,98.280426,Sumatera Utara,alam,20000.0,4.2,1,1,1,0,0,1,0.6667,edukasi|fotografi|hiking|rekreasi_keluarga
79,Air Terjun Sigura-gura,"Air Terjun Sigura-gura di Simalungun, Sumatera Utara. Kawasan konservasi alam yang asri dan terlindungi dengan keanekaragaman flora dan fauna tropis endemik. Dilengkapi jalur trekking kayu yang tertata rapi, gazebo istirahat, pusat informasi lingkungan, dan toilet pengunjung.",Cagar Alam,Air Terjun,Simalungun,25000,4.9,180.0,"{'lat': 2.954414, 'lng': 98.979226}",2.954414,98.979226,Sumatera Utara,alam,25000.0,4.9,1,1,1,0,0,1,0.6667,alam|edukasi|fotografi|hiking|rekreasi_keluarga
80,Air Terjun Ponot Asahan,"Air Terjun Ponot Asahan di Deli Serdang, Sumatera Utara. Objek wisata alam dengan formasi tebing batuan alami, gua karst purba, serta telaga yang jernih dan tenang. Suasana alam yang tenang memberikan kesegaran pikiran bagi pengunjung yang mencintai ketenangan alam.",Cagar Alam,Air Terjun,Deli Serdang,30000,4.7,180.0,"{'lat': 3.498643, 'lng': 98.684496}",3.498643,98.684496,Sumatera Utara,alam,30000.0,4.7,1,1,1,1,0,1,0.8333,alam|edukasi|fotografi|hiking|rekreasi_keluarga
81,Pemandian Air Panas Aek Rangat,"Pemandian Air Panas Aek Rangat di Simalungun, Sumatera Utara. Wisata alam edukatif berbalut udara segar hutan tropis, aliran sungai yang jernih, serta air terjun bertingkat yang menyejukkan. Pilihan utama untuk riset keanekaragaman hayati dan ekowisata ramah lingkungan.",Cagar Alam,Taman Nasional,Simalungun,25000,4.6,150.0,"{'lat': 2.969675, 'lng': 98.986463}",2.969675,98.986463,Sumatera Utara,alam,25000.0,4.6,1,1,1,0,1,1,0.8333,edukasi|fotografi|hiking|rekreasi_keluarga
82,Danau Lau Kawar,"Danau Lau Kawar di Karo, Sumatera Utara. Objek wisata alam dengan formasi tebing batuan alami, gua karst purba, serta telaga yang jernih dan tenang. Suasana alam yang tenang memberikan kesegaran pikiran bagi pengunjung yang mencintai ketenangan alam.",Cagar Alam,Danau,Karo,15000,4.5,120.0,"{'lat': 3.101944, 'lng': 98.51943}",3.101944,98.51943,Sumatera Utara,alam,15000.0,4.5,1,1,1,1,1,1,1.0,alam|edukasi|fotografi|hiking|rekreasi_keluarga
83,Istana Maimun Medan,"Istana Maimun Medan di Kota Pematangsiantar, Sumatera Utara. Destinasi wisata sejarah dan kearifan lokal yang memperlihatkan warisan peradaban masa lampau melalui koleksi artefak berharga. Tempat ideal untuk belajar mengenai perjuangan bangsa dan filosofi adat masyarakat.",Budaya,Keraton,Kota Pematangsiantar,15000,4.3,60.0,"{'lat': 2.998129, 'lng': 99.061971}",2.998129,99.061971,Sumatera Utara,budaya,15000.0,4.3,1,1,0,0,0,1,0.5,budaya|edukasi|fotografi|sejarah
84,Desa Adat Tomok Samosir,"Desa Adat Tomok Samosir di Nias Selatan, Sumatera Utara. Situs cagar budaya bersejarah yang sarat dengan nilai tradisi leluhur, arsitektur arca dan bangunan tradisional yang otentik. Dilengkapi pemandu wisata budaya, museum informasi sejarah, dan pertunjukan seni berkala.",Budaya,Desa Adat,Nias Selatan,5000,4.6,120.0,"{'lat': 0.769431, 'lng': 97.731945}",0.769431,97.731945,Sumatera Utara,budaya,5000.0,4.6,1,1,1,1,0,1,0.8333,budaya|edukasi|fotografi|sejarah
85,Desa Bawomataluo Nias (Lompat Batu),"Desa Bawomataluo Nias (Lompat Batu) di Tapanuli Tengah, Sumatera Utara. Situs cagar budaya bersejarah yang sarat dengan nilai tradisi leluhur, arsitektur arca dan bangunan tradisional yang otentik. Dilengkapi pemandu wisata budaya, museum informasi sejarah, dan pertunjukan seni berkala.",Budaya,Desa Adat,Tapanuli Tengah,20000,4.9,90.0,"{'lat': 1.844281, 'lng': 98.649447}",1.844281,98.649447,Sumatera Utara,budaya,20000.0,4.9,1,1,1,0,1,1,0.8333,budaya|edukasi|fotografi|sejarah
86,Museum TB Silalahi Center,"Museum TB Silalahi Center di Deli Serdang, Sumatera Utara. Kompleks bangunan bersejarah dan desa adat yang mempertahankan adat istiadat turun-temurun dengan ramah. Wisatawan dapat menyaksikan kerajinan tangan tradisional dan berinteraksi langsung dengan warga setempat.",Budaya,Museum,Deli Serdang,20000,4.3,120.0,"{'lat': 3.452427, 'lng': 98.665227}",3.452427,98.665227,Sumatera Utara,budaya,20000.0,4.3,1,1,1,0,1,1,0.8333,budaya|edukasi|fotografi|sejarah
87,Perkampungan Batu Huta Siallagan,"Perkampungan Batu Huta Siallagan di Simalungun, Sumatera Utara. Destinasi wisata sejarah dan kearifan lokal yang memperlihatkan warisan peradaban masa lampau melalui koleksi artefak berharga. Tempat ideal untuk belajar mengenai perjuangan bangsa dan filosofi adat masyarakat.",Budaya,Situs Sejarah,Simalungun,10000,4.3,120.0,"{'lat': 2.98593, 'lng': 98.966814}",2.98593,98.966814,Sumatera Utara,budaya,10000.0,4.3,1,1,1,1,0,1,0.8333,budaya|edukasi|fotografi|sejarah
88,Tjong A Fie Mansion,"Tjong A Fie Mansion di Nias Selatan, Sumatera Utara. Destinasi wisata sejarah dan kearifan lokal yang memperlihatkan warisan peradaban masa lampau melalui koleksi artefak berharga. Tempat ideal untuk belajar mengenai perjuangan bangsa dan filosofi adat masyarakat.",Budaya,Situs Sejarah,Nias Selatan,20000,4.6,120.0,"{'lat': 0.768506, 'lng': 97.746041}",0.768506,97.746041,Sumatera Utara,budaya,20000.0,4.6,1,1,1,1,1,1,1.0,budaya|edukasi|fotografi|sejarah
89,Makam Raja Sidabutar,"Makam Raja Sidabutar di Simalungun, Sumatera Utara. Kompleks bangunan bersejarah dan desa adat yang mempertahankan adat istiadat turun-temurun dengan ramah. Wisatawan dapat menyaksikan kerajinan tangan tradisional dan berinteraksi langsung dengan warga setempat.",Budaya,Situs Sejarah,Simalungun,10000,4.5,90.0,"{'lat': 2.969207, 'lng': 99.035807}",2.969207,99.035807,Sumatera Utara,budaya,10000.0,4.5,1,1,0,0,0,1,0.5,budaya|edukasi|fotografi|sejarah
90,Mikie Funland Berastagi,"Mikie Funland Berastagi di Toba, Sumatera Utara. Taman rekreasi modern keluarga yang menghadirkan beragam wahana permainan seru, atraksi air, serta pertunjukan tematik interaktif. Memiliki fasilitas lengkap seperti food court, musala yang nyaman, toilet bersih, dan area parkir luas.",Taman Hiburan,Taman Rekreasi,Toba,200000,4.9,180.0,"{'lat': 2.355823, 'lng': 99.059381}",2.355823,99.059381,Sumatera Utara,hiburan,200000.0,4.9,1,1,1,1,1,1,1.0,edukasi|fotografi|rekreasi_keluarga
91,Rahmat International Wildlife Museum,"Rahmat International Wildlife Museum di Tapanuli Tengah, Sumatera Utara. Kawasan rekreasi bertema dengan wahana pemacu adrenalin, kolam renang bergelombang, serta taman bermain anak yang aman. Dilengkapi staf pengawas keselamatan dan berbagai tenant kuliner lezat.",Taman Hiburan,Taman Rekreasi,Tapanuli Tengah,200000,4.9,120.0,"{'lat': 1.861818, 'lng': 98.683256}",1.861818,98.683256,Sumatera Utara,hiburan,200000.0,4.9,1,1,1,1,1,1,1.0,edukasi|fotografi|rekreasi_keluarga|sejarah
92,Taman Hewan Pematang Siantar,"Taman Hewan Pematang Siantar di Kota Medan, Sumatera Utara. Taman rekreasi modern keluarga yang menghadirkan beragam wahana permainan seru, atraksi air, serta pertunjukan tematik interaktif. Memiliki fasilitas lengkap seperti food court, musala yang nyaman, toilet bersih, dan area parkir luas.",Taman Hiburan,Taman Rekreasi,Kota Medan,200000,4.5,240.0,"{'lat': 3.573874, 'lng': 98.653364}",3.573874,98.653364,Sumatera Utara,hiburan,200000.0,4.5,1,1,1,1,1,1,1.0,edukasi|fotografi|rekreasi_keluarga
93,The Le Hu Garden Deli,"The Le Hu Garden Deli di Nias Selatan, Sumatera Utara. Taman rekreasi modern keluarga yang menghadirkan beragam wahana permainan seru, atraksi air, serta pertunjukan tematik interaktif. Memiliki fasilitas lengkap seperti food court, musala yang nyaman, toilet bersih, dan area parkir luas.",Taman Hiburan,Taman Rekreasi,Nias Selatan,75000,4.4,120.0,"{'lat': 0.770265, 'lng': 97.761811}",0.770265,97.761811,Sumatera Utara,hiburan,75000.0,4.4,1,1,1,1,1,1,1.0,edukasi|fotografi|rekreasi_keluarga
94,Pajak Ikan Lama Medan,"Pajak Ikan Lama Medan di Samosir, Sumatera Utara. Pusat perbelanjaan dan pasar tradisional khas daerah yang menjual aneka kerajinan tangan, kain tenun atau batik, serta camilan oleh-oleh lokal. Tempat bertemunya tawar-menawar yang hangat dengan harga terjangkau.",Pusat Perbelanjaan,Pasar Tradisional,Samosir,0,4.6,90.0,"{'lat': 2.606574, 'lng': 98.701309}",2.606574,98.701309,Sumatera Utara,belanja,0.0,4.6,1,1,1,1,1,0,0.8333,belanja|budaya|kuliner
95,Pusat Oleh-Oleh Bolu Meranti,"Pusat Oleh-Oleh Bolu Meranti di Kota Pematangsiantar, Sumatera Utara. Pusat perbelanjaan dan pasar tradisional khas daerah yang menjual aneka kerajinan tangan, kain tenun atau batik, serta camilan oleh-oleh lokal. Tempat bertemunya tawar-menawar yang hangat dengan harga terjangkau.",Pusat Perbelanjaan,Pasar Tradisional,Kota Pematangsiantar,0,4.9,90.0,"{'lat': 2.952201, 'lng': 99.04178}",2.952201,99.04178,Sumatera Utara,belanja,0.0,4.9,1,1,1,1,1,1,1.0,belanja|budaya|kuliner
96,Sentra Bika Ambon Zulaikha,"Sentra Bika Ambon Zulaikha di Deli Serdang, Sumatera Utara. Pusat perbelanjaan dan pasar tradisional khas daerah yang menjual aneka kerajinan tangan, kain tenun atau batik, serta camilan oleh-oleh lokal. Tempat bertemunya tawar-menawar yang hangat dengan harga terjangkau.",Pusat Perbelanjaan,Sentra Kerajinan,Deli Serdang,0,4.2,60.0,"{'lat': 3.502063, 'lng': 98.708297}",3.502063,98.708297,Sumatera Utara,belanja,0.0,4.2,1,1,1,1,1,1,1.0,belanja|budaya|kuliner
97,Pasar Buah Berastagi,"Pasar Buah Berastagi di Toba, Sumatera Utara. Pusat perbelanjaan dan pasar tradisional khas daerah yang menjual aneka kerajinan tangan, kain tenun atau batik, serta camilan oleh-oleh lokal. Tempat bertemunya tawar-menawar yang hangat dengan harga terjangkau.",Pusat Perbelanjaan,Pasar Tradisional,Toba,0,4.6,120.0,"{'lat': 2.389316, 'lng': 99.102763}",2.389316,99.102763,Sumatera Utara,belanja,0.0,4.6,1,1,1,1,1,0,0.8333,belanja|budaya|kuliner
98,Masjid Raya Al-Mashun Medan,"Masjid Raya Al-Mashun Medan di Tapanuli Tengah, Sumatera Utara. Tempat ibadah cagar budaya dengan ornamen seni pahat antik dan sejarah pendirian yang menginspirasi. Terbuka bagi pengunjung yang ingin berdoa maupun mengagumi keindahan karya arsitektur Nusantara.",Tempat Ibadah,Masjid,Tapanuli Tengah,0,4.6,45.0,"{'lat': 1.884817, 'lng': 98.662078}",1.884817,98.662078,Sumatera Utara,religi,0.0,4.6,1,1,1,1,1,1,1.0,budaya|religi|sejarah
99,Salib Kasih Siatas Barita Tarutung,"Salib Kasih Siatas Barita Tarutung di Langkat, Sumatera Utara. Ikon wisata religi yang terkenal dengan kedamaian suasananya, toleransi antarwarga, serta kubah atau menara yang menjulang indah. Menjadi tempat ziarah sekaligus edukasi spiritual bagi masyarakat luas.",Tempat Ibadah,Tempat Ibadah,Langkat,0,4.8,60.0,"{'lat': 3.787524, 'lng': 98.247601}",3.787524,98.247601,Sumatera Utara,religi,0.0,4.8,1,1,1,1,1,1,1.0,budaya|religi|sejarah
100,Maha Vihara Maitreya Cemara Asri,"Maha Vihara Maitreya Cemara Asri di Nias Selatan, Sumatera Utara. Ikon wisata religi yang terkenal dengan kedamaian suasananya, toleransi antarwarga, serta kubah atau menara yang menjulang indah. Menjadi tempat ziarah sekaligus edukasi spiritual bagi masyarakat luas.",Tempat Ibadah,Vihara,Nias Selatan,0,4.6,90.0,"{'lat': 0.753084, 'lng': 97.765494}",0.753084,97.765494,Sumatera Utara,religi,0.0,4.6,1,1,1,1,1,1,1.0,budaya|religi|sejarah
101,Pantai Air Manis Malin Kundang,"Pantai Air Manis Malin Kundang di Kota Padang, Sumatera Barat. Kawasan pantai dengan keindahan garis pantai memanjang, batuan karang yang menawan, serta angin sepoi-sepoi yang menyegarkan. Sangat cocok untuk aktivitas rekreasi, jalan santai di tepi air, dan piknik sore hari.",Pantai,Pantai,Kota Padang,15000,4.3,240.0,"{'lat': -0.950714, 'lng': 100.402361}",-0.950714,100.402361,Sumatera Barat,bahari,15000.0,4.3,1,1,1,1,1,0,0.8333,berenang|fotografi|kuliner|pantai|rekreasi_keluarga
102,Pantai Padang Taplau,"Pantai Padang Taplau di Kota Bukittinggi, Sumatera Barat. Kawasan pantai dengan keindahan garis pantai memanjang, batuan karang yang menawan, serta angin sepoi-sepoi yang menyegarkan. Sangat cocok untuk aktivitas rekreasi, jalan santai di tepi air, dan piknik sore hari.",Pantai,Pantai,Kota Bukittinggi,5000,4.5,180.0,"{'lat': -0.276051, 'lng': 100.366158}",-0.276051,100.366158,Sumatera Barat,bahari,5000.0,4.5,1,1,1,1,1,1,1.0,berenang|fotografi|kuliner|pantai|rekreasi_keluarga
103,Pantai Pasumpahan,"Pantai Pasumpahan di Kota Payakumbuh, Sumatera Barat. Pantai eksotis dengan air laut jernih dan deretan pohon kelapa yang rindang. Menjadi lokasi favorit wisatawan untuk bersantai, bermain air bersama keluarga, berswafoto, serta menikmati kelapa muda segar di tepi pantai.",Pantai,Pantai,Kota Payakumbuh,25000,4.4,180.0,"{'lat': -0.199201, 'lng': 100.606285}",-0.199201,100.606285,Sumatera Barat,bahari,25000.0,4.4,1,1,1,1,1,0,0.8333,berenang|fotografi|kuliner|pantai|rekreasi_keluarga
104,Pantai Carocok Painan,"Pantai Carocok Painan di Agam, Sumatera Barat. Kawasan pantai dengan keindahan garis pantai memanjang, batuan karang yang menawan, serta angin sepoi-sepoi yang menyegarkan. Sangat cocok untuk aktivitas rekreasi, jalan santai di tepi air, dan piknik sore hari.",Pantai,Pantai,Agam,10000,4.4,180.0,"{'lat': -0.28769, 'lng': 100.177102}",-0.28769,100.177102,Sumatera Barat,bahari,10000.0,4.4,1,1,1,1,0,0,0.6667,berenang|fotografi|kuliner|pantai|rekreasi_keluarga
105,Pantai Sikele Mentawai,"Pantai Sikele Mentawai di Kepulauan Mentawai, Sumatera Barat. Kawasan pantai dengan keindahan garis pantai memanjang, batuan karang yang menawan, serta angin sepoi-sepoi yang menyegarkan. Sangat cocok untuk aktivitas rekreasi, jalan santai di tepi air, dan piknik sore hari.",Pantai,Pantai,Kepulauan Mentawai,5000,4.9,120.0,"{'lat': -2.022024, 'lng': 99.627312}",-2.022024,99.627312,Sumatera Barat,bahari,5000.0,4.9,1,1,1,1,1,0,0.8333,berenang|fotografi|kuliner|pantai|rekreasi_keluarga
106,Pantai Kata Pariaman,"Pantai Kata Pariaman di Lima Puluh Kota, Sumatera Barat. Pantai eksotis dengan air laut jernih dan deretan pohon kelapa yang rindang. Menjadi lokasi favorit wisatawan untuk bersantai, bermain air bersama keluarga, berswafoto, serta menikmati kelapa muda segar di tepi pantai.",Pantai,Pantai,Lima Puluh Kota,15000,4.8,240.0,"{'lat': -0.032672, 'lng': 100.65071}",-0.032672,100.65071,Sumatera Barat,bahari,15000.0,4.8,1,1,1,1,0,1,0.8333,berenang|fotografi|kuliner|pantai|rekreasi_keluarga
107,Pantai Gandoriah,"Pantai Gandoriah di Tanah Datar, Sumatera Barat. Pantai eksotis dengan air laut jernih dan deretan pohon kelapa yang rindang. Menjadi lokasi favorit wisatawan untuk bersantai, bermain air bersama keluarga, berswafoto, serta menikmati kelapa muda segar di tepi pantai.",Pantai,Pantai,Tanah Datar,25000,4.4,120.0,"{'lat': -0.459313, 'lng': 100.617049}",-0.459313,100.617049,Sumatera Barat,bahari,25000.0,4.4,1,1,1,1,1,1,1.0,berenang|fotografi|kuliner|pantai|rekreasi_keluarga
108,Pantai Nirwana Padang,"Pantai Nirwana Padang di Kota Sawahlunto, Sumatera Barat. Kawasan pantai dengan keindahan garis pantai memanjang, batuan karang yang menawan, serta angin sepoi-sepoi yang menyegarkan. Sangat cocok untuk aktivitas rekreasi, jalan santai di tepi air, dan piknik sore hari.",Pantai,Pantai,Kota Sawahlunto,15000,4.2,180.0,"{'lat': -0.69281, 'lng': 100.803017}",-0.69281,100.803017,Sumatera Barat,bahari,15000.0,4.2,1,1,1,1,0,1,0.8333,berenang|fotografi|kuliner|pantai|rekreasi_keluarga
109,Pantai Carolina Bungus,"Pantai Carolina Bungus di Kota Padang, Sumatera Barat. Pantai eksotis dengan air laut jernih dan deretan pohon kelapa yang rindang. Menjadi lokasi favorit wisatawan untuk bersantai, bermain air bersama keluarga, berswafoto, serta menikmati kelapa muda segar di tepi pantai.",Pantai,Pantai,Kota Padang,10000,4.9,240.0,"{'lat': -0.907188, 'lng': 100.416371}",-0.907188,100.416371,Sumatera Barat,bahari,10000.0,4.9,1,1,1,1,0,1,0.8333,berenang|fotografi|kuliner|pantai|rekreasi_keluarga
110,Pantai Pagai Mentawai,"Pantai Pagai Mentawai di Kota Padang, Sumatera Barat. Destinasi wisata pesisir dengan hamparan pasir bersih, deburan ombak yang menenangkan, serta panorama matahari terbenam yang memukau. Dilengkapi fasilitas warung makan seafood lokal, area parkir, toilet umum, dan persewaan payung pantai.",Pantai,Pantai,Kota Padang,10000,4.5,240.0,"{'lat': -0.956923, 'lng': 100.451828}",-0.956923,100.451828,Sumatera Barat,bahari,10000.0,4.5,1,1,1,1,1,0,0.8333,berenang|fotografi|kuliner|pantai|rekreasi_keluarga
111,Pantai Sipora Surfing Mentawai,"Pantai Sipora Surfing Mentawai di Kota Padang, Sumatera Barat. Pantai eksotis dengan air laut jernih dan deretan pohon kelapa yang rindang. Menjadi lokasi favorit wisatawan untuk bersantai, bermain air bersama keluarga, berswafoto, serta menikmati kelapa muda segar di tepi pantai.",Pantai,Pantai,Kota Padang,20000,4.8,150.0,"{'lat': -0.961646, 'lng': 100.415038}",-0.961646,100.415038,Sumatera Barat,bahari,20000.0,4.8,1,1,1,1,1,0,0.8333,berenang|fotografi|kuliner|pantai|rekreasi_keluarga
112,Pantai Muaro Bikuang,"Pantai Muaro Bikuang di Kota Bukittinggi, Sumatera Barat. Kawasan pantai dengan keindahan garis pantai memanjang, batuan karang yang menawan, serta angin sepoi-sepoi yang menyegarkan. Sangat cocok untuk aktivitas rekreasi, jalan santai di tepi air, dan piknik sore hari.",Pantai,Pantai,Kota Bukittinggi,5000,4.9,120.0,"{'lat': -0.268372, 'lng': 100.35576}",-0.268372,100.35576,Sumatera Barat,bahari,5000.0,4.9,1,1,1,1,1,0,0.8333,berenang|fotografi|kuliner|pantai|rekreasi_keluarga
113,Pantai Tiku Agam,"Pantai Tiku Agam di Kota Sawahlunto, Sumatera Barat. Pantai eksotis dengan air laut jernih dan deretan pohon kelapa yang rindang. Menjadi lokasi favorit wisatawan untuk bersantai, bermain air bersama keluarga, berswafoto, serta menikmati kelapa muda segar di tepi pantai.",Pantai,Pantai,Kota Sawahlunto,10000,4.3,240.0,"{'lat': -0.708468, 'lng': 100.809675}",-0.708468,100.809675,Sumatera Barat,bahari,10000.0,4.3,1,1,1,1,0,1,0.8333,berenang|fotografi|kuliner|pantai|rekreasi_keluarga
114,Pantai Sasak Pasaman,"Pantai Sasak Pasaman di Pesisir Selatan, Sumatera Barat. Kawasan pantai dengan keindahan garis pantai memanjang, batuan karang yang menawan, serta angin sepoi-sepoi yang menyegarkan. Sangat cocok untuk aktivitas rekreasi, jalan santai di tepi air, dan piknik sore hari.",Pantai,Pantai,Pesisir Selatan,30000,4.8,180.0,"{'lat': -1.338013, 'lng': 100.594841}",-1.338013,100.594841,Sumatera Barat,bahari,30000.0,4.8,1,1,1,1,1,1,1.0,berenang|fotografi|kuliner|pantai|rekreasi_keluarga
115,Gunung Marapi,"Gunung Marapi di Pesisir Selatan, Sumatera Barat. Destinasi wisata pegunungan berhawa sejuk dengan jalur pendakian yang menantang dan panorama lautan awan yang spektakuler saat fajar. Tersedia pos peristirahatan, warung logistik pendaki, area perkemahan, dan pemandu lokal.",Gunung,Gunung,Pesisir Selatan,10000,4.5,300.0,"{'lat': -1.320209, 'lng': 100.529572}",-1.320209,100.529572,Sumatera Barat,alam,10000.0,4.5,1,1,1,1,0,0,0.6667,camping|fotografi|gunung|hiking
116,Gunung Singgalang,"Gunung Singgalang di Kota Sawahlunto, Sumatera Barat. Destinasi wisata pegunungan berhawa sejuk dengan jalur pendakian yang menantang dan panorama lautan awan yang spektakuler saat fajar. Tersedia pos peristirahatan, warung logistik pendaki, area perkemahan, dan pemandu lokal.",Gunung,Gunung,Kota Sawahlunto,25000,4.4,300.0,"{'lat': -0.6693, 'lng': 100.809806}",-0.6693,100.809806,Sumatera Barat,alam,25000.0,4.4,1,1,1,0,1,0,0.6667,camping|fotografi|gunung|hiking
117,Gunung Talang,"Gunung Talang di Lima Puluh Kota, Sumatera Barat. Destinasi wisata pegunungan berhawa sejuk dengan jalur pendakian yang menantang dan panorama lautan awan yang spektakuler saat fajar. Tersedia pos peristirahatan, warung logistik pendaki, area perkemahan, dan pemandu lokal.",Gunung,Gunung,Lima Puluh Kota,35000,4.8,240.0,"{'lat': -0.060013, 'lng': 100.621646}",-0.060013,100.621646,Sumatera Barat,alam,35000.0,4.8,1,1,1,0,1,0,0.6667,camping|fotografi|gunung|hiking
118,Gunung Talamau,"Gunung Talamau di Solok, Sumatera Barat. Puncak bukit dan pegunungan dengan pemandangan lanskap hijau membentang sejauh mata memandang. Menawarkan pengalaman menikmati golden sunrise, udara bersih bebas polusi, dan spot foto alam yang memesona.",Gunung,Gunung,Solok,35000,4.4,240.0,"{'lat': -0.785349, 'lng': 100.649813}",-0.785349,100.649813,Sumatera Barat,alam,35000.0,4.4,1,1,1,1,0,1,0.8333,camping|fotografi|gunung|hiking
119,Puncak Lawang Maninjau,"Puncak Lawang Maninjau di Kepulauan Mentawai, Sumatera Barat. Puncak bukit dan pegunungan dengan pemandangan lanskap hijau membentang sejauh mata memandang. Menawarkan pengalaman menikmati golden sunrise, udara bersih bebas polusi, dan spot foto alam yang memesona.",Gunung,Perbukitan,Kepulauan Mentawai,20000,4.4,180.0,"{'lat': -1.968087, 'lng': 99.59722}",-1.968087,99.59722,Sumatera Barat,alam,20000.0,4.4,1,1,1,1,1,0,0.8333,camping|fotografi|gunung|hiking
120,Puncak Mandeh Pesisir,"Puncak Mandeh Pesisir di Kepulauan Mentawai, Sumatera Barat. Puncak bukit dan pegunungan dengan pemandangan lanskap hijau membentang sejauh mata memandang. Menawarkan pengalaman menikmati golden sunrise, udara bersih bebas polusi, dan spot foto alam yang memesona.",Gunung,Perbukitan,Kepulauan Mentawai,25000,4.6,240.0,"{'lat': -1.963038, 'lng': 99.615225}",-1.963038,99.615225,Sumatera Barat,alam,25000.0,4.6,1,1,1,1,0,0,0.6667,camping|fotografi|gunung|hiking
121,Bukit Langkisau Painan,"Bukit Langkisau Painan di Kota Sawahlunto, Sumatera Barat. Kawasan dataran tinggi dan lereng gunung yang asri dengan pemandangan perbukitan hijau dan kawah eksotis. Sangat ideal untuk petualangan alam terbuka, hiking santai, perkemahan keluarga, dan melepas penat.",Gunung,Perbukitan,Kota Sawahlunto,50000,4.6,180.0,"{'lat': -0.691283, 'lng': 100.76367}",-0.691283,100.76367,Sumatera Barat,alam,50000.0,4.6,1,1,1,0,0,1,0.6667,camping|fotografi|gunung|hiking
122,Puncak Kelok Sembilan,"Puncak Kelok Sembilan di Kota Sawahlunto, Sumatera Barat. Destinasi wisata pegunungan berhawa sejuk dengan jalur pendakian yang menantang dan panorama lautan awan yang spektakuler saat fajar. Tersedia pos peristirahatan, warung logistik pendaki, area perkemahan, dan pemandu lokal.",Gunung,Perbukitan,Kota Sawahlunto,35000,4.9,300.0,"{'lat': -0.657735, 'lng': 100.817888}",-0.657735,100.817888,Sumatera Barat,alam,35000.0,4.9,1,1,1,1,0,1,0.8333,camping|fotografi|gunung|hiking
123,Bukit Nobita Padang,"Bukit Nobita Padang di Solok, Sumatera Barat. Kawasan dataran tinggi dan lereng gunung yang asri dengan pemandangan perbukitan hijau dan kawah eksotis. Sangat ideal untuk petualangan alam terbuka, hiking santai, perkemahan keluarga, dan melepas penat.",Gunung,Perbukitan,Solok,50000,4.4,180.0,"{'lat': -0.790329, 'lng': 100.664221}",-0.790329,100.664221,Sumatera Barat,alam,50000.0,4.4,1,1,1,1,0,0,0.6667,camping|fotografi|gunung|hiking
124,Bukit Harau,"Bukit Harau di Kota Padang, Sumatera Barat. Kawasan dataran tinggi dan lereng gunung yang asri dengan pemandangan perbukitan hijau dan kawah eksotis. Sangat ideal untuk petualangan alam terbuka, hiking santai, perkemahan keluarga, dan melepas penat.",Gunung,Perbukitan,Kota Padang,10000,4.6,300.0,"{'lat': -0.940734, 'lng': 100.435789}",-0.940734,100.435789,Sumatera Barat,alam,10000.0,4.6,1,1,1,1,0,1,0.8333,camping|fotografi|gunung|hiking
125,Lembah Harau,"Lembah Harau di Tanah Datar, Sumatera Barat. Wisata alam edukatif berbalut udara segar hutan tropis, aliran sungai yang jernih, serta air terjun bertingkat yang menyejukkan. Pilihan utama untuk riset keanekaragaman hayati dan ekowisata ramah lingkungan.",Cagar Alam,Taman Nasional,Tanah Datar,30000,4.6,120.0,"{'lat': -0.419883, 'lng': 100.572569}",-0.419883,100.572569,Sumatera Barat,alam,30000.0,4.6,1,1,1,1,1,1,1.0,edukasi|fotografi|hiking|rekreasi_keluarga
126,Danau Maninjau,"Danau Maninjau di Lima Puluh Kota, Sumatera Barat. Kawasan konservasi alam yang asri dan terlindungi dengan keanekaragaman flora dan fauna tropis endemik. Dilengkapi jalur trekking kayu yang tertata rapi, gazebo istirahat, pusat informasi lingkungan, dan toilet pengunjung.",Cagar Alam,Danau,Lima Puluh Kota,20000,4.3,180.0,"{'lat': -0.012609, 'lng': 100.633611}",-0.012609,100.633611,Sumatera Barat,alam,20000.0,4.3,1,1,1,0,1,1,0.8333,alam|edukasi|fotografi|hiking|rekreasi_keluarga
127,Danau Singkarak,"Danau Singkarak di Solok, Sumatera Barat. Wisata alam edukatif berbalut udara segar hutan tropis, aliran sungai yang jernih, serta air terjun bertingkat yang menyejukkan. Pilihan utama untuk riset keanekaragaman hayati dan ekowisata ramah lingkungan.",Cagar Alam,Danau,Solok,25000,4.7,90.0,"{'lat': -0.771189, 'lng': 100.667937}",-0.771189,100.667937,Sumatera Barat,alam,25000.0,4.7,1,1,1,0,0,1,0.6667,alam|edukasi|fotografi|hiking|rekreasi_keluarga
128,Danau Kembar Diatas dan Dibawah,"Danau Kembar Diatas dan Dibawah di Agam, Sumatera Barat. Kawasan konservasi alam yang asri dan terlindungi dengan keanekaragaman flora dan fauna tropis endemik. Dilengkapi jalur trekking kayu yang tertata rapi, gazebo istirahat, pusat informasi lingkungan, dan toilet pengunjung.",Cagar Alam,Danau,Agam,20000,4.8,150.0,"{'lat': -0.253617, 'lng': 100.180526}",-0.253617,100.180526,Sumatera Barat,alam,20000.0,4.8,1,1,1,1,0,1,0.8333,alam|edukasi|fotografi|hiking|rekreasi_keluarga
129,Ngarai Sianok Bukittinggi,"Ngarai Sianok Bukittinggi di Kota Payakumbuh, Sumatera Barat. Objek wisata alam dengan formasi tebing batuan alami, gua karst purba, serta telaga yang jernih dan tenang. Suasana alam yang tenang memberikan kesegaran pikiran bagi pengunjung yang mencintai ketenangan alam.",Cagar Alam,Taman Nasional,Kota Payakumbuh,20000,4.5,90.0,"{'lat': -0.210436, 'lng': 100.665454}",-0.210436,100.665454,Sumatera Barat,alam,20000.0,4.5,1,1,1,1,1,1,1.0,edukasi|fotografi|hiking|rekreasi_keluarga
130,Kawasan Bahari Mandeh,"Kawasan Bahari Mandeh di Kepulauan Mentawai, Sumatera Barat. Wisata alam edukatif berbalut udara segar hutan tropis, aliran sungai yang jernih, serta air terjun bertingkat yang menyejukkan. Pilihan utama untuk riset keanekaragaman hayati dan ekowisata ramah lingkungan.",Cagar Alam,Taman Nasional,Kepulauan Mentawai,15000,4.2,90.0,"{'lat': -2.015825, 'lng': 99.592664}",-2.015825,99.592664,Sumatera Barat,alam,15000.0,4.2,1,1,1,1,0,1,0.8333,edukasi|fotografi|hiking|rekreasi_keluarga
131,Air Terjun Lembah Anai,"Air Terjun Lembah Anai di Kota Sawahlunto, Sumatera Barat. Objek wisata alam dengan formasi tebing batuan alami, gua karst purba, serta telaga yang jernih dan tenang. Suasana alam yang tenang memberikan kesegaran pikiran bagi pengunjung yang mencintai ketenangan alam.",Cagar Alam,Air Terjun,Kota Sawahlunto,25000,4.9,150.0,"{'lat': -0.701216, 'lng': 100.783004}",-0.701216,100.783004,Sumatera Barat,alam,25000.0,4.9,1,1,1,1,1,1,1.0,alam|edukasi|fotografi|hiking|rekreasi_keluarga
132,Danau Tarusan Kamang,"Danau Tarusan Kamang di Solok, Sumatera Barat. Wisata alam edukatif berbalut udara segar hutan tropis, aliran sungai yang jernih, serta air terjun bertingkat yang menyejukkan. Pilihan utama untuk riset keanekaragaman hayati dan ekowisata ramah lingkungan.",Cagar Alam,Danau,Solok,15000,4.8,90.0,"{'lat': -0.796785, 'lng': 100.656987}",-0.796785,100.656987,Sumatera Barat,alam,15000.0,4.8,1,1,1,1,1,1,1.0,alam|edukasi|fotografi|hiking|rekreasi_keluarga
133,Jam Gadang Bukittinggi,"Jam Gadang Bukittinggi di Tanah Datar, Sumatera Barat. Situs cagar budaya bersejarah yang sarat dengan nilai tradisi leluhur, arsitektur arca dan bangunan tradisional yang otentik. Dilengkapi pemandu wisata budaya, museum informasi sejarah, dan pertunjukan seni berkala.",Budaya,Situs Sejarah,Tanah Datar,10000,4.9,90.0,"{'lat': -0.467621, 'lng': 100.598522}",-0.467621,100.598522,Sumatera Barat,budaya,10000.0,4.9,1,1,1,0,1,1,0.8333,budaya|edukasi|fotografi|sejarah
134,Istano Basa Pagaruyung,"Istano Basa Pagaruyung di Pesisir Selatan, Sumatera Barat. Destinasi wisata sejarah dan kearifan lokal yang memperlihatkan warisan peradaban masa lampau melalui koleksi artefak berharga. Tempat ideal untuk belajar mengenai perjuangan bangsa dan filosofi adat masyarakat.",Budaya,Situs Sejarah,Pesisir Selatan,15000,4.2,90.0,"{'lat': -1.346443, 'lng': 100.604927}",-1.346443,100.604927,Sumatera Barat,budaya,15000.0,4.2,1,1,0,0,1,1,0.6667,budaya|edukasi|fotografi|sejarah
135,Desa Adat Nagari Pariangan,"Desa Adat Nagari Pariangan di Kota Sawahlunto, Sumatera Barat. Destinasi wisata sejarah dan kearifan lokal yang memperlihatkan warisan peradaban masa lampau melalui koleksi artefak berharga. Tempat ideal untuk belajar mengenai perjuangan bangsa dan filosofi adat masyarakat.",Budaya,Desa Adat,Kota Sawahlunto,25000,4.2,60.0,"{'lat': -0.683623, 'lng': 100.793021}",-0.683623,100.793021,Sumatera Barat,budaya,25000.0,4.2,1,1,0,0,0,1,0.5,budaya|edukasi|fotografi|sejarah
136,Lubang Jepang Bukittinggi,"Lubang Jepang Bukittinggi di Kota Sawahlunto, Sumatera Barat. Destinasi wisata sejarah dan kearifan lokal yang memperlihatkan warisan peradaban masa lampau melalui koleksi artefak berharga. Tempat ideal untuk belajar mengenai perjuangan bangsa dan filosofi adat masyarakat.",Budaya,Situs Sejarah,Kota Sawahlunto,10000,4.5,60.0,"{'lat': -0.714511, 'lng': 100.801213}",-0.714511,100.801213,Sumatera Barat,budaya,10000.0,4.5,1,1,1,1,0,1,0.8333,budaya|edukasi|fotografi|sejarah
137,Rumah Kelahiran Buya Hamka,"Rumah Kelahiran Buya Hamka di Kota Padang, Sumatera Barat. Situs cagar budaya bersejarah yang sarat dengan nilai tradisi leluhur, arsitektur arca dan bangunan tradisional yang otentik. Dilengkapi pemandu wisata budaya, museum informasi sejarah, dan pertunjukan seni berkala.",Budaya,Situs Sejarah,Kota Padang,10000,4.6,60.0,"{'lat': -0.964918, 'lng': 100.455922}",-0.964918,100.455922,Sumatera Barat,budaya,10000.0,4.6,1,1,1,0,0,1,0.6667,budaya|edukasi|fotografi|sejarah
138,Tambang Batubara Ombilin Sawahlunto,"Tambang Batubara Ombilin Sawahlunto di Kota Padang, Sumatera Barat. Destinasi wisata sejarah dan kearifan lokal yang memperlihatkan warisan peradaban masa lampau melalui koleksi artefak berharga. Tempat ideal untuk belajar mengenai perjuangan bangsa dan filosofi adat masyarakat.",Budaya,Situs Sejarah,Kota Padang,15000,4.2,60.0,"{'lat': -0.923901, 'lng': 100.396235}",-0.923901,100.396235,Sumatera Barat,budaya,15000.0,4.2,1,1,0,1,0,1,0.6667,budaya|edukasi|fotografi|sejarah
139,Museum Kereta Api Sawahlunto,"Museum Kereta Api Sawahlunto di Agam, Sumatera Barat. Kompleks bangunan bersejarah dan desa adat yang mempertahankan adat istiadat turun-temurun dengan ramah. Wisatawan dapat menyaksikan kerajinan tangan tradisional dan berinteraksi langsung dengan warga setempat.",Budaya,Museum,Agam,15000,4.3,90.0,"{'lat': -0.230347, 'lng': 100.1648}",-0.230347,100.1648,Sumatera Barat,budaya,15000.0,4.3,1,1,0,1,1,1,0.8333,budaya|edukasi|fotografi|sejarah
140,Taman Margasatwa Kinantan Bukittinggi,"Taman Margasatwa Kinantan Bukittinggi di Solok, Sumatera Barat. Taman rekreasi modern keluarga yang menghadirkan beragam wahana permainan seru, atraksi air, serta pertunjukan tematik interaktif. Memiliki fasilitas lengkap seperti food court, musala yang nyaman, toilet bersih, dan area parkir luas.",Taman Hiburan,Taman Rekreasi,Solok,75000,4.9,120.0,"{'lat': -0.7673, 'lng': 100.662712}",-0.7673,100.662712,Sumatera Barat,hiburan,75000.0,4.9,1,1,1,1,1,1,1.0,edukasi|fotografi|rekreasi_keluarga
141,Mifan Waterpark Padang Panjang,"Mifan Waterpark Padang Panjang di Kota Bukittinggi, Sumatera Barat. Kawasan rekreasi bertema dengan wahana pemacu adrenalin, kolam renang bergelombang, serta taman bermain anak yang aman. Dilengkapi staf pengawas keselamatan dan berbagai tenant kuliner lezat.",Taman Hiburan,Waterpark,Kota Bukittinggi,100000,4.3,240.0,"{'lat': -0.265713, 'lng': 100.396984}",-0.265713,100.396984,Sumatera Barat,hiburan,100000.0,4.3,1,1,1,1,1,1,1.0,edukasi|fotografi|rekreasi_keluarga
142,Taman Panorama Bukittinggi,"Taman Panorama Bukittinggi di Kota Sawahlunto, Sumatera Barat. Taman rekreasi modern keluarga yang menghadirkan beragam wahana permainan seru, atraksi air, serta pertunjukan tematik interaktif. Memiliki fasilitas lengkap seperti food court, musala yang nyaman, toilet bersih, dan area parkir luas.",Taman Hiburan,Taman Rekreasi,Kota Sawahlunto,35000,4.7,150.0,"{'lat': -0.647224, 'lng': 100.745879}",-0.647224,100.745879,Sumatera Barat,hiburan,35000.0,4.7,1,1,1,1,1,1,1.0,edukasi|fotografi|rekreasi_keluarga
143,Harau Sky Park,"Harau Sky Park di Solok, Sumatera Barat. Kawasan rekreasi bertema dengan wahana pemacu adrenalin, kolam renang bergelombang, serta taman bermain anak yang aman. Dilengkapi staf pengawas keselamatan dan berbagai tenant kuliner lezat.",Taman Hiburan,Taman Rekreasi,Solok,150000,4.7,240.0,"{'lat': -0.829905, 'lng': 100.659945}",-0.829905,100.659945,Sumatera Barat,hiburan,150000.0,4.7,1,1,1,1,1,1,1.0,edukasi|fotografi|rekreasi_keluarga
144,Pasar Atas Bukittinggi,"Pasar Atas Bukittinggi di Tanah Datar, Sumatera Barat. Kawasan pertokoan dan pasar seni yang menyajikan ragam cinderamata unik karya perajin lokal dari berbagai penjuru daerah. Selalu ramai dikunjungi wisatawan yang ingin membawa kenang-kenangan autentik.",Pusat Perbelanjaan,Pasar Tradisional,Tanah Datar,0,4.8,60.0,"{'lat': -0.447555, 'lng': 100.579597}",-0.447555,100.579597,Sumatera Barat,belanja,0.0,4.8,1,1,1,0,1,1,0.8333,belanja|budaya|kuliner
145,Sentra Keripik Balado Christine Hakim,"Sentra Keripik Balado Christine Hakim di Kota Sawahlunto, Sumatera Barat. Sentra kuliner dan suvenir ikonik yang menyediakan aneka buah tangan khas Nusantara berkualitas tinggi. Dilengkapi area parkir kendaraan wisata, gerai anjungan tunai mandiri (ATM), dan mushola.",Pusat Perbelanjaan,Sentra Kerajinan,Kota Sawahlunto,0,4.5,90.0,"{'lat': -0.649784, 'lng': 100.784107}",-0.649784,100.784107,Sumatera Barat,belanja,0.0,4.5,1,1,1,1,1,0,0.8333,belanja|budaya|kuliner
146,Pusat Tenun Pandai Sikek,"Pusat Tenun Pandai Sikek di Kepulauan Mentawai, Sumatera Barat. Sentra kuliner dan suvenir ikonik yang menyediakan aneka buah tangan khas Nusantara berkualitas tinggi. Dilengkapi area parkir kendaraan wisata, gerai anjungan tunai mandiri (ATM), dan mushola.",Pusat Perbelanjaan,Pasar Tradisional,Kepulauan Mentawai,0,4.3,90.0,"{'lat': -1.973806, 'lng': 99.591898}",-1.973806,99.591898,Sumatera Barat,belanja,0.0,4.3,1,1,1,0,1,0,0.6667,belanja|budaya|kuliner
147,Sentra Songket Silungkang,"Sentra Songket Silungkang di Kota Sawahlunto, Sumatera Barat. Pusat perbelanjaan dan pasar tradisional khas daerah yang menjual aneka kerajinan tangan, kain tenun atau batik, serta camilan oleh-oleh lokal. Tempat bertemunya tawar-menawar yang hangat dengan harga terjangkau.",Pusat Perbelanjaan,Sentra Kerajinan,Kota Sawahlunto,0,4.9,60.0,"{'lat': -0.643713, 'lng': 100.794946}",-0.643713,100.794946,Sumatera Barat,belanja,0.0,4.9,1,1,1,1,1,0,0.8333,belanja|budaya|kuliner
148,Masjid Raya Sumatera Barat,"Masjid Raya Sumatera Barat di Kepulauan Mentawai, Sumatera Barat. Bangunan keagamaan bersejarah dengan arsitektur megah dan penuh nilai filosofis spiritual tinggi. Menyediakan sarana ibadah yang bersih dan khusyuk, pelataran yang teduh dan asri, serta toilet wudhu yang terawat.",Tempat Ibadah,Masjid,Kepulauan Mentawai,0,4.4,90.0,"{'lat': -2.032275, 'lng': 99.619104}",-2.032275,99.619104,Sumatera Barat,religi,0.0,4.4,1,1,1,1,1,1,1.0,budaya|religi|sejarah
149,Masjid Asasi Sigando Padang Panjang,"Masjid Asasi Sigando Padang Panjang di Kepulauan Mentawai, Sumatera Barat. Ikon wisata religi yang terkenal dengan kedamaian suasananya, toleransi antarwarga, serta kubah atau menara yang menjulang indah. Menjadi tempat ziarah sekaligus edukasi spiritual bagi masyarakat luas.",Tempat Ibadah,Masjid,Kepulauan Mentawai,0,4.7,90.0,"{'lat': -2.013628, 'lng': 99.569779}",-2.013628,99.569779,Sumatera Barat,religi,0.0,4.7,1,1,1,1,1,1,1.0,budaya|religi|sejarah
150,Masjid Tuo Kayu Jao Solok,"Masjid Tuo Kayu Jao Solok di Solok, Sumatera Barat. Tempat ibadah cagar budaya dengan ornamen seni pahat antik dan sejarah pendirian yang menginspirasi. Terbuka bagi pengunjung yang ingin berdoa maupun mengagumi keindahan karya arsitektur Nusantara.",Tempat Ibadah,Masjid,Solok,0,4.7,45.0,"{'lat': -0.762528, 'lng': 100.658033}",-0.762528,100.658033,Sumatera Barat,religi,0.0,4.7,1,1,1,1,1,0,0.8333,budaya|religi|sejarah
151,Pantai Rupat Utara Bengkalis,"Pantai Rupat Utara Bengkalis di Indragiri Hulu, Riau. Pantai eksotis dengan air laut jernih dan deretan pohon kelapa yang rindang. Menjadi lokasi favorit wisatawan untuk bersantai, bermain air bersama keluarga, berswafoto, serta menikmati kelapa muda segar di tepi pantai.",Pantai,Pantai,Indragiri Hulu,15000,4.7,120.0,"{'lat': -0.551425, 'lng': 102.327782}",-0.551425,102.327782,Riau,bahari,15000.0,4.7,1,1,1,1,0,1,0.8333,berenang|fotografi|kuliner|pantai|rekreasi_keluarga
152,Pantai Selat Baru,"Pantai Selat Baru di Indragiri Hulu, Riau. Destinasi wisata pesisir dengan hamparan pasir bersih, deburan ombak yang menenangkan, serta panorama matahari terbenam yang memukau. Dilengkapi fasilitas warung makan seafood lokal, area parkir, toilet umum, dan persewaan payung pantai.",Pantai,Pantai,Indragiri Hulu,25000,4.2,180.0,"{'lat': -0.522388, 'lng': 102.337964}",-0.522388,102.337964,Riau,bahari,25000.0,4.2,1,1,1,1,0,1,0.8333,berenang|fotografi|kuliner|pantai|rekreasi_keluarga
153,Pantai Marina Dumai,"Pantai Marina Dumai di Siak, Riau. Kawasan pantai dengan keindahan garis pantai memanjang, batuan karang yang menawan, serta angin sepoi-sepoi yang menyegarkan. Sangat cocok untuk aktivitas rekreasi, jalan santai di tepi air, dan piknik sore hari.",Pantai,Pantai,Siak,5000,4.4,150.0,"{'lat': 0.784719, 'lng': 102.037186}",0.784719,102.037186,Riau,bahari,5000.0,4.4,1,1,1,1,1,0,0.8333,berenang|fotografi|kuliner|pantai|rekreasi_keluarga
154,Pantai Koneng Dumai,"Pantai Koneng Dumai di Kampar, Riau. Pantai eksotis dengan air laut jernih dan deretan pohon kelapa yang rindang. Menjadi lokasi favorit wisatawan untuk bersantai, bermain air bersama keluarga, berswafoto, serta menikmati kelapa muda segar di tepi pantai.",Pantai,Pantai,Kampar,5000,4.5,240.0,"{'lat': 0.352578, 'lng': 101.087745}",0.352578,101.087745,Riau,bahari,5000.0,4.5,1,1,1,1,0,0,0.6667,berenang|fotografi|kuliner|pantai|rekreasi_keluarga
155,Pantai Solop Tembilahan,"Pantai Solop Tembilahan di Indragiri Hilir, Riau. Destinasi wisata pesisir dengan hamparan pasir bersih, deburan ombak yang menenangkan, serta panorama matahari terbenam yang memukau. Dilengkapi fasilitas warung makan seafood lokal, area parkir, toilet umum, dan persewaan payung pantai.",Pantai,Pantai,Indragiri Hilir,25000,4.3,120.0,"{'lat': -0.345069, 'lng': 103.135951}",-0.345069,103.135951,Riau,bahari,25000.0,4.3,1,1,1,1,0,1,0.8333,berenang|fotografi|kuliner|pantai|rekreasi_keluarga
156,Pantai Puak Teluk Makmur,"Pantai Puak Teluk Makmur di Kuantan Singingi, Riau. Kawasan pantai dengan keindahan garis pantai memanjang, batuan karang yang menawan, serta angin sepoi-sepoi yang menyegarkan. Sangat cocok untuk aktivitas rekreasi, jalan santai di tepi air, dan piknik sore hari.",Pantai,Pantai,Kuantan Singingi,30000,4.8,240.0,"{'lat': -0.486083, 'lng': 101.431768}",-0.486083,101.431768,Riau,bahari,30000.0,4.8,1,1,1,1,0,0,0.6667,berenang|fotografi|kuliner|pantai|rekreasi_keluarga
157,Pantai Ketapang Rupat,"Pantai Ketapang Rupat di Indragiri Hilir, Riau. Kawasan pantai dengan keindahan garis pantai memanjang, batuan karang yang menawan, serta angin sepoi-sepoi yang menyegarkan. Sangat cocok untuk aktivitas rekreasi, jalan santai di tepi air, dan piknik sore hari.",Pantai,Pantai,Indragiri Hilir,20000,4.3,180.0,"{'lat': -0.309605, 'lng': 103.119105}",-0.309605,103.119105,Riau,bahari,20000.0,4.3,1,1,1,1,1,0,0.8333,berenang|fotografi|kuliner|pantai|rekreasi_keluarga
158,Pantai Tanjung Lapin,"Pantai Tanjung Lapin di Indragiri Hilir, Riau. Destinasi wisata pesisir dengan hamparan pasir bersih, deburan ombak yang menenangkan, serta panorama matahari terbenam yang memukau. Dilengkapi fasilitas warung makan seafood lokal, area parkir, toilet umum, dan persewaan payung pantai.",Pantai,Pantai,Indragiri Hilir,20000,4.2,120.0,"{'lat': -0.316629, 'lng': 103.113633}",-0.316629,103.113633,Riau,bahari,20000.0,4.2,1,1,1,1,0,0,0.6667,berenang|fotografi|kuliner|pantai|rekreasi_keluarga
159,Pantai Teluk Rhu,"Pantai Teluk Rhu di Bengkalis, Riau. Pantai eksotis dengan air laut jernih dan deretan pohon kelapa yang rindang. Menjadi lokasi favorit wisatawan untuk bersantai, bermain air bersama keluarga, berswafoto, serta menikmati kelapa muda segar di tepi pantai.",Pantai,Pantai,Bengkalis,15000,4.3,120.0,"{'lat': 1.437679, 'lng': 102.113742}",1.437679,102.113742,Riau,bahari,15000.0,4.3,1,1,1,1,1,0,0.8333,berenang|fotografi|kuliner|pantai|rekreasi_keluarga
160,Pantai Medang Deras,"Pantai Medang Deras di Indragiri Hulu, Riau. Pantai eksotis dengan air laut jernih dan deretan pohon kelapa yang rindang. Menjadi lokasi favorit wisatawan untuk bersantai, bermain air bersama keluarga, berswafoto, serta menikmati kelapa muda segar di tepi pantai.",Pantai,Pantai,Indragiri Hulu,25000,4.7,120.0,"{'lat': -0.559583, 'lng': 102.316294}",-0.559583,102.316294,Riau,bahari,25000.0,4.7,1,1,1,1,1,0,0.8333,berenang|fotografi|kuliner|pantai|rekreasi_keluarga
161,Pantai Alohong,"Pantai Alohong di Bengkalis, Riau. Kawasan pantai dengan keindahan garis pantai memanjang, batuan karang yang menawan, serta angin sepoi-sepoi yang menyegarkan. Sangat cocok untuk aktivitas rekreasi, jalan santai di tepi air, dan piknik sore hari.",Pantai,Pantai,Bengkalis,15000,4.8,240.0,"{'lat': 1.428199, 'lng': 102.166993}",1.428199,102.166993,Riau,bahari,15000.0,4.8,1,1,1,1,1,0,0.8333,berenang|fotografi|kuliner|pantai|rekreasi_keluarga
162,Pantai Pasir Putih Tualang,"Pantai Pasir Putih Tualang di Indragiri Hilir, Riau. Destinasi wisata pesisir dengan hamparan pasir bersih, deburan ombak yang menenangkan, serta panorama matahari terbenam yang memukau. Dilengkapi fasilitas warung makan seafood lokal, area parkir, toilet umum, dan persewaan payung pantai.",Pantai,Pantai,Indragiri Hilir,10000,4.9,180.0,"{'lat': -0.337597, 'lng': 103.187296}",-0.337597,103.187296,Riau,bahari,10000.0,4.9,1,1,1,1,0,0,0.6667,berenang|fotografi|kuliner|pantai|rekreasi_keluarga
163,Pantai Tanjung Medang,"Pantai Tanjung Medang di Pelalawan, Riau. Kawasan pantai dengan keindahan garis pantai memanjang, batuan karang yang menawan, serta angin sepoi-sepoi yang menyegarkan. Sangat cocok untuk aktivitas rekreasi, jalan santai di tepi air, dan piknik sore hari.",Pantai,Pantai,Pelalawan,5000,4.8,180.0,"{'lat': 0.374854, 'lng': 102.092036}",0.374854,102.092036,Riau,bahari,5000.0,4.8,1,1,1,1,0,0,0.6667,berenang|fotografi|kuliner|pantai|rekreasi_keluarga
164,Pantai Makeruh Rupat,"Pantai Makeruh Rupat di Pelalawan, Riau. Pantai eksotis dengan air laut jernih dan deretan pohon kelapa yang rindang. Menjadi lokasi favorit wisatawan untuk bersantai, bermain air bersama keluarga, berswafoto, serta menikmati kelapa muda segar di tepi pantai.",Pantai,Pantai,Pelalawan,5000,4.5,180.0,"{'lat': 0.353451, 'lng': 102.100839}",0.353451,102.100839,Riau,bahari,5000.0,4.5,1,1,1,1,1,1,1.0,berenang|fotografi|kuliner|pantai|rekreasi_keluarga
165,Puncak Bukit Suligi Rokan Hulu,"Puncak Bukit Suligi Rokan Hulu di Kota Pekanbaru, Riau. Destinasi wisata pegunungan berhawa sejuk dengan jalur pendakian yang menantang dan panorama lautan awan yang spektakuler saat fajar. Tersedia pos peristirahatan, warung logistik pendaki, area perkemahan, dan pemandu lokal.",Gunung,Perbukitan,Kota Pekanbaru,15000,4.6,240.0,"{'lat': 0.532303, 'lng': 101.426702}",0.532303,101.426702,Riau,alam,15000.0,4.6,1,1,1,1,1,1,1.0,camping|fotografi|gunung|hiking
166,Bukit Naang Bangkinang,"Bukit Naang Bangkinang di Pelalawan, Riau. Kawasan dataran tinggi dan lereng gunung yang asri dengan pemandangan perbukitan hijau dan kawah eksotis. Sangat ideal untuk petualangan alam terbuka, hiking santai, perkemahan keluarga, dan melepas penat.",Gunung,Perbukitan,Pelalawan,25000,4.9,360.0,"{'lat': 0.354172, 'lng': 102.121828}",0.354172,102.121828,Riau,alam,25000.0,4.9,1,1,1,1,0,1,0.8333,camping|fotografi|gunung|hiking
167,Bukit Betabuh Kuansing,"Bukit Betabuh Kuansing di Bengkalis, Riau. Puncak bukit dan pegunungan dengan pemandangan lanskap hijau membentang sejauh mata memandang. Menawarkan pengalaman menikmati golden sunrise, udara bersih bebas polusi, dan spot foto alam yang memesona.",Gunung,Perbukitan,Bengkalis,50000,4.7,240.0,"{'lat': 1.476662, 'lng': 102.16244}",1.476662,102.16244,Riau,alam,50000.0,4.7,1,1,1,0,0,0,0.5,camping|fotografi|gunung|hiking
168,Bukit Tiga Puluh (TNBT),"Bukit Tiga Puluh (TNBT) di Kota Dumai, Riau. Puncak bukit dan pegunungan dengan pemandangan lanskap hijau membentang sejauh mata memandang. Menawarkan pengalaman menikmati golden sunrise, udara bersih bebas polusi, dan spot foto alam yang memesona.",Gunung,Perbukitan,Kota Dumai,35000,4.3,300.0,"{'lat': 1.648674, 'lng': 101.414494}",1.648674,101.414494,Riau,alam,35000.0,4.3,1,1,1,1,0,1,0.8333,camping|fotografi|gunung|hiking
169,Puncak Pukatan Kampar,"Puncak Pukatan Kampar di Rokan Hulu, Riau. Kawasan dataran tinggi dan lereng gunung yang asri dengan pemandangan perbukitan hijau dan kawah eksotis. Sangat ideal untuk petualangan alam terbuka, hiking santai, perkemahan keluarga, dan melepas penat.",Gunung,Perbukitan,Rokan Hulu,10000,4.8,360.0,"{'lat': 0.846138, 'lng': 100.52914}",0.846138,100.52914,Riau,alam,10000.0,4.8,1,1,1,1,1,1,1.0,camping|fotografi|gunung|hiking
170,Bukit Condong Inhu,"Bukit Condong Inhu di Pelalawan, Riau. Kawasan dataran tinggi dan lereng gunung yang asri dengan pemandangan perbukitan hijau dan kawah eksotis. Sangat ideal untuk petualangan alam terbuka, hiking santai, perkemahan keluarga, dan melepas penat.",Gunung,Perbukitan,Pelalawan,50000,4.5,300.0,"{'lat': 0.375979, 'lng': 102.124785}",0.375979,102.124785,Riau,alam,50000.0,4.5,1,1,1,1,0,0,0.6667,camping|fotografi|gunung|hiking
171,Bukit Rimbang Baling,"Bukit Rimbang Baling di Kota Dumai, Riau. Destinasi wisata pegunungan berhawa sejuk dengan jalur pendakian yang menantang dan panorama lautan awan yang spektakuler saat fajar. Tersedia pos peristirahatan, warung logistik pendaki, area perkemahan, dan pemandu lokal.",Gunung,Perbukitan,Kota Dumai,20000,4.3,240.0,"{'lat': 1.63498, 'lng': 101.48193}",1.63498,101.48193,Riau,alam,20000.0,4.3,1,1,1,0,0,0,0.5,camping|fotografi|gunung|hiking
172,Bukit Tabur Kampar,"Bukit Tabur Kampar di Rokan Hulu, Riau. Puncak bukit dan pegunungan dengan pemandangan lanskap hijau membentang sejauh mata memandang. Menawarkan pengalaman menikmati golden sunrise, udara bersih bebas polusi, dan spot foto alam yang memesona.",Gunung,Perbukitan,Rokan Hulu,20000,4.6,360.0,"{'lat': 0.88182, 'lng': 100.4727}",0.88182,100.4727,Riau,alam,20000.0,4.6,1,1,1,1,1,0,0.8333,camping|fotografi|gunung|hiking
173,Puncak Pematang Pangean,"Puncak Pematang Pangean di Siak, Riau. Puncak bukit dan pegunungan dengan pemandangan lanskap hijau membentang sejauh mata memandang. Menawarkan pengalaman menikmati golden sunrise, udara bersih bebas polusi, dan spot foto alam yang memesona.",Gunung,Perbukitan,Siak,20000,4.3,360.0,"{'lat': 0.810471, 'lng': 102.036772}",0.810471,102.036772,Riau,alam,20000.0,4.3,1,1,1,0,1,1,0.8333,camping|fotografi|gunung|hiking
174,Bukit Selancang,"Bukit Selancang di Bengkalis, Riau. Puncak bukit dan pegunungan dengan pemandangan lanskap hijau membentang sejauh mata memandang. Menawarkan pengalaman menikmati golden sunrise, udara bersih bebas polusi, dan spot foto alam yang memesona.",Gunung,Perbukitan,Bengkalis,10000,4.4,300.0,"{'lat': 1.474916, 'lng': 102.10533}",1.474916,102.10533,Riau,alam,10000.0,4.4,1,1,1,1,1,0,0.8333,camping|fotografi|gunung|hiking
175,Ombak Bono Sungai Kampar,"Ombak Bono Sungai Kampar di Bengkalis, Riau. Kawasan konservasi alam yang asri dan terlindungi dengan keanekaragaman flora dan fauna tropis endemik. Dilengkapi jalur trekking kayu yang tertata rapi, gazebo istirahat, pusat informasi lingkungan, dan toilet pengunjung.",Cagar Alam,Taman Nasional,Bengkalis,20000,4.8,150.0,"{'lat': 1.474303, 'lng': 102.16834}",1.474303,102.16834,Riau,alam,20000.0,4.8,1,1,1,1,1,1,1.0,alam|edukasi|fotografi|hiking|rekreasi_keluarga
176,Taman Nasional Tesso Nilo,"Taman Nasional Tesso Nilo di Kota Dumai, Riau. Objek wisata alam dengan formasi tebing batuan alami, gua karst purba, serta telaga yang jernih dan tenang. Suasana alam yang tenang memberikan kesegaran pikiran bagi pengunjung yang mencintai ketenangan alam.",Cagar Alam,Taman Nasional,Kota Dumai,30000,4.3,180.0,"{'lat': 1.685802, 'lng': 101.464833}",1.685802,101.464833,Riau,alam,30000.0,4.3,1,1,1,0,0,1,0.6667,edukasi|fotografi|hiking|rekreasi_keluarga
177,Danau Buatan Lembah Sari Pekanbaru,"Danau Buatan Lembah Sari Pekanbaru di Kota Dumai, Riau. Kawasan konservasi alam yang asri dan terlindungi dengan keanekaragaman flora dan fauna tropis endemik. Dilengkapi jalur trekking kayu yang tertata rapi, gazebo istirahat, pusat informasi lingkungan, dan toilet pengunjung.",Cagar Alam,Danau,Kota Dumai,25000,4.5,120.0,"{'lat': 1.641121, 'lng': 101.427135}",1.641121,101.427135,Riau,alam,25000.0,4.5,1,1,1,0,0,1,0.6667,alam|edukasi|fotografi|hiking|rekreasi_keluarga
178,Air Terjun Aek Martua,"Air Terjun Aek Martua di Bengkalis, Riau. Objek wisata alam dengan formasi tebing batuan alami, gua karst purba, serta telaga yang jernih dan tenang. Suasana alam yang tenang memberikan kesegaran pikiran bagi pengunjung yang mencintai ketenangan alam.",Cagar Alam,Air Terjun,Bengkalis,30000,4.2,150.0,"{'lat': 1.48975, 'lng': 102.133915}",1.48975,102.133915,Riau,alam,30000.0,4.2,1,1,1,0,0,1,0.6667,alam|edukasi|fotografi|hiking|rekreasi_keluarga
179,Danau PLTA Koto Panjang,"Danau PLTA Koto Panjang di Indragiri Hilir, Riau. Kawasan konservasi alam yang asri dan terlindungi dengan keanekaragaman flora dan fauna tropis endemik. Dilengkapi jalur trekking kayu yang tertata rapi, gazebo istirahat, pusat informasi lingkungan, dan toilet pengunjung.",Cagar Alam,Danau,Indragiri Hilir,30000,4.4,180.0,"{'lat': -0.35702, 'lng': 103.176508}",-0.35702,103.176508,Riau,alam,30000.0,4.4,1,1,1,1,1,1,1.0,alam|edukasi|fotografi|hiking|rekreasi_keluarga
180,Air Terjun Batang Kapas,"Air Terjun Batang Kapas di Indragiri Hulu, Riau. Objek wisata alam dengan formasi tebing batuan alami, gua karst purba, serta telaga yang jernih dan tenang. Suasana alam yang tenang memberikan kesegaran pikiran bagi pengunjung yang mencintai ketenangan alam.",Cagar Alam,Air Terjun,Indragiri Hulu,20000,4.9,120.0,"{'lat': -0.570998, 'lng': 102.295536}",-0.570998,102.295536,Riau,alam,20000.0,4.9,1,1,1,0,1,1,0.8333,alam|edukasi|fotografi|hiking|rekreasi_keluarga
181,Ekowisata Hutan Mangrove Dumai,"Ekowisata Hutan Mangrove Dumai di Kota Dumai, Riau. Wisata alam edukatif berbalut udara segar hutan tropis, aliran sungai yang jernih, serta air terjun bertingkat yang menyejukkan. Pilihan utama untuk riset keanekaragaman hayati dan ekowisata ramah lingkungan.",Cagar Alam,Taman Nasional,Kota Dumai,15000,4.7,180.0,"{'lat': 1.68945, 'lng': 101.482318}",1.68945,101.482318,Riau,alam,15000.0,4.7,1,1,1,1,1,1,1.0,edukasi|fotografi|hiking|rekreasi_keluarga
182,Air Terjun Guruh Gemurai,"Air Terjun Guruh Gemurai di Siak, Riau. Wisata alam edukatif berbalut udara segar hutan tropis, aliran sungai yang jernih, serta air terjun bertingkat yang menyejukkan. Pilihan utama untuk riset keanekaragaman hayati dan ekowisata ramah lingkungan.",Cagar Alam,Air Terjun,Siak,15000,4.5,120.0,"{'lat': 0.800233, 'lng': 102.043493}",0.800233,102.043493,Riau,alam,15000.0,4.5,1,1,1,0,0,1,0.6667,alam|edukasi|fotografi|hiking|rekreasi_keluarga
183,Istana Siak Sri Indrapura,"Istana Siak Sri Indrapura di Rokan Hulu, Riau. Situs cagar budaya bersejarah yang sarat dengan nilai tradisi leluhur, arsitektur arca dan bangunan tradisional yang otentik. Dilengkapi pemandu wisata budaya, museum informasi sejarah, dan pertunjukan seni berkala.",Budaya,Keraton,Rokan Hulu,25000,4.3,90.0,"{'lat': 0.869697, 'lng': 100.534743}",0.869697,100.534743,Riau,budaya,25000.0,4.3,1,1,1,0,1,1,0.8333,budaya|edukasi|fotografi|sejarah
184,Candi Muara Takus Kampar,"Candi Muara Takus Kampar di Rokan Hulu, Riau. Situs cagar budaya bersejarah yang sarat dengan nilai tradisi leluhur, arsitektur arca dan bangunan tradisional yang otentik. Dilengkapi pemandu wisata budaya, museum informasi sejarah, dan pertunjukan seni berkala.",Budaya,Candi,Rokan Hulu,10000,4.9,90.0,"{'lat': 0.851788, 'lng': 100.494998}",0.851788,100.494998,Riau,budaya,10000.0,4.9,1,1,1,0,0,1,0.6667,budaya|edukasi|fotografi|sejarah
185,Rumah Singgah Tuan Kadi Pekanbaru,"Rumah Singgah Tuan Kadi Pekanbaru di Rokan Hulu, Riau. Situs cagar budaya bersejarah yang sarat dengan nilai tradisi leluhur, arsitektur arca dan bangunan tradisional yang otentik. Dilengkapi pemandu wisata budaya, museum informasi sejarah, dan pertunjukan seni berkala.",Budaya,Situs Sejarah,Rokan Hulu,10000,4.2,90.0,"{'lat': 0.870893, 'lng': 100.466528}",0.870893,100.466528,Riau,budaya,10000.0,4.2,1,1,1,1,1,1,1.0,budaya|edukasi|fotografi|sejarah
186,Museum Sang Nila Utama,"Museum Sang Nila Utama di Rokan Hulu, Riau. Destinasi wisata sejarah dan kearifan lokal yang memperlihatkan warisan peradaban masa lampau melalui koleksi artefak berharga. Tempat ideal untuk belajar mengenai perjuangan bangsa dan filosofi adat masyarakat.",Budaya,Museum,Rokan Hulu,20000,4.4,120.0,"{'lat': 0.851008, 'lng': 100.48295}",0.851008,100.48295,Riau,budaya,20000.0,4.4,1,1,1,0,0,1,0.6667,budaya|edukasi|fotografi|sejarah
187,Balai Kerapatan Tinggi Siak,"Balai Kerapatan Tinggi Siak di Siak, Riau. Destinasi wisata sejarah dan kearifan lokal yang memperlihatkan warisan peradaban masa lampau melalui koleksi artefak berharga. Tempat ideal untuk belajar mengenai perjuangan bangsa dan filosofi adat masyarakat.",Budaya,Situs Sejarah,Siak,25000,4.8,60.0,"{'lat': 0.780474, 'lng': 102.076797}",0.780474,102.076797,Riau,budaya,25000.0,4.8,1,1,0,0,0,1,0.5,budaya|edukasi|fotografi|sejarah
188,Benteng Tujuh Lapis Dalu-Dalu,"Benteng Tujuh Lapis Dalu-Dalu di Bengkalis, Riau. Kompleks bangunan bersejarah dan desa adat yang mempertahankan adat istiadat turun-temurun dengan ramah. Wisatawan dapat menyaksikan kerajinan tangan tradisional dan berinteraksi langsung dengan warga setempat.",Budaya,Benteng,Bengkalis,5000,4.3,90.0,"{'lat': 1.477816, 'lng': 102.143125}",1.477816,102.143125,Riau,budaya,5000.0,4.3,1,1,1,1,0,1,0.8333,budaya|edukasi|fotografi|sejarah
189,Arena Perahu Jalur Kuantan Singingi,"Arena Perahu Jalur Kuantan Singingi di Siak, Riau. Kompleks bangunan bersejarah dan desa adat yang mempertahankan adat istiadat turun-temurun dengan ramah. Wisatawan dapat menyaksikan kerajinan tangan tradisional dan berinteraksi langsung dengan warga setempat.",Budaya,Situs Sejarah,Siak,5000,4.7,60.0,"{'lat': 0.817484, 'lng': 102.033302}",0.817484,102.033302,Riau,budaya,5000.0,4.7,1,1,1,1,0,1,0.8333,budaya|edukasi|fotografi|sejarah
190,Labersa Riau Fantasi Waterpark,"Labersa Riau Fantasi Waterpark di Kota Pekanbaru, Riau. Destinasi hiburan terpadu dengan spot swafoto kekinian yang estetik, wahana edukasi anak, dan ruang terbuka hijau yang ramah keluarga. Menjadi tempat favorit untuk berekreasi bersama anak-anak di akhir pekan.",Taman Hiburan,Waterpark,Kota Pekanbaru,150000,4.2,240.0,"{'lat': 0.545072, 'lng': 101.413214}",0.545072,101.413214,Riau,hiburan,150000.0,4.2,1,1,1,1,1,1,1.0,edukasi|fotografi|rekreasi_keluarga
191,Asia Farm Hayday Pekanbaru,"Asia Farm Hayday Pekanbaru di Indragiri Hilir, Riau. Destinasi hiburan terpadu dengan spot swafoto kekinian yang estetik, wahana edukasi anak, dan ruang terbuka hijau yang ramah keluarga. Menjadi tempat favorit untuk berekreasi bersama anak-anak di akhir pekan.",Taman Hiburan,Taman Rekreasi,Indragiri Hilir,75000,4.6,120.0,"{'lat': -0.366517, 'lng': 103.140951}",-0.366517,103.140951,Riau,hiburan,75000.0,4.6,1,1,1,1,1,1,1.0,edukasi|fotografi|rekreasi_keluarga
192,Taman Rekreasi Alam Mayang,"Taman Rekreasi Alam Mayang di Indragiri Hulu, Riau. Taman rekreasi modern keluarga yang menghadirkan beragam wahana permainan seru, atraksi air, serta pertunjukan tematik interaktif. Memiliki fasilitas lengkap seperti food court, musala yang nyaman, toilet bersih, dan area parkir luas.",Taman Hiburan,Taman Rekreasi,Indragiri Hulu,200000,4.3,180.0,"{'lat': -0.526918, 'lng': 102.287584}",-0.526918,102.287584,Riau,hiburan,200000.0,4.3,1,1,1,1,1,1,1.0,edukasi|fotografi|rekreasi_keluarga
193,Stanum Bangkinang Park,"Stanum Bangkinang Park di Rokan Hulu, Riau. Kawasan rekreasi bertema dengan wahana pemacu adrenalin, kolam renang bergelombang, serta taman bermain anak yang aman. Dilengkapi staf pengawas keselamatan dan berbagai tenant kuliner lezat.",Taman Hiburan,Taman Rekreasi,Rokan Hulu,200000,4.4,240.0,"{'lat': 0.843547, 'lng': 100.503681}",0.843547,100.503681,Riau,hiburan,200000.0,4.4,1,1,1,1,1,1,1.0,edukasi|fotografi|rekreasi_keluarga
194,Pasar Bawah Pekanbaru,"Pasar Bawah Pekanbaru di Siak, Riau. Kawasan pertokoan dan pasar seni yang menyajikan ragam cinderamata unik karya perajin lokal dari berbagai penjuru daerah. Selalu ramai dikunjungi wisatawan yang ingin membawa kenang-kenangan autentik.",Pusat Perbelanjaan,Pasar Tradisional,Siak,0,4.4,60.0,"{'lat': 0.798282, 'lng': 102.024582}",0.798282,102.024582,Riau,belanja,0.0,4.4,1,1,1,1,1,0,0.8333,belanja|budaya|kuliner
195,Sentra Bolu Kemojo Al-Mahdi,"Sentra Bolu Kemojo Al-Mahdi di Indragiri Hulu, Riau. Sentra kuliner dan suvenir ikonik yang menyediakan aneka buah tangan khas Nusantara berkualitas tinggi. Dilengkapi area parkir kendaraan wisata, gerai anjungan tunai mandiri (ATM), dan mushola.",Pusat Perbelanjaan,Sentra Kerajinan,Indragiri Hulu,0,4.5,60.0,"{'lat': -0.566525, 'lng': 102.263505}",-0.566525,102.263505,Riau,belanja,0.0,4.5,1,1,1,1,1,1,1.0,belanja|budaya|kuliner
196,Sentra Keripik Nanas Tambang,"Sentra Keripik Nanas Tambang di Kota Pekanbaru, Riau. Kawasan pertokoan dan pasar seni yang menyajikan ragam cinderamata unik karya perajin lokal dari berbagai penjuru daerah. Selalu ramai dikunjungi wisatawan yang ingin membawa kenang-kenangan autentik.",Pusat Perbelanjaan,Sentra Kerajinan,Kota Pekanbaru,0,4.6,60.0,"{'lat': 0.54623, 'lng': 101.451242}",0.54623,101.451242,Riau,belanja,0.0,4.6,1,1,1,0,1,0,0.6667,belanja|budaya|kuliner
197,Pusat Tenun Siak Songket,"Pusat Tenun Siak Songket di Indragiri Hilir, Riau. Pusat perbelanjaan dan pasar tradisional khas daerah yang menjual aneka kerajinan tangan, kain tenun atau batik, serta camilan oleh-oleh lokal. Tempat bertemunya tawar-menawar yang hangat dengan harga terjangkau.",Pusat Perbelanjaan,Pasar Tradisional,Indragiri Hilir,0,4.7,90.0,"{'lat': -0.307533, 'lng': 103.179264}",-0.307533,103.179264,Riau,belanja,0.0,4.7,1,1,1,1,1,0,0.8333,belanja|budaya|kuliner
198,Masjid Agung An-Nur Riau,"Masjid Agung An-Nur Riau di Bengkalis, Riau. Bangunan keagamaan bersejarah dengan arsitektur megah dan penuh nilai filosofis spiritual tinggi. Menyediakan sarana ibadah yang bersih dan khusyuk, pelataran yang teduh dan asri, serta toilet wudhu yang terawat.",Tempat Ibadah,Masjid,Bengkalis,0,4.8,60.0,"{'lat': 1.458702, 'lng': 102.128479}",1.458702,102.128479,Riau,religi,0.0,4.8,1,1,1,1,1,0,0.8333,budaya|religi|sejarah
199,Masjid Raya Syahabuddin Siak,"Masjid Raya Syahabuddin Siak di Kuantan Singingi, Riau. Ikon wisata religi yang terkenal dengan kedamaian suasananya, toleransi antarwarga, serta kubah atau menara yang menjulang indah. Menjadi tempat ziarah sekaligus edukasi spiritual bagi masyarakat luas.",Tempat Ibadah,Masjid,Kuantan Singingi,0,4.3,90.0,"{'lat': -0.466055, 'lng': 101.451542}",-0.466055,101.451542,Riau,religi,0.0,4.3,1,1,0,1,1,1,0.8333,budaya|religi|sejarah
200,Masjid Raya Senapelan Pekanbaru,"Masjid Raya Senapelan Pekanbaru di Pelalawan, Riau. Bangunan keagamaan bersejarah dengan arsitektur megah dan penuh nilai filosofis spiritual tinggi. Menyediakan sarana ibadah yang bersih dan khusyuk, pelataran yang teduh dan asri, serta toilet wudhu yang terawat.",Tempat Ibadah,Masjid,Pelalawan,0,4.7,45.0,"{'lat': 0.405787, 'lng': 102.103638}",0.405787,102.103638,Riau,religi,0.0,4.7,1,1,1,1,1,0,0.8333,budaya|religi|sejarah
201,Pantai Trikora Bintan,"Pantai Trikora Bintan di Kota Batam, Kepulauan Riau. Pantai eksotis dengan air laut jernih dan deretan pohon kelapa yang rindang. Menjadi lokasi favorit wisatawan untuk bersantai, bermain air bersama keluarga, berswafoto, serta menikmati kelapa muda segar di tepi pantai.",Pantai,Pantai,Kota Batam,10000,4.9,180.0,"{'lat': 1.125773, 'lng': 104.070313}",1.125773,104.070313,Kepulauan Riau,bahari,10000.0,4.9,1,1,1,1,0,1,0.8333,berenang|fotografi|kuliner|pantai|rekreasi_keluarga
202,Pantai Nongsa Batam,"Pantai Nongsa Batam di Lingga, Kepulauan Riau. Kawasan pantai dengan keindahan garis pantai memanjang, batuan karang yang menawan, serta angin sepoi-sepoi yang menyegarkan. Sangat cocok untuk aktivitas rekreasi, jalan santai di tepi air, dan piknik sore hari.",Pantai,Pantai,Lingga,15000,4.2,120.0,"{'lat': -0.211795, 'lng': 104.639852}",-0.211795,104.639852,Kepulauan Riau,bahari,15000.0,4.2,1,1,1,1,1,0,0.8333,berenang|fotografi|kuliner|pantai|rekreasi_keluarga
203,Pantai Melur Pulau Galang,"Pantai Melur Pulau Galang di Lingga, Kepulauan Riau. Destinasi wisata pesisir dengan hamparan pasir bersih, deburan ombak yang menenangkan, serta panorama matahari terbenam yang memukau. Dilengkapi fasilitas warung makan seafood lokal, area parkir, toilet umum, dan persewaan payung pantai.",Pantai,Pantai,Lingga,5000,4.4,240.0,"{'lat': -0.175912, 'lng': 104.614353}",-0.175912,104.614353,Kepulauan Riau,bahari,5000.0,4.4,1,1,1,1,0,0,0.6667,berenang|fotografi|kuliner|pantai|rekreasi_keluarga
204,Pantai Lagoi Bay Bintan,"Pantai Lagoi Bay Bintan di Kepulauan Anambas, Kepulauan Riau. Kawasan pantai dengan keindahan garis pantai memanjang, batuan karang yang menawan, serta angin sepoi-sepoi yang menyegarkan. Sangat cocok untuk aktivitas rekreasi, jalan santai di tepi air, dan piknik sore hari.",Pantai,Pantai,Kepulauan Anambas,25000,4.2,150.0,"{'lat': 3.111613, 'lng': 106.238972}",3.111613,106.238972,Kepulauan Riau,bahari,25000.0,4.2,1,1,1,1,0,0,0.6667,berenang|fotografi|kuliner|pantai|rekreasi_keluarga
205,Pantai Mirota Batam,"Pantai Mirota Batam di Bintan, Kepulauan Riau. Pantai eksotis dengan air laut jernih dan deretan pohon kelapa yang rindang. Menjadi lokasi favorit wisatawan untuk bersantai, bermain air bersama keluarga, berswafoto, serta menikmati kelapa muda segar di tepi pantai.",Pantai,Pantai,Bintan,10000,4.7,240.0,"{'lat': 1.145515, 'lng': 104.516151}",1.145515,104.516151,Kepulauan Riau,bahari,10000.0,4.7,1,1,1,1,1,0,0.8333,berenang|fotografi|kuliner|pantai|rekreasi_keluarga
206,Pantai Pelawan Karimun,"Pantai Pelawan Karimun di Lingga, Kepulauan Riau. Pantai eksotis dengan air laut jernih dan deretan pohon kelapa yang rindang. Menjadi lokasi favorit wisatawan untuk bersantai, bermain air bersama keluarga, berswafoto, serta menikmati kelapa muda segar di tepi pantai.",Pantai,Pantai,Lingga,20000,4.8,120.0,"{'lat': -0.230924, 'lng': 104.618854}",-0.230924,104.618854,Kepulauan Riau,bahari,20000.0,4.8,1,1,1,1,1,1,1.0,berenang|fotografi|kuliner|pantai|rekreasi_keluarga
207,Pantai Batu Kasah Natuna,"Pantai Batu Kasah Natuna di Bintan, Kepulauan Riau. Destinasi wisata pesisir dengan hamparan pasir bersih, deburan ombak yang menenangkan, serta panorama matahari terbenam yang memukau. Dilengkapi fasilitas warung makan seafood lokal, area parkir, toilet umum, dan persewaan payung pantai.",Pantai,Pantai,Bintan,30000,4.9,150.0,"{'lat': 1.127166, 'lng': 104.55895}",1.127166,104.55895,Kepulauan Riau,bahari,30000.0,4.9,1,1,1,1,0,0,0.6667,berenang|fotografi|kuliner|pantai|rekreasi_keluarga
208,Pantai Padang Melang Anambas,"Pantai Padang Melang Anambas di Kota Batam, Kepulauan Riau. Kawasan pantai dengan keindahan garis pantai memanjang, batuan karang yang menawan, serta angin sepoi-sepoi yang menyegarkan. Sangat cocok untuk aktivitas rekreasi, jalan santai di tepi air, dan piknik sore hari.",Pantai,Pantai,Kota Batam,5000,4.7,180.0,"{'lat': 1.103913, 'lng': 104.06997}",1.103913,104.06997,Kepulauan Riau,bahari,5000.0,4.7,1,1,1,1,0,1,0.8333,berenang|fotografi|kuliner|pantai|rekreasi_keluarga
209,Pantai Senggiling Bintan,"Pantai Senggiling Bintan di Natuna, Kepulauan Riau. Kawasan pantai dengan keindahan garis pantai memanjang, batuan karang yang menawan, serta angin sepoi-sepoi yang menyegarkan. Sangat cocok untuk aktivitas rekreasi, jalan santai di tepi air, dan piknik sore hari.",Pantai,Pantai,Natuna,30000,4.4,180.0,"{'lat': 3.931307, 'lng': 108.278109}",3.931307,108.278109,Kepulauan Riau,bahari,30000.0,4.4,1,1,1,1,0,1,0.8333,berenang|fotografi|kuliner|pantai|rekreasi_keluarga
210,Pantai Tanjung Siambang,"Pantai Tanjung Siambang di Natuna, Kepulauan Riau. Kawasan pantai dengan keindahan garis pantai memanjang, batuan karang yang menawan, serta angin sepoi-sepoi yang menyegarkan. Sangat cocok untuk aktivitas rekreasi, jalan santai di tepi air, dan piknik sore hari.",Pantai,Pantai,Natuna,20000,4.2,180.0,"{'lat': 3.923365, 'lng': 108.228939}",3.923365,108.228939,Kepulauan Riau,bahari,20000.0,4.2,1,1,1,1,0,0,0.6667,berenang|fotografi|kuliner|pantai|rekreasi_keluarga
211,Pantai Viovio Batam,"Pantai Viovio Batam di Kota Tanjung Pinang, Kepulauan Riau. Pantai eksotis dengan air laut jernih dan deretan pohon kelapa yang rindang. Menjadi lokasi favorit wisatawan untuk bersantai, bermain air bersama keluarga, berswafoto, serta menikmati kelapa muda segar di tepi pantai.",Pantai,Pantai,Kota Tanjung Pinang,5000,4.3,180.0,"{'lat': 0.955341, 'lng': 104.420382}",0.955341,104.420382,Kepulauan Riau,bahari,5000.0,4.3,1,1,1,1,1,1,1.0,berenang|fotografi|kuliner|pantai|rekreasi_keluarga
212,Pantai Tanjung Pinggir Batam,"Pantai Tanjung Pinggir Batam di Natuna, Kepulauan Riau. Pantai eksotis dengan air laut jernih dan deretan pohon kelapa yang rindang. Menjadi lokasi favorit wisatawan untuk bersantai, bermain air bersama keluarga, berswafoto, serta menikmati kelapa muda segar di tepi pantai.",Pantai,Pantai,Natuna,25000,4.3,150.0,"{'lat': 3.902056, 'lng': 108.271533}",3.902056,108.271533,Kepulauan Riau,bahari,25000.0,4.3,1,1,1,1,1,0,0.8333,berenang|fotografi|kuliner|pantai|rekreasi_keluarga
213,Pantai Piugus Anambas,"Pantai Piugus Anambas di Kepulauan Anambas, Kepulauan Riau. Pantai eksotis dengan air laut jernih dan deretan pohon kelapa yang rindang. Menjadi lokasi favorit wisatawan untuk bersantai, bermain air bersama keluarga, berswafoto, serta menikmati kelapa muda segar di tepi pantai.",Pantai,Pantai,Kepulauan Anambas,25000,4.4,150.0,"{'lat': 3.114409, 'lng': 106.237561}",3.114409,106.237561,Kepulauan Riau,bahari,25000.0,4.4,1,1,1,1,0,1,0.8333,berenang|fotografi|kuliner|pantai|rekreasi_keluarga
214,Pantai Sisi Serasan Natuna,"Pantai Sisi Serasan Natuna di Natuna, Kepulauan Riau. Pantai eksotis dengan air laut jernih dan deretan pohon kelapa yang rindang. Menjadi lokasi favorit wisatawan untuk bersantai, bermain air bersama keluarga, berswafoto, serta menikmati kelapa muda segar di tepi pantai.",Pantai,Pantai,Natuna,15000,4.4,150.0,"{'lat': 3.926511, 'lng': 108.251448}",3.926511,108.251448,Kepulauan Riau,bahari,15000.0,4.4,1,1,1,1,1,0,0.8333,berenang|fotografi|kuliner|pantai|rekreasi_keluarga
215,Gunung Bintan,"Gunung Bintan di Lingga, Kepulauan Riau. Destinasi wisata pegunungan berhawa sejuk dengan jalur pendakian yang menantang dan panorama lautan awan yang spektakuler saat fajar. Tersedia pos peristirahatan, warung logistik pendaki, area perkemahan, dan pemandu lokal.",Gunung,Gunung,Lingga,20000,4.3,300.0,"{'lat': -0.164201, 'lng': 104.601512}",-0.164201,104.601512,Kepulauan Riau,alam,20000.0,4.3,1,1,1,1,0,0,0.6667,camping|fotografi|gunung|hiking
216,Gunung Ranai Natuna,"Gunung Ranai Natuna di Lingga, Kepulauan Riau. Destinasi wisata pegunungan berhawa sejuk dengan jalur pendakian yang menantang dan panorama lautan awan yang spektakuler saat fajar. Tersedia pos peristirahatan, warung logistik pendaki, area perkemahan, dan pemandu lokal.",Gunung,Gunung,Lingga,35000,4.4,240.0,"{'lat': -0.215774, 'lng': 104.602678}",-0.215774,104.602678,Kepulauan Riau,alam,35000.0,4.4,1,1,1,1,1,1,1.0,camping|fotografi|gunung|hiking
217,Gunung Daik Lingga,"Gunung Daik Lingga di Lingga, Kepulauan Riau. Kawasan dataran tinggi dan lereng gunung yang asri dengan pemandangan perbukitan hijau dan kawah eksotis. Sangat ideal untuk petualangan alam terbuka, hiking santai, perkemahan keluarga, dan melepas penat.",Gunung,Gunung,Lingga,10000,4.3,180.0,"{'lat': -0.172598, 'lng': 104.605089}",-0.172598,104.605089,Kepulauan Riau,alam,10000.0,4.3,1,1,1,1,0,0,0.6667,camping|fotografi|gunung|hiking
218,Bukit Senyum Batam,"Bukit Senyum Batam di Kota Batam, Kepulauan Riau. Kawasan dataran tinggi dan lereng gunung yang asri dengan pemandangan perbukitan hijau dan kawah eksotis. Sangat ideal untuk petualangan alam terbuka, hiking santai, perkemahan keluarga, dan melepas penat.",Gunung,Perbukitan,Kota Batam,10000,4.9,300.0,"{'lat': 1.135871, 'lng': 104.062349}",1.135871,104.062349,Kepulauan Riau,alam,10000.0,4.9,1,1,1,1,0,1,0.8333,camping|fotografi|gunung|hiking
219,Bukit Kursi Pulau Penyengat,"Bukit Kursi Pulau Penyengat di Karimun, Kepulauan Riau. Puncak bukit dan pegunungan dengan pemandangan lanskap hijau membentang sejauh mata memandang. Menawarkan pengalaman menikmati golden sunrise, udara bersih bebas polusi, dan spot foto alam yang memesona.",Gunung,Perbukitan,Karimun,10000,4.2,240.0,"{'lat': 0.998099, 'lng': 103.417095}",0.998099,103.417095,Kepulauan Riau,alam,10000.0,4.2,1,1,1,1,0,0,0.6667,camping|fotografi|gunung|hiking
220,Puncak Bukit Gajah Natuna,"Puncak Bukit Gajah Natuna di Bintan, Kepulauan Riau. Destinasi wisata pegunungan berhawa sejuk dengan jalur pendakian yang menantang dan panorama lautan awan yang spektakuler saat fajar. Tersedia pos peristirahatan, warung logistik pendaki, area perkemahan, dan pemandu lokal.",Gunung,Perbukitan,Bintan,20000,4.7,360.0,"{'lat': 1.121493, 'lng': 104.578919}",1.121493,104.578919,Kepulauan Riau,alam,20000.0,4.7,1,1,1,1,0,0,0.6667,camping|fotografi|gunung|hiking
221,Bukit Tengkorak Karimun,"Bukit Tengkorak Karimun di Kota Tanjung Pinang, Kepulauan Riau. Destinasi wisata pegunungan berhawa sejuk dengan jalur pendakian yang menantang dan panorama lautan awan yang spektakuler saat fajar. Tersedia pos peristirahatan, warung logistik pendaki, area perkemahan, dan pemandu lokal.",Gunung,Perbukitan,Kota Tanjung Pinang,25000,4.5,240.0,"{'lat': 0.896039, 'lng': 104.419802}",0.896039,104.419802,Kepulauan Riau,alam,25000.0,4.5,1,1,1,0,1,1,0.8333,camping|fotografi|gunung|hiking
222,Puncak Cengkeh Natuna,"Puncak Cengkeh Natuna di Kota Batam, Kepulauan Riau. Destinasi wisata pegunungan berhawa sejuk dengan jalur pendakian yang menantang dan panorama lautan awan yang spektakuler saat fajar. Tersedia pos peristirahatan, warung logistik pendaki, area perkemahan, dan pemandu lokal.",Gunung,Perbukitan,Kota Batam,15000,4.7,300.0,"{'lat': 1.123551, 'lng': 104.089915}",1.123551,104.089915,Kepulauan Riau,alam,15000.0,4.7,1,1,1,1,0,1,0.8333,camping|fotografi|gunung|hiking
223,Bukit Pasir Busung Bintan,"Bukit Pasir Busung Bintan di Kepulauan Anambas, Kepulauan Riau. Kawasan dataran tinggi dan lereng gunung yang asri dengan pemandangan perbukitan hijau dan kawah eksotis. Sangat ideal untuk petualangan alam terbuka, hiking santai, perkemahan keluarga, dan melepas penat.",Gunung,Perbukitan,Kepulauan Anambas,10000,4.3,360.0,"{'lat': 3.099901, 'lng': 106.234683}",3.099901,106.234683,Kepulauan Riau,alam,10000.0,4.3,1,1,1,1,0,1,0.8333,camping|fotografi|gunung|hiking
224,Bukit Matak Anambas,"Bukit Matak Anambas di Kota Batam, Kepulauan Riau. Kawasan dataran tinggi dan lereng gunung yang asri dengan pemandangan perbukitan hijau dan kawah eksotis. Sangat ideal untuk petualangan alam terbuka, hiking santai, perkemahan keluarga, dan melepas penat.",Gunung,Perbukitan,Kota Batam,35000,4.9,300.0,"{'lat': 1.093993, 'lng': 104.035409}",1.093993,104.035409,Kepulauan Riau,alam,35000.0,4.9,1,1,1,0,0,0,0.5,camping|fotografi|gunung|hiking
225,Gurun Pasir Telaga Biru Busung,"Gurun Pasir Telaga Biru Busung di Bintan, Kepulauan Riau. Wisata alam edukatif berbalut udara segar hutan tropis, aliran sungai yang jernih, serta air terjun bertingkat yang menyejukkan. Pilihan utama untuk riset keanekaragaman hayati dan ekowisata ramah lingkungan.",Cagar Alam,Taman Nasional,Bintan,25000,4.7,90.0,"{'lat': 1.131158, 'lng': 104.539262}",1.131158,104.539262,Kepulauan Riau,alam,25000.0,4.7,1,1,1,0,0,1,0.6667,edukasi|fotografi|hiking|rekreasi_keluarga
226,Danau Biru Kawal Bintan,"Danau Biru Kawal Bintan di Karimun, Kepulauan Riau. Objek wisata alam dengan formasi tebing batuan alami, gua karst purba, serta telaga yang jernih dan tenang. Suasana alam yang tenang memberikan kesegaran pikiran bagi pengunjung yang mencintai ketenangan alam.",Cagar Alam,Danau,Karimun,25000,4.9,150.0,"{'lat': 0.972302, 'lng': 103.416388}",0.972302,103.416388,Kepulauan Riau,alam,25000.0,4.9,1,1,1,1,0,1,0.8333,alam|edukasi|fotografi|hiking|rekreasi_keluarga
227,Lagoi Crystal Lagoon,"Lagoi Crystal Lagoon di Kota Tanjung Pinang, Kepulauan Riau. Kawasan konservasi alam yang asri dan terlindungi dengan keanekaragaman flora dan fauna tropis endemik. Dilengkapi jalur trekking kayu yang tertata rapi, gazebo istirahat, pusat informasi lingkungan, dan toilet pengunjung.",Cagar Alam,Taman Nasional,Kota Tanjung Pinang,20000,4.7,120.0,"{'lat': 0.954707, 'lng': 104.441512}",0.954707,104.441512,Kepulauan Riau,alam,20000.0,4.7,1,1,1,1,0,1,0.8333,edukasi|fotografi|hiking|rekreasi_keluarga
228,Taman Bawah Laut Pulau Abang Batam,"Taman Bawah Laut Pulau Abang Batam di Bintan, Kepulauan Riau. Kawasan konservasi alam yang asri dan terlindungi dengan keanekaragaman flora dan fauna tropis endemik. Dilengkapi jalur trekking kayu yang tertata rapi, gazebo istirahat, pusat informasi lingkungan, dan toilet pengunjung.",Cagar Alam,Taman Nasional,Bintan,20000,4.9,180.0,"{'lat': 1.11322, 'lng': 104.513113}",1.11322,104.513113,Kepulauan Riau,alam,20000.0,4.9,1,1,1,1,0,1,0.8333,edukasi|fotografi|hiking|rekreasi_keluarga
229,Alif Stone Park Natuna,"Alif Stone Park Natuna di Kepulauan Anambas, Kepulauan Riau. Objek wisata alam dengan formasi tebing batuan alami, gua karst purba, serta telaga yang jernih dan tenang. Suasana alam yang tenang memberikan kesegaran pikiran bagi pengunjung yang mencintai ketenangan alam.",Cagar Alam,Taman Nasional,Kepulauan Anambas,15000,4.8,150.0,"{'lat': 3.086237, 'lng': 106.259045}",3.086237,106.259045,Kepulauan Riau,alam,15000.0,4.8,1,1,1,0,1,1,0.8333,edukasi|fotografi|hiking|rekreasi_keluarga
230,Cagar Konservasi Pulau Bawah Anambas,"Cagar Konservasi Pulau Bawah Anambas di Lingga, Kepulauan Riau. Wisata alam edukatif berbalut udara segar hutan tropis, aliran sungai yang jernih, serta air terjun bertingkat yang menyejukkan. Pilihan utama untuk riset keanekaragaman hayati dan ekowisata ramah lingkungan.",Cagar Alam,Taman Nasional,Lingga,20000,4.9,90.0,"{'lat': -0.197413, 'lng': 104.616699}",-0.197413,104.616699,Kepulauan Riau,alam,20000.0,4.9,1,1,1,0,0,1,0.6667,edukasi|fotografi|hiking|rekreasi_keluarga
231,Air Terjun Ciklat Lingga,"Air Terjun Ciklat Lingga di Bintan, Kepulauan Riau. Objek wisata alam dengan formasi tebing batuan alami, gua karst purba, serta telaga yang jernih dan tenang. Suasana alam yang tenang memberikan kesegaran pikiran bagi pengunjung yang mencintai ketenangan alam.",Cagar Alam,Air Terjun,Bintan,10000,4.9,150.0,"{'lat': 1.143323, 'lng': 104.534614}",1.143323,104.534614,Kepulauan Riau,alam,10000.0,4.9,1,1,1,1,1,1,1.0,alam|edukasi|fotografi|hiking|rekreasi_keluarga
232,Air Terjun Temburun Anambas,"Air Terjun Temburun Anambas di Lingga, Kepulauan Riau. Objek wisata alam dengan formasi tebing batuan alami, gua karst purba, serta telaga yang jernih dan tenang. Suasana alam yang tenang memberikan kesegaran pikiran bagi pengunjung yang mencintai ketenangan alam.",Cagar Alam,Air Terjun,Lingga,30000,4.9,120.0,"{'lat': -0.193789, 'lng': 104.617712}",-0.193789,104.617712,Kepulauan Riau,alam,30000.0,4.9,1,1,1,1,1,1,1.0,alam|edukasi|fotografi|hiking|rekreasi_keluarga
233,Jembatan Barelang Batam,"Jembatan Barelang Batam di Bintan, Kepulauan Riau. Kompleks bangunan bersejarah dan desa adat yang mempertahankan adat istiadat turun-temurun dengan ramah. Wisatawan dapat menyaksikan kerajinan tangan tradisional dan berinteraksi langsung dengan warga setempat.",Budaya,Situs Sejarah,Bintan,10000,4.2,120.0,"{'lat': 1.177293, 'lng': 104.521822}",1.177293,104.521822,Kepulauan Riau,budaya,10000.0,4.2,1,1,0,0,0,1,0.5,budaya|edukasi|fotografi|sejarah
234,Pulau Penyengat Warisan Melayu,"Pulau Penyengat Warisan Melayu di Karimun, Kepulauan Riau. Kompleks bangunan bersejarah dan desa adat yang mempertahankan adat istiadat turun-temurun dengan ramah. Wisatawan dapat menyaksikan kerajinan tangan tradisional dan berinteraksi langsung dengan warga setempat.",Budaya,Situs Sejarah,Karimun,20000,4.9,120.0,"{'lat': 0.955415, 'lng': 103.44854}",0.955415,103.44854,Kepulauan Riau,budaya,20000.0,4.9,1,1,0,0,0,1,0.5,budaya|edukasi|fotografi|sejarah
235,Museum Sultan Sulaiman Badrul Alamsyah,"Museum Sultan Sulaiman Badrul Alamsyah di Kepulauan Anambas, Kepulauan Riau. Situs cagar budaya bersejarah yang sarat dengan nilai tradisi leluhur, arsitektur arca dan bangunan tradisional yang otentik. Dilengkapi pemandu wisata budaya, museum informasi sejarah, dan pertunjukan seni berkala.",Budaya,Museum,Kepulauan Anambas,25000,4.8,90.0,"{'lat': 3.086004, 'lng': 106.262978}",3.086004,106.262978,Kepulauan Riau,budaya,25000.0,4.8,1,1,1,1,0,1,0.8333,budaya|edukasi|fotografi|sejarah
236,Maha Vihara Duta Maitreya Batam,"Maha Vihara Duta Maitreya Batam di Lingga, Kepulauan Riau. Situs cagar budaya bersejarah yang sarat dengan nilai tradisi leluhur, arsitektur arca dan bangunan tradisional yang otentik. Dilengkapi pemandu wisata budaya, museum informasi sejarah, dan pertunjukan seni berkala.",Budaya,Situs Sejarah,Lingga,15000,4.9,60.0,"{'lat': -0.185931, 'lng': 104.629412}",-0.185931,104.629412,Kepulauan Riau,budaya,15000.0,4.9,1,1,0,0,1,1,0.6667,budaya|edukasi|fotografi|sejarah
237,Kamp Pengungsi Vietnam Pulau Galang,"Kamp Pengungsi Vietnam Pulau Galang di Natuna, Kepulauan Riau. Destinasi wisata sejarah dan kearifan lokal yang memperlihatkan warisan peradaban masa lampau melalui koleksi artefak berharga. Tempat ideal untuk belajar mengenai perjuangan bangsa dan filosofi adat masyarakat.",Budaya,Situs Sejarah,Natuna,10000,4.9,90.0,"{'lat': 3.938581, 'lng': 108.271694}",3.938581,108.271694,Kepulauan Riau,budaya,10000.0,4.9,1,1,1,1,1,1,1.0,budaya|edukasi|fotografi|sejarah
238,Istana Kantor Pulau Penyengat,"Istana Kantor Pulau Penyengat di Lingga, Kepulauan Riau. Destinasi wisata sejarah dan kearifan lokal yang memperlihatkan warisan peradaban masa lampau melalui koleksi artefak berharga. Tempat ideal untuk belajar mengenai perjuangan bangsa dan filosofi adat masyarakat.",Budaya,Keraton,Lingga,25000,4.8,90.0,"{'lat': -0.218123, 'lng': 104.56975}",-0.218123,104.56975,Kepulauan Riau,budaya,25000.0,4.8,1,1,1,1,0,1,0.8333,budaya|edukasi|fotografi|sejarah
239,Benteng Bukit Kursi,"Benteng Bukit Kursi di Natuna, Kepulauan Riau. Destinasi wisata sejarah dan kearifan lokal yang memperlihatkan warisan peradaban masa lampau melalui koleksi artefak berharga. Tempat ideal untuk belajar mengenai perjuangan bangsa dan filosofi adat masyarakat.",Budaya,Benteng,Natuna,15000,4.9,120.0,"{'lat': 3.88301, 'lng': 108.267131}",3.88301,108.267131,Kepulauan Riau,budaya,15000.0,4.9,1,1,1,0,1,1,0.8333,budaya|edukasi|fotografi|sejarah
240,Treasure Bay Bintan,"Treasure Bay Bintan di Kepulauan Anambas, Kepulauan Riau. Kawasan rekreasi bertema dengan wahana pemacu adrenalin, kolam renang bergelombang, serta taman bermain anak yang aman. Dilengkapi staf pengawas keselamatan dan berbagai tenant kuliner lezat.",Taman Hiburan,Taman Rekreasi,Kepulauan Anambas,75000,4.4,120.0,"{'lat': 3.081691, 'lng': 106.254961}",3.081691,106.254961,Kepulauan Riau,hiburan,75000.0,4.4,1,1,1,1,1,1,1.0,edukasi|fotografi|rekreasi_keluarga
241,Mega Wisata Ocarina Batam,"Mega Wisata Ocarina Batam di Kepulauan Anambas, Kepulauan Riau. Taman rekreasi modern keluarga yang menghadirkan beragam wahana permainan seru, atraksi air, serta pertunjukan tematik interaktif. Memiliki fasilitas lengkap seperti food court, musala yang nyaman, toilet bersih, dan area parkir luas.",Taman Hiburan,Taman Rekreasi,Kepulauan Anambas,35000,4.5,150.0,"{'lat': 3.119271, 'lng': 106.229143}",3.119271,106.229143,Kepulauan Riau,hiburan,35000.0,4.5,1,1,1,1,1,1,1.0,edukasi|fotografi|rekreasi_keluarga
242,Batam Wakepark,"Batam Wakepark di Bintan, Kepulauan Riau. Taman rekreasi modern keluarga yang menghadirkan beragam wahana permainan seru, atraksi air, serta pertunjukan tematik interaktif. Memiliki fasilitas lengkap seperti food court, musala yang nyaman, toilet bersih, dan area parkir luas.",Taman Hiburan,Taman Rekreasi,Bintan,100000,4.3,150.0,"{'lat': 1.118016, 'lng': 104.536423}",1.118016,104.536423,Kepulauan Riau,hiburan,100000.0,4.3,1,1,1,1,1,1,1.0,edukasi|fotografi|rekreasi_keluarga
243,Sea Forest Adventure Batam,"Sea Forest Adventure Batam di Kota Tanjung Pinang, Kepulauan Riau. Destinasi hiburan terpadu dengan spot swafoto kekinian yang estetik, wahana edukasi anak, dan ruang terbuka hijau yang ramah keluarga. Menjadi tempat favorit untuk berekreasi bersama anak-anak di akhir pekan.",Taman Hiburan,Taman Rekreasi,Kota Tanjung Pinang,50000,4.8,240.0,"{'lat': 0.953862, 'lng': 104.488233}",0.953862,104.488233,Kepulauan Riau,hiburan,50000.0,4.8,1,1,1,1,1,1,1.0,edukasi|fotografi|rekreasi_keluarga
244,Nagoya Hill Shopping Mall Batam,"Nagoya Hill Shopping Mall Batam di Karimun, Kepulauan Riau. Sentra kuliner dan suvenir ikonik yang menyediakan aneka buah tangan khas Nusantara berkualitas tinggi. Dilengkapi area parkir kendaraan wisata, gerai anjungan tunai mandiri (ATM), dan mushola.",Pusat Perbelanjaan,Pasar Tradisional,Karimun,0,4.6,90.0,"{'lat': 0.995343, 'lng': 103.453773}",0.995343,103.453773,Kepulauan Riau,belanja,0.0,4.6,1,1,1,1,1,1,1.0,belanja|budaya|kuliner
245,Mega Mall Batam Centre,"Mega Mall Batam Centre di Bintan, Kepulauan Riau. Sentra kuliner dan suvenir ikonik yang menyediakan aneka buah tangan khas Nusantara berkualitas tinggi. Dilengkapi area parkir kendaraan wisata, gerai anjungan tunai mandiri (ATM), dan mushola.",Pusat Perbelanjaan,Pasar Tradisional,Bintan,0,4.2,60.0,"{'lat': 1.117157, 'lng': 104.555931}",1.117157,104.555931,Kepulauan Riau,belanja,0.0,4.2,1,1,1,1,1,0,0.8333,belanja|budaya|kuliner
246,Pasar Wisata Tanjung Pinang,"Pasar Wisata Tanjung Pinang di Kota Tanjung Pinang, Kepulauan Riau. Pusat perbelanjaan dan pasar tradisional khas daerah yang menjual aneka kerajinan tangan, kain tenun atau batik, serta camilan oleh-oleh lokal. Tempat bertemunya tawar-menawar yang hangat dengan harga terjangkau.",Pusat Perbelanjaan,Pasar Tradisional,Kota Tanjung Pinang,0,4.8,90.0,"{'lat': 0.950271, 'lng': 104.489774}",0.950271,104.489774,Kepulauan Riau,belanja,0.0,4.8,1,1,1,1,1,1,1.0,belanja|budaya|kuliner
247,Sentra Kerupuk Gonggong Bintan,"Sentra Kerupuk Gonggong Bintan di Kepulauan Anambas, Kepulauan Riau. Kawasan pertokoan dan pasar seni yang menyajikan ragam cinderamata unik karya perajin lokal dari berbagai penjuru daerah. Selalu ramai dikunjungi wisatawan yang ingin membawa kenang-kenangan autentik.",Pusat Perbelanjaan,Sentra Kerajinan,Kepulauan Anambas,0,4.2,90.0,"{'lat': 3.134083, 'lng': 106.280139}",3.134083,106.280139,Kepulauan Riau,belanja,0.0,4.2,1,1,1,1,1,1,1.0,belanja|budaya|kuliner
248,Masjid Raya Sultan Riau Penyengat,"Masjid Raya Sultan Riau Penyengat di Kepulauan Anambas, Kepulauan Riau. Tempat ibadah cagar budaya dengan ornamen seni pahat antik dan sejarah pendirian yang menginspirasi. Terbuka bagi pengunjung yang ingin berdoa maupun mengagumi keindahan karya arsitektur Nusantara.",Tempat Ibadah,Masjid,Kepulauan Anambas,0,4.9,45.0,"{'lat': 3.086803, 'lng': 106.246348}",3.086803,106.246348,Kepulauan Riau,religi,0.0,4.9,1,1,1,1,1,0,0.8333,budaya|religi|sejarah
249,Masjid Sultan Mahmud Riayat Syah Batam,"Masjid Sultan Mahmud Riayat Syah Batam di Natuna, Kepulauan Riau. Ikon wisata religi yang terkenal dengan kedamaian suasananya, toleransi antarwarga, serta kubah atau menara yang menjulang indah. Menjadi tempat ziarah sekaligus edukasi spiritual bagi masyarakat luas.",Tempat Ibadah,Masjid,Natuna,0,4.9,90.0,"{'lat': 3.869012, 'lng': 108.223}",3.869012,108.223,Kepulauan Riau,religi,0.0,4.9,1,1,1,1,1,0,0.8333,budaya|religi|sejarah
250,Vihara Ksitigarbha Bodhisattva (1000 Patung),"Vihara Ksitigarbha Bodhisattva (1000 Patung) di Natuna, Kepulauan Riau. Tempat ibadah cagar budaya dengan ornamen seni pahat antik dan sejarah pendirian yang menginspirasi. Terbuka bagi pengunjung yang ingin berdoa maupun mengagumi keindahan karya arsitektur Nusantara.",Tempat Ibadah,Vihara,Natuna,0,4.5,45.0,"{'lat': 3.886969, 'lng': 108.233602}",3.886969,108.233602,Kepulauan Riau,religi,0.0,4.5,1,1,1,1,1,1,1.0,budaya|religi|sejarah
251,Pantai Cemara Habitat Burung Migran,"Pantai Cemara Habitat Burung Migran di Batanghari, Jambi. Destinasi wisata pesisir dengan hamparan pasir bersih, deburan ombak yang menenangkan, serta panorama matahari terbenam yang memukau. Dilengkapi fasilitas warung makan seafood lokal, area parkir, toilet umum, dan persewaan payung pantai.",Pantai,Pantai,Batanghari,5000,4.8,120.0,"{'lat': -1.723841, 'lng': 103.101222}",-1.723841,103.101222,Jambi,bahari,5000.0,4.8,1,1,1,1,1,0,0.8333,berenang|fotografi|kuliner|pantai|rekreasi_keluarga
252,Pantai Pasir Pandak Nipah Panjang,"Pantai Pasir Pandak Nipah Panjang di Sarolangun, Jambi. Pantai eksotis dengan air laut jernih dan deretan pohon kelapa yang rindang. Menjadi lokasi favorit wisatawan untuk bersantai, bermain air bersama keluarga, berswafoto, serta menikmati kelapa muda segar di tepi pantai.",Pantai,Pantai,Sarolangun,20000,4.5,240.0,"{'lat': -2.265134, 'lng': 102.610546}",-2.265134,102.610546,Jambi,bahari,20000.0,4.5,1,1,1,1,1,0,0.8333,berenang|fotografi|kuliner|pantai|rekreasi_keluarga
253,Pantai Babussalam Kuala Tungkal,"Pantai Babussalam Kuala Tungkal di Merangin, Jambi. Destinasi wisata pesisir dengan hamparan pasir bersih, deburan ombak yang menenangkan, serta panorama matahari terbenam yang memukau. Dilengkapi fasilitas warung makan seafood lokal, area parkir, toilet umum, dan persewaan payung pantai.",Pantai,Pantai,Merangin,30000,4.7,150.0,"{'lat': -2.232169, 'lng': 102.160915}",-2.232169,102.160915,Jambi,bahari,30000.0,4.7,1,1,1,1,1,0,0.8333,berenang|fotografi|kuliner|pantai|rekreasi_keluarga
254,Pantai Air Hitam Laut,"Pantai Air Hitam Laut di Sarolangun, Jambi. Kawasan pantai dengan keindahan garis pantai memanjang, batuan karang yang menawan, serta angin sepoi-sepoi yang menyegarkan. Sangat cocok untuk aktivitas rekreasi, jalan santai di tepi air, dan piknik sore hari.",Pantai,Pantai,Sarolangun,30000,4.6,120.0,"{'lat': -2.327223, 'lng': 102.664886}",-2.327223,102.664886,Jambi,bahari,30000.0,4.6,1,1,1,1,1,0,0.8333,berenang|fotografi|kuliner|pantai|rekreasi_keluarga
255,Pantai Kampung Laut,"Pantai Kampung Laut di Merangin, Jambi. Pantai eksotis dengan air laut jernih dan deretan pohon kelapa yang rindang. Menjadi lokasi favorit wisatawan untuk bersantai, bermain air bersama keluarga, berswafoto, serta menikmati kelapa muda segar di tepi pantai.",Pantai,Pantai,Merangin,10000,4.9,150.0,"{'lat': -2.24083, 'lng': 102.17753}",-2.24083,102.17753,Jambi,bahari,10000.0,4.9,1,1,1,1,1,1,1.0,berenang|fotografi|kuliner|pantai|rekreasi_keluarga
256,Pantai Tanjung Solok,"Pantai Tanjung Solok di Batanghari, Jambi. Kawasan pantai dengan keindahan garis pantai memanjang, batuan karang yang menawan, serta angin sepoi-sepoi yang menyegarkan. Sangat cocok untuk aktivitas rekreasi, jalan santai di tepi air, dan piknik sore hari.",Pantai,Pantai,Batanghari,20000,4.5,150.0,"{'lat': -1.756732, 'lng': 103.103939}",-1.756732,103.103939,Jambi,bahari,20000.0,4.5,1,1,1,1,1,1,1.0,berenang|fotografi|kuliner|pantai|rekreasi_keluarga
257,Pantai Sungai Itik Sadu,"Pantai Sungai Itik Sadu di Bungo, Jambi. Kawasan pantai dengan keindahan garis pantai memanjang, batuan karang yang menawan, serta angin sepoi-sepoi yang menyegarkan. Sangat cocok untuk aktivitas rekreasi, jalan santai di tepi air, dan piknik sore hari.",Pantai,Pantai,Bungo,30000,4.7,120.0,"{'lat': -1.53345, 'lng': 101.99574}",-1.53345,101.99574,Jambi,bahari,30000.0,4.7,1,1,1,1,0,1,0.8333,alam|berenang|fotografi|kuliner|pantai|rekreasi_keluarga
258,Pantai Kuala Jambi,"Pantai Kuala Jambi di Batanghari, Jambi. Pantai eksotis dengan air laut jernih dan deretan pohon kelapa yang rindang. Menjadi lokasi favorit wisatawan untuk bersantai, bermain air bersama keluarga, berswafoto, serta menikmati kelapa muda segar di tepi pantai.",Pantai,Pantai,Batanghari,25000,4.4,150.0,"{'lat': -1.717769, 'lng': 103.076173}",-1.717769,103.076173,Jambi,bahari,25000.0,4.4,1,1,1,1,1,0,0.8333,berenang|fotografi|kuliner|pantai|rekreasi_keluarga
259,Pantai Teluk Majelis,"Pantai Teluk Majelis di Tanjung Jabung Timur, Jambi. Destinasi wisata pesisir dengan hamparan pasir bersih, deburan ombak yang menenangkan, serta panorama matahari terbenam yang memukau. Dilengkapi fasilitas warung makan seafood lokal, area parkir, toilet umum, dan persewaan payung pantai.",Pantai,Pantai,Tanjung Jabung Timur,20000,4.3,240.0,"{'lat': -1.235576, 'lng': 103.867353}",-1.235576,103.867353,Jambi,bahari,20000.0,4.3,1,1,1,1,0,1,0.8333,berenang|fotografi|kuliner|pantai|rekreasi_keluarga
260,Pantai Alahan Panjang,"Pantai Alahan Panjang di Kota Jambi, Jambi. Pantai eksotis dengan air laut jernih dan deretan pohon kelapa yang rindang. Menjadi lokasi favorit wisatawan untuk bersantai, bermain air bersama keluarga, berswafoto, serta menikmati kelapa muda segar di tepi pantai.",Pantai,Pantai,Kota Jambi,20000,4.6,120.0,"{'lat': -1.613556, 'lng': 103.577719}",-1.613556,103.577719,Jambi,bahari,20000.0,4.6,1,1,1,1,0,0,0.6667,berenang|fotografi|kuliner|pantai|rekreasi_keluarga
261,Pantai Remau Bako,"Pantai Remau Bako di Tanjung Jabung Barat, Jambi. Kawasan pantai dengan keindahan garis pantai memanjang, batuan karang yang menawan, serta angin sepoi-sepoi yang menyegarkan. Sangat cocok untuk aktivitas rekreasi, jalan santai di tepi air, dan piknik sore hari.",Pantai,Pantai,Tanjung Jabung Barat,20000,4.7,120.0,"{'lat': -1.122568, 'lng': 103.315842}",-1.122568,103.315842,Jambi,bahari,20000.0,4.7,1,1,1,1,1,1,1.0,berenang|fotografi|kuliner|pantai|rekreasi_keluarga
262,Pantai Lambur Luar,"Pantai Lambur Luar di Bungo, Jambi. Destinasi wisata pesisir dengan hamparan pasir bersih, deburan ombak yang menenangkan, serta panorama matahari terbenam yang memukau. Dilengkapi fasilitas warung makan seafood lokal, area parkir, toilet umum, dan persewaan payung pantai.",Pantai,Pantai,Bungo,5000,4.6,240.0,"{'lat': -1.534478, 'lng': 102.034702}",-1.534478,102.034702,Jambi,bahari,5000.0,4.6,1,1,1,1,1,1,1.0,berenang|fotografi|kuliner|pantai|rekreasi_keluarga
263,Pantai Pangkal Duri,"Pantai Pangkal Duri di Kerinci, Jambi. Pantai eksotis dengan air laut jernih dan deretan pohon kelapa yang rindang. Menjadi lokasi favorit wisatawan untuk bersantai, bermain air bersama keluarga, berswafoto, serta menikmati kelapa muda segar di tepi pantai.",Pantai,Pantai,Kerinci,20000,4.7,240.0,"{'lat': -2.045033, 'lng': 101.51167}",-2.045033,101.51167,Jambi,bahari,20000.0,4.7,1,1,1,1,1,1,1.0,berenang|fotografi|kuliner|pantai|rekreasi_keluarga
264,Pantai Mendahara,"Pantai Mendahara di Bungo, Jambi. Destinasi wisata pesisir dengan hamparan pasir bersih, deburan ombak yang menenangkan, serta panorama matahari terbenam yang memukau. Dilengkapi fasilitas warung makan seafood lokal, area parkir, toilet umum, dan persewaan payung pantai.",Pantai,Pantai,Bungo,30000,4.4,180.0,"{'lat': -1.509948, 'lng': 102.014618}",-1.509948,102.014618,Jambi,bahari,30000.0,4.4,1,1,1,1,0,1,0.8333,berenang|fotografi|kuliner|pantai|rekreasi_keluarga
265,Gunung Kerinci (Puncak Tertinggi 3.805 mdpl),"Gunung Kerinci (Puncak Tertinggi 3.805 mdpl) di Sarolangun, Jambi. Puncak bukit dan pegunungan dengan pemandangan lanskap hijau membentang sejauh mata memandang. Menawarkan pengalaman menikmati golden sunrise, udara bersih bebas polusi, dan spot foto alam yang memesona.",Gunung,Gunung,Sarolangun,15000,4.2,180.0,"{'lat': -2.297693, 'lng': 102.668229}",-2.297693,102.668229,Jambi,alam,15000.0,4.2,1,1,1,1,1,0,0.8333,camping|fotografi|gunung|hiking
266,Gunung Kunyit Belerang Alami,"Gunung Kunyit Belerang Alami di Bungo, Jambi. Puncak bukit dan pegunungan dengan pemandangan lanskap hijau membentang sejauh mata memandang. Menawarkan pengalaman menikmati golden sunrise, udara bersih bebas polusi, dan spot foto alam yang memesona.",Gunung,Gunung,Bungo,25000,4.7,240.0,"{'lat': -1.509658, 'lng': 101.978373}",-1.509658,101.978373,Jambi,alam,25000.0,4.7,1,1,1,0,1,1,0.8333,camping|fotografi|gunung|hiking
267,Gunung Masurai Merangin,"Gunung Masurai Merangin di Batanghari, Jambi. Destinasi wisata pegunungan berhawa sejuk dengan jalur pendakian yang menantang dan panorama lautan awan yang spektakuler saat fajar. Tersedia pos peristirahatan, warung logistik pendaki, area perkemahan, dan pemandu lokal.",Gunung,Gunung,Batanghari,35000,4.2,240.0,"{'lat': -1.787423, 'lng': 103.112816}",-1.787423,103.112816,Jambi,alam,35000.0,4.2,1,1,1,0,0,0,0.5,camping|fotografi|gunung|hiking
268,Bukit Khayangan Sungai Penuh,"Bukit Khayangan Sungai Penuh di Kerinci, Jambi. Puncak bukit dan pegunungan dengan pemandangan lanskap hijau membentang sejauh mata memandang. Menawarkan pengalaman menikmati golden sunrise, udara bersih bebas polusi, dan spot foto alam yang memesona.",Gunung,Perbukitan,Kerinci,15000,4.2,360.0,"{'lat': -2.069538, 'lng': 101.529777}",-2.069538,101.529777,Jambi,alam,15000.0,4.2,1,1,1,0,0,1,0.6667,alam|camping|fotografi|gunung|hiking
269,Gunung Tujuh Kerinci,"Gunung Tujuh Kerinci di Sarolangun, Jambi. Kawasan dataran tinggi dan lereng gunung yang asri dengan pemandangan perbukitan hijau dan kawah eksotis. Sangat ideal untuk petualangan alam terbuka, hiking santai, perkemahan keluarga, dan melepas penat.",Gunung,Gunung,Sarolangun,20000,4.5,300.0,"{'lat': -2.335484, 'lng': 102.650312}",-2.335484,102.650312,Jambi,alam,20000.0,4.5,1,1,1,1,1,0,0.8333,camping|fotografi|gunung|hiking
270,Bukit Tapan Kerinci,"Bukit Tapan Kerinci di Sarolangun, Jambi. Puncak bukit dan pegunungan dengan pemandangan lanskap hijau membentang sejauh mata memandang. Menawarkan pengalaman menikmati golden sunrise, udara bersih bebas polusi, dan spot foto alam yang memesona.",Gunung,Perbukitan,Sarolangun,50000,4.5,360.0,"{'lat': -2.315859, 'lng': 102.621461}",-2.315859,102.621461,Jambi,alam,50000.0,4.5,1,1,1,0,0,1,0.6667,camping|fotografi|gunung|hiking
271,Puncak Danau Belibis,"Puncak Danau Belibis di Muaro Jambi, Jambi. Destinasi wisata pegunungan berhawa sejuk dengan jalur pendakian yang menantang dan panorama lautan awan yang spektakuler saat fajar. Tersedia pos peristirahatan, warung logistik pendaki, area perkemahan, dan pemandu lokal.",Gunung,Perbukitan,Muaro Jambi,50000,4.8,360.0,"{'lat': -1.531183, 'lng': 103.774011}",-1.531183,103.774011,Jambi,alam,50000.0,4.8,1,1,1,1,1,1,1.0,alam|camping|fotografi|gunung|hiking
272,Bukit Cinta Kerinci,"Bukit Cinta Kerinci di Muaro Jambi, Jambi. Puncak bukit dan pegunungan dengan pemandangan lanskap hijau membentang sejauh mata memandang. Menawarkan pengalaman menikmati golden sunrise, udara bersih bebas polusi, dan spot foto alam yang memesona.",Gunung,Perbukitan,Muaro Jambi,25000,4.8,240.0,"{'lat': -1.527136, 'lng': 103.785499}",-1.527136,103.785499,Jambi,alam,25000.0,4.8,1,1,1,0,1,0,0.6667,camping|fotografi|gunung|hiking
273,Bukit Ngalau Merangin,"Bukit Ngalau Merangin di Bungo, Jambi. Destinasi wisata pegunungan berhawa sejuk dengan jalur pendakian yang menantang dan panorama lautan awan yang spektakuler saat fajar. Tersedia pos peristirahatan, warung logistik pendaki, area perkemahan, dan pemandu lokal.",Gunung,Perbukitan,Bungo,50000,4.4,360.0,"{'lat': -1.472053, 'lng': 101.984059}",-1.472053,101.984059,Jambi,alam,50000.0,4.4,1,1,1,1,1,1,1.0,camping|fotografi|gunung|hiking
274,Puncak Rawa Bento,"Puncak Rawa Bento di Muaro Jambi, Jambi. Puncak bukit dan pegunungan dengan pemandangan lanskap hijau membentang sejauh mata memandang. Menawarkan pengalaman menikmati golden sunrise, udara bersih bebas polusi, dan spot foto alam yang memesona.",Gunung,Perbukitan,Muaro Jambi,15000,4.7,180.0,"{'lat': -1.579273, 'lng': 103.779429}",-1.579273,103.779429,Jambi,alam,15000.0,4.7,1,1,1,1,0,1,0.8333,camping|fotografi|gunung|hiking
275,Danau Gunung Tujuh,"Danau Gunung Tujuh di Tanjung Jabung Timur, Jambi. Kawasan konservasi alam yang asri dan terlindungi dengan keanekaragaman flora dan fauna tropis endemik. Dilengkapi jalur trekking kayu yang tertata rapi, gazebo istirahat, pusat informasi lingkungan, dan toilet pengunjung.",Cagar Alam,Danau,Tanjung Jabung Timur,30000,4.2,90.0,"{'lat': -1.274761, 'lng': 103.831477}",-1.274761,103.831477,Jambi,alam,30000.0,4.2,1,1,1,1,0,1,0.8333,alam|edukasi|fotografi|hiking|rekreasi_keluarga
276,Danau Kaco Bercahaya Biru,"Danau Kaco Bercahaya Biru di Muaro Jambi, Jambi. Kawasan konservasi alam yang asri dan terlindungi dengan keanekaragaman flora dan fauna tropis endemik. Dilengkapi jalur trekking kayu yang tertata rapi, gazebo istirahat, pusat informasi lingkungan, dan toilet pengunjung.",Cagar Alam,Danau,Muaro Jambi,15000,4.7,150.0,"{'lat': -1.536284, 'lng': 103.777361}",-1.536284,103.777361,Jambi,alam,15000.0,4.7,1,1,1,0,0,1,0.6667,alam|edukasi|fotografi|hiking|rekreasi_keluarga
277,Danau Kerinci,"Danau Kerinci di Batanghari, Jambi. Wisata alam edukatif berbalut udara segar hutan tropis, aliran sungai yang jernih, serta air terjun bertingkat yang menyejukkan. Pilihan utama untuk riset keanekaragaman hayati dan ekowisata ramah lingkungan.",Cagar Alam,Danau,Batanghari,25000,4.5,120.0,"{'lat': -1.730682, 'lng': 103.11975}",-1.730682,103.11975,Jambi,alam,25000.0,4.5,1,1,1,1,0,1,0.8333,alam|edukasi|fotografi|hiking|rekreasi_keluarga
278,Geopark Merangin Fosil Purba,"Geopark Merangin Fosil Purba di Kerinci, Jambi. Wisata alam edukatif berbalut udara segar hutan tropis, aliran sungai yang jernih, serta air terjun bertingkat yang menyejukkan. Pilihan utama untuk riset keanekaragaman hayati dan ekowisata ramah lingkungan.",Cagar Alam,Taman Nasional,Kerinci,30000,4.7,150.0,"{'lat': -2.061259, 'lng': 101.490453}",-2.061259,101.490453,Jambi,alam,30000.0,4.7,1,1,1,0,1,1,0.8333,edukasi|fotografi|hiking|rekreasi_keluarga
279,Taman Nasional Bukit Duabelas,"Taman Nasional Bukit Duabelas di Merangin, Jambi. Wisata alam edukatif berbalut udara segar hutan tropis, aliran sungai yang jernih, serta air terjun bertingkat yang menyejukkan. Pilihan utama untuk riset keanekaragaman hayati dan ekowisata ramah lingkungan.",Cagar Alam,Taman Nasional,Merangin,25000,4.7,120.0,"{'lat': -2.25272, 'lng': 102.224225}",-2.25272,102.224225,Jambi,alam,25000.0,4.7,1,1,1,0,0,1,0.6667,edukasi|fotografi|hiking|rekreasi_keluarga
280,Rawa Bento Amazon Kerinci,"Rawa Bento Amazon Kerinci di Kota Jambi, Jambi. Wisata alam edukatif berbalut udara segar hutan tropis, aliran sungai yang jernih, serta air terjun bertingkat yang menyejukkan. Pilihan utama untuk riset keanekaragaman hayati dan ekowisata ramah lingkungan.",Cagar Alam,Taman Nasional,Kota Jambi,10000,4.6,180.0,"{'lat': -1.580973, 'lng': 103.6324}",-1.580973,103.6324,Jambi,alam,10000.0,4.6,1,1,1,0,0,1,0.6667,edukasi|fotografi|hiking|rekreasi_keluarga
281,Air Terjun Telun Berasap,"Air Terjun Telun Berasap di Kota Jambi, Jambi. Wisata alam edukatif berbalut udara segar hutan tropis, aliran sungai yang jernih, serta air terjun bertingkat yang menyejukkan. Pilihan utama untuk riset keanekaragaman hayati dan ekowisata ramah lingkungan.",Cagar Alam,Air Terjun,Kota Jambi,25000,4.7,150.0,"{'lat': -1.619713, 'lng': 103.639769}",-1.619713,103.639769,Jambi,alam,25000.0,4.7,1,1,1,1,1,1,1.0,alam|edukasi|fotografi|hiking|rekreasi_keluarga
282,Kebun Teh Kayu Aro Tertua,"Kebun Teh Kayu Aro Tertua di Kota Sungai Penuh, Jambi. Objek wisata alam dengan formasi tebing batuan alami, gua karst purba, serta telaga yang jernih dan tenang. Suasana alam yang tenang memberikan kesegaran pikiran bagi pengunjung yang mencintai ketenangan alam.",Cagar Alam,Taman Nasional,Kota Sungai Penuh,20000,4.4,120.0,"{'lat': -2.067452, 'lng': 101.373459}",-2.067452,101.373459,Jambi,alam,20000.0,4.4,1,1,1,1,0,1,0.8333,edukasi|fotografi|hiking|rekreasi_keluarga
283,Kompleks Percandian Muaro Jambi,"Kompleks Percandian Muaro Jambi di Kerinci, Jambi. Kompleks bangunan bersejarah dan desa adat yang mempertahankan adat istiadat turun-temurun dengan ramah. Wisatawan dapat menyaksikan kerajinan tangan tradisional dan berinteraksi langsung dengan warga setempat.",Budaya,Situs Sejarah,Kerinci,5000,4.2,60.0,"{'lat': -2.052151, 'lng': 101.539226}",-2.052151,101.539226,Jambi,budaya,5000.0,4.2,1,1,0,0,0,1,0.5,budaya|edukasi|fotografi|sejarah
284,Jembatan Pedestrian Gentala Arasy,"Jembatan Pedestrian Gentala Arasy di Sarolangun, Jambi. Kompleks bangunan bersejarah dan desa adat yang mempertahankan adat istiadat turun-temurun dengan ramah. Wisatawan dapat menyaksikan kerajinan tangan tradisional dan berinteraksi langsung dengan warga setempat.",Budaya,Situs Sejarah,Sarolangun,10000,4.2,60.0,"{'lat': -2.289544, 'lng': 102.615437}",-2.289544,102.615437,Jambi,budaya,10000.0,4.2,1,1,1,0,1,1,0.8333,budaya|edukasi|fotografi|sejarah
285,Museum Siginjai Jambi,"Museum Siginjai Jambi di Merangin, Jambi. Kompleks bangunan bersejarah dan desa adat yang mempertahankan adat istiadat turun-temurun dengan ramah. Wisatawan dapat menyaksikan kerajinan tangan tradisional dan berinteraksi langsung dengan warga setempat.",Budaya,Museum,Merangin,20000,4.2,60.0,"{'lat': -2.215288, 'lng': 102.23302}",-2.215288,102.23302,Jambi,budaya,20000.0,4.2,1,1,1,0,0,1,0.6667,budaya|edukasi|fotografi|sejarah
286,Rumah Batu Olak Kemang,"Rumah Batu Olak Kemang di Batanghari, Jambi. Situs cagar budaya bersejarah yang sarat dengan nilai tradisi leluhur, arsitektur arca dan bangunan tradisional yang otentik. Dilengkapi pemandu wisata budaya, museum informasi sejarah, dan pertunjukan seni berkala.",Budaya,Situs Sejarah,Batanghari,5000,4.8,60.0,"{'lat': -1.768021, 'lng': 103.138198}",-1.768021,103.138198,Jambi,budaya,5000.0,4.8,1,1,1,1,0,1,0.8333,budaya|edukasi|fotografi|sejarah
287,Desa Adat Lempur Kerinci,"Desa Adat Lempur Kerinci di Tanjung Jabung Timur, Jambi. Situs cagar budaya bersejarah yang sarat dengan nilai tradisi leluhur, arsitektur arca dan bangunan tradisional yang otentik. Dilengkapi pemandu wisata budaya, museum informasi sejarah, dan pertunjukan seni berkala.",Budaya,Desa Adat,Tanjung Jabung Timur,15000,4.6,90.0,"{'lat': -1.240418, 'lng': 103.830193}",-1.240418,103.830193,Jambi,budaya,15000.0,4.6,1,1,1,1,0,1,0.8333,budaya|edukasi|fotografi|sejarah
288,Makam Orang Kayo Hitam,"Makam Orang Kayo Hitam di Tanjung Jabung Barat, Jambi. Destinasi wisata sejarah dan kearifan lokal yang memperlihatkan warisan peradaban masa lampau melalui koleksi artefak berharga. Tempat ideal untuk belajar mengenai perjuangan bangsa dan filosofi adat masyarakat.",Budaya,Situs Sejarah,Tanjung Jabung Barat,5000,4.2,60.0,"{'lat': -1.060781, 'lng': 103.328069}",-1.060781,103.328069,Jambi,budaya,5000.0,4.2,1,1,1,1,0,1,0.8333,budaya|edukasi|fotografi|sejarah
289,Desa Wisata Muara Jangga,"Desa Wisata Muara Jangga di Kota Jambi, Jambi. Destinasi wisata sejarah dan kearifan lokal yang memperlihatkan warisan peradaban masa lampau melalui koleksi artefak berharga. Tempat ideal untuk belajar mengenai perjuangan bangsa dan filosofi adat masyarakat.",Budaya,Desa Adat,Kota Jambi,20000,4.8,120.0,"{'lat': -1.649344, 'lng': 103.586811}",-1.649344,103.586811,Jambi,budaya,20000.0,4.8,1,1,1,1,0,1,0.8333,budaya|edukasi|fotografi|sejarah
290,Taman Rimba Zoo Jambi,"Taman Rimba Zoo Jambi di Kerinci, Jambi. Taman rekreasi modern keluarga yang menghadirkan beragam wahana permainan seru, atraksi air, serta pertunjukan tematik interaktif. Memiliki fasilitas lengkap seperti food court, musala yang nyaman, toilet bersih, dan area parkir luas.",Taman Hiburan,Taman Rekreasi,Kerinci,50000,4.9,180.0,"{'lat': -2.081047, 'lng': 101.463404}",-2.081047,101.463404,Jambi,hiburan,50000.0,4.9,1,1,1,1,1,1,1.0,edukasi|fotografi|rekreasi_keluarga
291,Kampoeng Radja Jambi,"Kampoeng Radja Jambi di Kerinci, Jambi. Destinasi hiburan terpadu dengan spot swafoto kekinian yang estetik, wahana edukasi anak, dan ruang terbuka hijau yang ramah keluarga. Menjadi tempat favorit untuk berekreasi bersama anak-anak di akhir pekan.",Taman Hiburan,Taman Rekreasi,Kerinci,75000,4.2,150.0,"{'lat': -2.049367, 'lng': 101.514754}",-2.049367,101.514754,Jambi,hiburan,75000.0,4.2,1,1,1,1,1,1,1.0,edukasi|fotografi|rekreasi_keluarga
292,Taman Wisata Air Kito,"Taman Wisata Air Kito di Merangin, Jambi. Destinasi hiburan terpadu dengan spot swafoto kekinian yang estetik, wahana edukasi anak, dan ruang terbuka hijau yang ramah keluarga. Menjadi tempat favorit untuk berekreasi bersama anak-anak di akhir pekan.",Taman Hiburan,Taman Rekreasi,Merangin,50000,4.8,120.0,"{'lat': -2.288747, 'lng': 102.176573}",-2.288747,102.176573,Jambi,hiburan,50000.0,4.8,1,1,1,1,1,1,1.0,edukasi|fotografi|rekreasi_keluarga
293,Jambi Paradise,"Jambi Paradise di Tanjung Jabung Barat, Jambi. Kawasan rekreasi bertema dengan wahana pemacu adrenalin, kolam renang bergelombang, serta taman bermain anak yang aman. Dilengkapi staf pengawas keselamatan dan berbagai tenant kuliner lezat.",Taman Hiburan,Taman Rekreasi,Tanjung Jabung Barat,100000,4.7,240.0,"{'lat': -1.127004, 'lng': 103.329238}",-1.127004,103.329238,Jambi,hiburan,100000.0,4.7,1,1,1,1,1,1,1.0,edukasi|fotografi|rekreasi_keluarga
294,Pasar Angso Duo Jambi,"Pasar Angso Duo Jambi di Kerinci, Jambi. Kawasan pertokoan dan pasar seni yang menyajikan ragam cinderamata unik karya perajin lokal dari berbagai penjuru daerah. Selalu ramai dikunjungi wisatawan yang ingin membawa kenang-kenangan autentik.",Pusat Perbelanjaan,Pasar Tradisional,Kerinci,0,4.3,120.0,"{'lat': -2.112104, 'lng': 101.539078}",-2.112104,101.539078,Jambi,belanja,0.0,4.3,1,1,1,1,1,0,0.8333,belanja|budaya|kuliner
295,Sentra Batik Jambi Sebrang,"Sentra Batik Jambi Sebrang di Tanjung Jabung Barat, Jambi. Kawasan pertokoan dan pasar seni yang menyajikan ragam cinderamata unik karya perajin lokal dari berbagai penjuru daerah. Selalu ramai dikunjungi wisatawan yang ingin membawa kenang-kenangan autentik.",Pusat Perbelanjaan,Sentra Kerajinan,Tanjung Jabung Barat,0,4.7,120.0,"{'lat': -1.105033, 'lng': 103.377094}",-1.105033,103.377094,Jambi,belanja,0.0,4.7,1,1,1,1,1,0,0.8333,belanja|budaya|kuliner
296,Sentra Kopi Arabika Kerinci,"Sentra Kopi Arabika Kerinci di Bungo, Jambi. Sentra kuliner dan suvenir ikonik yang menyediakan aneka buah tangan khas Nusantara berkualitas tinggi. Dilengkapi area parkir kendaraan wisata, gerai anjungan tunai mandiri (ATM), dan mushola.",Pusat Perbelanjaan,Sentra Kerajinan,Bungo,0,4.6,90.0,"{'lat': -1.478116, 'lng': 101.96237}",-1.478116,101.96237,Jambi,belanja,0.0,4.6,1,1,1,0,1,1,0.8333,belanja|budaya|kuliner
297,Sentra Dodol Kentang Siulak,"Sentra Dodol Kentang Siulak di Kota Jambi, Jambi. Kawasan pertokoan dan pasar seni yang menyajikan ragam cinderamata unik karya perajin lokal dari berbagai penjuru daerah. Selalu ramai dikunjungi wisatawan yang ingin membawa kenang-kenangan autentik.",Pusat Perbelanjaan,Sentra Kerajinan,Kota Jambi,0,4.8,60.0,"{'lat': -1.620066, 'lng': 103.587959}",-1.620066,103.587959,Jambi,belanja,0.0,4.8,1,1,1,0,1,0,0.6667,belanja|budaya|kuliner
298,Masjid Agung Al-Falah Seribu Tiang,"Masjid Agung Al-Falah Seribu Tiang di Sarolangun, Jambi. Tempat ibadah cagar budaya dengan ornamen seni pahat antik dan sejarah pendirian yang menginspirasi. Terbuka bagi pengunjung yang ingin berdoa maupun mengagumi keindahan karya arsitektur Nusantara.",Tempat Ibadah,Masjid,Sarolangun,0,4.8,90.0,"{'lat': -2.334119, 'lng': 102.631438}",-2.334119,102.631438,Jambi,religi,0.0,4.8,1,1,0,1,1,0,0.6667,budaya|religi|sejarah
299,Menara Gentala Arasy Jambi,"Menara Gentala Arasy Jambi di Tanjung Jabung Barat, Jambi. Ikon wisata religi yang terkenal dengan kedamaian suasananya, toleransi antarwarga, serta kubah atau menara yang menjulang indah. Menjadi tempat ziarah sekaligus edukasi spiritual bagi masyarakat luas.",Tempat Ibadah,Tempat Ibadah,Tanjung Jabung Barat,0,4.6,60.0,"{'lat': -1.111144, 'lng': 103.317322}",-1.111144,103.317322,Jambi,religi,0.0,4.6,1,1,1,1,1,0,0.8333,budaya|religi|sejarah
300,Masjid Keramat Pulau Tengah Kerinci,"Masjid Keramat Pulau Tengah Kerinci di Tanjung Jabung Barat, Jambi. Bangunan keagamaan bersejarah dengan arsitektur megah dan penuh nilai filosofis spiritual tinggi. Menyediakan sarana ibadah yang bersih dan khusyuk, pelataran yang teduh dan asri, serta toilet wudhu yang terawat.",Tempat Ibadah,Masjid,Tanjung Jabung Barat,0,4.8,45.0,"{'lat': -1.133016, 'lng': 103.344478}",-1.133016,103.344478,Jambi,religi,0.0,4.8,1,1,0,1,1,1,0.8333,budaya|religi|sejarah
301,Pantai Tanjung Carat Banyuasin,"Pantai Tanjung Carat Banyuasin di Kota Palembang, Sumatera Selatan. Pantai eksotis dengan air laut jernih dan deretan pohon kelapa yang rindang. Menjadi lokasi favorit wisatawan untuk bersantai, bermain air bersama keluarga, berswafoto, serta menikmati kelapa muda segar di tepi pantai.",Pantai,Pantai,Kota Palembang,20000,4.2,180.0,"{'lat': -2.983146, 'lng': 104.779255}",-2.983146,104.779255,Sumatera Selatan,bahari,20000.0,4.2,1,1,1,1,0,0,0.6667,berenang|fotografi|kuliner|pantai|rekreasi_keluarga
302,Pantai Pasir Payung Sungsang,"Pantai Pasir Payung Sungsang di Kota Lubuklinggau, Sumatera Selatan. Destinasi wisata pesisir dengan hamparan pasir bersih, deburan ombak yang menenangkan, serta panorama matahari terbenam yang memukau. Dilengkapi fasilitas warung makan seafood lokal, area parkir, toilet umum, dan persewaan payung pantai.",Pantai,Pantai,Kota Lubuklinggau,10000,4.4,240.0,"{'lat': -3.251209, 'lng': 102.899117}",-3.251209,102.899117,Sumatera Selatan,bahari,10000.0,4.4,1,1,1,1,0,0,0.6667,berenang|fotografi|kuliner|pantai|rekreasi_keluarga
303,Pantai Pulau Kemaro Sungai Musi,"Pantai Pulau Kemaro Sungai Musi di Muara Enim, Sumatera Selatan. Pantai eksotis dengan air laut jernih dan deretan pohon kelapa yang rindang. Menjadi lokasi favorit wisatawan untuk bersantai, bermain air bersama keluarga, berswafoto, serta menikmati kelapa muda segar di tepi pantai.",Pantai,Pantai,Muara Enim,20000,4.6,240.0,"{'lat': -3.65055, 'lng': 103.748361}",-3.65055,103.748361,Sumatera Selatan,bahari,20000.0,4.6,1,1,1,1,0,0,0.6667,alam|berenang|fotografi|kuliner|pantai|rekreasi_keluarga
304,Pantai Danau Ranau Banding Agung,"Pantai Danau Ranau Banding Agung di Banyuasin, Sumatera Selatan. Pantai eksotis dengan air laut jernih dan deretan pohon kelapa yang rindang. Menjadi lokasi favorit wisatawan untuk bersantai, bermain air bersama keluarga, berswafoto, serta menikmati kelapa muda segar di tepi pantai.",Pantai,Pantai,Banyuasin,30000,4.9,150.0,"{'lat': -2.903164, 'lng': 104.363027}",-2.903164,104.363027,Sumatera Selatan,bahari,30000.0,4.9,1,1,1,1,0,0,0.6667,alam|berenang|fotografi|kuliner|pantai|rekreasi_keluarga
305,Pantai Pelangi Danau Ranau,"Pantai Pelangi Danau Ranau di Kota Palembang, Sumatera Selatan. Pantai eksotis dengan air laut jernih dan deretan pohon kelapa yang rindang. Menjadi lokasi favorit wisatawan untuk bersantai, bermain air bersama keluarga, berswafoto, serta menikmati kelapa muda segar di tepi pantai.",Pantai,Pantai,Kota Palembang,25000,4.8,180.0,"{'lat': -2.954994, 'lng': 104.743077}",-2.954994,104.743077,Sumatera Selatan,bahari,25000.0,4.8,1,1,1,1,0,1,0.8333,alam|berenang|fotografi|kuliner|pantai|rekreasi_keluarga
306,Pantai Bidadari Danau Ranau,"Pantai Bidadari Danau Ranau di Lahat, Sumatera Selatan. Kawasan pantai dengan keindahan garis pantai memanjang, batuan karang yang menawan, serta angin sepoi-sepoi yang menyegarkan. Sangat cocok untuk aktivitas rekreasi, jalan santai di tepi air, dan piknik sore hari.",Pantai,Pantai,Lahat,10000,4.6,180.0,"{'lat': -3.754539, 'lng': 103.571238}",-3.754539,103.571238,Sumatera Selatan,bahari,10000.0,4.6,1,1,1,1,1,0,0.8333,alam|berenang|fotografi|kuliner|pantai|rekreasi_keluarga
307,Pantai Supat Barat Muba,"Pantai Supat Barat Muba di Kota Lubuklinggau, Sumatera Selatan. Kawasan pantai dengan keindahan garis pantai memanjang, batuan karang yang menawan, serta angin sepoi-sepoi yang menyegarkan. Sangat cocok untuk aktivitas rekreasi, jalan santai di tepi air, dan piknik sore hari.",Pantai,Pantai,Kota Lubuklinggau,15000,4.6,240.0,"{'lat': -3.298165, 'lng': 102.903866}",-3.298165,102.903866,Sumatera Selatan,bahari,15000.0,4.6,1,1,1,1,1,0,0.8333,berenang|fotografi|kuliner|pantai|rekreasi_keluarga
308,Pantai Sinjar Musi Banyuasin,"Pantai Sinjar Musi Banyuasin di Banyuasin, Sumatera Selatan. Kawasan pantai dengan keindahan garis pantai memanjang, batuan karang yang menawan, serta angin sepoi-sepoi yang menyegarkan. Sangat cocok untuk aktivitas rekreasi, jalan santai di tepi air, dan piknik sore hari.",Pantai,Pantai,Banyuasin,15000,4.3,150.0,"{'lat': -2.900876, 'lng': 104.406169}",-2.900876,104.406169,Sumatera Selatan,bahari,15000.0,4.3,1,1,1,1,1,0,0.8333,berenang|fotografi|kuliner|pantai|rekreasi_keluarga
309,Pantai Air Salek,"Pantai Air Salek di OKU Baturaja, Sumatera Selatan. Pantai eksotis dengan air laut jernih dan deretan pohon kelapa yang rindang. Menjadi lokasi favorit wisatawan untuk bersantai, bermain air bersama keluarga, berswafoto, serta menikmati kelapa muda segar di tepi pantai.",Pantai,Pantai,OKU Baturaja,30000,4.9,150.0,"{'lat': -4.111891, 'lng': 104.128853}",-4.111891,104.128853,Sumatera Selatan,bahari,30000.0,4.9,1,1,1,1,1,1,1.0,berenang|fotografi|kuliner|pantai|rekreasi_keluarga
310,Pantai Muara Sugihan,"Pantai Muara Sugihan di Kota Lubuklinggau, Sumatera Selatan. Kawasan pantai dengan keindahan garis pantai memanjang, batuan karang yang menawan, serta angin sepoi-sepoi yang menyegarkan. Sangat cocok untuk aktivitas rekreasi, jalan santai di tepi air, dan piknik sore hari.",Pantai,Pantai,Kota Lubuklinggau,20000,4.9,150.0,"{'lat': -3.317767, 'lng': 102.894523}",-3.317767,102.894523,Sumatera Selatan,bahari,20000.0,4.9,1,1,1,1,0,0,0.6667,berenang|fotografi|kuliner|pantai|rekreasi_keluarga
311,Pantai Sembilang Laut,"Pantai Sembilang Laut di Kota Pagar Alam, Sumatera Selatan. Kawasan pantai dengan keindahan garis pantai memanjang, batuan karang yang menawan, serta angin sepoi-sepoi yang menyegarkan. Sangat cocok untuk aktivitas rekreasi, jalan santai di tepi air, dan piknik sore hari.",Pantai,Pantai,Kota Pagar Alam,20000,4.3,240.0,"{'lat': -4.044369, 'lng': 103.26055}",-4.044369,103.26055,Sumatera Selatan,bahari,20000.0,4.3,1,1,1,1,0,0,0.6667,berenang|fotografi|kuliner|pantai|rekreasi_keluarga
312,Pantai Tanjung Menjangan,"Pantai Tanjung Menjangan di Banyuasin, Sumatera Selatan. Pantai eksotis dengan air laut jernih dan deretan pohon kelapa yang rindang. Menjadi lokasi favorit wisatawan untuk bersantai, bermain air bersama keluarga, berswafoto, serta menikmati kelapa muda segar di tepi pantai.",Pantai,Pantai,Banyuasin,30000,4.8,120.0,"{'lat': -2.882771, 'lng': 104.416931}",-2.882771,104.416931,Sumatera Selatan,bahari,30000.0,4.8,1,1,1,1,1,1,1.0,berenang|fotografi|kuliner|pantai|rekreasi_keluarga
313,Pantai Pasir Putih Sukapindah,"Pantai Pasir Putih Sukapindah di Kota Pagar Alam, Sumatera Selatan. Destinasi wisata pesisir dengan hamparan pasir bersih, deburan ombak yang menenangkan, serta panorama matahari terbenam yang memukau. Dilengkapi fasilitas warung makan seafood lokal, area parkir, toilet umum, dan persewaan payung pantai.",Pantai,Pantai,Kota Pagar Alam,5000,4.5,180.0,"{'lat': -4.009194, 'lng': 103.299852}",-4.009194,103.299852,Sumatera Selatan,bahari,5000.0,4.5,1,1,1,1,1,0,0.8333,berenang|fotografi|kuliner|pantai|rekreasi_keluarga
314,Pantai Alur Betung,"Pantai Alur Betung di Kota Pagar Alam, Sumatera Selatan. Destinasi wisata pesisir dengan hamparan pasir bersih, deburan ombak yang menenangkan, serta panorama matahari terbenam yang memukau. Dilengkapi fasilitas warung makan seafood lokal, area parkir, toilet umum, dan persewaan payung pantai.",Pantai,Pantai,Kota Pagar Alam,20000,4.7,240.0,"{'lat': -3.978011, 'lng': 103.280898}",-3.978011,103.280898,Sumatera Selatan,bahari,20000.0,4.7,1,1,1,1,0,0,0.6667,berenang|fotografi|kuliner|pantai|rekreasi_keluarga
315,Gunung Dempo Pagar Alam,"Gunung Dempo Pagar Alam di Muara Enim, Sumatera Selatan. Puncak bukit dan pegunungan dengan pemandangan lanskap hijau membentang sejauh mata memandang. Menawarkan pengalaman menikmati golden sunrise, udara bersih bebas polusi, dan spot foto alam yang memesona.",Gunung,Gunung,Muara Enim,35000,4.5,360.0,"{'lat': -3.649146, 'lng': 103.784804}",-3.649146,103.784804,Sumatera Selatan,alam,35000.0,4.5,1,1,1,0,1,1,0.8333,camping|fotografi|gunung|hiking
316,Bukit Serelo Jempol Lahat,"Bukit Serelo Jempol Lahat di Ogan Ilir, Sumatera Selatan. Puncak bukit dan pegunungan dengan pemandangan lanskap hijau membentang sejauh mata memandang. Menawarkan pengalaman menikmati golden sunrise, udara bersih bebas polusi, dan spot foto alam yang memesona.",Gunung,Perbukitan,Ogan Ilir,10000,4.9,180.0,"{'lat': -3.433263, 'lng': 104.637597}",-3.433263,104.637597,Sumatera Selatan,alam,10000.0,4.9,1,1,1,1,1,0,0.8333,camping|fotografi|gunung|hiking
317,Gunung Patah Sumsel,"Gunung Patah Sumsel di Kota Pagar Alam, Sumatera Selatan. Destinasi wisata pegunungan berhawa sejuk dengan jalur pendakian yang menantang dan panorama lautan awan yang spektakuler saat fajar. Tersedia pos peristirahatan, warung logistik pendaki, area perkemahan, dan pemandu lokal.",Gunung,Gunung,Kota Pagar Alam,20000,4.7,360.0,"{'lat': -3.981446, 'lng': 103.238034}",-3.981446,103.238034,Sumatera Selatan,alam,20000.0,4.7,1,1,1,1,0,0,0.6667,camping|fotografi|gunung|hiking
318,Bukit Siguntang Palembang,"Bukit Siguntang Palembang di Musi Banyuasin, Sumatera Selatan. Kawasan dataran tinggi dan lereng gunung yang asri dengan pemandangan perbukitan hijau dan kawah eksotis. Sangat ideal untuk petualangan alam terbuka, hiking santai, perkemahan keluarga, dan melepas penat.",Gunung,Perbukitan,Musi Banyuasin,10000,4.6,180.0,"{'lat': -2.86554, 'lng': 103.829496}",-2.86554,103.829496,Sumatera Selatan,alam,10000.0,4.6,1,1,1,0,1,1,0.8333,camping|fotografi|gunung|hiking
319,Bukit Besak Lahat,"Bukit Besak Lahat di Kota Pagar Alam, Sumatera Selatan. Kawasan dataran tinggi dan lereng gunung yang asri dengan pemandangan perbukitan hijau dan kawah eksotis. Sangat ideal untuk petualangan alam terbuka, hiking santai, perkemahan keluarga, dan melepas penat.",Gunung,Perbukitan,Kota Pagar Alam,50000,4.5,240.0,"{'lat': -4.002529, 'lng': 103.239848}",-4.002529,103.239848,Sumatera Selatan,alam,50000.0,4.5,1,1,1,0,0,1,0.6667,camping|fotografi|gunung|hiking
320,Puncak Rimba Candi,"Puncak Rimba Candi di Muara Enim, Sumatera Selatan. Puncak bukit dan pegunungan dengan pemandangan lanskap hijau membentang sejauh mata memandang. Menawarkan pengalaman menikmati golden sunrise, udara bersih bebas polusi, dan spot foto alam yang memesona.",Gunung,Perbukitan,Muara Enim,15000,4.4,360.0,"{'lat': -3.671452, 'lng': 103.775704}",-3.671452,103.775704,Sumatera Selatan,alam,15000.0,4.4,1,1,1,0,1,0,0.6667,camping|edukasi|fotografi|gunung|hiking|sejarah
321,Bukit Sulap Lubuklinggau,"Bukit Sulap Lubuklinggau di Kota Palembang, Sumatera Selatan. Puncak bukit dan pegunungan dengan pemandangan lanskap hijau membentang sejauh mata memandang. Menawarkan pengalaman menikmati golden sunrise, udara bersih bebas polusi, dan spot foto alam yang memesona.",Gunung,Perbukitan,Kota Palembang,50000,4.5,240.0,"{'lat': -2.983524, 'lng': 104.747607}",-2.983524,104.747607,Sumatera Selatan,alam,50000.0,4.5,1,1,1,1,1,0,0.8333,camping|fotografi|gunung|hiking
322,Bukit Gajah Lahat,"Bukit Gajah Lahat di OKU Baturaja, Sumatera Selatan. Destinasi wisata pegunungan berhawa sejuk dengan jalur pendakian yang menantang dan panorama lautan awan yang spektakuler saat fajar. Tersedia pos peristirahatan, warung logistik pendaki, area perkemahan, dan pemandu lokal.",Gunung,Perbukitan,OKU Baturaja,15000,4.7,300.0,"{'lat': -4.16516, 'lng': 104.196458}",-4.16516,104.196458,Sumatera Selatan,alam,15000.0,4.7,1,1,1,1,0,1,0.8333,camping|fotografi|gunung|hiking
323,Puncak Perkebunan Teh Pagar Alam,"Puncak Perkebunan Teh Pagar Alam di Kota Palembang, Sumatera Selatan. Kawasan dataran tinggi dan lereng gunung yang asri dengan pemandangan perbukitan hijau dan kawah eksotis. Sangat ideal untuk petualangan alam terbuka, hiking santai, perkemahan keluarga, dan melepas penat.",Gunung,Perbukitan,Kota Palembang,35000,4.8,360.0,"{'lat': -2.988683, 'lng': 104.767629}",-2.988683,104.767629,Sumatera Selatan,alam,35000.0,4.8,1,1,1,0,0,0,0.5,camping|fotografi|gunung|hiking
324,Bukit Cogong Musi Rawas,"Bukit Cogong Musi Rawas di Lahat, Sumatera Selatan. Puncak bukit dan pegunungan dengan pemandangan lanskap hijau membentang sejauh mata memandang. Menawarkan pengalaman menikmati golden sunrise, udara bersih bebas polusi, dan spot foto alam yang memesona.",Gunung,Perbukitan,Lahat,20000,4.3,240.0,"{'lat': -3.809498, 'lng': 103.547187}",-3.809498,103.547187,Sumatera Selatan,alam,20000.0,4.3,1,1,1,0,0,0,0.5,camping|fotografi|gunung|hiking
325,Danau Ranau Sumsel,"Danau Ranau Sumsel di Musi Banyuasin, Sumatera Selatan. Wisata alam edukatif berbalut udara segar hutan tropis, aliran sungai yang jernih, serta air terjun bertingkat yang menyejukkan. Pilihan utama untuk riset keanekaragaman hayati dan ekowisata ramah lingkungan.",Cagar Alam,Danau,Musi Banyuasin,25000,4.4,180.0,"{'lat': -2.867825, 'lng': 103.834166}",-2.867825,103.834166,Sumatera Selatan,alam,25000.0,4.4,1,1,1,0,1,1,0.8333,alam|edukasi|fotografi|hiking|rekreasi_keluarga
326,Air Terjun Curup Tenang Bedegung,"Air Terjun Curup Tenang Bedegung di Muara Enim, Sumatera Selatan. Wisata alam edukatif berbalut udara segar hutan tropis, aliran sungai yang jernih, serta air terjun bertingkat yang menyejukkan. Pilihan utama untuk riset keanekaragaman hayati dan ekowisata ramah lingkungan.",Cagar Alam,Air Terjun,Muara Enim,15000,4.4,180.0,"{'lat': -3.634525, 'lng': 103.794921}",-3.634525,103.794921,Sumatera Selatan,alam,15000.0,4.4,1,1,1,0,0,1,0.6667,alam|edukasi|fotografi|hiking|rekreasi_keluarga
327,Taman Nasional Sembilang,"Taman Nasional Sembilang di Ogan Ilir, Sumatera Selatan. Kawasan konservasi alam yang asri dan terlindungi dengan keanekaragaman flora dan fauna tropis endemik. Dilengkapi jalur trekking kayu yang tertata rapi, gazebo istirahat, pusat informasi lingkungan, dan toilet pengunjung.",Cagar Alam,Taman Nasional,Ogan Ilir,20000,4.2,180.0,"{'lat': -3.43722, 'lng': 104.614289}",-3.43722,104.614289,Sumatera Selatan,alam,20000.0,4.2,1,1,1,0,0,1,0.6667,edukasi|fotografi|hiking|rekreasi_keluarga
328,Air Terjun Lematang Indah,"Air Terjun Lematang Indah di Musi Banyuasin, Sumatera Selatan. Objek wisata alam dengan formasi tebing batuan alami, gua karst purba, serta telaga yang jernih dan tenang. Suasana alam yang tenang memberikan kesegaran pikiran bagi pengunjung yang mencintai ketenangan alam.",Cagar Alam,Air Terjun,Musi Banyuasin,25000,4.9,180.0,"{'lat': -2.878373, 'lng': 103.845546}",-2.878373,103.845546,Sumatera Selatan,alam,25000.0,4.9,1,1,1,1,0,1,0.8333,alam|edukasi|fotografi|hiking|rekreasi_keluarga
329,Air Terjun Temam Lubuklinggau,"Air Terjun Temam Lubuklinggau di Muara Enim, Sumatera Selatan. Wisata alam edukatif berbalut udara segar hutan tropis, aliran sungai yang jernih, serta air terjun bertingkat yang menyejukkan. Pilihan utama untuk riset keanekaragaman hayati dan ekowisata ramah lingkungan.",Cagar Alam,Air Terjun,Muara Enim,15000,4.6,90.0,"{'lat': -3.683386, 'lng': 103.745769}",-3.683386,103.745769,Sumatera Selatan,alam,15000.0,4.6,1,1,1,0,0,1,0.6667,alam|edukasi|fotografi|hiking|rekreasi_keluarga
330,Danau Shuji Lembak,"Danau Shuji Lembak di Muara Enim, Sumatera Selatan. Wisata alam edukatif berbalut udara segar hutan tropis, aliran sungai yang jernih, serta air terjun bertingkat yang menyejukkan. Pilihan utama untuk riset keanekaragaman hayati dan ekowisata ramah lingkungan.",Cagar Alam,Danau,Muara Enim,25000,4.3,90.0,"{'lat': -3.627541, 'lng': 103.788552}",-3.627541,103.788552,Sumatera Selatan,alam,25000.0,4.3,1,1,1,1,1,1,1.0,alam|edukasi|fotografi|hiking|rekreasi_keluarga
331,Air Terjun Cuhup Maung,"Air Terjun Cuhup Maung di Musi Banyuasin, Sumatera Selatan. Wisata alam edukatif berbalut udara segar hutan tropis, aliran sungai yang jernih, serta air terjun bertingkat yang menyejukkan. Pilihan utama untuk riset keanekaragaman hayati dan ekowisata ramah lingkungan.",Cagar Alam,Air Terjun,Musi Banyuasin,10000,4.9,120.0,"{'lat': -2.893951, 'lng': 103.859109}",-2.893951,103.859109,Sumatera Selatan,alam,10000.0,4.9,1,1,1,0,1,1,0.8333,alam|edukasi|fotografi|hiking|rekreasi_keluarga
332,Kawasan Megalitikum Lahat,"Kawasan Megalitikum Lahat di Lahat, Sumatera Selatan. Wisata alam edukatif berbalut udara segar hutan tropis, aliran sungai yang jernih, serta air terjun bertingkat yang menyejukkan. Pilihan utama untuk riset keanekaragaman hayati dan ekowisata ramah lingkungan.",Cagar Alam,Taman Nasional,Lahat,10000,4.9,150.0,"{'lat': -3.763192, 'lng': 103.517117}",-3.763192,103.517117,Sumatera Selatan,alam,10000.0,4.9,1,1,1,1,0,1,0.8333,edukasi|fotografi|hiking|rekreasi_keluarga
333,Jembatan Ampera Palembang,"Jembatan Ampera Palembang di Banyuasin, Sumatera Selatan. Kompleks bangunan bersejarah dan desa adat yang mempertahankan adat istiadat turun-temurun dengan ramah. Wisatawan dapat menyaksikan kerajinan tangan tradisional dan berinteraksi langsung dengan warga setempat.",Budaya,Situs Sejarah,Banyuasin,10000,4.5,120.0,"{'lat': -2.854077, 'lng': 104.352691}",-2.854077,104.352691,Sumatera Selatan,budaya,10000.0,4.5,1,1,1,1,1,1,1.0,budaya|edukasi|fotografi|sejarah
334,Benteng Kuto Besak Palembang,"Benteng Kuto Besak Palembang di Kota Lubuklinggau, Sumatera Selatan. Kompleks bangunan bersejarah dan desa adat yang mempertahankan adat istiadat turun-temurun dengan ramah. Wisatawan dapat menyaksikan kerajinan tangan tradisional dan berinteraksi langsung dengan warga setempat.",Budaya,Benteng,Kota Lubuklinggau,10000,4.5,60.0,"{'lat': -3.289047, 'lng': 102.875992}",-3.289047,102.875992,Sumatera Selatan,budaya,10000.0,4.5,1,1,1,0,0,1,0.6667,budaya|edukasi|fotografi|sejarah
335,Pulau Kemaro Pagoda,"Pulau Kemaro Pagoda di Kota Pagar Alam, Sumatera Selatan. Kompleks bangunan bersejarah dan desa adat yang mempertahankan adat istiadat turun-temurun dengan ramah. Wisatawan dapat menyaksikan kerajinan tangan tradisional dan berinteraksi langsung dengan warga setempat.",Budaya,Situs Sejarah,Kota Pagar Alam,15000,4.6,120.0,"{'lat': -4.030808, 'lng': 103.283024}",-4.030808,103.283024,Sumatera Selatan,budaya,15000.0,4.6,1,1,1,0,1,1,0.8333,budaya|edukasi|fotografi|sejarah
336,Museum Balaputradeva Rumah Limas,"Museum Balaputradeva Rumah Limas di Banyuasin, Sumatera Selatan. Situs cagar budaya bersejarah yang sarat dengan nilai tradisi leluhur, arsitektur arca dan bangunan tradisional yang otentik. Dilengkapi pemandu wisata budaya, museum informasi sejarah, dan pertunjukan seni berkala.",Budaya,Museum,Banyuasin,15000,4.4,120.0,"{'lat': -2.890372, 'lng': 104.348043}",-2.890372,104.348043,Sumatera Selatan,budaya,15000.0,4.4,1,1,0,1,1,1,0.8333,budaya|edukasi|fotografi|sejarah
337,Taman Purbakala Kerajaan Sriwijaya,"Taman Purbakala Kerajaan Sriwijaya di Musi Banyuasin, Sumatera Selatan. Kompleks bangunan bersejarah dan desa adat yang mempertahankan adat istiadat turun-temurun dengan ramah. Wisatawan dapat menyaksikan kerajinan tangan tradisional dan berinteraksi langsung dengan warga setempat.",Budaya,Situs Sejarah,Musi Banyuasin,20000,4.4,120.0,"{'lat': -2.862382, 'lng': 103.847399}",-2.862382,103.847399,Sumatera Selatan,budaya,20000.0,4.4,1,1,0,1,0,1,0.6667,budaya|edukasi|fotografi|sejarah
338,Rumah Adat Baghi Pagar Alam,"Rumah Adat Baghi Pagar Alam di Lahat, Sumatera Selatan. Kompleks bangunan bersejarah dan desa adat yang mempertahankan adat istiadat turun-temurun dengan ramah. Wisatawan dapat menyaksikan kerajinan tangan tradisional dan berinteraksi langsung dengan warga setempat.",Budaya,Situs Sejarah,Lahat,5000,4.8,120.0,"{'lat': -3.77261, 'lng': 103.56371}",-3.77261,103.56371,Sumatera Selatan,budaya,5000.0,4.8,1,1,0,1,0,1,0.6667,budaya|edukasi|fotografi|sejarah
339,Kampung Arab Al-Munawar,"Kampung Arab Al-Munawar di Kota Lubuklinggau, Sumatera Selatan. Destinasi wisata sejarah dan kearifan lokal yang memperlihatkan warisan peradaban masa lampau melalui koleksi artefak berharga. Tempat ideal untuk belajar mengenai perjuangan bangsa dan filosofi adat masyarakat.",Budaya,Desa Adat,Kota Lubuklinggau,5000,4.3,120.0,"{'lat': -3.24728, 'lng': 102.852883}",-3.24728,102.852883,Sumatera Selatan,budaya,5000.0,4.3,1,1,1,1,1,1,1.0,budaya|edukasi|fotografi|sejarah
340,Jakabaring Sport City Palembang,"Jakabaring Sport City Palembang di Kota Pagar Alam, Sumatera Selatan. Destinasi hiburan terpadu dengan spot swafoto kekinian yang estetik, wahana edukasi anak, dan ruang terbuka hijau yang ramah keluarga. Menjadi tempat favorit untuk berekreasi bersama anak-anak di akhir pekan.",Taman Hiburan,Taman Rekreasi,Kota Pagar Alam,100000,4.5,240.0,"{'lat': -3.993046, 'lng': 103.258517}",-3.993046,103.258517,Sumatera Selatan,hiburan,100000.0,4.5,1,1,1,1,1,1,1.0,edukasi|fotografi|rekreasi_keluarga
341,Amanzi Waterpark Palembang,"Amanzi Waterpark Palembang di Kota Prabumulih, Sumatera Selatan. Destinasi hiburan terpadu dengan spot swafoto kekinian yang estetik, wahana edukasi anak, dan ruang terbuka hijau yang ramah keluarga. Menjadi tempat favorit untuk berekreasi bersama anak-anak di akhir pekan.",Taman Hiburan,Waterpark,Kota Prabumulih,150000,4.4,240.0,"{'lat': -3.447471, 'lng': 104.215987}",-3.447471,104.215987,Sumatera Selatan,hiburan,150000.0,4.4,1,1,1,1,1,1,1.0,edukasi|fotografi|rekreasi_keluarga
342,Punti Kayu Forest Park,"Punti Kayu Forest Park di OKU Baturaja, Sumatera Selatan. Taman rekreasi modern keluarga yang menghadirkan beragam wahana permainan seru, atraksi air, serta pertunjukan tematik interaktif. Memiliki fasilitas lengkap seperti food court, musala yang nyaman, toilet bersih, dan area parkir luas.",Taman Hiburan,Taman Rekreasi,OKU Baturaja,35000,4.3,240.0,"{'lat': -4.101768, 'lng': 104.18768}",-4.101768,104.18768,Sumatera Selatan,hiburan,35000.0,4.3,1,1,1,1,1,1,1.0,edukasi|fotografi|rekreasi_keluarga
343,Fantasy Island Palembang,"Fantasy Island Palembang di Kota Prabumulih, Sumatera Selatan. Destinasi hiburan terpadu dengan spot swafoto kekinian yang estetik, wahana edukasi anak, dan ruang terbuka hijau yang ramah keluarga. Menjadi tempat favorit untuk berekreasi bersama anak-anak di akhir pekan.",Taman Hiburan,Taman Rekreasi,Kota Prabumulih,100000,4.9,120.0,"{'lat': -3.463361, 'lng': 104.261912}",-3.463361,104.261912,Sumatera Selatan,hiburan,100000.0,4.9,1,1,1,1,1,1,1.0,edukasi|fotografi|rekreasi_keluarga
344,Pasar 16 Ilir Palembang,"Pasar 16 Ilir Palembang di Muara Enim, Sumatera Selatan. Sentra kuliner dan suvenir ikonik yang menyediakan aneka buah tangan khas Nusantara berkualitas tinggi. Dilengkapi area parkir kendaraan wisata, gerai anjungan tunai mandiri (ATM), dan mushola.",Pusat Perbelanjaan,Pasar Tradisional,Muara Enim,0,4.4,120.0,"{'lat': -3.673815, 'lng': 103.798387}",-3.673815,103.798387,Sumatera Selatan,belanja,0.0,4.4,1,1,1,0,1,1,0.8333,belanja|budaya|kuliner
345,Sentra Pempek 26 Ilir,"Sentra Pempek 26 Ilir di Lahat, Sumatera Selatan. Sentra kuliner dan suvenir ikonik yang menyediakan aneka buah tangan khas Nusantara berkualitas tinggi. Dilengkapi area parkir kendaraan wisata, gerai anjungan tunai mandiri (ATM), dan mushola.",Pusat Perbelanjaan,Sentra Kerajinan,Lahat,0,4.6,60.0,"{'lat': -3.801378, 'lng': 103.545667}",-3.801378,103.545667,Sumatera Selatan,belanja,0.0,4.6,1,1,1,1,1,1,1.0,belanja|budaya|kuliner
346,Sentra Songket Tangga Buntung,"Sentra Songket Tangga Buntung di Kota Pagar Alam, Sumatera Selatan. Kawasan pertokoan dan pasar seni yang menyajikan ragam cinderamata unik karya perajin lokal dari berbagai penjuru daerah. Selalu ramai dikunjungi wisatawan yang ingin membawa kenang-kenangan autentik.",Pusat Perbelanjaan,Sentra Kerajinan,Kota Pagar Alam,0,4.5,90.0,"{'lat': -4.052557, 'lng': 103.276748}",-4.052557,103.276748,Sumatera Selatan,belanja,0.0,4.5,1,1,1,0,1,0,0.6667,belanja|budaya|kuliner
347,Palembang Icon Mall,"Palembang Icon Mall di Lahat, Sumatera Selatan. Kawasan pertokoan dan pasar seni yang menyajikan ragam cinderamata unik karya perajin lokal dari berbagai penjuru daerah. Selalu ramai dikunjungi wisatawan yang ingin membawa kenang-kenangan autentik.",Pusat Perbelanjaan,Pasar Tradisional,Lahat,0,4.5,120.0,"{'lat': -3.806226, 'lng': 103.499535}",-3.806226,103.499535,Sumatera Selatan,belanja,0.0,4.5,1,1,1,1,1,0,0.8333,belanja|budaya|kuliner
348,Masjid Agung Sultan Mahmud Badaruddin I,"Masjid Agung Sultan Mahmud Badaruddin I di Kota Lubuklinggau, Sumatera Selatan. Bangunan keagamaan bersejarah dengan arsitektur megah dan penuh nilai filosofis spiritual tinggi. Menyediakan sarana ibadah yang bersih dan khusyuk, pelataran yang teduh dan asri, serta toilet wudhu yang terawat.",Tempat Ibadah,Masjid,Kota Lubuklinggau,0,4.8,90.0,"{'lat': -3.295814, 'lng': 102.836348}",-3.295814,102.836348,Sumatera Selatan,religi,0.0,4.8,1,1,1,1,1,0,0.8333,budaya|religi|sejarah
349,Masjid Cheng Ho Jakabaring,"Masjid Cheng Ho Jakabaring di Kota Prabumulih, Sumatera Selatan. Ikon wisata religi yang terkenal dengan kedamaian suasananya, toleransi antarwarga, serta kubah atau menara yang menjulang indah. Menjadi tempat ziarah sekaligus edukasi spiritual bagi masyarakat luas.",Tempat Ibadah,Masjid,Kota Prabumulih,0,4.3,60.0,"{'lat': -3.466154, 'lng': 104.257777}",-3.466154,104.257777,Sumatera Selatan,religi,0.0,4.3,1,1,1,1,1,0,0.8333,budaya|religi|sejarah
350,Al-Qur'an Raksasa Gandus,"Al-Qur'an Raksasa Gandus di Ogan Ilir, Sumatera Selatan. Tempat ibadah cagar budaya dengan ornamen seni pahat antik dan sejarah pendirian yang menginspirasi. Terbuka bagi pengunjung yang ingin berdoa maupun mengagumi keindahan karya arsitektur Nusantara.",Tempat Ibadah,Tempat Ibadah,Ogan Ilir,0,4.4,90.0,"{'lat': -3.411423, 'lng': 104.670253}",-3.411423,104.670253,Sumatera Selatan,religi,0.0,4.4,1,1,0,1,1,1,0.8333,budaya|religi|sejarah
351,Pantai Panjang Bengkulu,"Pantai Panjang Bengkulu di Kepahiang, Bengkulu. Kawasan pantai dengan keindahan garis pantai memanjang, batuan karang yang menawan, serta angin sepoi-sepoi yang menyegarkan. Sangat cocok untuk aktivitas rekreasi, jalan santai di tepi air, dan piknik sore hari.",Pantai,Pantai,Kepahiang,20000,4.7,150.0,"{'lat': -3.689322, 'lng': 102.595302}",-3.689322,102.595302,Bengkulu,bahari,20000.0,4.7,1,1,1,1,1,1,1.0,berenang|fotografi|kuliner|pantai|rekreasi_keluarga
352,Pantai Pasir Putih Bengkulu,"Pantai Pasir Putih Bengkulu di Bengkulu Tengah, Bengkulu. Destinasi wisata pesisir dengan hamparan pasir bersih, deburan ombak yang menenangkan, serta panorama matahari terbenam yang memukau. Dilengkapi fasilitas warung makan seafood lokal, area parkir, toilet umum, dan persewaan payung pantai.",Pantai,Pantai,Bengkulu Tengah,10000,4.3,120.0,"{'lat': -3.724014, 'lng': 102.428691}",-3.724014,102.428691,Bengkulu,bahari,10000.0,4.3,1,1,1,1,1,1,1.0,berenang|fotografi|kuliner|pantai|rekreasi_keluarga
353,Pantai Tapak Paderi,"Pantai Tapak Paderi di Rejang Lebong, Bengkulu. Pantai eksotis dengan air laut jernih dan deretan pohon kelapa yang rindang. Menjadi lokasi favorit wisatawan untuk bersantai, bermain air bersama keluarga, berswafoto, serta menikmati kelapa muda segar di tepi pantai.",Pantai,Pantai,Rejang Lebong,15000,4.4,150.0,"{'lat': -3.475977, 'lng': 102.57036}",-3.475977,102.57036,Bengkulu,bahari,15000.0,4.4,1,1,1,1,1,0,0.8333,berenang|fotografi|kuliner|pantai|rekreasi_keluarga
354,Pantai Jakat Bengkulu,"Pantai Jakat Bengkulu di Bengkulu Selatan, Bengkulu. Destinasi wisata pesisir dengan hamparan pasir bersih, deburan ombak yang menenangkan, serta panorama matahari terbenam yang memukau. Dilengkapi fasilitas warung makan seafood lokal, area parkir, toilet umum, dan persewaan payung pantai.",Pantai,Pantai,Bengkulu Selatan,15000,4.2,180.0,"{'lat': -4.45862, 'lng': 102.917694}",-4.45862,102.917694,Bengkulu,bahari,15000.0,4.2,1,1,1,1,0,1,0.8333,berenang|fotografi|kuliner|pantai|rekreasi_keluarga
355,Pantai Sungai Suci,"Pantai Sungai Suci di Bengkulu Utara, Bengkulu. Pantai eksotis dengan air laut jernih dan deretan pohon kelapa yang rindang. Menjadi lokasi favorit wisatawan untuk bersantai, bermain air bersama keluarga, berswafoto, serta menikmati kelapa muda segar di tepi pantai.",Pantai,Pantai,Bengkulu Utara,5000,4.5,240.0,"{'lat': -3.413473, 'lng': 102.166943}",-3.413473,102.166943,Bengkulu,bahari,5000.0,4.5,1,1,1,1,0,0,0.6667,alam|berenang|fotografi|kuliner|pantai|rekreasi_keluarga
356,Pantai Linau Kaur,"Pantai Linau Kaur di Bengkulu Utara, Bengkulu. Destinasi wisata pesisir dengan hamparan pasir bersih, deburan ombak yang menenangkan, serta panorama matahari terbenam yang memukau. Dilengkapi fasilitas warung makan seafood lokal, area parkir, toilet umum, dan persewaan payung pantai.",Pantai,Pantai,Bengkulu Utara,5000,4.7,180.0,"{'lat': -3.425786, 'lng': 102.185563}",-3.425786,102.185563,Bengkulu,bahari,5000.0,4.7,1,1,1,1,0,1,0.8333,berenang|fotografi|kuliner|pantai|rekreasi_keluarga
357,Pantai Laguna Samudra Kaur,"Pantai Laguna Samudra Kaur di Bengkulu Utara, Bengkulu. Destinasi wisata pesisir dengan hamparan pasir bersih, deburan ombak yang menenangkan, serta panorama matahari terbenam yang memukau. Dilengkapi fasilitas warung makan seafood lokal, area parkir, toilet umum, dan persewaan payung pantai.",Pantai,Pantai,Bengkulu Utara,10000,4.9,120.0,"{'lat': -3.439631, 'lng': 102.187008}",-3.439631,102.187008,Bengkulu,bahari,10000.0,4.9,1,1,1,1,0,0,0.6667,berenang|fotografi|kuliner|pantai|rekreasi_keluarga
358,Pantai Pasar Bawah Manna,"Pantai Pasar Bawah Manna di Rejang Lebong, Bengkulu. Pantai eksotis dengan air laut jernih dan deretan pohon kelapa yang rindang. Menjadi lokasi favorit wisatawan untuk bersantai, bermain air bersama keluarga, berswafoto, serta menikmati kelapa muda segar di tepi pantai.",Pantai,Pantai,Rejang Lebong,20000,4.6,240.0,"{'lat': -3.489441, 'lng': 102.567106}",-3.489441,102.567106,Bengkulu,bahari,20000.0,4.6,1,1,1,1,1,0,0.8333,berenang|fotografi|kuliner|pantai|rekreasi_keluarga
359,Pantai Abrasi Mukomuko,"Pantai Abrasi Mukomuko di Kota Bengkulu, Bengkulu. Destinasi wisata pesisir dengan hamparan pasir bersih, deburan ombak yang menenangkan, serta panorama matahari terbenam yang memukau. Dilengkapi fasilitas warung makan seafood lokal, area parkir, toilet umum, dan persewaan payung pantai.",Pantai,Pantai,Kota Bengkulu,15000,4.3,180.0,"{'lat': -3.797475, 'lng': 102.274784}",-3.797475,102.274784,Bengkulu,bahari,15000.0,4.3,1,1,1,1,0,0,0.6667,berenang|fotografi|kuliner|pantai|rekreasi_keluarga
360,Pantai Way Hawang Kaur,"Pantai Way Hawang Kaur di Rejang Lebong, Bengkulu. Kawasan pantai dengan keindahan garis pantai memanjang, batuan karang yang menawan, serta angin sepoi-sepoi yang menyegarkan. Sangat cocok untuk aktivitas rekreasi, jalan santai di tepi air, dan piknik sore hari.",Pantai,Pantai,Rejang Lebong,20000,4.3,180.0,"{'lat': -3.442055, 'lng': 102.536211}",-3.442055,102.536211,Bengkulu,bahari,20000.0,4.3,1,1,1,1,0,1,0.8333,berenang|fotografi|kuliner|pantai|rekreasi_keluarga
361,Pantai Alur Maung,"Pantai Alur Maung di Seluma, Bengkulu. Kawasan pantai dengan keindahan garis pantai memanjang, batuan karang yang menawan, serta angin sepoi-sepoi yang menyegarkan. Sangat cocok untuk aktivitas rekreasi, jalan santai di tepi air, dan piknik sore hari.",Pantai,Pantai,Seluma,20000,4.3,240.0,"{'lat': -4.104209, 'lng': 102.562858}",-4.104209,102.562858,Bengkulu,bahari,20000.0,4.3,1,1,1,1,1,0,0.8333,berenang|fotografi|kuliner|pantai|rekreasi_keluarga
362,Pantai Cemara Indah Seluma,"Pantai Cemara Indah Seluma di Seluma, Bengkulu. Kawasan pantai dengan keindahan garis pantai memanjang, batuan karang yang menawan, serta angin sepoi-sepoi yang menyegarkan. Sangat cocok untuk aktivitas rekreasi, jalan santai di tepi air, dan piknik sore hari.",Pantai,Pantai,Seluma,5000,4.2,150.0,"{'lat': -4.063965, 'lng': 102.602553}",-4.063965,102.602553,Bengkulu,bahari,5000.0,4.2,1,1,1,1,0,0,0.6667,berenang|fotografi|kuliner|pantai|rekreasi_keluarga
363,Pantai Pekik Nyaring,"Pantai Pekik Nyaring di Bengkulu Utara, Bengkulu. Pantai eksotis dengan air laut jernih dan deretan pohon kelapa yang rindang. Menjadi lokasi favorit wisatawan untuk bersantai, bermain air bersama keluarga, berswafoto, serta menikmati kelapa muda segar di tepi pantai.",Pantai,Pantai,Bengkulu Utara,30000,4.6,150.0,"{'lat': -3.445564, 'lng': 102.184678}",-3.445564,102.184678,Bengkulu,bahari,30000.0,4.6,1,1,1,1,0,1,0.8333,berenang|fotografi|kuliner|pantai|rekreasi_keluarga
364,Pantai Kura-Kura Seluma,"Pantai Kura-Kura Seluma di Mukomuko, Bengkulu. Pantai eksotis dengan air laut jernih dan deretan pohon kelapa yang rindang. Menjadi lokasi favorit wisatawan untuk bersantai, bermain air bersama keluarga, berswafoto, serta menikmati kelapa muda segar di tepi pantai.",Pantai,Pantai,Mukomuko,5000,4.7,240.0,"{'lat': -2.601799, 'lng': 101.147613}",-2.601799,101.147613,Bengkulu,bahari,5000.0,4.7,1,1,1,1,0,0,0.6667,berenang|fotografi|kuliner|pantai|rekreasi_keluarga
365,Gunung Kaba Curup,"Gunung Kaba Curup di Seluma, Bengkulu. Destinasi wisata pegunungan berhawa sejuk dengan jalur pendakian yang menantang dan panorama lautan awan yang spektakuler saat fajar. Tersedia pos peristirahatan, warung logistik pendaki, area perkemahan, dan pemandu lokal.",Gunung,Gunung,Seluma,25000,4.9,300.0,"{'lat': -4.045296, 'lng': 102.593503}",-4.045296,102.593503,Bengkulu,alam,25000.0,4.9,1,1,1,1,0,0,0.6667,camping|fotografi|gunung|hiking
366,Gunung Daun Rejang Lebong,"Gunung Daun Rejang Lebong di Mukomuko, Bengkulu. Kawasan dataran tinggi dan lereng gunung yang asri dengan pemandangan perbukitan hijau dan kawah eksotis. Sangat ideal untuk petualangan alam terbuka, hiking santai, perkemahan keluarga, dan melepas penat.",Gunung,Gunung,Mukomuko,35000,4.3,240.0,"{'lat': -2.602891, 'lng': 101.084932}",-2.602891,101.084932,Bengkulu,alam,35000.0,4.3,1,1,1,1,0,1,0.8333,camping|fotografi|gunung|hiking
367,Gunung Bungkuk Bengkulu Tengah,"Gunung Bungkuk Bengkulu Tengah di Bengkulu Utara, Bengkulu. Destinasi wisata pegunungan berhawa sejuk dengan jalur pendakian yang menantang dan panorama lautan awan yang spektakuler saat fajar. Tersedia pos peristirahatan, warung logistik pendaki, area perkemahan, dan pemandu lokal.",Gunung,Gunung,Bengkulu Utara,25000,4.4,240.0,"{'lat': -3.453736, 'lng': 102.181041}",-3.453736,102.181041,Bengkulu,alam,25000.0,4.4,1,1,1,1,1,1,1.0,camping|fotografi|gunung|hiking
368,Bukit Kandis Karang Tinggi,"Bukit Kandis Karang Tinggi di Lebong, Bengkulu. Destinasi wisata pegunungan berhawa sejuk dengan jalur pendakian yang menantang dan panorama lautan awan yang spektakuler saat fajar. Tersedia pos peristirahatan, warung logistik pendaki, area perkemahan, dan pemandu lokal.",Gunung,Perbukitan,Lebong,25000,4.7,300.0,"{'lat': -3.18975, 'lng': 102.202444}",-3.18975,102.202444,Bengkulu,alam,25000.0,4.7,1,1,1,1,0,1,0.8333,bahari|camping|fotografi|gunung|hiking|snorkeling
369,Bukit Kaba Ekowisata,"Bukit Kaba Ekowisata di Bengkulu Selatan, Bengkulu. Destinasi wisata pegunungan berhawa sejuk dengan jalur pendakian yang menantang dan panorama lautan awan yang spektakuler saat fajar. Tersedia pos peristirahatan, warung logistik pendaki, area perkemahan, dan pemandu lokal.",Gunung,Perbukitan,Bengkulu Selatan,35000,4.2,360.0,"{'lat': -4.502486, 'lng': 102.877855}",-4.502486,102.877855,Bengkulu,alam,35000.0,4.2,1,1,1,1,1,1,1.0,camping|fotografi|gunung|hiking
370,Puncak Bukit Jipang Curup,"Puncak Bukit Jipang Curup di Kota Bengkulu, Bengkulu. Destinasi wisata pegunungan berhawa sejuk dengan jalur pendakian yang menantang dan panorama lautan awan yang spektakuler saat fajar. Tersedia pos peristirahatan, warung logistik pendaki, area perkemahan, dan pemandu lokal.",Gunung,Perbukitan,Kota Bengkulu,25000,4.2,300.0,"{'lat': -3.815544, 'lng': 102.232411}",-3.815544,102.232411,Bengkulu,alam,25000.0,4.2,1,1,1,0,1,1,0.8333,camping|fotografi|gunung|hiking
371,Bukit Daun Kembar,"Bukit Daun Kembar di Kepahiang, Bengkulu. Destinasi wisata pegunungan berhawa sejuk dengan jalur pendakian yang menantang dan panorama lautan awan yang spektakuler saat fajar. Tersedia pos peristirahatan, warung logistik pendaki, area perkemahan, dan pemandu lokal.",Gunung,Perbukitan,Kepahiang,25000,4.5,240.0,"{'lat': -3.670593, 'lng': 102.572762}",-3.670593,102.572762,Bengkulu,alam,25000.0,4.5,1,1,1,0,0,0,0.5,camping|fotografi|gunung|hiking
372,Bukit Hitam Kepahiang,"Bukit Hitam Kepahiang di Bengkulu Tengah, Bengkulu. Kawasan dataran tinggi dan lereng gunung yang asri dengan pemandangan perbukitan hijau dan kawah eksotis. Sangat ideal untuk petualangan alam terbuka, hiking santai, perkemahan keluarga, dan melepas penat.",Gunung,Perbukitan,Bengkulu Tengah,10000,4.7,180.0,"{'lat': -3.745586, 'lng': 102.460466}",-3.745586,102.460466,Bengkulu,alam,10000.0,4.7,1,1,1,0,1,0,0.6667,camping|fotografi|gunung|hiking
373,Bukit Kumbang Seluma,"Bukit Kumbang Seluma di Bengkulu Tengah, Bengkulu. Destinasi wisata pegunungan berhawa sejuk dengan jalur pendakian yang menantang dan panorama lautan awan yang spektakuler saat fajar. Tersedia pos peristirahatan, warung logistik pendaki, area perkemahan, dan pemandu lokal.",Gunung,Perbukitan,Bengkulu Tengah,25000,4.9,180.0,"{'lat': -3.756884, 'lng': 102.471949}",-3.756884,102.471949,Bengkulu,alam,25000.0,4.9,1,1,1,1,0,1,0.8333,camping|fotografi|gunung|hiking
374,Puncak Bukit Peninjauan,"Puncak Bukit Peninjauan di Bengkulu Utara, Bengkulu. Kawasan dataran tinggi dan lereng gunung yang asri dengan pemandangan perbukitan hijau dan kawah eksotis. Sangat ideal untuk petualangan alam terbuka, hiking santai, perkemahan keluarga, dan melepas penat.",Gunung,Perbukitan,Bengkulu Utara,50000,4.7,360.0,"{'lat': -3.401517, 'lng': 102.184881}",-3.401517,102.184881,Bengkulu,alam,50000.0,4.7,1,1,1,0,0,0,0.5,camping|fotografi|gunung|hiking
375,Habitat Bunga Rafflesia Taba Penanjung,"Habitat Bunga Rafflesia Taba Penanjung di Bengkulu Tengah, Bengkulu. Objek wisata alam dengan formasi tebing batuan alami, gua karst purba, serta telaga yang jernih dan tenang. Suasana alam yang tenang memberikan kesegaran pikiran bagi pengunjung yang mencintai ketenangan alam.",Cagar Alam,Taman Nasional,Bengkulu Tengah,30000,4.2,180.0,"{'lat': -3.707703, 'lng': 102.399286}",-3.707703,102.399286,Bengkulu,alam,30000.0,4.2,1,1,1,1,0,1,0.8333,edukasi|fotografi|hiking|rekreasi_keluarga
376,Pulau Tikus Karang Laut,"Pulau Tikus Karang Laut di Bengkulu Selatan, Bengkulu. Wisata alam edukatif berbalut udara segar hutan tropis, aliran sungai yang jernih, serta air terjun bertingkat yang menyejukkan. Pilihan utama untuk riset keanekaragaman hayati dan ekowisata ramah lingkungan.",Cagar Alam,Taman Nasional,Bengkulu Selatan,25000,4.7,150.0,"{'lat': -4.485821, 'lng': 102.885201}",-4.485821,102.885201,Bengkulu,alam,25000.0,4.7,1,1,1,0,0,1,0.6667,bahari|edukasi|fotografi|hiking|rekreasi_keluarga|snorkeling
377,Danau Dendam Tak Sudah,"Danau Dendam Tak Sudah di Bengkulu Selatan, Bengkulu. Kawasan konservasi alam yang asri dan terlindungi dengan keanekaragaman flora dan fauna tropis endemik. Dilengkapi jalur trekking kayu yang tertata rapi, gazebo istirahat, pusat informasi lingkungan, dan toilet pengunjung.",Cagar Alam,Danau,Bengkulu Selatan,30000,4.3,120.0,"{'lat': -4.490483, 'lng': 102.922395}",-4.490483,102.922395,Bengkulu,alam,30000.0,4.3,1,1,1,0,0,1,0.6667,alam|edukasi|fotografi|hiking|rekreasi_keluarga
378,Danau Mas Harun Bastari,"Danau Mas Harun Bastari di Mukomuko, Bengkulu. Wisata alam edukatif berbalut udara segar hutan tropis, aliran sungai yang jernih, serta air terjun bertingkat yang menyejukkan. Pilihan utama untuk riset keanekaragaman hayati dan ekowisata ramah lingkungan.",Cagar Alam,Danau,Mukomuko,15000,4.9,150.0,"{'lat': -2.590779, 'lng': 101.119574}",-2.590779,101.119574,Bengkulu,alam,15000.0,4.9,1,1,1,0,0,1,0.6667,alam|edukasi|fotografi|hiking|rekreasi_keluarga
379,Air Terjun Kepala Curup,"Air Terjun Kepala Curup di Seluma, Bengkulu. Wisata alam edukatif berbalut udara segar hutan tropis, aliran sungai yang jernih, serta air terjun bertingkat yang menyejukkan. Pilihan utama untuk riset keanekaragaman hayati dan ekowisata ramah lingkungan.",Cagar Alam,Air Terjun,Seluma,30000,4.2,120.0,"{'lat': -4.110691, 'lng': 102.598184}",-4.110691,102.598184,Bengkulu,alam,30000.0,4.2,1,1,1,0,1,1,0.8333,alam|edukasi|fotografi|hiking|rekreasi_keluarga
380,Pemandian Air Panas Suban,"Pemandian Air Panas Suban di Kota Bengkulu, Bengkulu. Kawasan konservasi alam yang asri dan terlindungi dengan keanekaragaman flora dan fauna tropis endemik. Dilengkapi jalur trekking kayu yang tertata rapi, gazebo istirahat, pusat informasi lingkungan, dan toilet pengunjung.",Cagar Alam,Taman Nasional,Kota Bengkulu,10000,4.6,150.0,"{'lat': -3.762928, 'lng': 102.2572}",-3.762928,102.2572,Bengkulu,alam,10000.0,4.6,1,1,1,0,0,1,0.6667,edukasi|fotografi|hiking|rekreasi_keluarga
381,Air Terjun Tri Muara Karang,"Air Terjun Tri Muara Karang di Kepahiang, Bengkulu. Kawasan konservasi alam yang asri dan terlindungi dengan keanekaragaman flora dan fauna tropis endemik. Dilengkapi jalur trekking kayu yang tertata rapi, gazebo istirahat, pusat informasi lingkungan, dan toilet pengunjung.",Cagar Alam,Air Terjun,Kepahiang,15000,4.3,180.0,"{'lat': -3.653824, 'lng': 102.603146}",-3.653824,102.603146,Bengkulu,alam,15000.0,4.3,1,1,1,1,0,1,0.8333,alam|bahari|edukasi|fotografi|hiking|rekreasi_keluarga|snorkeling
382,Danau Tes Lebong,"Danau Tes Lebong di Kepahiang, Bengkulu. Wisata alam edukatif berbalut udara segar hutan tropis, aliran sungai yang jernih, serta air terjun bertingkat yang menyejukkan. Pilihan utama untuk riset keanekaragaman hayati dan ekowisata ramah lingkungan.",Cagar Alam,Danau,Kepahiang,15000,4.4,120.0,"{'lat': -3.689043, 'lng': 102.60973}",-3.689043,102.60973,Bengkulu,alam,15000.0,4.4,1,1,1,0,1,1,0.8333,alam|edukasi|fotografi|hiking|rekreasi_keluarga
383,Benteng Marlborough Inggris,"Benteng Marlborough Inggris di Seluma, Bengkulu. Situs cagar budaya bersejarah yang sarat dengan nilai tradisi leluhur, arsitektur arca dan bangunan tradisional yang otentik. Dilengkapi pemandu wisata budaya, museum informasi sejarah, dan pertunjukan seni berkala.",Budaya,Benteng,Seluma,15000,4.3,60.0,"{'lat': -4.071725, 'lng': 102.589886}",-4.071725,102.589886,Bengkulu,budaya,15000.0,4.3,1,1,0,1,1,1,0.8333,budaya|edukasi|fotografi|sejarah
384,Rumah Pengasingan Bung Karno,"Rumah Pengasingan Bung Karno di Lebong, Bengkulu. Destinasi wisata sejarah dan kearifan lokal yang memperlihatkan warisan peradaban masa lampau melalui koleksi artefak berharga. Tempat ideal untuk belajar mengenai perjuangan bangsa dan filosofi adat masyarakat.",Budaya,Situs Sejarah,Lebong,15000,4.3,60.0,"{'lat': -3.215942, 'lng': 102.244482}",-3.215942,102.244482,Bengkulu,budaya,15000.0,4.3,1,1,0,1,0,1,0.6667,budaya|edukasi|fotografi|sejarah
385,Rumah Fatmawati Soekarno,"Rumah Fatmawati Soekarno di Mukomuko, Bengkulu. Destinasi wisata sejarah dan kearifan lokal yang memperlihatkan warisan peradaban masa lampau melalui koleksi artefak berharga. Tempat ideal untuk belajar mengenai perjuangan bangsa dan filosofi adat masyarakat.",Budaya,Situs Sejarah,Mukomuko,20000,4.8,60.0,"{'lat': -2.565346, 'lng': 101.11639}",-2.565346,101.11639,Bengkulu,budaya,20000.0,4.8,1,1,0,0,0,1,0.5,budaya|edukasi|fotografi|sejarah
386,Tugu Thomas Parr,"Tugu Thomas Parr di Lebong, Bengkulu. Destinasi wisata sejarah dan kearifan lokal yang memperlihatkan warisan peradaban masa lampau melalui koleksi artefak berharga. Tempat ideal untuk belajar mengenai perjuangan bangsa dan filosofi adat masyarakat.",Budaya,Situs Sejarah,Lebong,25000,4.5,120.0,"{'lat': -3.152626, 'lng': 102.179472}",-3.152626,102.179472,Bengkulu,budaya,25000.0,4.5,1,1,1,1,0,1,0.8333,budaya|edukasi|fotografi|sejarah
387,Monumen Hamilton,"Monumen Hamilton di Kota Bengkulu, Bengkulu. Kompleks bangunan bersejarah dan desa adat yang mempertahankan adat istiadat turun-temurun dengan ramah. Wisatawan dapat menyaksikan kerajinan tangan tradisional dan berinteraksi langsung dengan warga setempat.",Budaya,Situs Sejarah,Kota Bengkulu,20000,4.5,120.0,"{'lat': -3.833382, 'lng': 102.256141}",-3.833382,102.256141,Bengkulu,budaya,20000.0,4.5,1,1,0,1,0,1,0.6667,budaya|edukasi|fotografi|sejarah
388,Museum Negeri Bengkulu,"Museum Negeri Bengkulu di Seluma, Bengkulu. Destinasi wisata sejarah dan kearifan lokal yang memperlihatkan warisan peradaban masa lampau melalui koleksi artefak berharga. Tempat ideal untuk belajar mengenai perjuangan bangsa dan filosofi adat masyarakat.",Budaya,Museum,Seluma,15000,4.9,120.0,"{'lat': -4.121738, 'lng': 102.5739}",-4.121738,102.5739,Bengkulu,budaya,15000.0,4.9,1,1,1,1,0,1,0.8333,budaya|edukasi|fotografi|sejarah
389,Perkampungan Tradisional Rejang,"Perkampungan Tradisional Rejang di Seluma, Bengkulu. Destinasi wisata sejarah dan kearifan lokal yang memperlihatkan warisan peradaban masa lampau melalui koleksi artefak berharga. Tempat ideal untuk belajar mengenai perjuangan bangsa dan filosofi adat masyarakat.",Budaya,Situs Sejarah,Seluma,25000,4.5,60.0,"{'lat': -4.101665, 'lng': 102.545385}",-4.101665,102.545385,Bengkulu,budaya,25000.0,4.5,1,1,0,1,0,1,0.6667,budaya|edukasi|fotografi|sejarah
390,Taman Berkas Kota Bengkulu,"Taman Berkas Kota Bengkulu di Mukomuko, Bengkulu. Kawasan rekreasi bertema dengan wahana pemacu adrenalin, kolam renang bergelombang, serta taman bermain anak yang aman. Dilengkapi staf pengawas keselamatan dan berbagai tenant kuliner lezat.",Taman Hiburan,Taman Rekreasi,Mukomuko,50000,4.3,150.0,"{'lat': -2.561953, 'lng': 101.156668}",-2.561953,101.156668,Bengkulu,hiburan,50000.0,4.3,1,1,1,1,1,1,1.0,edukasi|fotografi|rekreasi_keluarga
391,Taman Smart City Bengkulu,"Taman Smart City Bengkulu di Mukomuko, Bengkulu. Kawasan rekreasi bertema dengan wahana pemacu adrenalin, kolam renang bergelombang, serta taman bermain anak yang aman. Dilengkapi staf pengawas keselamatan dan berbagai tenant kuliner lezat.",Taman Hiburan,Taman Rekreasi,Mukomuko,200000,4.2,150.0,"{'lat': -2.604008, 'lng': 101.119395}",-2.604008,101.119395,Bengkulu,hiburan,200000.0,4.2,1,1,1,1,1,1,1.0,edukasi|fotografi|rekreasi_keluarga
392,Wahana Surya Bengkulu Tengah,"Wahana Surya Bengkulu Tengah di Kota Bengkulu, Bengkulu. Taman rekreasi modern keluarga yang menghadirkan beragam wahana permainan seru, atraksi air, serta pertunjukan tematik interaktif. Memiliki fasilitas lengkap seperti food court, musala yang nyaman, toilet bersih, dan area parkir luas.",Taman Hiburan,Taman Rekreasi,Kota Bengkulu,75000,4.4,150.0,"{'lat': -3.77268, 'lng': 102.289291}",-3.77268,102.289291,Bengkulu,hiburan,75000.0,4.4,1,1,1,1,1,1,1.0,edukasi|fotografi|rekreasi_keluarga
393,Danau Picung Park Lebong,"Danau Picung Park Lebong di Seluma, Bengkulu. Kawasan rekreasi bertema dengan wahana pemacu adrenalin, kolam renang bergelombang, serta taman bermain anak yang aman. Dilengkapi staf pengawas keselamatan dan berbagai tenant kuliner lezat.",Taman Hiburan,Taman Rekreasi,Seluma,200000,4.7,120.0,"{'lat': -4.075898, 'lng': 102.607797}",-4.075898,102.607797,Bengkulu,hiburan,200000.0,4.7,1,1,1,1,1,1,1.0,alam|edukasi|fotografi|rekreasi_keluarga
394,Pasar Barukoto Bengkulu,"Pasar Barukoto Bengkulu di Kepahiang, Bengkulu. Pusat perbelanjaan dan pasar tradisional khas daerah yang menjual aneka kerajinan tangan, kain tenun atau batik, serta camilan oleh-oleh lokal. Tempat bertemunya tawar-menawar yang hangat dengan harga terjangkau.",Pusat Perbelanjaan,Pasar Tradisional,Kepahiang,0,4.4,120.0,"{'lat': -3.633955, 'lng': 102.619105}",-3.633955,102.619105,Bengkulu,belanja,0.0,4.4,1,1,1,1,1,1,1.0,belanja|budaya|kuliner
395,Sentra Kerajinan Kulit Lantung,"Sentra Kerajinan Kulit Lantung di Rejang Lebong, Bengkulu. Pusat perbelanjaan dan pasar tradisional khas daerah yang menjual aneka kerajinan tangan, kain tenun atau batik, serta camilan oleh-oleh lokal. Tempat bertemunya tawar-menawar yang hangat dengan harga terjangkau.",Pusat Perbelanjaan,Sentra Kerajinan,Rejang Lebong,0,4.4,90.0,"{'lat': -3.429069, 'lng': 102.53667}",-3.429069,102.53667,Bengkulu,belanja,0.0,4.4,1,1,1,0,1,0,0.6667,belanja|budaya|kuliner
396,Sentra Sirup Kalamansi Anggut,"Sentra Sirup Kalamansi Anggut di Rejang Lebong, Bengkulu. Kawasan pertokoan dan pasar seni yang menyajikan ragam cinderamata unik karya perajin lokal dari berbagai penjuru daerah. Selalu ramai dikunjungi wisatawan yang ingin membawa kenang-kenangan autentik.",Pusat Perbelanjaan,Sentra Kerajinan,Rejang Lebong,0,4.2,90.0,"{'lat': -3.489195, 'lng': 102.535416}",-3.489195,102.535416,Bengkulu,belanja,0.0,4.2,1,1,1,0,1,0,0.6667,belanja|budaya|kuliner
397,Sentra Kopi Robusta Kepahiang,"Sentra Kopi Robusta Kepahiang di Bengkulu Utara, Bengkulu. Pusat perbelanjaan dan pasar tradisional khas daerah yang menjual aneka kerajinan tangan, kain tenun atau batik, serta camilan oleh-oleh lokal. Tempat bertemunya tawar-menawar yang hangat dengan harga terjangkau.",Pusat Perbelanjaan,Sentra Kerajinan,Bengkulu Utara,0,4.7,60.0,"{'lat': -3.415945, 'lng': 102.216802}",-3.415945,102.216802,Bengkulu,belanja,0.0,4.7,1,1,1,0,1,1,0.8333,belanja|budaya|kuliner
398,Masjid Jamik Bengkulu Arsitektur Soekarno,"Masjid Jamik Bengkulu Arsitektur Soekarno di Rejang Lebong, Bengkulu. Ikon wisata religi yang terkenal dengan kedamaian suasananya, toleransi antarwarga, serta kubah atau menara yang menjulang indah. Menjadi tempat ziarah sekaligus edukasi spiritual bagi masyarakat luas.",Tempat Ibadah,Masjid,Rejang Lebong,0,4.7,45.0,"{'lat': -3.495368, 'lng': 102.502174}",-3.495368,102.502174,Bengkulu,religi,0.0,4.7,1,1,1,1,1,1,1.0,budaya|religi|sejarah
399,Masjid Raya Baitul Izzah,"Masjid Raya Baitul Izzah di Kaur, Bengkulu. Bangunan keagamaan bersejarah dengan arsitektur megah dan penuh nilai filosofis spiritual tinggi. Menyediakan sarana ibadah yang bersih dan khusyuk, pelataran yang teduh dan asri, serta toilet wudhu yang terawat.",Tempat Ibadah,Masjid,Kaur,0,4.7,45.0,"{'lat': -4.743119, 'lng': 103.336925}",-4.743119,103.336925,Bengkulu,religi,0.0,4.7,1,1,1,1,1,0,0.8333,budaya|religi|sejarah
400,Masjid Agung At-Taqwa Bengkulu,"Masjid Agung At-Taqwa Bengkulu di Bengkulu Utara, Bengkulu. Tempat ibadah cagar budaya dengan ornamen seni pahat antik dan sejarah pendirian yang menginspirasi. Terbuka bagi pengunjung yang ingin berdoa maupun mengagumi keindahan karya arsitektur Nusantara.",Tempat Ibadah,Masjid,Bengkulu Utara,0,4.7,45.0,"{'lat': -3.422159, 'lng': 102.182276}",-3.422159,102.182276,Bengkulu,religi,0.0,4.7,1,1,1,1,1,1,1.0,budaya|religi|sejarah
401,Pantai Tanjung Setia Krui,"Pantai Tanjung Setia Krui di Pesisir Barat Krui, Lampung. Pantai eksotis dengan air laut jernih dan deretan pohon kelapa yang rindang. Menjadi lokasi favorit wisatawan untuk bersantai, bermain air bersama keluarga, berswafoto, serta menikmati kelapa muda segar di tepi pantai.",Pantai,Pantai,Pesisir Barat Krui,10000,4.4,240.0,"{'lat': -5.165692, 'lng': 103.956259}",-5.165692,103.956259,Lampung,bahari,10000.0,4.4,1,1,1,1,1,0,0.8333,berenang|fotografi|kuliner|pantai|rekreasi_keluarga
402,Pantai Mutun Pesawaran,"Pantai Mutun Pesawaran di Tanggamus, Lampung. Destinasi wisata pesisir dengan hamparan pasir bersih, deburan ombak yang menenangkan, serta panorama matahari terbenam yang memukau. Dilengkapi fasilitas warung makan seafood lokal, area parkir, toilet umum, dan persewaan payung pantai.",Pantai,Pantai,Tanggamus,30000,4.8,120.0,"{'lat': -5.525783, 'lng': 104.643444}",-5.525783,104.643444,Lampung,bahari,30000.0,4.8,1,1,1,1,1,1,1.0,berenang|fotografi|kuliner|pantai|rekreasi_keluarga
403,Pantai Sari Ringgit,"Pantai Sari Ringgit di Lampung Selatan, Lampung. Destinasi wisata pesisir dengan hamparan pasir bersih, deburan ombak yang menenangkan, serta panorama matahari terbenam yang memukau. Dilengkapi fasilitas warung makan seafood lokal, area parkir, toilet umum, dan persewaan payung pantai.",Pantai,Pantai,Lampung Selatan,25000,4.3,240.0,"{'lat': -5.695897, 'lng': 105.560972}",-5.695897,105.560972,Lampung,bahari,25000.0,4.3,1,1,1,1,0,0,0.6667,berenang|fotografi|kuliner|pantai|rekreasi_keluarga
404,Pantai Pasir Putih Lampung,"Pantai Pasir Putih Lampung di Pringsewu, Lampung. Pantai eksotis dengan air laut jernih dan deretan pohon kelapa yang rindang. Menjadi lokasi favorit wisatawan untuk bersantai, bermain air bersama keluarga, berswafoto, serta menikmati kelapa muda segar di tepi pantai.",Pantai,Pantai,Pringsewu,30000,4.3,180.0,"{'lat': -5.362255, 'lng': 104.968861}",-5.362255,104.968861,Lampung,bahari,30000.0,4.3,1,1,1,1,0,0,0.6667,berenang|fotografi|kuliner|pantai|rekreasi_keluarga
405,Pantai Gigi Hiu Karang Layar,"Pantai Gigi Hiu Karang Layar di Pesawaran, Lampung. Pantai eksotis dengan air laut jernih dan deretan pohon kelapa yang rindang. Menjadi lokasi favorit wisatawan untuk bersantai, bermain air bersama keluarga, berswafoto, serta menikmati kelapa muda segar di tepi pantai.",Pantai,Pantai,Pesawaran,5000,4.2,120.0,"{'lat': -5.417846, 'lng': 105.171338}",-5.417846,105.171338,Lampung,bahari,5000.0,4.2,1,1,1,1,0,0,0.6667,bahari|berenang|fotografi|kuliner|pantai|rekreasi_keluarga|snorkeling
406,Pantai Marina Kalianda,"Pantai Marina Kalianda di Lampung Tengah, Lampung. Destinasi wisata pesisir dengan hamparan pasir bersih, deburan ombak yang menenangkan, serta panorama matahari terbenam yang memukau. Dilengkapi fasilitas warung makan seafood lokal, area parkir, toilet umum, dan persewaan payung pantai.",Pantai,Pantai,Lampung Tengah,20000,4.7,240.0,"{'lat': -4.976693, 'lng': 105.193122}",-4.976693,105.193122,Lampung,bahari,20000.0,4.7,1,1,1,1,1,1,1.0,berenang|fotografi|kuliner|pantai|rekreasi_keluarga
407,Pantai Clara Pesawaran,"Pantai Clara Pesawaran di Kota Metro, Lampung. Destinasi wisata pesisir dengan hamparan pasir bersih, deburan ombak yang menenangkan, serta panorama matahari terbenam yang memukau. Dilengkapi fasilitas warung makan seafood lokal, area parkir, toilet umum, dan persewaan payung pantai.",Pantai,Pantai,Kota Metro,10000,4.4,240.0,"{'lat': -5.107056, 'lng': 105.327359}",-5.107056,105.327359,Lampung,bahari,10000.0,4.4,1,1,1,1,1,0,0.8333,berenang|fotografi|kuliner|pantai|rekreasi_keluarga
408,Pantai Minang Rua Bakauheni,"Pantai Minang Rua Bakauheni di Lampung Barat, Lampung. Destinasi wisata pesisir dengan hamparan pasir bersih, deburan ombak yang menenangkan, serta panorama matahari terbenam yang memukau. Dilengkapi fasilitas warung makan seafood lokal, area parkir, toilet umum, dan persewaan payung pantai.",Pantai,Pantai,Lampung Barat,5000,4.3,180.0,"{'lat': -5.071694, 'lng': 104.08089}",-5.071694,104.08089,Lampung,bahari,5000.0,4.3,1,1,1,1,1,0,0.8333,berenang|fotografi|kuliner|pantai|rekreasi_keluarga
409,Pantai Labuhan Jukung Krui,"Pantai Labuhan Jukung Krui di Lampung Barat, Lampung. Kawasan pantai dengan keindahan garis pantai memanjang, batuan karang yang menawan, serta angin sepoi-sepoi yang menyegarkan. Sangat cocok untuk aktivitas rekreasi, jalan santai di tepi air, dan piknik sore hari.",Pantai,Pantai,Lampung Barat,5000,4.7,240.0,"{'lat': -5.0673, 'lng': 104.135347}",-5.0673,104.135347,Lampung,bahari,5000.0,4.7,1,1,1,1,0,1,0.8333,berenang|fotografi|kuliner|pantai|rekreasi_keluarga
410,Pantai Embe Kalianda,"Pantai Embe Kalianda di Pringsewu, Lampung. Pantai eksotis dengan air laut jernih dan deretan pohon kelapa yang rindang. Menjadi lokasi favorit wisatawan untuk bersantai, bermain air bersama keluarga, berswafoto, serta menikmati kelapa muda segar di tepi pantai.",Pantai,Pantai,Pringsewu,10000,4.2,120.0,"{'lat': -5.3768, 'lng': 105.01448}",-5.3768,105.01448,Lampung,bahari,10000.0,4.2,1,1,1,1,0,0,0.6667,berenang|fotografi|kuliner|pantai|rekreasi_keluarga
411,Pantai Guci Batu Kapal,"Pantai Guci Batu Kapal di Pesawaran, Lampung. Pantai eksotis dengan air laut jernih dan deretan pohon kelapa yang rindang. Menjadi lokasi favorit wisatawan untuk bersantai, bermain air bersama keluarga, berswafoto, serta menikmati kelapa muda segar di tepi pantai.",Pantai,Pantai,Pesawaran,30000,4.6,180.0,"{'lat': -5.417524, 'lng': 105.201063}",-5.417524,105.201063,Lampung,bahari,30000.0,4.6,1,1,1,1,0,0,0.6667,berenang|fotografi|kuliner|pantai|rekreasi_keluarga
412,Pantai Sebalang Tarahan,"Pantai Sebalang Tarahan di Lampung Barat, Lampung. Destinasi wisata pesisir dengan hamparan pasir bersih, deburan ombak yang menenangkan, serta panorama matahari terbenam yang memukau. Dilengkapi fasilitas warung makan seafood lokal, area parkir, toilet umum, dan persewaan payung pantai.",Pantai,Pantai,Lampung Barat,10000,4.2,180.0,"{'lat': -5.027558, 'lng': 104.127188}",-5.027558,104.127188,Lampung,bahari,10000.0,4.2,1,1,1,1,0,0,0.6667,berenang|fotografi|kuliner|pantai|rekreasi_keluarga
413,Pantai Mandiri Krui,"Pantai Mandiri Krui di Lampung Selatan, Lampung. Destinasi wisata pesisir dengan hamparan pasir bersih, deburan ombak yang menenangkan, serta panorama matahari terbenam yang memukau. Dilengkapi fasilitas warung makan seafood lokal, area parkir, toilet umum, dan persewaan payung pantai.",Pantai,Pantai,Lampung Selatan,10000,4.3,120.0,"{'lat': -5.720338, 'lng': 105.591317}",-5.720338,105.591317,Lampung,bahari,10000.0,4.3,1,1,1,1,0,0,0.6667,berenang|fotografi|kuliner|pantai|rekreasi_keluarga
414,Pantai Batu Tihang,"Pantai Batu Tihang di Lampung Selatan, Lampung. Pantai eksotis dengan air laut jernih dan deretan pohon kelapa yang rindang. Menjadi lokasi favorit wisatawan untuk bersantai, bermain air bersama keluarga, berswafoto, serta menikmati kelapa muda segar di tepi pantai.",Pantai,Pantai,Lampung Selatan,15000,4.8,240.0,"{'lat': -5.766745, 'lng': 105.610802}",-5.766745,105.610802,Lampung,bahari,15000.0,4.8,1,1,1,1,1,0,0.8333,berenang|fotografi|kuliner|pantai|rekreasi_keluarga
415,Gunung Anak Krakatau Selat Sunda,"Gunung Anak Krakatau Selat Sunda di Pesawaran, Lampung. Destinasi wisata pegunungan berhawa sejuk dengan jalur pendakian yang menantang dan panorama lautan awan yang spektakuler saat fajar. Tersedia pos peristirahatan, warung logistik pendaki, area perkemahan, dan pemandu lokal.",Gunung,Gunung,Pesawaran,20000,4.8,300.0,"{'lat': -5.421951, 'lng': 105.174302}",-5.421951,105.174302,Lampung,alam,20000.0,4.8,1,1,1,1,0,0,0.6667,camping|fotografi|gunung|hiking
416,Gunung Pesagi Liwa,"Gunung Pesagi Liwa di Pringsewu, Lampung. Destinasi wisata pegunungan berhawa sejuk dengan jalur pendakian yang menantang dan panorama lautan awan yang spektakuler saat fajar. Tersedia pos peristirahatan, warung logistik pendaki, area perkemahan, dan pemandu lokal.",Gunung,Gunung,Pringsewu,10000,4.4,180.0,"{'lat': -5.371901, 'lng': 104.964785}",-5.371901,104.964785,Lampung,alam,10000.0,4.4,1,1,1,1,1,0,0.8333,camping|fotografi|gunung|hiking
417,Gunung Rajabasa Kalianda,"Gunung Rajabasa Kalianda di Lampung Timur, Lampung. Kawasan dataran tinggi dan lereng gunung yang asri dengan pemandangan perbukitan hijau dan kawah eksotis. Sangat ideal untuk petualangan alam terbuka, hiking santai, perkemahan keluarga, dan melepas penat.",Gunung,Gunung,Lampung Timur,10000,4.8,360.0,"{'lat': -5.079483, 'lng': 105.661501}",-5.079483,105.661501,Lampung,alam,10000.0,4.8,1,1,1,1,1,1,1.0,camping|fotografi|gunung|hiking
418,Gunung Tanggamus,"Gunung Tanggamus di Pringsewu, Lampung. Destinasi wisata pegunungan berhawa sejuk dengan jalur pendakian yang menantang dan panorama lautan awan yang spektakuler saat fajar. Tersedia pos peristirahatan, warung logistik pendaki, area perkemahan, dan pemandu lokal.",Gunung,Gunung,Pringsewu,25000,4.2,240.0,"{'lat': -5.371149, 'lng': 104.967208}",-5.371149,104.967208,Lampung,alam,25000.0,4.2,1,1,1,1,0,1,0.8333,camping|fotografi|gunung|hiking
419,Gunung Betung Bandar Lampung,"Gunung Betung Bandar Lampung di Pesawaran, Lampung. Puncak bukit dan pegunungan dengan pemandangan lanskap hijau membentang sejauh mata memandang. Menawarkan pengalaman menikmati golden sunrise, udara bersih bebas polusi, dan spot foto alam yang memesona.",Gunung,Gunung,Pesawaran,15000,4.4,180.0,"{'lat': -5.459927, 'lng': 105.160251}",-5.459927,105.160251,Lampung,alam,15000.0,4.4,1,1,1,0,1,0,0.6667,camping|fotografi|gunung|hiking
420,Bukit Asahan Pesawaran,"Bukit Asahan Pesawaran di Lampung Tengah, Lampung. Kawasan dataran tinggi dan lereng gunung yang asri dengan pemandangan perbukitan hijau dan kawah eksotis. Sangat ideal untuk petualangan alam terbuka, hiking santai, perkemahan keluarga, dan melepas penat.",Gunung,Perbukitan,Lampung Tengah,35000,4.6,300.0,"{'lat': -4.924195, 'lng': 105.17183}",-4.924195,105.17183,Lampung,alam,35000.0,4.6,1,1,1,1,0,0,0.6667,camping|fotografi|gunung|hiking
421,Puncak Muncak Teropong Laut,"Puncak Muncak Teropong Laut di Tanggamus, Lampung. Kawasan dataran tinggi dan lereng gunung yang asri dengan pemandangan perbukitan hijau dan kawah eksotis. Sangat ideal untuk petualangan alam terbuka, hiking santai, perkemahan keluarga, dan melepas penat.",Gunung,Perbukitan,Tanggamus,20000,4.9,180.0,"{'lat': -5.508212, 'lng': 104.66939}",-5.508212,104.66939,Lampung,alam,20000.0,4.9,1,1,1,1,0,0,0.6667,camping|fotografi|gunung|hiking
422,Bukit BLT Pringsewu,"Bukit BLT Pringsewu di Lampung Timur, Lampung. Kawasan dataran tinggi dan lereng gunung yang asri dengan pemandangan perbukitan hijau dan kawah eksotis. Sangat ideal untuk petualangan alam terbuka, hiking santai, perkemahan keluarga, dan melepas penat.",Gunung,Perbukitan,Lampung Timur,35000,4.3,180.0,"{'lat': -5.106845, 'lng': 105.655156}",-5.106845,105.655156,Lampung,alam,35000.0,4.3,1,1,1,1,1,1,1.0,camping|fotografi|gunung|hiking
423,Puncak Bawang Bakauheni,"Puncak Bawang Bakauheni di Lampung Selatan, Lampung. Kawasan dataran tinggi dan lereng gunung yang asri dengan pemandangan perbukitan hijau dan kawah eksotis. Sangat ideal untuk petualangan alam terbuka, hiking santai, perkemahan keluarga, dan melepas penat.",Gunung,Perbukitan,Lampung Selatan,20000,4.8,360.0,"{'lat': -5.702889, 'lng': 105.613531}",-5.702889,105.613531,Lampung,alam,20000.0,4.8,1,1,1,1,0,0,0.6667,camping|fotografi|gunung|hiking
424,Bukit Kabut Bawang Liwa,"Bukit Kabut Bawang Liwa di Pesawaran, Lampung. Puncak bukit dan pegunungan dengan pemandangan lanskap hijau membentang sejauh mata memandang. Menawarkan pengalaman menikmati golden sunrise, udara bersih bebas polusi, dan spot foto alam yang memesona.",Gunung,Perbukitan,Pesawaran,50000,4.8,180.0,"{'lat': -5.461792, 'lng': 105.191992}",-5.461792,105.191992,Lampung,alam,50000.0,4.8,1,1,1,1,0,0,0.6667,camping|fotografi|gunung|hiking
425,Taman Nasional Way Kambas,"Taman Nasional Way Kambas di Pesisir Barat Krui, Lampung. Wisata alam edukatif berbalut udara segar hutan tropis, aliran sungai yang jernih, serta air terjun bertingkat yang menyejukkan. Pilihan utama untuk riset keanekaragaman hayati dan ekowisata ramah lingkungan.",Cagar Alam,Taman Nasional,Pesisir Barat Krui,20000,4.2,150.0,"{'lat': -5.18034, 'lng': 103.966967}",-5.18034,103.966967,Lampung,alam,20000.0,4.2,1,1,1,0,1,1,0.8333,edukasi|fotografi|hiking|rekreasi_keluarga
426,Pulau Pahawang Snorkeling,"Pulau Pahawang Snorkeling di Lampung Timur, Lampung. Objek wisata alam dengan formasi tebing batuan alami, gua karst purba, serta telaga yang jernih dan tenang. Suasana alam yang tenang memberikan kesegaran pikiran bagi pengunjung yang mencintai ketenangan alam.",Cagar Alam,Taman Nasional,Lampung Timur,15000,4.4,150.0,"{'lat': -5.071341, 'lng': 105.698088}",-5.071341,105.698088,Lampung,alam,15000.0,4.4,1,1,1,1,1,1,1.0,bahari|edukasi|fotografi|hiking|rekreasi_keluarga|snorkeling
427,Teluk Kiluan Lumba-Lumba,"Teluk Kiluan Lumba-Lumba di Lampung Timur, Lampung. Kawasan konservasi alam yang asri dan terlindungi dengan keanekaragaman flora dan fauna tropis endemik. Dilengkapi jalur trekking kayu yang tertata rapi, gazebo istirahat, pusat informasi lingkungan, dan toilet pengunjung.",Cagar Alam,Taman Nasional,Lampung Timur,10000,4.5,180.0,"{'lat': -5.118446, 'lng': 105.676642}",-5.118446,105.676642,Lampung,alam,10000.0,4.5,1,1,1,1,0,1,0.8333,edukasi|fotografi|hiking|rekreasi_keluarga
428,Pulau Kelagian Pesawaran,"Pulau Kelagian Pesawaran di Lampung Tengah, Lampung. Kawasan konservasi alam yang asri dan terlindungi dengan keanekaragaman flora dan fauna tropis endemik. Dilengkapi jalur trekking kayu yang tertata rapi, gazebo istirahat, pusat informasi lingkungan, dan toilet pengunjung.",Cagar Alam,Taman Nasional,Lampung Tengah,20000,4.2,120.0,"{'lat': -4.951243, 'lng': 105.20132}",-4.951243,105.20132,Lampung,alam,20000.0,4.2,1,1,1,0,0,1,0.6667,edukasi|fotografi|hiking|rekreasi_keluarga
429,Danau Suoh Lampung Barat,"Danau Suoh Lampung Barat di Kota Metro, Lampung. Kawasan konservasi alam yang asri dan terlindungi dengan keanekaragaman flora dan fauna tropis endemik. Dilengkapi jalur trekking kayu yang tertata rapi, gazebo istirahat, pusat informasi lingkungan, dan toilet pengunjung.",Cagar Alam,Danau,Kota Metro,30000,4.2,120.0,"{'lat': -5.142448, 'lng': 105.334804}",-5.142448,105.334804,Lampung,alam,30000.0,4.2,1,1,1,1,0,1,0.8333,alam|edukasi|fotografi|hiking|rekreasi_keluarga
430,Air Terjun Way Lalaan,"Air Terjun Way Lalaan di Lampung Timur, Lampung. Wisata alam edukatif berbalut udara segar hutan tropis, aliran sungai yang jernih, serta air terjun bertingkat yang menyejukkan. Pilihan utama untuk riset keanekaragaman hayati dan ekowisata ramah lingkungan.",Cagar Alam,Air Terjun,Lampung Timur,10000,4.7,120.0,"{'lat': -5.13539, 'lng': 105.645946}",-5.13539,105.645946,Lampung,alam,10000.0,4.7,1,1,1,0,0,1,0.6667,alam|edukasi|fotografi|hiking|rekreasi_keluarga
431,Air Terjun Curup Tujuh,"Air Terjun Curup Tujuh di Kota Metro, Lampung. Wisata alam edukatif berbalut udara segar hutan tropis, aliran sungai yang jernih, serta air terjun bertingkat yang menyejukkan. Pilihan utama untuk riset keanekaragaman hayati dan ekowisata ramah lingkungan.",Cagar Alam,Air Terjun,Kota Metro,10000,4.5,150.0,"{'lat': -5.121545, 'lng': 105.340546}",-5.121545,105.340546,Lampung,alam,10000.0,4.5,1,1,1,1,0,1,0.8333,alam|edukasi|fotografi|hiking|rekreasi_keluarga
432,Pulau Tegal Mas Maldives Lampung,"Pulau Tegal Mas Maldives Lampung di Pringsewu, Lampung. Wisata alam edukatif berbalut udara segar hutan tropis, aliran sungai yang jernih, serta air terjun bertingkat yang menyejukkan. Pilihan utama untuk riset keanekaragaman hayati dan ekowisata ramah lingkungan.",Cagar Alam,Taman Nasional,Pringsewu,20000,4.7,120.0,"{'lat': -5.320362, 'lng': 104.99025}",-5.320362,104.99025,Lampung,alam,20000.0,4.7,1,1,1,1,1,1,1.0,edukasi|fotografi|hiking|rekreasi_keluarga
433,Menara Siger Bakauheni,"Menara Siger Bakauheni di Pesawaran, Lampung. Kompleks bangunan bersejarah dan desa adat yang mempertahankan adat istiadat turun-temurun dengan ramah. Wisatawan dapat menyaksikan kerajinan tangan tradisional dan berinteraksi langsung dengan warga setempat.",Budaya,Situs Sejarah,Pesawaran,10000,4.5,60.0,"{'lat': -5.450494, 'lng': 105.174225}",-5.450494,105.174225,Lampung,budaya,10000.0,4.5,1,1,0,0,1,1,0.6667,budaya|edukasi|fotografi|sejarah
434,Museum Negeri Lampung Ruwa Jurai,"Museum Negeri Lampung Ruwa Jurai di Tanggamus, Lampung. Kompleks bangunan bersejarah dan desa adat yang mempertahankan adat istiadat turun-temurun dengan ramah. Wisatawan dapat menyaksikan kerajinan tangan tradisional dan berinteraksi langsung dengan warga setempat.",Budaya,Museum,Tanggamus,5000,4.9,60.0,"{'lat': -5.498938, 'lng': 104.71247}",-5.498938,104.71247,Lampung,budaya,5000.0,4.9,1,1,0,1,0,1,0.6667,budaya|edukasi|fotografi|sejarah
435,Desa Wisata Kain Tapis Negeri Katon,"Desa Wisata Kain Tapis Negeri Katon di Lampung Tengah, Lampung. Destinasi wisata sejarah dan kearifan lokal yang memperlihatkan warisan peradaban masa lampau melalui koleksi artefak berharga. Tempat ideal untuk belajar mengenai perjuangan bangsa dan filosofi adat masyarakat.",Budaya,Desa Adat,Lampung Tengah,15000,4.8,90.0,"{'lat': -4.941332, 'lng': 105.23544}",-4.941332,105.23544,Lampung,budaya,15000.0,4.8,1,1,1,0,0,1,0.6667,budaya|edukasi|fotografi|sejarah
436,Situs Megalitikum Pugung Raharjo,"Situs Megalitikum Pugung Raharjo di Pesisir Barat Krui, Lampung. Kompleks bangunan bersejarah dan desa adat yang mempertahankan adat istiadat turun-temurun dengan ramah. Wisatawan dapat menyaksikan kerajinan tangan tradisional dan berinteraksi langsung dengan warga setempat.",Budaya,Situs Sejarah,Pesisir Barat Krui,25000,4.3,60.0,"{'lat': -5.198349, 'lng': 103.943188}",-5.198349,103.943188,Lampung,budaya,25000.0,4.3,1,1,1,1,1,1,1.0,budaya|edukasi|fotografi|sejarah
437,Rumah Adat Lamban Gedung Liwa,"Rumah Adat Lamban Gedung Liwa di Tanggamus, Lampung. Situs cagar budaya bersejarah yang sarat dengan nilai tradisi leluhur, arsitektur arca dan bangunan tradisional yang otentik. Dilengkapi pemandu wisata budaya, museum informasi sejarah, dan pertunjukan seni berkala.",Budaya,Situs Sejarah,Tanggamus,15000,4.6,120.0,"{'lat': -5.495083, 'lng': 104.690802}",-5.495083,104.690802,Lampung,budaya,15000.0,4.6,1,1,1,0,0,1,0.6667,budaya|edukasi|fotografi|sejarah
438,Monumen Krakatau Bandar Lampung,"Monumen Krakatau Bandar Lampung di Lampung Timur, Lampung. Kompleks bangunan bersejarah dan desa adat yang mempertahankan adat istiadat turun-temurun dengan ramah. Wisatawan dapat menyaksikan kerajinan tangan tradisional dan berinteraksi langsung dengan warga setempat.",Budaya,Situs Sejarah,Lampung Timur,15000,4.5,60.0,"{'lat': -5.113989, 'lng': 105.665451}",-5.113989,105.665451,Lampung,budaya,15000.0,4.5,1,1,1,1,1,1,1.0,budaya|edukasi|fotografi|sejarah
439,Kerajaan Adat Paksi Pak Sekala Brak,"Kerajaan Adat Paksi Pak Sekala Brak di Lampung Selatan, Lampung. Situs cagar budaya bersejarah yang sarat dengan nilai tradisi leluhur, arsitektur arca dan bangunan tradisional yang otentik. Dilengkapi pemandu wisata budaya, museum informasi sejarah, dan pertunjukan seni berkala.",Budaya,Situs Sejarah,Lampung Selatan,15000,4.4,120.0,"{'lat': -5.709111, 'lng': 105.591303}",-5.709111,105.591303,Lampung,budaya,15000.0,4.4,1,1,1,1,0,1,0.8333,budaya|edukasi|fotografi|sejarah
440,Taman Wisata Lembah Hijau,"Taman Wisata Lembah Hijau di Pesisir Barat Krui, Lampung. Kawasan rekreasi bertema dengan wahana pemacu adrenalin, kolam renang bergelombang, serta taman bermain anak yang aman. Dilengkapi staf pengawas keselamatan dan berbagai tenant kuliner lezat.",Taman Hiburan,Taman Rekreasi,Pesisir Barat Krui,35000,4.5,180.0,"{'lat': -5.206515, 'lng': 103.924362}",-5.206515,103.924362,Lampung,hiburan,35000.0,4.5,1,1,1,1,1,1,1.0,edukasi|fotografi|rekreasi_keluarga
441,Bumi Kedaton Resort Waterpark,"Bumi Kedaton Resort Waterpark di Kota Bandar Lampung, Lampung. Kawasan rekreasi bertema dengan wahana pemacu adrenalin, kolam renang bergelombang, serta taman bermain anak yang aman. Dilengkapi staf pengawas keselamatan dan berbagai tenant kuliner lezat.",Taman Hiburan,Waterpark,Kota Bandar Lampung,200000,4.9,180.0,"{'lat': -5.41213, 'lng': 105.277405}",-5.41213,105.277405,Lampung,hiburan,200000.0,4.9,1,1,1,1,1,1,1.0,edukasi|fotografi|rekreasi_keluarga
442,Taman Kupu-kupu Gita Persada,"Taman Kupu-kupu Gita Persada di Kota Bandar Lampung, Lampung. Taman rekreasi modern keluarga yang menghadirkan beragam wahana permainan seru, atraksi air, serta pertunjukan tematik interaktif. Memiliki fasilitas lengkap seperti food court, musala yang nyaman, toilet bersih, dan area parkir luas.",Taman Hiburan,Taman Rekreasi,Kota Bandar Lampung,200000,4.4,180.0,"{'lat': -5.445184, 'lng': 105.236099}",-5.445184,105.236099,Lampung,hiburan,200000.0,4.4,1,1,1,1,1,1,1.0,edukasi|fotografi|rekreasi_keluarga
443,Camp 91 Kedaung,"Camp 91 Kedaung di Kota Metro, Lampung. Kawasan rekreasi bertema dengan wahana pemacu adrenalin, kolam renang bergelombang, serta taman bermain anak yang aman. Dilengkapi staf pengawas keselamatan dan berbagai tenant kuliner lezat.",Taman Hiburan,Taman Rekreasi,Kota Metro,200000,4.4,180.0,"{'lat': -5.115638, 'lng': 105.325974}",-5.115638,105.325974,Lampung,hiburan,200000.0,4.4,1,1,1,1,1,1,1.0,edukasi|fotografi|rekreasi_keluarga
444,Sentra Keripik Pisang Gang PU,"Sentra Keripik Pisang Gang PU di Pringsewu, Lampung. Sentra kuliner dan suvenir ikonik yang menyediakan aneka buah tangan khas Nusantara berkualitas tinggi. Dilengkapi area parkir kendaraan wisata, gerai anjungan tunai mandiri (ATM), dan mushola.",Pusat Perbelanjaan,Sentra Kerajinan,Pringsewu,0,4.6,90.0,"{'lat': -5.382856, 'lng': 104.971723}",-5.382856,104.971723,Lampung,belanja,0.0,4.6,1,1,1,0,1,1,0.8333,belanja|budaya|kuliner
445,Pasar Bambu Kuning,"Pasar Bambu Kuning di Pringsewu, Lampung. Kawasan pertokoan dan pasar seni yang menyajikan ragam cinderamata unik karya perajin lokal dari berbagai penjuru daerah. Selalu ramai dikunjungi wisatawan yang ingin membawa kenang-kenangan autentik.",Pusat Perbelanjaan,Pasar Tradisional,Pringsewu,0,4.2,120.0,"{'lat': -5.352899, 'lng': 104.952723}",-5.352899,104.952723,Lampung,belanja,0.0,4.2,1,1,1,1,1,1,1.0,belanja|budaya|kuliner
446,Sentra Kopi Robusta Liwa,"Sentra Kopi Robusta Liwa di Lampung Timur, Lampung. Sentra kuliner dan suvenir ikonik yang menyediakan aneka buah tangan khas Nusantara berkualitas tinggi. Dilengkapi area parkir kendaraan wisata, gerai anjungan tunai mandiri (ATM), dan mushola.",Pusat Perbelanjaan,Sentra Kerajinan,Lampung Timur,0,4.3,120.0,"{'lat': -5.102222, 'lng': 105.658864}",-5.102222,105.658864,Lampung,belanja,0.0,4.3,1,1,1,1,1,0,0.8333,belanja|budaya|kuliner
447,Sentra Tenun Tapis Soekardi,"Sentra Tenun Tapis Soekardi di Kota Bandar Lampung, Lampung. Sentra kuliner dan suvenir ikonik yang menyediakan aneka buah tangan khas Nusantara berkualitas tinggi. Dilengkapi area parkir kendaraan wisata, gerai anjungan tunai mandiri (ATM), dan mushola.",Pusat Perbelanjaan,Sentra Kerajinan,Kota Bandar Lampung,0,4.5,90.0,"{'lat': -5.399532, 'lng': 105.234562}",-5.399532,105.234562,Lampung,belanja,0.0,4.5,1,1,1,1,1,1,1.0,belanja|budaya|kuliner
448,Masjid Al-Furqon Bandar Lampung,"Masjid Al-Furqon Bandar Lampung di Lampung Selatan, Lampung. Ikon wisata religi yang terkenal dengan kedamaian suasananya, toleransi antarwarga, serta kubah atau menara yang menjulang indah. Menjadi tempat ziarah sekaligus edukasi spiritual bagi masyarakat luas.",Tempat Ibadah,Masjid,Lampung Selatan,0,4.4,45.0,"{'lat': -5.694368, 'lng': 105.554758}",-5.694368,105.554758,Lampung,religi,0.0,4.4,1,1,1,1,1,1,1.0,budaya|religi|sejarah
449,Masjid Terapung Al-Aminah,"Masjid Terapung Al-Aminah di Lampung Timur, Lampung. Bangunan keagamaan bersejarah dengan arsitektur megah dan penuh nilai filosofis spiritual tinggi. Menyediakan sarana ibadah yang bersih dan khusyuk, pelataran yang teduh dan asri, serta toilet wudhu yang terawat.",Tempat Ibadah,Masjid,Lampung Timur,0,4.9,60.0,"{'lat': -5.114927, 'lng': 105.647941}",-5.114927,105.647941,Lampung,religi,0.0,4.9,1,1,1,1,1,0,0.8333,budaya|religi|sejarah
450,Gereja Katedral Kristus Raja,"Gereja Katedral Kristus Raja di Kota Bandar Lampung, Lampung. Tempat ibadah cagar budaya dengan ornamen seni pahat antik dan sejarah pendirian yang menginspirasi. Terbuka bagi pengunjung yang ingin berdoa maupun mengagumi keindahan karya arsitektur Nusantara.",Tempat Ibadah,Gereja,Kota Bandar Lampung,0,4.3,45.0,"{'lat': -5.408041, 'lng': 105.261666}",-5.408041,105.261666,Lampung,religi,0.0,4.3,1,1,1,1,1,0,0.8333,budaya|religi|sejarah
451,Pantai Tanjung Tinggi Belitung Granit,"Pantai Tanjung Tinggi Belitung Granit di Belitung, Kepulauan Bangka Belitung. Kawasan pantai dengan keindahan garis pantai memanjang, batuan karang yang menawan, serta angin sepoi-sepoi yang menyegarkan. Sangat cocok untuk aktivitas rekreasi, jalan santai di tepi air, dan piknik sore hari.",Pantai,Pantai,Belitung,5000,4.2,150.0,"{'lat': -2.738978, 'lng': 107.648192}",-2.738978,107.648192,Kepulauan Bangka Belitung,bahari,5000.0,4.2,1,1,1,1,0,0,0.6667,berenang|fotografi|kuliner|pantai|rekreasi_keluarga
452,Pantai Tanjung Kelayang UNESCO,"Pantai Tanjung Kelayang UNESCO di Belitung Timur, Kepulauan Bangka Belitung. Kawasan pantai dengan keindahan garis pantai memanjang, batuan karang yang menawan, serta angin sepoi-sepoi yang menyegarkan. Sangat cocok untuk aktivitas rekreasi, jalan santai di tepi air, dan piknik sore hari.",Pantai,Pantai,Belitung Timur,10000,4.2,120.0,"{'lat': -2.897523, 'lng': 108.293358}",-2.897523,108.293358,Kepulauan Bangka Belitung,bahari,10000.0,4.2,1,1,1,1,1,0,0.8333,berenang|fotografi|kuliner|pantai|rekreasi_keluarga
453,Pantai Parai Tenggiri Sungailiat,"Pantai Parai Tenggiri Sungailiat di Bangka Selatan, Kepulauan Bangka Belitung. Destinasi wisata pesisir dengan hamparan pasir bersih, deburan ombak yang menenangkan, serta panorama matahari terbenam yang memukau. Dilengkapi fasilitas warung makan seafood lokal, area parkir, toilet umum, dan persewaan payung pantai.",Pantai,Pantai,Bangka Selatan,5000,4.8,180.0,"{'lat': -2.953141, 'lng': 106.434967}",-2.953141,106.434967,Kepulauan Bangka Belitung,bahari,5000.0,4.8,1,1,1,1,0,0,0.6667,alam|berenang|fotografi|kuliner|pantai|rekreasi_keluarga
454,Pantai Matras Bangka,"Pantai Matras Bangka di Belitung, Kepulauan Bangka Belitung. Kawasan pantai dengan keindahan garis pantai memanjang, batuan karang yang menawan, serta angin sepoi-sepoi yang menyegarkan. Sangat cocok untuk aktivitas rekreasi, jalan santai di tepi air, dan piknik sore hari.",Pantai,Pantai,Belitung,25000,4.7,240.0,"{'lat': -2.697423, 'lng': 107.646474}",-2.697423,107.646474,Kepulauan Bangka Belitung,bahari,25000.0,4.7,1,1,1,1,1,0,0.8333,berenang|fotografi|kuliner|pantai|rekreasi_keluarga
455,Pantai Pasir Padi Pangkalpinang,"Pantai Pasir Padi Pangkalpinang di Kota Pangkal Pinang, Kepulauan Bangka Belitung. Destinasi wisata pesisir dengan hamparan pasir bersih, deburan ombak yang menenangkan, serta panorama matahari terbenam yang memukau. Dilengkapi fasilitas warung makan seafood lokal, area parkir, toilet umum, dan persewaan payung pantai.",Pantai,Pantai,Kota Pangkal Pinang,10000,4.4,240.0,"{'lat': -2.101189, 'lng': 106.10544}",-2.101189,106.10544,Kepulauan Bangka Belitung,bahari,10000.0,4.4,1,1,1,1,0,1,0.8333,berenang|fotografi|kuliner|pantai|rekreasi_keluarga
456,Pantai Penyusuk Belinyu,"Pantai Penyusuk Belinyu di Kota Pangkal Pinang, Kepulauan Bangka Belitung. Pantai eksotis dengan air laut jernih dan deretan pohon kelapa yang rindang. Menjadi lokasi favorit wisatawan untuk bersantai, bermain air bersama keluarga, berswafoto, serta menikmati kelapa muda segar di tepi pantai.",Pantai,Pantai,Kota Pangkal Pinang,25000,4.4,120.0,"{'lat': -2.162804, 'lng': 106.135426}",-2.162804,106.135426,Kepulauan Bangka Belitung,bahari,25000.0,4.4,1,1,1,1,1,1,1.0,berenang|fotografi|kuliner|pantai|rekreasi_keluarga
457,Pantai Tikus Emas Sungailiat,"Pantai Tikus Emas Sungailiat di Bangka Selatan, Kepulauan Bangka Belitung. Kawasan pantai dengan keindahan garis pantai memanjang, batuan karang yang menawan, serta angin sepoi-sepoi yang menyegarkan. Sangat cocok untuk aktivitas rekreasi, jalan santai di tepi air, dan piknik sore hari.",Pantai,Pantai,Bangka Selatan,25000,4.2,120.0,"{'lat': -2.993285, 'lng': 106.461226}",-2.993285,106.461226,Kepulauan Bangka Belitung,bahari,25000.0,4.2,1,1,1,1,0,1,0.8333,alam|berenang|fotografi|kuliner|pantai|rekreasi_keluarga
458,Pantai Burung Mandi Manggar,"Pantai Burung Mandi Manggar di Bangka Selatan, Kepulauan Bangka Belitung. Kawasan pantai dengan keindahan garis pantai memanjang, batuan karang yang menawan, serta angin sepoi-sepoi yang menyegarkan. Sangat cocok untuk aktivitas rekreasi, jalan santai di tepi air, dan piknik sore hari.",Pantai,Pantai,Bangka Selatan,20000,4.8,120.0,"{'lat': -3.019441, 'lng': 106.419263}",-3.019441,106.419263,Kepulauan Bangka Belitung,bahari,20000.0,4.8,1,1,1,1,0,1,0.8333,berenang|fotografi|kuliner|pantai|rekreasi_keluarga
459,Pantai Punai Belitung Timur,"Pantai Punai Belitung Timur di Kota Pangkal Pinang, Kepulauan Bangka Belitung. Kawasan pantai dengan keindahan garis pantai memanjang, batuan karang yang menawan, serta angin sepoi-sepoi yang menyegarkan. Sangat cocok untuk aktivitas rekreasi, jalan santai di tepi air, dan piknik sore hari.",Pantai,Pantai,Kota Pangkal Pinang,5000,4.6,240.0,"{'lat': -2.15686, 'lng': 106.131559}",-2.15686,106.131559,Kepulauan Bangka Belitung,bahari,5000.0,4.6,1,1,1,1,0,1,0.8333,berenang|fotografi|kuliner|pantai|rekreasi_keluarga
460,Pantai Batu Bedaun Sungailiat,"Pantai Batu Bedaun Sungailiat di Belitung Timur, Kepulauan Bangka Belitung. Pantai eksotis dengan air laut jernih dan deretan pohon kelapa yang rindang. Menjadi lokasi favorit wisatawan untuk bersantai, bermain air bersama keluarga, berswafoto, serta menikmati kelapa muda segar di tepi pantai.",Pantai,Pantai,Belitung Timur,20000,4.3,120.0,"{'lat': -2.873476, 'lng': 108.282758}",-2.873476,108.282758,Kepulauan Bangka Belitung,bahari,20000.0,4.3,1,1,1,1,0,0,0.6667,alam|berenang|fotografi|kuliner|pantai|rekreasi_keluarga
461,Pantai Tongaci Bangka,"Pantai Tongaci Bangka di Belitung Timur, Kepulauan Bangka Belitung. Kawasan pantai dengan keindahan garis pantai memanjang, batuan karang yang menawan, serta angin sepoi-sepoi yang menyegarkan. Sangat cocok untuk aktivitas rekreasi, jalan santai di tepi air, dan piknik sore hari.",Pantai,Pantai,Belitung Timur,15000,4.5,180.0,"{'lat': -2.907408, 'lng': 108.24268}",-2.907408,108.24268,Kepulauan Bangka Belitung,bahari,15000.0,4.5,1,1,1,1,0,0,0.6667,berenang|fotografi|kuliner|pantai|rekreasi_keluarga
462,Pantai Nyiur Melambai,"Pantai Nyiur Melambai di Bangka Barat, Kepulauan Bangka Belitung. Destinasi wisata pesisir dengan hamparan pasir bersih, deburan ombak yang menenangkan, serta panorama matahari terbenam yang memukau. Dilengkapi fasilitas warung makan seafood lokal, area parkir, toilet umum, dan persewaan payung pantai.",Pantai,Pantai,Bangka Barat,30000,4.9,180.0,"{'lat': -2.062849, 'lng': 105.199529}",-2.062849,105.199529,Kepulauan Bangka Belitung,bahari,30000.0,4.9,1,1,1,1,0,1,0.8333,berenang|fotografi|kuliner|pantai|rekreasi_keluarga
463,Pantai Batu Dinding Belinyu,"Pantai Batu Dinding Belinyu di Bangka Barat, Kepulauan Bangka Belitung. Destinasi wisata pesisir dengan hamparan pasir bersih, deburan ombak yang menenangkan, serta panorama matahari terbenam yang memukau. Dilengkapi fasilitas warung makan seafood lokal, area parkir, toilet umum, dan persewaan payung pantai.",Pantai,Pantai,Bangka Barat,30000,4.9,150.0,"{'lat': -2.03415, 'lng': 105.193519}",-2.03415,105.193519,Kepulauan Bangka Belitung,bahari,30000.0,4.9,1,1,1,1,1,0,0.8333,berenang|fotografi|kuliner|pantai|rekreasi_keluarga
464,Pantai Siangau Bangka Barat,"Pantai Siangau Bangka Barat di Bangka Tengah, Kepulauan Bangka Belitung. Pantai eksotis dengan air laut jernih dan deretan pohon kelapa yang rindang. Menjadi lokasi favorit wisatawan untuk bersantai, bermain air bersama keluarga, berswafoto, serta menikmati kelapa muda segar di tepi pantai.",Pantai,Pantai,Bangka Tengah,30000,4.5,240.0,"{'lat': -2.465414, 'lng': 106.249082}",-2.465414,106.249082,Kepulauan Bangka Belitung,bahari,30000.0,4.5,1,1,1,1,0,0,0.6667,berenang|fotografi|kuliner|pantai|rekreasi_keluarga
465,Gunung Menumbing Muntok,"Gunung Menumbing Muntok di Belitung, Kepulauan Bangka Belitung. Puncak bukit dan pegunungan dengan pemandangan lanskap hijau membentang sejauh mata memandang. Menawarkan pengalaman menikmati golden sunrise, udara bersih bebas polusi, dan spot foto alam yang memesona.",Gunung,Gunung,Belitung,20000,4.7,300.0,"{'lat': -2.708246, 'lng': 107.679931}",-2.708246,107.679931,Kepulauan Bangka Belitung,alam,20000.0,4.7,1,1,1,1,0,1,0.8333,camping|fotografi|gunung|hiking
466,Gunung Maras Bangka,"Gunung Maras Bangka di Bangka Selatan, Kepulauan Bangka Belitung. Puncak bukit dan pegunungan dengan pemandangan lanskap hijau membentang sejauh mata memandang. Menawarkan pengalaman menikmati golden sunrise, udara bersih bebas polusi, dan spot foto alam yang memesona.",Gunung,Gunung,Bangka Selatan,50000,4.4,300.0,"{'lat': -3.019629, 'lng': 106.47816}",-3.019629,106.47816,Kepulauan Bangka Belitung,alam,50000.0,4.4,1,1,1,1,1,0,0.8333,camping|fotografi|gunung|hiking
467,Bukit Berahu Belitung,"Bukit Berahu Belitung di Belitung, Kepulauan Bangka Belitung. Puncak bukit dan pegunungan dengan pemandangan lanskap hijau membentang sejauh mata memandang. Menawarkan pengalaman menikmati golden sunrise, udara bersih bebas polusi, dan spot foto alam yang memesona.",Gunung,Perbukitan,Belitung,20000,4.4,180.0,"{'lat': -2.714655, 'lng': 107.63981}",-2.714655,107.63981,Kepulauan Bangka Belitung,alam,20000.0,4.4,1,1,1,1,0,1,0.8333,camping|fotografi|gunung|hiking
468,Bukit Samak Manggar,"Bukit Samak Manggar di Bangka, Kepulauan Bangka Belitung. Destinasi wisata pegunungan berhawa sejuk dengan jalur pendakian yang menantang dan panorama lautan awan yang spektakuler saat fajar. Tersedia pos peristirahatan, warung logistik pendaki, area perkemahan, dan pemandu lokal.",Gunung,Perbukitan,Bangka,25000,4.4,180.0,"{'lat': -1.834808, 'lng': 106.11496}",-1.834808,106.11496,Kepulauan Bangka Belitung,alam,25000.0,4.4,1,1,1,1,0,1,0.8333,camping|fotografi|gunung|hiking
469,Bukit Menara Belitung,"Bukit Menara Belitung di Bangka Barat, Kepulauan Bangka Belitung. Destinasi wisata pegunungan berhawa sejuk dengan jalur pendakian yang menantang dan panorama lautan awan yang spektakuler saat fajar. Tersedia pos peristirahatan, warung logistik pendaki, area perkemahan, dan pemandu lokal.",Gunung,Perbukitan,Bangka Barat,35000,4.9,360.0,"{'lat': -2.093948, 'lng': 105.159982}",-2.093948,105.159982,Kepulauan Bangka Belitung,alam,35000.0,4.9,1,1,1,1,1,1,1.0,camping|fotografi|gunung|hiking
470,Bukit Kejora Koba,"Bukit Kejora Koba di Bangka, Kepulauan Bangka Belitung. Puncak bukit dan pegunungan dengan pemandangan lanskap hijau membentang sejauh mata memandang. Menawarkan pengalaman menikmati golden sunrise, udara bersih bebas polusi, dan spot foto alam yang memesona.",Gunung,Perbukitan,Bangka,50000,4.4,360.0,"{'lat': -1.820994, 'lng': 106.147096}",-1.820994,106.147096,Kepulauan Bangka Belitung,alam,50000.0,4.4,1,1,1,0,0,0,0.5,camping|fotografi|gunung|hiking
471,Bukit Pala Muntok,"Bukit Pala Muntok di Belitung, Kepulauan Bangka Belitung. Kawasan dataran tinggi dan lereng gunung yang asri dengan pemandangan perbukitan hijau dan kawah eksotis. Sangat ideal untuk petualangan alam terbuka, hiking santai, perkemahan keluarga, dan melepas penat.",Gunung,Perbukitan,Belitung,50000,4.5,300.0,"{'lat': -2.752371, 'lng': 107.635139}",-2.752371,107.635139,Kepulauan Bangka Belitung,alam,50000.0,4.5,1,1,1,1,1,0,0.8333,camping|fotografi|gunung|hiking
472,Bukit Gebang Toboali,"Bukit Gebang Toboali di Bangka Selatan, Kepulauan Bangka Belitung. Kawasan dataran tinggi dan lereng gunung yang asri dengan pemandangan perbukitan hijau dan kawah eksotis. Sangat ideal untuk petualangan alam terbuka, hiking santai, perkemahan keluarga, dan melepas penat.",Gunung,Perbukitan,Bangka Selatan,20000,4.8,240.0,"{'lat': -2.970363, 'lng': 106.429886}",-2.970363,106.429886,Kepulauan Bangka Belitung,alam,20000.0,4.8,1,1,1,1,1,0,0.8333,camping|fotografi|gunung|hiking
473,Puncak Bukit Peramun Belitung,"Puncak Bukit Peramun Belitung di Belitung, Kepulauan Bangka Belitung. Destinasi wisata pegunungan berhawa sejuk dengan jalur pendakian yang menantang dan panorama lautan awan yang spektakuler saat fajar. Tersedia pos peristirahatan, warung logistik pendaki, area perkemahan, dan pemandu lokal.",Gunung,Perbukitan,Belitung,25000,4.9,240.0,"{'lat': -2.69855, 'lng': 107.650445}",-2.69855,107.650445,Kepulauan Bangka Belitung,alam,25000.0,4.9,1,1,1,1,0,0,0.6667,camping|fotografi|gunung|hiking
474,Bukit Batu Baginde Belitung Selatan,"Bukit Batu Baginde Belitung Selatan di Belitung, Kepulauan Bangka Belitung. Destinasi wisata pegunungan berhawa sejuk dengan jalur pendakian yang menantang dan panorama lautan awan yang spektakuler saat fajar. Tersedia pos peristirahatan, warung logistik pendaki, area perkemahan, dan pemandu lokal.",Gunung,Perbukitan,Belitung,35000,4.8,360.0,"{'lat': -2.751047, 'lng': 107.650554}",-2.751047,107.650554,Kepulauan Bangka Belitung,alam,35000.0,4.8,1,1,1,0,0,1,0.6667,camping|fotografi|gunung|hiking
475,Pulau Lengkuas Mercusuar 1882,"Pulau Lengkuas Mercusuar 1882 di Bangka, Kepulauan Bangka Belitung. Objek wisata alam dengan formasi tebing batuan alami, gua karst purba, serta telaga yang jernih dan tenang. Suasana alam yang tenang memberikan kesegaran pikiran bagi pengunjung yang mencintai ketenangan alam.",Cagar Alam,Taman Nasional,Bangka,20000,4.3,180.0,"{'lat': -1.882958, 'lng': 106.116576}",-1.882958,106.116576,Kepulauan Bangka Belitung,alam,20000.0,4.3,1,1,1,1,0,1,0.8333,edukasi|fotografi|hiking|rekreasi_keluarga
476,Danau Kaolin Air Raya Belitung,"Danau Kaolin Air Raya Belitung di Belitung Timur, Kepulauan Bangka Belitung. Objek wisata alam dengan formasi tebing batuan alami, gua karst purba, serta telaga yang jernih dan tenang. Suasana alam yang tenang memberikan kesegaran pikiran bagi pengunjung yang mencintai ketenangan alam.",Cagar Alam,Danau,Belitung Timur,10000,4.3,150.0,"{'lat': -2.890313, 'lng': 108.27127}",-2.890313,108.27127,Kepulauan Bangka Belitung,alam,10000.0,4.3,1,1,1,1,1,1,1.0,alam|edukasi|fotografi|hiking|rekreasi_keluarga
477,Danau Kaolin Nibung Bangka Tengah,"Danau Kaolin Nibung Bangka Tengah di Kota Pangkal Pinang, Kepulauan Bangka Belitung. Wisata alam edukatif berbalut udara segar hutan tropis, aliran sungai yang jernih, serta air terjun bertingkat yang menyejukkan. Pilihan utama untuk riset keanekaragaman hayati dan ekowisata ramah lingkungan.",Cagar Alam,Danau,Kota Pangkal Pinang,10000,4.5,180.0,"{'lat': -2.136803, 'lng': 106.103968}",-2.136803,106.103968,Kepulauan Bangka Belitung,alam,10000.0,4.5,1,1,1,1,1,1,1.0,alam|edukasi|fotografi|hiking|rekreasi_keluarga
478,Pulau Batu Berlayar Belitung,"Pulau Batu Berlayar Belitung di Belitung Timur, Kepulauan Bangka Belitung. Objek wisata alam dengan formasi tebing batuan alami, gua karst purba, serta telaga yang jernih dan tenang. Suasana alam yang tenang memberikan kesegaran pikiran bagi pengunjung yang mencintai ketenangan alam.",Cagar Alam,Taman Nasional,Belitung Timur,25000,4.3,90.0,"{'lat': -2.885449, 'lng': 108.279273}",-2.885449,108.279273,Kepulauan Bangka Belitung,alam,25000.0,4.3,1,1,1,0,0,1,0.6667,edukasi|fotografi|hiking|rekreasi_keluarga
479,Pulau Pasir Bintang Laut Belitung,"Pulau Pasir Bintang Laut Belitung di Belitung, Kepulauan Bangka Belitung. Kawasan konservasi alam yang asri dan terlindungi dengan keanekaragaman flora dan fauna tropis endemik. Dilengkapi jalur trekking kayu yang tertata rapi, gazebo istirahat, pusat informasi lingkungan, dan toilet pengunjung.",Cagar Alam,Taman Nasional,Belitung,20000,4.7,90.0,"{'lat': -2.706909, 'lng': 107.687155}",-2.706909,107.687155,Kepulauan Bangka Belitung,alam,20000.0,4.7,1,1,1,1,0,1,0.8333,edukasi|fotografi|hiking|rekreasi_keluarga
480,Batu Belimbing Toboali,"Batu Belimbing Toboali di Bangka Selatan, Kepulauan Bangka Belitung. Objek wisata alam dengan formasi tebing batuan alami, gua karst purba, serta telaga yang jernih dan tenang. Suasana alam yang tenang memberikan kesegaran pikiran bagi pengunjung yang mencintai ketenangan alam.",Cagar Alam,Taman Nasional,Bangka Selatan,25000,4.3,150.0,"{'lat': -2.957553, 'lng': 106.469401}",-2.957553,106.469401,Kepulauan Bangka Belitung,alam,25000.0,4.3,1,1,1,0,0,1,0.6667,edukasi|fotografi|hiking|rekreasi_keluarga
481,Hutan Mangrove Munjut,"Hutan Mangrove Munjut di Bangka Selatan, Kepulauan Bangka Belitung. Wisata alam edukatif berbalut udara segar hutan tropis, aliran sungai yang jernih, serta air terjun bertingkat yang menyejukkan. Pilihan utama untuk riset keanekaragaman hayati dan ekowisata ramah lingkungan.",Cagar Alam,Taman Nasional,Bangka Selatan,15000,4.7,90.0,"{'lat': -2.955124, 'lng': 106.427247}",-2.955124,106.427247,Kepulauan Bangka Belitung,alam,15000.0,4.7,1,1,1,0,1,1,0.8333,edukasi|fotografi|hiking|rekreasi_keluarga
482,Air Terjun Gurok Beraye Belitung,"Air Terjun Gurok Beraye Belitung di Bangka Barat, Kepulauan Bangka Belitung. Wisata alam edukatif berbalut udara segar hutan tropis, aliran sungai yang jernih, serta air terjun bertingkat yang menyejukkan. Pilihan utama untuk riset keanekaragaman hayati dan ekowisata ramah lingkungan.",Cagar Alam,Air Terjun,Bangka Barat,25000,4.9,120.0,"{'lat': -2.052929, 'lng': 105.136558}",-2.052929,105.136558,Kepulauan Bangka Belitung,alam,25000.0,4.9,1,1,1,0,1,1,0.8333,alam|edukasi|fotografi|hiking|rekreasi_keluarga
483,Museum Kata Andrea Hirata Gantung,"Museum Kata Andrea Hirata Gantung di Bangka Tengah, Kepulauan Bangka Belitung. Situs cagar budaya bersejarah yang sarat dengan nilai tradisi leluhur, arsitektur arca dan bangunan tradisional yang otentik. Dilengkapi pemandu wisata budaya, museum informasi sejarah, dan pertunjukan seni berkala.",Budaya,Museum,Bangka Tengah,25000,4.9,120.0,"{'lat': -2.479042, 'lng': 106.211325}",-2.479042,106.211325,Kepulauan Bangka Belitung,budaya,25000.0,4.9,1,1,1,0,1,1,0.8333,budaya|edukasi|fotografi|sejarah
484,Replika SD Laskar Pelangi Gantong,"Replika SD Laskar Pelangi Gantong di Bangka Selatan, Kepulauan Bangka Belitung. Destinasi wisata sejarah dan kearifan lokal yang memperlihatkan warisan peradaban masa lampau melalui koleksi artefak berharga. Tempat ideal untuk belajar mengenai perjuangan bangsa dan filosofi adat masyarakat.",Budaya,Situs Sejarah,Bangka Selatan,25000,4.7,120.0,"{'lat': -3.015016, 'lng': 106.462602}",-3.015016,106.462602,Kepulauan Bangka Belitung,budaya,25000.0,4.7,1,1,1,1,1,1,1.0,budaya|edukasi|fotografi|sejarah
485,Pesanggrahan Menumbing Muntok,"Pesanggrahan Menumbing Muntok di Belitung Timur, Kepulauan Bangka Belitung. Situs cagar budaya bersejarah yang sarat dengan nilai tradisi leluhur, arsitektur arca dan bangunan tradisional yang otentik. Dilengkapi pemandu wisata budaya, museum informasi sejarah, dan pertunjukan seni berkala.",Budaya,Situs Sejarah,Belitung Timur,15000,4.6,90.0,"{'lat': -2.903441, 'lng': 108.25853}",-2.903441,108.25853,Kepulauan Bangka Belitung,budaya,15000.0,4.6,1,1,0,1,1,1,0.8333,budaya|edukasi|fotografi|sejarah
486,Museum Timah Indonesia,"Museum Timah Indonesia di Bangka Barat, Kepulauan Bangka Belitung. Kompleks bangunan bersejarah dan desa adat yang mempertahankan adat istiadat turun-temurun dengan ramah. Wisatawan dapat menyaksikan kerajinan tangan tradisional dan berinteraksi langsung dengan warga setempat.",Budaya,Museum,Bangka Barat,25000,4.7,120.0,"{'lat': -2.065716, 'lng': 105.194146}",-2.065716,105.194146,Kepulauan Bangka Belitung,budaya,25000.0,4.7,1,1,1,1,0,1,0.8333,budaya|edukasi|fotografi|sejarah
487,Benteng Toboali Bangka Selatan,"Benteng Toboali Bangka Selatan di Bangka Selatan, Kepulauan Bangka Belitung. Kompleks bangunan bersejarah dan desa adat yang mempertahankan adat istiadat turun-temurun dengan ramah. Wisatawan dapat menyaksikan kerajinan tangan tradisional dan berinteraksi langsung dengan warga setempat.",Budaya,Benteng,Bangka Selatan,15000,4.4,120.0,"{'lat': -2.973367, 'lng': 106.433246}",-2.973367,106.433246,Kepulauan Bangka Belitung,budaya,15000.0,4.4,1,1,1,0,0,1,0.6667,budaya|edukasi|fotografi|sejarah
488,Kampung Adat Gebong Memarong,"Kampung Adat Gebong Memarong di Bangka Tengah, Kepulauan Bangka Belitung. Kompleks bangunan bersejarah dan desa adat yang mempertahankan adat istiadat turun-temurun dengan ramah. Wisatawan dapat menyaksikan kerajinan tangan tradisional dan berinteraksi langsung dengan warga setempat.",Budaya,Desa Adat,Bangka Tengah,15000,4.9,120.0,"{'lat': -2.47235, 'lng': 106.233528}",-2.47235,106.233528,Kepulauan Bangka Belitung,budaya,15000.0,4.9,1,1,1,1,1,1,1.0,budaya|edukasi|fotografi|sejarah
489,Rumah Adat Melayu Bangka,"Rumah Adat Melayu Bangka di Belitung, Kepulauan Bangka Belitung. Situs cagar budaya bersejarah yang sarat dengan nilai tradisi leluhur, arsitektur arca dan bangunan tradisional yang otentik. Dilengkapi pemandu wisata budaya, museum informasi sejarah, dan pertunjukan seni berkala.",Budaya,Situs Sejarah,Belitung,20000,4.2,120.0,"{'lat': -2.701791, 'lng': 107.652712}",-2.701791,107.652712,Kepulauan Bangka Belitung,budaya,20000.0,4.2,1,1,0,0,1,1,0.6667,budaya|edukasi|fotografi|sejarah
490,Bangka Botanical Garden (BBG),"Bangka Botanical Garden (BBG) di Bangka, Kepulauan Bangka Belitung. Taman rekreasi modern keluarga yang menghadirkan beragam wahana permainan seru, atraksi air, serta pertunjukan tematik interaktif. Memiliki fasilitas lengkap seperti food court, musala yang nyaman, toilet bersih, dan area parkir luas.",Taman Hiburan,Taman Rekreasi,Bangka,50000,4.6,180.0,"{'lat': -1.874008, 'lng': 106.136715}",-1.874008,106.136715,Kepulauan Bangka Belitung,hiburan,50000.0,4.6,1,1,1,1,1,1,1.0,edukasi|fotografi|rekreasi_keluarga
491,Alun-alun Taman Merdeka Pangkalpinang,"Alun-alun Taman Merdeka Pangkalpinang di Belitung Timur, Kepulauan Bangka Belitung. Destinasi hiburan terpadu dengan spot swafoto kekinian yang estetik, wahana edukasi anak, dan ruang terbuka hijau yang ramah keluarga. Menjadi tempat favorit untuk berekreasi bersama anak-anak di akhir pekan.",Taman Hiburan,Taman Rekreasi,Belitung Timur,75000,4.5,120.0,"{'lat': -2.856149, 'lng': 108.281948}",-2.856149,108.281948,Kepulauan Bangka Belitung,hiburan,75000.0,4.5,1,1,1,1,1,1,1.0,edukasi|fotografi|rekreasi_keluarga
492,De Locomotief Pantai Tongaci,"De Locomotief Pantai Tongaci di Belitung, Kepulauan Bangka Belitung. Taman rekreasi modern keluarga yang menghadirkan beragam wahana permainan seru, atraksi air, serta pertunjukan tematik interaktif. Memiliki fasilitas lengkap seperti food court, musala yang nyaman, toilet bersih, dan area parkir luas.",Taman Hiburan,Taman Rekreasi,Belitung,200000,4.5,240.0,"{'lat': -2.708178, 'lng': 107.618198}",-2.708178,107.618198,Kepulauan Bangka Belitung,hiburan,200000.0,4.5,1,1,1,1,1,1,1.0,edukasi|fotografi|rekreasi_keluarga
493,Tirta Teratai Sungailiat,"Tirta Teratai Sungailiat di Bangka Selatan, Kepulauan Bangka Belitung. Destinasi hiburan terpadu dengan spot swafoto kekinian yang estetik, wahana edukasi anak, dan ruang terbuka hijau yang ramah keluarga. Menjadi tempat favorit untuk berekreasi bersama anak-anak di akhir pekan.",Taman Hiburan,Taman Rekreasi,Bangka Selatan,200000,4.6,120.0,"{'lat': -2.982426, 'lng': 106.473747}",-2.982426,106.473747,Kepulauan Bangka Belitung,hiburan,200000.0,4.6,1,1,1,1,1,1,1.0,alam|edukasi|fotografi|rekreasi_keluarga
494,Sentra Kerupuk Kemplang Pangkalpinang,"Sentra Kerupuk Kemplang Pangkalpinang di Belitung, Kepulauan Bangka Belitung. Pusat perbelanjaan dan pasar tradisional khas daerah yang menjual aneka kerajinan tangan, kain tenun atau batik, serta camilan oleh-oleh lokal. Tempat bertemunya tawar-menawar yang hangat dengan harga terjangkau.",Pusat Perbelanjaan,Sentra Kerajinan,Belitung,0,4.7,120.0,"{'lat': -2.742296, 'lng': 107.686536}",-2.742296,107.686536,Kepulauan Bangka Belitung,belanja,0.0,4.7,1,1,1,0,1,0,0.6667,belanja|budaya|kuliner
495,Sentra Kopi Manggar 1001 Warung,"Sentra Kopi Manggar 1001 Warung di Bangka Barat, Kepulauan Bangka Belitung. Kawasan pertokoan dan pasar seni yang menyajikan ragam cinderamata unik karya perajin lokal dari berbagai penjuru daerah. Selalu ramai dikunjungi wisatawan yang ingin membawa kenang-kenangan autentik.",Pusat Perbelanjaan,Sentra Kerajinan,Bangka Barat,0,4.9,60.0,"{'lat': -2.057055, 'lng': 105.189174}",-2.057055,105.189174,Kepulauan Bangka Belitung,belanja,0.0,4.9,1,1,1,1,1,1,1.0,belanja|budaya|kuliner
496,Sentra Terasi Toboali,"Sentra Terasi Toboali di Belitung, Kepulauan Bangka Belitung. Pusat perbelanjaan dan pasar tradisional khas daerah yang menjual aneka kerajinan tangan, kain tenun atau batik, serta camilan oleh-oleh lokal. Tempat bertemunya tawar-menawar yang hangat dengan harga terjangkau.",Pusat Perbelanjaan,Sentra Kerajinan,Belitung,0,4.5,120.0,"{'lat': -2.712891, 'lng': 107.653729}",-2.712891,107.653729,Kepulauan Bangka Belitung,belanja,0.0,4.5,1,1,1,0,1,0,0.6667,belanja|budaya|kuliner
497,Pasar Mambo Pangkalpinang,"Pasar Mambo Pangkalpinang di Kota Pangkal Pinang, Kepulauan Bangka Belitung. Kawasan pertokoan dan pasar seni yang menyajikan ragam cinderamata unik karya perajin lokal dari berbagai penjuru daerah. Selalu ramai dikunjungi wisatawan yang ingin membawa kenang-kenangan autentik.",Pusat Perbelanjaan,Pasar Tradisional,Kota Pangkal Pinang,0,4.4,120.0,"{'lat': -2.118687, 'lng': 106.091658}",-2.118687,106.091658,Kepulauan Bangka Belitung,belanja,0.0,4.4,1,1,1,0,1,0,0.6667,belanja|budaya|kuliner
498,Puri Tri Agung Sungailiat,"Puri Tri Agung Sungailiat di Bangka Barat, Kepulauan Bangka Belitung. Ikon wisata religi yang terkenal dengan kedamaian suasananya, toleransi antarwarga, serta kubah atau menara yang menjulang indah. Menjadi tempat ziarah sekaligus edukasi spiritual bagi masyarakat luas.",Tempat Ibadah,Tempat Ibadah,Bangka Barat,0,4.4,90.0,"{'lat': -2.084371, 'lng': 105.147839}",-2.084371,105.147839,Kepulauan Bangka Belitung,religi,0.0,4.4,1,1,0,1,1,0,0.6667,alam|budaya|religi|sejarah
499,Vihara Dewi Kwan Im Belitung Timur,"Vihara Dewi Kwan Im Belitung Timur di Kota Pangkal Pinang, Kepulauan Bangka Belitung. Bangunan keagamaan bersejarah dengan arsitektur megah dan penuh nilai filosofis spiritual tinggi. Menyediakan sarana ibadah yang bersih dan khusyuk, pelataran yang teduh dan asri, serta toilet wudhu yang terawat.",Tempat Ibadah,Vihara,Kota Pangkal Pinang,0,4.7,90.0,"{'lat': -2.0983, 'lng': 106.079895}",-2.0983,106.079895,Kepulauan Bangka Belitung,religi,0.0,4.7,1,1,1,1,1,1,1.0,budaya|religi|sejarah
500,Masjid Jamik Pangkalpinang,"Masjid Jamik Pangkalpinang di Kota Pangkal Pinang, Kepulauan Bangka Belitung. Tempat ibadah cagar budaya dengan ornamen seni pahat antik dan sejarah pendirian yang menginspirasi. Terbuka bagi pengunjung yang ingin berdoa maupun mengagumi keindahan karya arsitektur Nusantara.",Tempat Ibadah,Masjid,Kota Pangkal Pinang,0,4.7,45.0,"{'lat': -2.105849, 'lng': 106.100792}",-2.105849,106.100792,Kepulauan Bangka Belitung,religi,0.0,4.7,1,1,1,1,1,0,0.8333,budaya|religi|sejarah
501,Pantai Anyer,"Pantai Anyer di Pandeglang, Banten. Kawasan pantai dengan keindahan garis pantai memanjang, batuan karang yang menawan, serta angin sepoi-sepoi yang menyegarkan. Sangat cocok untuk aktivitas rekreasi, jalan santai di tepi air, dan piknik sore hari.",Pantai,Pantai,Pandeglang,25000,4.4,240.0,"{'lat': -6.33359, 'lng': 106.072154}",-6.33359,106.072154,Banten,bahari,25000.0,4.4,1,1,1,1,0,0,0.6667,berenang|fotografi|kuliner|pantai|rekreasi_keluarga
502,Pantai Carita,"Pantai Carita di Tangerang, Banten. Pantai eksotis dengan air laut jernih dan deretan pohon kelapa yang rindang. Menjadi lokasi favorit wisatawan untuk bersantai, bermain air bersama keluarga, berswafoto, serta menikmati kelapa muda segar di tepi pantai.",Pantai,Pantai,Tangerang,15000,4.7,180.0,"{'lat': -6.222304, 'lng': 106.477068}",-6.222304,106.477068,Banten,bahari,15000.0,4.7,1,1,1,1,0,1,0.8333,berenang|fotografi|kuliner|pantai|rekreasi_keluarga
503,Pantai Tanjung Lesung,"Pantai Tanjung Lesung di Serang, Banten. Kawasan pantai dengan keindahan garis pantai memanjang, batuan karang yang menawan, serta angin sepoi-sepoi yang menyegarkan. Sangat cocok untuk aktivitas rekreasi, jalan santai di tepi air, dan piknik sore hari.",Pantai,Pantai,Serang,30000,4.2,120.0,"{'lat': -6.14756, 'lng': 106.08973}",-6.14756,106.08973,Banten,bahari,30000.0,4.2,1,1,1,1,0,0,0.6667,berenang|fotografi|kuliner|pantai|rekreasi_keluarga
504,Pantai Sawarna,"Pantai Sawarna di Kota Cilegon, Banten. Pantai eksotis dengan air laut jernih dan deretan pohon kelapa yang rindang. Menjadi lokasi favorit wisatawan untuk bersantai, bermain air bersama keluarga, berswafoto, serta menikmati kelapa muda segar di tepi pantai.",Pantai,Pantai,Kota Cilegon,10000,4.2,180.0,"{'lat': -6.005319, 'lng': 106.083489}",-6.005319,106.083489,Banten,bahari,10000.0,4.2,1,1,1,1,1,1,1.0,berenang|fotografi|kuliner|pantai|rekreasi_keluarga
505,Pantai Bagedur Lebak,"Pantai Bagedur Lebak di Kota Serang, Banten. Kawasan pantai dengan keindahan garis pantai memanjang, batuan karang yang menawan, serta angin sepoi-sepoi yang menyegarkan. Sangat cocok untuk aktivitas rekreasi, jalan santai di tepi air, dan piknik sore hari.",Pantai,Pantai,Kota Serang,15000,4.2,180.0,"{'lat': -6.12913, 'lng': 106.153219}",-6.12913,106.153219,Banten,bahari,15000.0,4.2,1,1,1,1,1,0,0.8333,berenang|fotografi|kuliner|pantai|rekreasi_keluarga
506,Pantai Karang Bolong Anyer,"Pantai Karang Bolong Anyer di Serang, Banten. Destinasi wisata pesisir dengan hamparan pasir bersih, deburan ombak yang menenangkan, serta panorama matahari terbenam yang memukau. Dilengkapi fasilitas warung makan seafood lokal, area parkir, toilet umum, dan persewaan payung pantai.",Pantai,Pantai,Serang,10000,4.7,120.0,"{'lat': -6.186492, 'lng': 106.081863}",-6.186492,106.081863,Banten,bahari,10000.0,4.7,1,1,1,1,0,1,0.8333,bahari|berenang|fotografi|kuliner|pantai|rekreasi_keluarga|snorkeling
507,Pantai Ciputih Ujung Kulon,"Pantai Ciputih Ujung Kulon di Kota Serang, Banten. Kawasan pantai dengan keindahan garis pantai memanjang, batuan karang yang menawan, serta angin sepoi-sepoi yang menyegarkan. Sangat cocok untuk aktivitas rekreasi, jalan santai di tepi air, dan piknik sore hari.",Pantai,Pantai,Kota Serang,5000,4.5,150.0,"{'lat': -6.116962, 'lng': 106.110586}",-6.116962,106.110586,Banten,bahari,5000.0,4.5,1,1,1,1,0,0,0.6667,berenang|fotografi|kuliner|pantai|rekreasi_keluarga
508,Pantai Sambolo,"Pantai Sambolo di Lebak, Banten. Kawasan pantai dengan keindahan garis pantai memanjang, batuan karang yang menawan, serta angin sepoi-sepoi yang menyegarkan. Sangat cocok untuk aktivitas rekreasi, jalan santai di tepi air, dan piknik sore hari.",Pantai,Pantai,Lebak,30000,4.8,120.0,"{'lat': -6.64698, 'lng': 106.232919}",-6.64698,106.232919,Banten,bahari,30000.0,4.8,1,1,1,1,1,0,0.8333,berenang|fotografi|kuliner|pantai|rekreasi_keluarga
509,Pantai Florida Anyer,"Pantai Florida Anyer di Pandeglang, Banten. Pantai eksotis dengan air laut jernih dan deretan pohon kelapa yang rindang. Menjadi lokasi favorit wisatawan untuk bersantai, bermain air bersama keluarga, berswafoto, serta menikmati kelapa muda segar di tepi pantai.",Pantai,Pantai,Pandeglang,5000,4.2,150.0,"{'lat': -6.290951, 'lng': 106.069731}",-6.290951,106.069731,Banten,bahari,5000.0,4.2,1,1,1,1,0,1,0.8333,berenang|fotografi|kuliner|pantai|rekreasi_keluarga
510,Pantai Marina Anyer,"Pantai Marina Anyer di Pandeglang, Banten. Pantai eksotis dengan air laut jernih dan deretan pohon kelapa yang rindang. Menjadi lokasi favorit wisatawan untuk bersantai, bermain air bersama keluarga, berswafoto, serta menikmati kelapa muda segar di tepi pantai.",Pantai,Pantai,Pandeglang,20000,4.9,240.0,"{'lat': -6.330088, 'lng': 106.087392}",-6.330088,106.087392,Banten,bahari,20000.0,4.9,1,1,1,1,0,0,0.6667,berenang|fotografi|kuliner|pantai|rekreasi_keluarga
511,Pantai Pasir Putih Sirih,"Pantai Pasir Putih Sirih di Kota Tangerang, Banten. Kawasan pantai dengan keindahan garis pantai memanjang, batuan karang yang menawan, serta angin sepoi-sepoi yang menyegarkan. Sangat cocok untuk aktivitas rekreasi, jalan santai di tepi air, dan piknik sore hari.",Pantai,Pantai,Kota Tangerang,30000,4.3,120.0,"{'lat': -6.208836, 'lng': 106.592372}",-6.208836,106.592372,Banten,bahari,30000.0,4.3,1,1,1,1,1,0,0.8333,berenang|fotografi|kuliner|pantai|rekreasi_keluarga
512,Pantai Karang Taraje Sawarna,"Pantai Karang Taraje Sawarna di Serang, Banten. Pantai eksotis dengan air laut jernih dan deretan pohon kelapa yang rindang. Menjadi lokasi favorit wisatawan untuk bersantai, bermain air bersama keluarga, berswafoto, serta menikmati kelapa muda segar di tepi pantai.",Pantai,Pantai,Serang,30000,4.6,120.0,"{'lat': -6.149773, 'lng': 106.033187}",-6.149773,106.033187,Banten,bahari,30000.0,4.6,1,1,1,1,1,0,0.8333,bahari|berenang|fotografi|kuliner|pantai|rekreasi_keluarga|snorkeling
513,Pantai Goa Langir Sawarna,"Pantai Goa Langir Sawarna di Lebak, Banten. Destinasi wisata pesisir dengan hamparan pasir bersih, deburan ombak yang menenangkan, serta panorama matahari terbenam yang memukau. Dilengkapi fasilitas warung makan seafood lokal, area parkir, toilet umum, dan persewaan payung pantai.",Pantai,Pantai,Lebak,20000,4.4,150.0,"{'lat': -6.658391, 'lng': 106.229558}",-6.658391,106.229558,Banten,bahari,20000.0,4.4,1,1,1,1,1,1,1.0,berenang|fotografi|kuliner|pantai|rekreasi_keluarga
514,Pantai Pulau Umang,"Pantai Pulau Umang di Serang, Banten. Kawasan pantai dengan keindahan garis pantai memanjang, batuan karang yang menawan, serta angin sepoi-sepoi yang menyegarkan. Sangat cocok untuk aktivitas rekreasi, jalan santai di tepi air, dan piknik sore hari.",Pantai,Pantai,Serang,30000,4.4,180.0,"{'lat': -6.122043, 'lng': 106.033598}",-6.122043,106.033598,Banten,bahari,30000.0,4.4,1,1,1,1,1,1,1.0,berenang|fotografi|kuliner|pantai|rekreasi_keluarga
515,Gunung Pulosari Pandeglang,"Gunung Pulosari Pandeglang di Kota Tangerang, Banten. Destinasi wisata pegunungan berhawa sejuk dengan jalur pendakian yang menantang dan panorama lautan awan yang spektakuler saat fajar. Tersedia pos peristirahatan, warung logistik pendaki, area perkemahan, dan pemandu lokal.",Gunung,Gunung,Kota Tangerang,10000,4.4,180.0,"{'lat': -6.148929, 'lng': 106.643735}",-6.148929,106.643735,Banten,alam,10000.0,4.4,1,1,1,0,0,1,0.6667,camping|fotografi|gunung|hiking
516,Gunung Karang Pandeglang,"Gunung Karang Pandeglang di Kota Cilegon, Banten. Puncak bukit dan pegunungan dengan pemandangan lanskap hijau membentang sejauh mata memandang. Menawarkan pengalaman menikmati golden sunrise, udara bersih bebas polusi, dan spot foto alam yang memesona.",Gunung,Gunung,Kota Cilegon,50000,4.7,240.0,"{'lat': -5.980942, 'lng': 106.034375}",-5.980942,106.034375,Banten,alam,50000.0,4.7,1,1,1,1,1,0,0.8333,bahari|camping|fotografi|gunung|hiking|snorkeling
517,Gunung Aseupan,"Gunung Aseupan di Kota Serang, Banten. Destinasi wisata pegunungan berhawa sejuk dengan jalur pendakian yang menantang dan panorama lautan awan yang spektakuler saat fajar. Tersedia pos peristirahatan, warung logistik pendaki, area perkemahan, dan pemandu lokal.",Gunung,Gunung,Kota Serang,20000,4.5,180.0,"{'lat': -6.145281, 'lng': 106.159351}",-6.145281,106.159351,Banten,alam,20000.0,4.5,1,1,1,1,0,0,0.6667,camping|fotografi|gunung|hiking
518,Gunung Honje Ujung Kulon,"Gunung Honje Ujung Kulon di Kota Tangerang Selatan, Banten. Puncak bukit dan pegunungan dengan pemandangan lanskap hijau membentang sejauh mata memandang. Menawarkan pengalaman menikmati golden sunrise, udara bersih bebas polusi, dan spot foto alam yang memesona.",Gunung,Gunung,Kota Tangerang Selatan,35000,4.9,180.0,"{'lat': -6.268817, 'lng': 106.757306}",-6.268817,106.757306,Banten,alam,35000.0,4.9,1,1,1,1,0,0,0.6667,camping|fotografi|gunung|hiking
519,Bukit Waruwangi Serang,"Bukit Waruwangi Serang di Kota Tangerang, Banten. Destinasi wisata pegunungan berhawa sejuk dengan jalur pendakian yang menantang dan panorama lautan awan yang spektakuler saat fajar. Tersedia pos peristirahatan, warung logistik pendaki, area perkemahan, dan pemandu lokal.",Gunung,Perbukitan,Kota Tangerang,20000,4.4,240.0,"{'lat': -6.171852, 'lng': 106.668023}",-6.171852,106.668023,Banten,alam,20000.0,4.4,1,1,1,0,0,0,0.5,camping|fotografi|gunung|hiking
520,Puncak Bukit Batu Gede Sayar,"Puncak Bukit Batu Gede Sayar di Kota Cilegon, Banten. Kawasan dataran tinggi dan lereng gunung yang asri dengan pemandangan perbukitan hijau dan kawah eksotis. Sangat ideal untuk petualangan alam terbuka, hiking santai, perkemahan keluarga, dan melepas penat.",Gunung,Perbukitan,Kota Cilegon,50000,4.6,240.0,"{'lat': -6.017831, 'lng': 106.036268}",-6.017831,106.036268,Banten,alam,50000.0,4.6,1,1,1,1,1,1,1.0,camping|fotografi|gunung|hiking
521,Gunung Kencana Lebak,"Gunung Kencana Lebak di Kota Tangerang, Banten. Puncak bukit dan pegunungan dengan pemandangan lanskap hijau membentang sejauh mata memandang. Menawarkan pengalaman menikmati golden sunrise, udara bersih bebas polusi, dan spot foto alam yang memesona.",Gunung,Gunung,Kota Tangerang,15000,4.8,300.0,"{'lat': -6.204809, 'lng': 106.616957}",-6.204809,106.616957,Banten,alam,15000.0,4.8,1,1,1,0,1,1,0.8333,camping|fotografi|gunung|hiking
522,Gunung Luhur Negeri di Atas Awan,"Gunung Luhur Negeri di Atas Awan di Serang, Banten. Destinasi wisata pegunungan berhawa sejuk dengan jalur pendakian yang menantang dan panorama lautan awan yang spektakuler saat fajar. Tersedia pos peristirahatan, warung logistik pendaki, area perkemahan, dan pemandu lokal.",Gunung,Gunung,Serang,20000,4.9,180.0,"{'lat': -6.152972, 'lng': 106.038699}",-6.152972,106.038699,Banten,alam,20000.0,4.9,1,1,1,1,0,0,0.6667,camping|fotografi|gunung|hiking
523,Bukit Teletubbies Cilegon,"Bukit Teletubbies Cilegon di Kota Cilegon, Banten. Kawasan dataran tinggi dan lereng gunung yang asri dengan pemandangan perbukitan hijau dan kawah eksotis. Sangat ideal untuk petualangan alam terbuka, hiking santai, perkemahan keluarga, dan melepas penat.",Gunung,Perbukitan,Kota Cilegon,15000,4.6,180.0,"{'lat': -5.990585, 'lng': 106.081304}",-5.990585,106.081304,Banten,alam,15000.0,4.6,1,1,1,0,0,1,0.6667,camping|fotografi|gunung|hiking
524,Puncak Cibaja Anyer,"Puncak Cibaja Anyer di Pandeglang, Banten. Kawasan dataran tinggi dan lereng gunung yang asri dengan pemandangan perbukitan hijau dan kawah eksotis. Sangat ideal untuk petualangan alam terbuka, hiking santai, perkemahan keluarga, dan melepas penat.",Gunung,Perbukitan,Pandeglang,25000,4.5,180.0,"{'lat': -6.345804, 'lng': 106.113251}",-6.345804,106.113251,Banten,alam,25000.0,4.5,1,1,1,0,1,1,0.8333,camping|fotografi|gunung|hiking
525,Taman Nasional Ujung Kulon,"Taman Nasional Ujung Kulon di Kota Tangerang, Banten. Kawasan konservasi alam yang asri dan terlindungi dengan keanekaragaman flora dan fauna tropis endemik. Dilengkapi jalur trekking kayu yang tertata rapi, gazebo istirahat, pusat informasi lingkungan, dan toilet pengunjung.",Cagar Alam,Taman Nasional,Kota Tangerang,25000,4.5,150.0,"{'lat': -6.165987, 'lng': 106.603791}",-6.165987,106.603791,Banten,alam,25000.0,4.5,1,1,1,1,0,1,0.8333,edukasi|fotografi|hiking|rekreasi_keluarga
526,Curug Putri Tahura Carita,"Curug Putri Tahura Carita di Kota Tangerang, Banten. Wisata alam edukatif berbalut udara segar hutan tropis, aliran sungai yang jernih, serta air terjun bertingkat yang menyejukkan. Pilihan utama untuk riset keanekaragaman hayati dan ekowisata ramah lingkungan.",Cagar Alam,Air Terjun,Kota Tangerang,15000,4.4,120.0,"{'lat': -6.186557, 'lng': 106.632073}",-6.186557,106.632073,Banten,alam,15000.0,4.4,1,1,1,0,0,1,0.6667,edukasi|fotografi|hiking|rekreasi_keluarga
527,Danau Tasikardi Serang,"Danau Tasikardi Serang di Kota Serang, Banten. Kawasan konservasi alam yang asri dan terlindungi dengan keanekaragaman flora dan fauna tropis endemik. Dilengkapi jalur trekking kayu yang tertata rapi, gazebo istirahat, pusat informasi lingkungan, dan toilet pengunjung.",Cagar Alam,Danau,Kota Serang,15000,4.9,150.0,"{'lat': -6.114735, 'lng': 106.179776}",-6.114735,106.179776,Banten,alam,15000.0,4.9,1,1,1,0,0,1,0.6667,alam|edukasi|fotografi|hiking|rekreasi_keluarga
528,Curug Cigumawang,"Curug Cigumawang di Kota Tangerang Selatan, Banten. Wisata alam edukatif berbalut udara segar hutan tropis, aliran sungai yang jernih, serta air terjun bertingkat yang menyejukkan. Pilihan utama untuk riset keanekaragaman hayati dan ekowisata ramah lingkungan.",Cagar Alam,Air Terjun,Kota Tangerang Selatan,10000,4.5,150.0,"{'lat': -6.323871, 'lng': 106.707655}",-6.323871,106.707655,Banten,alam,10000.0,4.5,1,1,1,1,0,1,0.8333,edukasi|fotografi|hiking|rekreasi_keluarga
529,Curug Dengdeng Lebak,"Curug Dengdeng Lebak di Kota Serang, Banten. Objek wisata alam dengan formasi tebing batuan alami, gua karst purba, serta telaga yang jernih dan tenang. Suasana alam yang tenang memberikan kesegaran pikiran bagi pengunjung yang mencintai ketenangan alam.",Cagar Alam,Air Terjun,Kota Serang,20000,4.3,150.0,"{'lat': -6.156285, 'lng': 106.188447}",-6.156285,106.188447,Banten,alam,20000.0,4.3,1,1,1,0,0,1,0.6667,edukasi|fotografi|hiking|rekreasi_keluarga
530,Pulau Sangiang Selat Sunda,"Pulau Sangiang Selat Sunda di Serang, Banten. Wisata alam edukatif berbalut udara segar hutan tropis, aliran sungai yang jernih, serta air terjun bertingkat yang menyejukkan. Pilihan utama untuk riset keanekaragaman hayati dan ekowisata ramah lingkungan.",Cagar Alam,Taman Nasional,Serang,20000,4.3,150.0,"{'lat': -6.176092, 'lng': 106.062294}",-6.176092,106.062294,Banten,alam,20000.0,4.3,1,1,1,1,0,1,0.8333,edukasi|fotografi|hiking|rekreasi_keluarga
531,Pulau Merak Kecil,"Pulau Merak Kecil di Serang, Banten. Objek wisata alam dengan formasi tebing batuan alami, gua karst purba, serta telaga yang jernih dan tenang. Suasana alam yang tenang memberikan kesegaran pikiran bagi pengunjung yang mencintai ketenangan alam.",Cagar Alam,Taman Nasional,Serang,20000,4.9,180.0,"{'lat': -6.157533, 'lng': 106.075379}",-6.157533,106.075379,Banten,alam,20000.0,4.9,1,1,1,0,1,1,0.8333,edukasi|fotografi|hiking|rekreasi_keluarga
532,Rawa Dano Konservasi,"Rawa Dano Konservasi di Kota Tangerang Selatan, Banten. Kawasan konservasi alam yang asri dan terlindungi dengan keanekaragaman flora dan fauna tropis endemik. Dilengkapi jalur trekking kayu yang tertata rapi, gazebo istirahat, pusat informasi lingkungan, dan toilet pengunjung.",Cagar Alam,Taman Nasional,Kota Tangerang Selatan,30000,4.6,120.0,"{'lat': -6.293708, 'lng': 106.696499}",-6.293708,106.696499,Banten,alam,30000.0,4.6,1,1,1,0,0,1,0.6667,edukasi|fotografi|hiking|rekreasi_keluarga
533,Desa Adat Suku Baduy Luar & Dalam,"Desa Adat Suku Baduy Luar & Dalam di Kota Cilegon, Banten. Kompleks bangunan bersejarah dan desa adat yang mempertahankan adat istiadat turun-temurun dengan ramah. Wisatawan dapat menyaksikan kerajinan tangan tradisional dan berinteraksi langsung dengan warga setempat.",Budaya,Desa Adat,Kota Cilegon,10000,4.8,90.0,"{'lat': -5.999316, 'lng': 106.019466}",-5.999316,106.019466,Banten,budaya,10000.0,4.8,1,1,0,1,0,1,0.6667,budaya|edukasi|fotografi|sejarah
534,Kawasan Keraton Kaibon Banten Lama,"Kawasan Keraton Kaibon Banten Lama di Kota Tangerang Selatan, Banten. Situs cagar budaya bersejarah yang sarat dengan nilai tradisi leluhur, arsitektur arca dan bangunan tradisional yang otentik. Dilengkapi pemandu wisata budaya, museum informasi sejarah, dan pertunjukan seni berkala.",Budaya,Keraton,Kota Tangerang Selatan,20000,4.2,60.0,"{'lat': -6.281637, 'lng': 106.729881}",-6.281637,106.729881,Banten,budaya,20000.0,4.2,1,1,0,1,0,1,0.6667,budaya|edukasi|fotografi|sejarah
535,Benteng Speelwijk,"Benteng Speelwijk di Kota Tangerang Selatan, Banten. Destinasi wisata sejarah dan kearifan lokal yang memperlihatkan warisan peradaban masa lampau melalui koleksi artefak berharga. Tempat ideal untuk belajar mengenai perjuangan bangsa dan filosofi adat masyarakat.",Budaya,Benteng,Kota Tangerang Selatan,10000,4.2,60.0,"{'lat': -6.287889, 'lng': 106.749364}",-6.287889,106.749364,Banten,budaya,10000.0,4.2,1,1,1,1,0,1,0.8333,budaya|edukasi|fotografi|sejarah
536,Museum Situs Kepurbakalaan Banten Lama,"Museum Situs Kepurbakalaan Banten Lama di Kota Cilegon, Banten. Destinasi wisata sejarah dan kearifan lokal yang memperlihatkan warisan peradaban masa lampau melalui koleksi artefak berharga. Tempat ideal untuk belajar mengenai perjuangan bangsa dan filosofi adat masyarakat.",Budaya,Museum,Kota Cilegon,15000,4.3,60.0,"{'lat': -5.979161, 'lng': 106.06101}",-5.979161,106.06101,Banten,budaya,15000.0,4.3,1,1,1,1,0,1,0.8333,budaya|edukasi|fotografi|sejarah
537,Keraton Surosowan Banten Lama,"Keraton Surosowan Banten Lama di Kota Cilegon, Banten. Kompleks bangunan bersejarah dan desa adat yang mempertahankan adat istiadat turun-temurun dengan ramah. Wisatawan dapat menyaksikan kerajinan tangan tradisional dan berinteraksi langsung dengan warga setempat.",Budaya,Keraton,Kota Cilegon,10000,4.4,120.0,"{'lat': -6.039151, 'lng': 106.042861}",-6.039151,106.042861,Banten,budaya,10000.0,4.4,1,1,1,0,1,1,0.8333,budaya|edukasi|fotografi|sejarah
538,Museum Multatuli Rangkasbitung,"Museum Multatuli Rangkasbitung di Kota Tangerang Selatan, Banten. Destinasi wisata sejarah dan kearifan lokal yang memperlihatkan warisan peradaban masa lampau melalui koleksi artefak berharga. Tempat ideal untuk belajar mengenai perjuangan bangsa dan filosofi adat masyarakat.",Budaya,Museum,Kota Tangerang Selatan,5000,4.5,90.0,"{'lat': -6.255112, 'lng': 106.725823}",-6.255112,106.725823,Banten,budaya,5000.0,4.5,1,1,0,0,0,1,0.5,budaya|edukasi|fotografi|sejarah
539,Makam Pangeran Jaga Lautan Pulau Cangkir,"Makam Pangeran Jaga Lautan Pulau Cangkir di Tangerang, Banten. Destinasi wisata sejarah dan kearifan lokal yang memperlihatkan warisan peradaban masa lampau melalui koleksi artefak berharga. Tempat ideal untuk belajar mengenai perjuangan bangsa dan filosofi adat masyarakat.",Budaya,Situs Sejarah,Tangerang,10000,4.3,60.0,"{'lat': -6.167253, 'lng': 106.514749}",-6.167253,106.514749,Banten,budaya,10000.0,4.3,1,1,1,1,1,1,1.0,budaya|edukasi|fotografi|sejarah
540,Scientia Square Park Tangerang,"Scientia Square Park Tangerang di Tangerang, Banten. Kawasan rekreasi bertema dengan wahana pemacu adrenalin, kolam renang bergelombang, serta taman bermain anak yang aman. Dilengkapi staf pengawas keselamatan dan berbagai tenant kuliner lezat.",Taman Hiburan,Taman Rekreasi,Tangerang,35000,4.9,150.0,"{'lat': -6.197486, 'lng': 106.520191}",-6.197486,106.520191,Banten,hiburan,35000.0,4.9,1,1,1,1,1,1,1.0,edukasi|fotografi|rekreasi_keluarga
541,Ocean Park Water Adventure BSD,"Ocean Park Water Adventure BSD di Serang, Banten. Destinasi hiburan terpadu dengan spot swafoto kekinian yang estetik, wahana edukasi anak, dan ruang terbuka hijau yang ramah keluarga. Menjadi tempat favorit untuk berekreasi bersama anak-anak di akhir pekan.",Taman Hiburan,Waterpark,Serang,200000,4.8,240.0,"{'lat': -6.146857, 'lng': 106.010096}",-6.146857,106.010096,Banten,hiburan,200000.0,4.8,1,1,1,1,1,1,1.0,edukasi|fotografi|rekreasi_keluarga
542,Taman Potret Tangerang,"Taman Potret Tangerang di Kota Serang, Banten. Destinasi hiburan terpadu dengan spot swafoto kekinian yang estetik, wahana edukasi anak, dan ruang terbuka hijau yang ramah keluarga. Menjadi tempat favorit untuk berekreasi bersama anak-anak di akhir pekan.",Taman Hiburan,Taman Rekreasi,Kota Serang,100000,4.5,240.0,"{'lat': -6.090014, 'lng': 106.165811}",-6.090014,106.165811,Banten,hiburan,100000.0,4.5,1,1,1,1,1,1,1.0,edukasi|fotografi|rekreasi_keluarga
543,Taman Tebing Koja Kandang Godzila,"Taman Tebing Koja Kandang Godzila di Pandeglang, Banten. Taman rekreasi modern keluarga yang menghadirkan beragam wahana permainan seru, atraksi air, serta pertunjukan tematik interaktif. Memiliki fasilitas lengkap seperti food court, musala yang nyaman, toilet bersih, dan area parkir luas.",Taman Hiburan,Taman Rekreasi,Pandeglang,200000,4.3,240.0,"{'lat': -6.320259, 'lng': 106.13107}",-6.320259,106.13107,Banten,hiburan,200000.0,4.3,1,1,1,1,1,1,1.0,edukasi|fotografi|rekreasi_keluarga
544,Pasar Lama Kuliner Tangerang,"Pasar Lama Kuliner Tangerang di Pandeglang, Banten. Kawasan pertokoan dan pasar seni yang menyajikan ragam cinderamata unik karya perajin lokal dari berbagai penjuru daerah. Selalu ramai dikunjungi wisatawan yang ingin membawa kenang-kenangan autentik.",Pusat Perbelanjaan,Pasar Tradisional,Pandeglang,0,4.3,90.0,"{'lat': -6.327939, 'lng': 106.127969}",-6.327939,106.127969,Banten,belanja,0.0,4.3,1,1,1,1,1,0,0.8333,belanja|budaya|kuliner
545,Sentra Emping Menes Pandeglang,"Sentra Emping Menes Pandeglang di Serang, Banten. Kawasan pertokoan dan pasar seni yang menyajikan ragam cinderamata unik karya perajin lokal dari berbagai penjuru daerah. Selalu ramai dikunjungi wisatawan yang ingin membawa kenang-kenangan autentik.",Pusat Perbelanjaan,Sentra Kerajinan,Serang,0,4.2,120.0,"{'lat': -6.174878, 'lng': 106.066732}",-6.174878,106.066732,Banten,belanja,0.0,4.2,1,1,1,0,1,0,0.6667,belanja|budaya|kuliner
546,Sentra Kerajinan Golok Ciomas,"Sentra Kerajinan Golok Ciomas di Serang, Banten. Sentra kuliner dan suvenir ikonik yang menyediakan aneka buah tangan khas Nusantara berkualitas tinggi. Dilengkapi area parkir kendaraan wisata, gerai anjungan tunai mandiri (ATM), dan mushola.",Pusat Perbelanjaan,Sentra Kerajinan,Serang,0,4.7,90.0,"{'lat': -6.137636, 'lng': 106.065021}",-6.137636,106.065021,Banten,belanja,0.0,4.7,1,1,1,0,1,0,0.6667,belanja|budaya|kuliner
547,Pasar Modern BSD City,"Pasar Modern BSD City di Kota Serang, Banten. Sentra kuliner dan suvenir ikonik yang menyediakan aneka buah tangan khas Nusantara berkualitas tinggi. Dilengkapi area parkir kendaraan wisata, gerai anjungan tunai mandiri (ATM), dan mushola.",Pusat Perbelanjaan,Pasar Tradisional,Kota Serang,0,4.8,120.0,"{'lat': -6.11317, 'lng': 106.130904}",-6.11317,106.130904,Banten,belanja,0.0,4.8,1,1,1,1,1,1,1.0,belanja|budaya|kuliner
548,Masjid Agung Banten Menara Mercusuar,"Masjid Agung Banten Menara Mercusuar di Pandeglang, Banten. Ikon wisata religi yang terkenal dengan kedamaian suasananya, toleransi antarwarga, serta kubah atau menara yang menjulang indah. Menjadi tempat ziarah sekaligus edukasi spiritual bagi masyarakat luas.",Tempat Ibadah,Masjid,Pandeglang,0,4.9,45.0,"{'lat': -6.316504, 'lng': 106.082995}",-6.316504,106.082995,Banten,religi,0.0,4.9,1,1,1,1,1,0,0.8333,budaya|religi|sejarah
549,Masjid Raya Al-A'zhom Tangerang (Kubah Terbesar),"Masjid Raya Al-A'zhom Tangerang (Kubah Terbesar) di Kota Cilegon, Banten. Bangunan keagamaan bersejarah dengan arsitektur megah dan penuh nilai filosofis spiritual tinggi. Menyediakan sarana ibadah yang bersih dan khusyuk, pelataran yang teduh dan asri, serta toilet wudhu yang terawat.",Tempat Ibadah,Masjid,Kota Cilegon,0,4.8,90.0,"{'lat': -5.977619, 'lng': 106.056212}",-5.977619,106.056212,Banten,religi,0.0,4.8,1,1,1,1,1,1,1.0,budaya|religi|sejarah
550,Klenteng Boen Tek Bio Pasar Lama,"Klenteng Boen Tek Bio Pasar Lama di Kota Tangerang, Banten. Bangunan keagamaan bersejarah dengan arsitektur megah dan penuh nilai filosofis spiritual tinggi. Menyediakan sarana ibadah yang bersih dan khusyuk, pelataran yang teduh dan asri, serta toilet wudhu yang terawat.",Tempat Ibadah,Vihara,Kota Tangerang,0,4.4,45.0,"{'lat': -6.158475, 'lng': 106.627628}",-6.158475,106.627628,Banten,religi,0.0,4.4,1,1,1,1,1,1,1.0,budaya|religi|sejarah
551,Pantai Ancol Lagoon,"Pantai Ancol Lagoon di Jakarta Selatan, DKI Jakarta. Pantai eksotis dengan air laut jernih dan deretan pohon kelapa yang rindang. Menjadi lokasi favorit wisatawan untuk bersantai, bermain air bersama keluarga, berswafoto, serta menikmati kelapa muda segar di tepi pantai.",Pantai,Pantai,Jakarta Selatan,30000,4.2,150.0,"{'lat': -6.237432, 'lng': 106.819722}",-6.237432,106.819722,DKI Jakarta,bahari,30000.0,4.2,1,1,1,1,1,0,0.8333,berenang|fotografi|kuliner|pantai|rekreasi_keluarga
552,Pantai Pasir Perawan Pulau Pari,"Pantai Pasir Perawan Pulau Pari di Jakarta Barat, DKI Jakarta. Destinasi wisata pesisir dengan hamparan pasir bersih, deburan ombak yang menenangkan, serta panorama matahari terbenam yang memukau. Dilengkapi fasilitas warung makan seafood lokal, area parkir, toilet umum, dan persewaan payung pantai.",Pantai,Pantai,Jakarta Barat,25000,4.8,120.0,"{'lat': -6.201013, 'lng': 106.730526}",-6.201013,106.730526,DKI Jakarta,bahari,25000.0,4.8,1,1,1,1,0,0,0.6667,berenang|fotografi|kuliner|pantai|rekreasi_keluarga
553,Pantai Pulau Pramuka,"Pantai Pulau Pramuka di Jakarta Utara, DKI Jakarta. Destinasi wisata pesisir dengan hamparan pasir bersih, deburan ombak yang menenangkan, serta panorama matahari terbenam yang memukau. Dilengkapi fasilitas warung makan seafood lokal, area parkir, toilet umum, dan persewaan payung pantai.",Pantai,Pantai,Jakarta Utara,20000,4.6,120.0,"{'lat': -6.129678, 'lng': 106.88196}",-6.129678,106.88196,DKI Jakarta,bahari,20000.0,4.6,1,1,1,1,1,0,0.8333,berenang|fotografi|kuliner|pantai|rekreasi_keluarga
554,Pantai Pulau Tidung,"Pantai Pulau Tidung di Jakarta Utara, DKI Jakarta. Destinasi wisata pesisir dengan hamparan pasir bersih, deburan ombak yang menenangkan, serta panorama matahari terbenam yang memukau. Dilengkapi fasilitas warung makan seafood lokal, area parkir, toilet umum, dan persewaan payung pantai.",Pantai,Pantai,Jakarta Utara,25000,4.6,150.0,"{'lat': -6.162263, 'lng': 106.876551}",-6.162263,106.876551,DKI Jakarta,bahari,25000.0,4.6,1,1,1,1,1,1,1.0,berenang|fotografi|kuliner|pantai|rekreasi_keluarga
555,Pantai Karnaval Ancol,"Pantai Karnaval Ancol di Jakarta Selatan, DKI Jakarta. Destinasi wisata pesisir dengan hamparan pasir bersih, deburan ombak yang menenangkan, serta panorama matahari terbenam yang memukau. Dilengkapi fasilitas warung makan seafood lokal, area parkir, toilet umum, dan persewaan payung pantai.",Pantai,Pantai,Jakarta Selatan,30000,4.2,180.0,"{'lat': -6.245624, 'lng': 106.819815}",-6.245624,106.819815,DKI Jakarta,bahari,30000.0,4.2,1,1,1,1,1,1,1.0,berenang|fotografi|kuliner|pantai|rekreasi_keluarga
556,Pantai Festival Ancol,"Pantai Festival Ancol di Jakarta Barat, DKI Jakarta. Pantai eksotis dengan air laut jernih dan deretan pohon kelapa yang rindang. Menjadi lokasi favorit wisatawan untuk bersantai, bermain air bersama keluarga, berswafoto, serta menikmati kelapa muda segar di tepi pantai.",Pantai,Pantai,Jakarta Barat,20000,4.7,240.0,"{'lat': -6.201353, 'lng': 106.740975}",-6.201353,106.740975,DKI Jakarta,bahari,20000.0,4.7,1,1,1,1,0,1,0.8333,berenang|fotografi|kuliner|pantai|rekreasi_keluarga
557,Pantai Indah Kapuk (PIK 2),"Pantai Indah Kapuk (PIK 2) di Jakarta Barat, DKI Jakarta. Pantai eksotis dengan air laut jernih dan deretan pohon kelapa yang rindang. Menjadi lokasi favorit wisatawan untuk bersantai, bermain air bersama keluarga, berswafoto, serta menikmati kelapa muda segar di tepi pantai.",Pantai,Pantai,Jakarta Barat,5000,4.6,180.0,"{'lat': -6.149346, 'lng': 106.724389}",-6.149346,106.724389,DKI Jakarta,bahari,5000.0,4.6,1,1,1,1,1,0,0.8333,berenang|fotografi|kuliner|pantai|rekreasi_keluarga
558,Pantai Pasir Putih PIK 2,"Pantai Pasir Putih PIK 2 di Jakarta Selatan, DKI Jakarta. Destinasi wisata pesisir dengan hamparan pasir bersih, deburan ombak yang menenangkan, serta panorama matahari terbenam yang memukau. Dilengkapi fasilitas warung makan seafood lokal, area parkir, toilet umum, dan persewaan payung pantai.",Pantai,Pantai,Jakarta Selatan,20000,4.2,180.0,"{'lat': -6.252991, 'lng': 106.786162}",-6.252991,106.786162,DKI Jakarta,bahari,20000.0,4.2,1,1,1,1,0,0,0.6667,berenang|fotografi|kuliner|pantai|rekreasi_keluarga
559,Pantai Pulau Harapan,"Pantai Pulau Harapan di Jakarta Utara, DKI Jakarta. Kawasan pantai dengan keindahan garis pantai memanjang, batuan karang yang menawan, serta angin sepoi-sepoi yang menyegarkan. Sangat cocok untuk aktivitas rekreasi, jalan santai di tepi air, dan piknik sore hari.",Pantai,Pantai,Jakarta Utara,5000,4.6,180.0,"{'lat': -6.172609, 'lng': 106.84754}",-6.172609,106.84754,DKI Jakarta,bahari,5000.0,4.6,1,1,1,1,0,0,0.6667,berenang|fotografi|kuliner|pantai|rekreasi_keluarga
560,Pantai Pulau Sepa,"Pantai Pulau Sepa di Jakarta Barat, DKI Jakarta. Kawasan pantai dengan keindahan garis pantai memanjang, batuan karang yang menawan, serta angin sepoi-sepoi yang menyegarkan. Sangat cocok untuk aktivitas rekreasi, jalan santai di tepi air, dan piknik sore hari.",Pantai,Pantai,Jakarta Barat,15000,4.9,240.0,"{'lat': -6.16961, 'lng': 106.738362}",-6.16961,106.738362,DKI Jakarta,bahari,15000.0,4.9,1,1,1,1,1,0,0.8333,berenang|fotografi|kuliner|pantai|rekreasi_keluarga
561,Pantai Pulau Macan,"Pantai Pulau Macan di Jakarta Utara, DKI Jakarta. Pantai eksotis dengan air laut jernih dan deretan pohon kelapa yang rindang. Menjadi lokasi favorit wisatawan untuk bersantai, bermain air bersama keluarga, berswafoto, serta menikmati kelapa muda segar di tepi pantai.",Pantai,Pantai,Jakarta Utara,10000,4.5,180.0,"{'lat': -6.157774, 'lng': 106.854614}",-6.157774,106.854614,DKI Jakarta,bahari,10000.0,4.5,1,1,1,1,1,1,1.0,berenang|fotografi|kuliner|pantai|rekreasi_keluarga
562,Pantai Pulau Bidadari,"Pantai Pulau Bidadari di Jakarta Barat, DKI Jakarta. Pantai eksotis dengan air laut jernih dan deretan pohon kelapa yang rindang. Menjadi lokasi favorit wisatawan untuk bersantai, bermain air bersama keluarga, berswafoto, serta menikmati kelapa muda segar di tepi pantai.",Pantai,Pantai,Jakarta Barat,10000,4.6,120.0,"{'lat': -6.207522, 'lng': 106.785474}",-6.207522,106.785474,DKI Jakarta,bahari,10000.0,4.6,1,1,1,1,1,1,1.0,berenang|fotografi|kuliner|pantai|rekreasi_keluarga
563,Pantai Pulau Onrust,"Pantai Pulau Onrust di Jakarta Selatan, DKI Jakarta. Destinasi wisata pesisir dengan hamparan pasir bersih, deburan ombak yang menenangkan, serta panorama matahari terbenam yang memukau. Dilengkapi fasilitas warung makan seafood lokal, area parkir, toilet umum, dan persewaan payung pantai.",Pantai,Pantai,Jakarta Selatan,20000,4.7,180.0,"{'lat': -6.295418, 'lng': 106.845112}",-6.295418,106.845112,DKI Jakarta,bahari,20000.0,4.7,1,1,1,1,1,0,0.8333,berenang|fotografi|kuliner|pantai|rekreasi_keluarga
564,Pantai Pulau Semak Daun,"Pantai Pulau Semak Daun di Jakarta Pusat, DKI Jakarta. Destinasi wisata pesisir dengan hamparan pasir bersih, deburan ombak yang menenangkan, serta panorama matahari terbenam yang memukau. Dilengkapi fasilitas warung makan seafood lokal, area parkir, toilet umum, dan persewaan payung pantai.",Pantai,Pantai,Jakarta Pusat,10000,4.9,150.0,"{'lat': -6.150731, 'lng': 106.848749}",-6.150731,106.848749,DKI Jakarta,bahari,10000.0,4.9,1,1,1,1,1,1,1.0,berenang|fotografi|kuliner|pantai|rekreasi_keluarga
565,Tebet Eco Park Canopy Trail,"Tebet Eco Park Canopy Trail di Jakarta Timur, DKI Jakarta. Destinasi wisata pegunungan berhawa sejuk dengan jalur pendakian yang menantang dan panorama lautan awan yang spektakuler saat fajar. Tersedia pos peristirahatan, warung logistik pendaki, area perkemahan, dan pemandu lokal.",Gunung,Perbukitan,Jakarta Timur,15000,4.7,240.0,"{'lat': -6.248458, 'lng': 106.876621}",-6.248458,106.876621,DKI Jakarta,alam,15000.0,4.7,1,1,1,0,0,1,0.6667,camping|fotografi|gunung|hiking
566,Hutan Kota GBK Senayan,"Hutan Kota GBK Senayan di Kepulauan Seribu, DKI Jakarta. Puncak bukit dan pegunungan dengan pemandangan lanskap hijau membentang sejauh mata memandang. Menawarkan pengalaman menikmati golden sunrise, udara bersih bebas polusi, dan spot foto alam yang memesona.",Gunung,Perbukitan,Kepulauan Seribu,35000,4.2,360.0,"{'lat': -5.612787, 'lng': 106.52193}",-5.612787,106.52193,DKI Jakarta,alam,35000.0,4.2,1,1,1,1,0,1,0.8333,camping|fotografi|gunung|hiking
567,Taman Suropati Menteng,"Taman Suropati Menteng di Jakarta Pusat, DKI Jakarta. Puncak bukit dan pegunungan dengan pemandangan lanskap hijau membentang sejauh mata memandang. Menawarkan pengalaman menikmati golden sunrise, udara bersih bebas polusi, dan spot foto alam yang memesona.",Gunung,Perbukitan,Jakarta Pusat,25000,4.4,300.0,"{'lat': -6.15474, 'lng': 106.863602}",-6.15474,106.863602,DKI Jakarta,alam,25000.0,4.4,1,1,1,0,0,0,0.5,camping|fotografi|gunung|hiking
568,Taman Situ Lembang,"Taman Situ Lembang di Jakarta Timur, DKI Jakarta. Puncak bukit dan pegunungan dengan pemandangan lanskap hijau membentang sejauh mata memandang. Menawarkan pengalaman menikmati golden sunrise, udara bersih bebas polusi, dan spot foto alam yang memesona.",Gunung,Perbukitan,Jakarta Timur,35000,4.2,300.0,"{'lat': -6.201058, 'lng': 106.898666}",-6.201058,106.898666,DKI Jakarta,alam,35000.0,4.2,1,1,1,1,1,0,0.8333,camping|fotografi|gunung|hiking
569,Taman Mataram Kebayoran,"Taman Mataram Kebayoran di Jakarta Timur, DKI Jakarta. Kawasan dataran tinggi dan lereng gunung yang asri dengan pemandangan perbukitan hijau dan kawah eksotis. Sangat ideal untuk petualangan alam terbuka, hiking santai, perkemahan keluarga, dan melepas penat.",Gunung,Perbukitan,Jakarta Timur,20000,4.2,180.0,"{'lat': -6.255371, 'lng': 106.901856}",-6.255371,106.901856,DKI Jakarta,alam,20000.0,4.2,1,1,1,0,0,0,0.5,camping|fotografi|gunung|hiking
570,Taman Ayodia Barito,"Taman Ayodia Barito di Jakarta Pusat, DKI Jakarta. Puncak bukit dan pegunungan dengan pemandangan lanskap hijau membentang sejauh mata memandang. Menawarkan pengalaman menikmati golden sunrise, udara bersih bebas polusi, dan spot foto alam yang memesona.",Gunung,Perbukitan,Jakarta Pusat,35000,4.6,240.0,"{'lat': -6.177478, 'lng': 106.814876}",-6.177478,106.814876,DKI Jakarta,alam,35000.0,4.6,1,1,1,1,1,0,0.8333,camping|fotografi|gunung|hiking
571,Taman Langsat Kebayoran Baru,"Taman Langsat Kebayoran Baru di Jakarta Utara, DKI Jakarta. Puncak bukit dan pegunungan dengan pemandangan lanskap hijau membentang sejauh mata memandang. Menawarkan pengalaman menikmati golden sunrise, udara bersih bebas polusi, dan spot foto alam yang memesona.",Gunung,Perbukitan,Jakarta Utara,50000,4.7,300.0,"{'lat': -6.138498, 'lng': 106.840843}",-6.138498,106.840843,DKI Jakarta,alam,50000.0,4.7,1,1,1,0,0,0,0.5,camping|fotografi|gunung|hiking
572,Taman Cattleya Tomang,"Taman Cattleya Tomang di Jakarta Utara, DKI Jakarta. Kawasan dataran tinggi dan lereng gunung yang asri dengan pemandangan perbukitan hijau dan kawah eksotis. Sangat ideal untuk petualangan alam terbuka, hiking santai, perkemahan keluarga, dan melepas penat.",Gunung,Perbukitan,Jakarta Utara,10000,4.6,240.0,"{'lat': -6.132329, 'lng': 106.842285}",-6.132329,106.842285,DKI Jakarta,alam,10000.0,4.6,1,1,1,1,0,0,0.6667,camping|fotografi|gunung|hiking
573,Taman Spathodea Jagakarsa,"Taman Spathodea Jagakarsa di Jakarta Timur, DKI Jakarta. Puncak bukit dan pegunungan dengan pemandangan lanskap hijau membentang sejauh mata memandang. Menawarkan pengalaman menikmati golden sunrise, udara bersih bebas polusi, dan spot foto alam yang memesona.",Gunung,Perbukitan,Jakarta Timur,10000,4.4,360.0,"{'lat': -6.188268, 'lng': 106.872364}",-6.188268,106.872364,DKI Jakarta,alam,10000.0,4.4,1,1,1,0,1,1,0.8333,camping|fotografi|gunung|hiking
574,Taman Waduk Pluit,"Taman Waduk Pluit di Jakarta Barat, DKI Jakarta. Kawasan dataran tinggi dan lereng gunung yang asri dengan pemandangan perbukitan hijau dan kawah eksotis. Sangat ideal untuk petualangan alam terbuka, hiking santai, perkemahan keluarga, dan melepas penat.",Gunung,Perbukitan,Jakarta Barat,25000,4.6,300.0,"{'lat': -6.165581, 'lng': 106.744158}",-6.165581,106.744158,DKI Jakarta,alam,25000.0,4.6,1,1,1,1,0,0,0.6667,camping|fotografi|gunung|hiking
575,Taman Margasatwa Ragunan,"Taman Margasatwa Ragunan di Jakarta Pusat, DKI Jakarta. Wisata alam edukatif berbalut udara segar hutan tropis, aliran sungai yang jernih, serta air terjun bertingkat yang menyejukkan. Pilihan utama untuk riset keanekaragaman hayati dan ekowisata ramah lingkungan.",Cagar Alam,Taman Nasional,Jakarta Pusat,20000,4.9,90.0,"{'lat': -6.213433, 'lng': 106.811337}",-6.213433,106.811337,DKI Jakarta,alam,20000.0,4.9,1,1,1,1,0,1,0.8333,edukasi|fotografi|hiking|rekreasi_keluarga
576,Taman Wisata Alam Mangrove Angke Kapuk,"Taman Wisata Alam Mangrove Angke Kapuk di Jakarta Timur, DKI Jakarta. Wisata alam edukatif berbalut udara segar hutan tropis, aliran sungai yang jernih, serta air terjun bertingkat yang menyejukkan. Pilihan utama untuk riset keanekaragaman hayati dan ekowisata ramah lingkungan.",Cagar Alam,Taman Nasional,Jakarta Timur,20000,4.7,90.0,"{'lat': -6.236175, 'lng': 106.904999}",-6.236175,106.904999,DKI Jakarta,alam,20000.0,4.7,1,1,1,0,1,1,0.8333,edukasi|fotografi|hiking|rekreasi_keluarga
577,Akuarium Sea World Ancol,"Akuarium Sea World Ancol di Jakarta Barat, DKI Jakarta. Wisata alam edukatif berbalut udara segar hutan tropis, aliran sungai yang jernih, serta air terjun bertingkat yang menyejukkan. Pilihan utama untuk riset keanekaragaman hayati dan ekowisata ramah lingkungan.",Cagar Alam,Taman Nasional,Jakarta Barat,30000,4.4,150.0,"{'lat': -6.131251, 'lng': 106.734817}",-6.131251,106.734817,DKI Jakarta,alam,30000.0,4.4,1,1,1,0,0,1,0.6667,edukasi|fotografi|hiking|rekreasi_keluarga
578,Jakarta Aquarium & Safari Neo Soho,"Jakarta Aquarium & Safari Neo Soho di Jakarta Selatan, DKI Jakarta. Wisata alam edukatif berbalut udara segar hutan tropis, aliran sungai yang jernih, serta air terjun bertingkat yang menyejukkan. Pilihan utama untuk riset keanekaragaman hayati dan ekowisata ramah lingkungan.",Cagar Alam,Taman Nasional,Jakarta Selatan,10000,4.8,150.0,"{'lat': -6.23952, 'lng': 106.806354}",-6.23952,106.806354,DKI Jakarta,alam,10000.0,4.8,1,1,1,1,0,1,0.8333,edukasi|fotografi|hiking|rekreasi_keluarga
579,Taman Hutan Kota Penjaringan,"Taman Hutan Kota Penjaringan di Jakarta Barat, DKI Jakarta. Kawasan konservasi alam yang asri dan terlindungi dengan keanekaragaman flora dan fauna tropis endemik. Dilengkapi jalur trekking kayu yang tertata rapi, gazebo istirahat, pusat informasi lingkungan, dan toilet pengunjung.",Cagar Alam,Taman Nasional,Jakarta Barat,20000,4.8,180.0,"{'lat': -6.194894, 'lng': 106.783517}",-6.194894,106.783517,DKI Jakarta,alam,20000.0,4.8,1,1,1,0,0,1,0.6667,edukasi|fotografi|hiking|rekreasi_keluarga
580,Suaka Margasatwa Muara Angke,"Suaka Margasatwa Muara Angke di Jakarta Timur, DKI Jakarta. Wisata alam edukatif berbalut udara segar hutan tropis, aliran sungai yang jernih, serta air terjun bertingkat yang menyejukkan. Pilihan utama untuk riset keanekaragaman hayati dan ekowisata ramah lingkungan.",Cagar Alam,Taman Nasional,Jakarta Timur,20000,4.8,150.0,"{'lat': -6.239921, 'lng': 106.912641}",-6.239921,106.912641,DKI Jakarta,alam,20000.0,4.8,1,1,1,1,1,1,1.0,edukasi|fotografi|hiking|rekreasi_keluarga
581,Hutan Kota Srengseng Jakarta Barat,"Hutan Kota Srengseng Jakarta Barat di Jakarta Utara, DKI Jakarta. Kawasan konservasi alam yang asri dan terlindungi dengan keanekaragaman flora dan fauna tropis endemik. Dilengkapi jalur trekking kayu yang tertata rapi, gazebo istirahat, pusat informasi lingkungan, dan toilet pengunjung.",Cagar Alam,Taman Nasional,Jakarta Utara,25000,4.8,120.0,"{'lat': -6.118568, 'lng': 106.865675}",-6.118568,106.865675,DKI Jakarta,alam,25000.0,4.8,1,1,1,1,0,1,0.8333,edukasi|fotografi|hiking|rekreasi_keluarga
582,Setu Babakan Perkampungan Betawi,"Setu Babakan Perkampungan Betawi di Jakarta Timur, DKI Jakarta. Wisata alam edukatif berbalut udara segar hutan tropis, aliran sungai yang jernih, serta air terjun bertingkat yang menyejukkan. Pilihan utama untuk riset keanekaragaman hayati dan ekowisata ramah lingkungan.",Cagar Alam,Taman Nasional,Jakarta Timur,10000,4.5,120.0,"{'lat': -6.24623, 'lng': 106.880532}",-6.24623,106.880532,DKI Jakarta,alam,10000.0,4.5,1,1,1,0,0,1,0.6667,edukasi|fotografi|hiking|rekreasi_keluarga
583,Monumen Nasional (Monas),"Monumen Nasional (Monas) di Jakarta Pusat, DKI Jakarta. Situs cagar budaya bersejarah yang sarat dengan nilai tradisi leluhur, arsitektur arca dan bangunan tradisional yang otentik. Dilengkapi pemandu wisata budaya, museum informasi sejarah, dan pertunjukan seni berkala.",Budaya,Situs Sejarah,Jakarta Pusat,5000,4.8,120.0,"{'lat': -6.156205, 'lng': 106.837975}",-6.156205,106.837975,DKI Jakarta,budaya,5000.0,4.8,1,1,0,1,0,1,0.6667,budaya|edukasi|fotografi|sejarah
584,Kawasan Kota Tua Fatahillah,"Kawasan Kota Tua Fatahillah di Jakarta Utara, DKI Jakarta. Destinasi wisata sejarah dan kearifan lokal yang memperlihatkan warisan peradaban masa lampau melalui koleksi artefak berharga. Tempat ideal untuk belajar mengenai perjuangan bangsa dan filosofi adat masyarakat.",Budaya,Situs Sejarah,Jakarta Utara,10000,4.5,120.0,"{'lat': -6.103873, 'lng': 106.855188}",-6.103873,106.855188,DKI Jakarta,budaya,10000.0,4.5,1,1,1,0,0,1,0.6667,budaya|edukasi|fotografi|sejarah
585,Museum Fatahillah Jakarta,"Museum Fatahillah Jakarta di Jakarta Timur, DKI Jakarta. Destinasi wisata sejarah dan kearifan lokal yang memperlihatkan warisan peradaban masa lampau melalui koleksi artefak berharga. Tempat ideal untuk belajar mengenai perjuangan bangsa dan filosofi adat masyarakat.",Budaya,Museum,Jakarta Timur,15000,4.7,90.0,"{'lat': -6.251351, 'lng': 106.863212}",-6.251351,106.863212,DKI Jakarta,budaya,15000.0,4.7,1,1,1,1,0,1,0.8333,budaya|edukasi|fotografi|sejarah
586,Museum Wayang Kota Tua,"Museum Wayang Kota Tua di Jakarta Selatan, DKI Jakarta. Kompleks bangunan bersejarah dan desa adat yang mempertahankan adat istiadat turun-temurun dengan ramah. Wisatawan dapat menyaksikan kerajinan tangan tradisional dan berinteraksi langsung dengan warga setempat.",Budaya,Museum,Jakarta Selatan,25000,4.4,120.0,"{'lat': -6.265912, 'lng': 106.848163}",-6.265912,106.848163,DKI Jakarta,budaya,25000.0,4.4,1,1,1,1,1,1,1.0,budaya|edukasi|fotografi|sejarah
587,Museum Bank Indonesia,"Museum Bank Indonesia di Jakarta Selatan, DKI Jakarta. Destinasi wisata sejarah dan kearifan lokal yang memperlihatkan warisan peradaban masa lampau melalui koleksi artefak berharga. Tempat ideal untuk belajar mengenai perjuangan bangsa dan filosofi adat masyarakat.",Budaya,Museum,Jakarta Selatan,25000,4.6,90.0,"{'lat': -6.266702, 'lng': 106.821783}",-6.266702,106.821783,DKI Jakarta,budaya,25000.0,4.6,1,1,1,1,0,1,0.8333,budaya|edukasi|fotografi|sejarah
588,Museum Nasional Gajah,"Museum Nasional Gajah di Jakarta Barat, DKI Jakarta. Kompleks bangunan bersejarah dan desa adat yang mempertahankan adat istiadat turun-temurun dengan ramah. Wisatawan dapat menyaksikan kerajinan tangan tradisional dan berinteraksi langsung dengan warga setempat.",Budaya,Museum,Jakarta Barat,15000,4.2,60.0,"{'lat': -6.179037, 'lng': 106.739685}",-6.179037,106.739685,DKI Jakarta,budaya,15000.0,4.2,1,1,1,1,0,1,0.8333,budaya|edukasi|fotografi|sejarah
589,Gedung Kesenian Jakarta,"Gedung Kesenian Jakarta di Kepulauan Seribu, DKI Jakarta. Situs cagar budaya bersejarah yang sarat dengan nilai tradisi leluhur, arsitektur arca dan bangunan tradisional yang otentik. Dilengkapi pemandu wisata budaya, museum informasi sejarah, dan pertunjukan seni berkala.",Budaya,Situs Sejarah,Kepulauan Seribu,20000,4.9,90.0,"{'lat': -5.614664, 'lng': 106.522065}",-5.614664,106.522065,DKI Jakarta,budaya,20000.0,4.9,1,1,1,1,0,1,0.8333,budaya|edukasi|fotografi|sejarah
590,Dunia Fantasi (Dufan),"Dunia Fantasi (Dufan) di Jakarta Timur, DKI Jakarta. Destinasi hiburan terpadu dengan spot swafoto kekinian yang estetik, wahana edukasi anak, dan ruang terbuka hijau yang ramah keluarga. Menjadi tempat favorit untuk berekreasi bersama anak-anak di akhir pekan.",Taman Hiburan,Taman Rekreasi,Jakarta Timur,50000,4.8,240.0,"{'lat': -6.201259, 'lng': 106.904257}",-6.201259,106.904257,DKI Jakarta,hiburan,50000.0,4.8,1,1,1,1,1,1,1.0,edukasi|fotografi|rekreasi_keluarga
591,Taman Mini Indonesia Indah (TMII),"Taman Mini Indonesia Indah (TMII) di Jakarta Utara, DKI Jakarta. Taman rekreasi modern keluarga yang menghadirkan beragam wahana permainan seru, atraksi air, serta pertunjukan tematik interaktif. Memiliki fasilitas lengkap seperti food court, musala yang nyaman, toilet bersih, dan area parkir luas.",Taman Hiburan,Taman Rekreasi,Jakarta Utara,200000,4.8,240.0,"{'lat': -6.158408, 'lng': 106.881195}",-6.158408,106.881195,DKI Jakarta,hiburan,200000.0,4.8,1,1,1,1,1,1,1.0,edukasi|fotografi|rekreasi_keluarga
592,Atlantis Water Adventure Ancol,"Atlantis Water Adventure Ancol di Jakarta Barat, DKI Jakarta. Kawasan rekreasi bertema dengan wahana pemacu adrenalin, kolam renang bergelombang, serta taman bermain anak yang aman. Dilengkapi staf pengawas keselamatan dan berbagai tenant kuliner lezat.",Taman Hiburan,Waterpark,Jakarta Barat,50000,4.6,180.0,"{'lat': -6.187262, 'lng': 106.752679}",-6.187262,106.752679,DKI Jakarta,hiburan,50000.0,4.6,1,1,1,1,1,1,1.0,edukasi|fotografi|rekreasi_keluarga
593,Ocean Dream Samudra Ancol,"Ocean Dream Samudra Ancol di Jakarta Utara, DKI Jakarta. Taman rekreasi modern keluarga yang menghadirkan beragam wahana permainan seru, atraksi air, serta pertunjukan tematik interaktif. Memiliki fasilitas lengkap seperti food court, musala yang nyaman, toilet bersih, dan area parkir luas.",Taman Hiburan,Taman Rekreasi,Jakarta Utara,100000,4.5,120.0,"{'lat': -6.118966, 'lng': 106.888705}",-6.118966,106.888705,DKI Jakarta,hiburan,100000.0,4.5,1,1,1,1,1,1,1.0,edukasi|fotografi|rekreasi_keluarga
594,Grand Indonesia Shopping Town,"Grand Indonesia Shopping Town di Kepulauan Seribu, DKI Jakarta. Sentra kuliner dan suvenir ikonik yang menyediakan aneka buah tangan khas Nusantara berkualitas tinggi. Dilengkapi area parkir kendaraan wisata, gerai anjungan tunai mandiri (ATM), dan mushola.",Pusat Perbelanjaan,Pasar Tradisional,Kepulauan Seribu,0,4.9,120.0,"{'lat': -5.64127, 'lng': 106.530229}",-5.64127,106.530229,DKI Jakarta,belanja,0.0,4.9,1,1,1,0,1,1,0.8333,belanja|budaya|kuliner
595,Plaza Indonesia Bundaran HI,"Plaza Indonesia Bundaran HI di Jakarta Utara, DKI Jakarta. Pusat perbelanjaan dan pasar tradisional khas daerah yang menjual aneka kerajinan tangan, kain tenun atau batik, serta camilan oleh-oleh lokal. Tempat bertemunya tawar-menawar yang hangat dengan harga terjangkau.",Pusat Perbelanjaan,Pasar Tradisional,Jakarta Utara,0,4.2,120.0,"{'lat': -6.163377, 'lng': 106.825552}",-6.163377,106.825552,DKI Jakarta,belanja,0.0,4.2,1,1,1,0,1,0,0.6667,belanja|budaya|kuliner
596,Pasar Tanah Abang Tekstil,"Pasar Tanah Abang Tekstil di Jakarta Timur, DKI Jakarta. Pusat perbelanjaan dan pasar tradisional khas daerah yang menjual aneka kerajinan tangan, kain tenun atau batik, serta camilan oleh-oleh lokal. Tempat bertemunya tawar-menawar yang hangat dengan harga terjangkau.",Pusat Perbelanjaan,Pasar Tradisional,Jakarta Timur,0,4.2,60.0,"{'lat': -6.243464, 'lng': 106.917616}",-6.243464,106.917616,DKI Jakarta,belanja,0.0,4.2,1,1,1,0,1,0,0.6667,belanja|budaya|kuliner
597,Pasar Baru Heritage Jakarta,"Pasar Baru Heritage Jakarta di Jakarta Pusat, DKI Jakarta. Sentra kuliner dan suvenir ikonik yang menyediakan aneka buah tangan khas Nusantara berkualitas tinggi. Dilengkapi area parkir kendaraan wisata, gerai anjungan tunai mandiri (ATM), dan mushola.",Pusat Perbelanjaan,Pasar Tradisional,Jakarta Pusat,0,4.9,90.0,"{'lat': -6.199147, 'lng': 106.819026}",-6.199147,106.819026,DKI Jakarta,belanja,0.0,4.9,1,1,1,1,1,0,0.8333,belanja|budaya|kuliner
598,Masjid Istiqlal Jakarta,"Masjid Istiqlal Jakarta di Kepulauan Seribu, DKI Jakarta. Ikon wisata religi yang terkenal dengan kedamaian suasananya, toleransi antarwarga, serta kubah atau menara yang menjulang indah. Menjadi tempat ziarah sekaligus edukasi spiritual bagi masyarakat luas.",Tempat Ibadah,Masjid,Kepulauan Seribu,0,4.4,45.0,"{'lat': -5.645782, 'lng': 106.581446}",-5.645782,106.581446,DKI Jakarta,religi,0.0,4.4,1,1,1,1,1,0,0.8333,budaya|religi|sejarah
599,Gereja Katedral Santa Maria Pelindung Diangkat Ke Surga,"Gereja Katedral Santa Maria Pelindung Diangkat Ke Surga di Jakarta Barat, DKI Jakarta. Bangunan keagamaan bersejarah dengan arsitektur megah dan penuh nilai filosofis spiritual tinggi. Menyediakan sarana ibadah yang bersih dan khusyuk, pelataran yang teduh dan asri, serta toilet wudhu yang terawat.",Tempat Ibadah,Gereja,Jakarta Barat,0,4.6,60.0,"{'lat': -6.170688, 'lng': 106.734275}",-6.170688,106.734275,DKI Jakarta,religi,0.0,4.6,1,1,0,1,1,1,0.8333,budaya|religi|sejarah
600,Gereja Immanuel Gambir,"Gereja Immanuel Gambir di Jakarta Pusat, DKI Jakarta. Tempat ibadah cagar budaya dengan ornamen seni pahat antik dan sejarah pendirian yang menginspirasi. Terbuka bagi pengunjung yang ingin berdoa maupun mengagumi keindahan karya arsitektur Nusantara.",Tempat Ibadah,Gereja,Jakarta Pusat,0,4.9,45.0,"{'lat': -6.206583, 'lng': 106.855798}",-6.206583,106.855798,DKI Jakarta,religi,0.0,4.9,1,1,1,1,1,0,0.8333,budaya|religi|sejarah
601,Pantai Pangandaran Barat & Timur,"Pantai Pangandaran Barat & Timur di Bogor, Jawa Barat. Pantai eksotis dengan air laut jernih dan deretan pohon kelapa yang rindang. Menjadi lokasi favorit wisatawan untuk bersantai, bermain air bersama keluarga, berswafoto, serta menikmati kelapa muda segar di tepi pantai.",Pantai,Pantai,Bogor,30000,4.5,240.0,"{'lat': -6.576174, 'lng': 106.756517}",-6.576174,106.756517,Jawa Barat,bahari,30000.0,4.5,1,1,1,1,1,0,0.8333,berenang|fotografi|kuliner|pantai|rekreasi_keluarga
602,Pantai Batu Karas Pangandaran,"Pantai Batu Karas Pangandaran di Kota Bandung, Jawa Barat. Pantai eksotis dengan air laut jernih dan deretan pohon kelapa yang rindang. Menjadi lokasi favorit wisatawan untuk bersantai, bermain air bersama keluarga, berswafoto, serta menikmati kelapa muda segar di tepi pantai.",Pantai,Pantai,Kota Bandung,5000,4.3,180.0,"{'lat': -6.931655, 'lng': 107.629433}",-6.931655,107.629433,Jawa Barat,bahari,5000.0,4.3,1,1,1,1,1,0,0.8333,berenang|fotografi|kuliner|pantai|rekreasi_keluarga
603,Pantai Ujung Genteng Sukabumi,"Pantai Ujung Genteng Sukabumi di Bandung Barat, Jawa Barat. Kawasan pantai dengan keindahan garis pantai memanjang, batuan karang yang menawan, serta angin sepoi-sepoi yang menyegarkan. Sangat cocok untuk aktivitas rekreasi, jalan santai di tepi air, dan piknik sore hari.",Pantai,Pantai,Bandung Barat,10000,4.3,150.0,"{'lat': -6.818998, 'lng': 107.529093}",-6.818998,107.529093,Jawa Barat,bahari,10000.0,4.3,1,1,1,1,0,0,0.6667,berenang|fotografi|kuliner|pantai|rekreasi_keluarga
604,Pantai Pelabuhan Ratu,"Pantai Pelabuhan Ratu di Sukabumi, Jawa Barat. Destinasi wisata pesisir dengan hamparan pasir bersih, deburan ombak yang menenangkan, serta panorama matahari terbenam yang memukau. Dilengkapi fasilitas warung makan seafood lokal, area parkir, toilet umum, dan persewaan payung pantai.",Pantai,Pantai,Sukabumi,20000,4.5,120.0,"{'lat': -6.896449, 'lng': 106.936776}",-6.896449,106.936776,Jawa Barat,bahari,20000.0,4.5,1,1,1,1,0,1,0.8333,berenang|fotografi|kuliner|pantai|rekreasi_keluarga
605,Pantai Karang Hawu Sukabumi,"Pantai Karang Hawu Sukabumi di Bandung Barat, Jawa Barat. Pantai eksotis dengan air laut jernih dan deretan pohon kelapa yang rindang. Menjadi lokasi favorit wisatawan untuk bersantai, bermain air bersama keluarga, berswafoto, serta menikmati kelapa muda segar di tepi pantai.",Pantai,Pantai,Bandung Barat,5000,4.5,150.0,"{'lat': -6.834927, 'lng': 107.472399}",-6.834927,107.472399,Jawa Barat,bahari,5000.0,4.5,1,1,1,1,0,1,0.8333,bahari|berenang|fotografi|kuliner|pantai|rekreasi_keluarga|snorkeling
606,Pantai Santolo Garut,"Pantai Santolo Garut di Cianjur, Jawa Barat. Pantai eksotis dengan air laut jernih dan deretan pohon kelapa yang rindang. Menjadi lokasi favorit wisatawan untuk bersantai, bermain air bersama keluarga, berswafoto, serta menikmati kelapa muda segar di tepi pantai.",Pantai,Pantai,Cianjur,30000,4.2,120.0,"{'lat': -6.785532, 'lng': 107.179758}",-6.785532,107.179758,Jawa Barat,bahari,30000.0,4.2,1,1,1,1,1,1,1.0,berenang|fotografi|kuliner|pantai|rekreasi_keluarga
607,Pantai Sayang Heulang Garut,"Pantai Sayang Heulang Garut di Kota Bogor, Jawa Barat. Pantai eksotis dengan air laut jernih dan deretan pohon kelapa yang rindang. Menjadi lokasi favorit wisatawan untuk bersantai, bermain air bersama keluarga, berswafoto, serta menikmati kelapa muda segar di tepi pantai.",Pantai,Pantai,Kota Bogor,10000,4.7,180.0,"{'lat': -6.573783, 'lng': 106.764966}",-6.573783,106.764966,Jawa Barat,bahari,10000.0,4.7,1,1,1,1,1,0,0.8333,berenang|fotografi|kuliner|pantai|rekreasi_keluarga
608,Pantai Rancabuaya Garut,"Pantai Rancabuaya Garut di Kota Bandung, Jawa Barat. Kawasan pantai dengan keindahan garis pantai memanjang, batuan karang yang menawan, serta angin sepoi-sepoi yang menyegarkan. Sangat cocok untuk aktivitas rekreasi, jalan santai di tepi air, dan piknik sore hari.",Pantai,Pantai,Kota Bandung,15000,4.2,240.0,"{'lat': -6.927278, 'lng': 107.637052}",-6.927278,107.637052,Jawa Barat,bahari,15000.0,4.2,1,1,1,1,0,0,0.6667,berenang|fotografi|kuliner|pantai|rekreasi_keluarga
609,Pantai Madasari Pangandaran,"Pantai Madasari Pangandaran di Cianjur, Jawa Barat. Kawasan pantai dengan keindahan garis pantai memanjang, batuan karang yang menawan, serta angin sepoi-sepoi yang menyegarkan. Sangat cocok untuk aktivitas rekreasi, jalan santai di tepi air, dan piknik sore hari.",Pantai,Pantai,Cianjur,10000,4.7,180.0,"{'lat': -6.804237, 'lng': 107.115182}",-6.804237,107.115182,Jawa Barat,bahari,10000.0,4.7,1,1,1,1,0,1,0.8333,berenang|fotografi|kuliner|pantai|rekreasi_keluarga
610,Pantai Lembah Putri Pangandaran,"Pantai Lembah Putri Pangandaran di Kota Bandung, Jawa Barat. Pantai eksotis dengan air laut jernih dan deretan pohon kelapa yang rindang. Menjadi lokasi favorit wisatawan untuk bersantai, bermain air bersama keluarga, berswafoto, serta menikmati kelapa muda segar di tepi pantai.",Pantai,Pantai,Kota Bandung,10000,4.3,150.0,"{'lat': -6.909606, 'lng': 107.647945}",-6.909606,107.647945,Jawa Barat,bahari,10000.0,4.3,1,1,1,1,0,0,0.6667,berenang|fotografi|kuliner|pantai|rekreasi_keluarga
611,Pantai Kejawanan Cirebon,"Pantai Kejawanan Cirebon di Sukabumi, Jawa Barat. Destinasi wisata pesisir dengan hamparan pasir bersih, deburan ombak yang menenangkan, serta panorama matahari terbenam yang memukau. Dilengkapi fasilitas warung makan seafood lokal, area parkir, toilet umum, dan persewaan payung pantai.",Pantai,Pantai,Sukabumi,30000,4.8,150.0,"{'lat': -6.930631, 'lng': 106.890058}",-6.930631,106.890058,Jawa Barat,bahari,30000.0,4.8,1,1,1,1,1,0,0.8333,berenang|fotografi|kuliner|pantai|rekreasi_keluarga
612,Pantai Cibangban Sukabumi,"Pantai Cibangban Sukabumi di Garut, Jawa Barat. Kawasan pantai dengan keindahan garis pantai memanjang, batuan karang yang menawan, serta angin sepoi-sepoi yang menyegarkan. Sangat cocok untuk aktivitas rekreasi, jalan santai di tepi air, dan piknik sore hari.",Pantai,Pantai,Garut,5000,4.8,150.0,"{'lat': -7.200384, 'lng': 107.885656}",-7.200384,107.885656,Jawa Barat,bahari,5000.0,4.8,1,1,1,1,1,1,1.0,berenang|fotografi|kuliner|pantai|rekreasi_keluarga
613,Pantai Cipatujah Tasikmalaya,"Pantai Cipatujah Tasikmalaya di Kota Bandung, Jawa Barat. Destinasi wisata pesisir dengan hamparan pasir bersih, deburan ombak yang menenangkan, serta panorama matahari terbenam yang memukau. Dilengkapi fasilitas warung makan seafood lokal, area parkir, toilet umum, dan persewaan payung pantai.",Pantai,Pantai,Kota Bandung,20000,4.7,120.0,"{'lat': -6.945169, 'lng': 107.60175}",-6.945169,107.60175,Jawa Barat,bahari,20000.0,4.7,1,1,1,1,0,0,0.6667,berenang|fotografi|kuliner|pantai|rekreasi_keluarga
614,Pantai Karapyak Pangandaran,"Pantai Karapyak Pangandaran di Kota Bandung, Jawa Barat. Pantai eksotis dengan air laut jernih dan deretan pohon kelapa yang rindang. Menjadi lokasi favorit wisatawan untuk bersantai, bermain air bersama keluarga, berswafoto, serta menikmati kelapa muda segar di tepi pantai.",Pantai,Pantai,Kota Bandung,5000,4.5,120.0,"{'lat': -6.890685, 'lng': 107.589482}",-6.890685,107.589482,Jawa Barat,bahari,5000.0,4.5,1,1,1,1,0,0,0.6667,berenang|fotografi|kuliner|pantai|rekreasi_keluarga
615,Gunung Tangkuban Perahu,"Gunung Tangkuban Perahu di Kota Bogor, Jawa Barat. Puncak bukit dan pegunungan dengan pemandangan lanskap hijau membentang sejauh mata memandang. Menawarkan pengalaman menikmati golden sunrise, udara bersih bebas polusi, dan spot foto alam yang memesona.",Gunung,Gunung,Kota Bogor,25000,4.6,180.0,"{'lat': -6.58576, 'lng': 106.785988}",-6.58576,106.785988,Jawa Barat,alam,25000.0,4.6,1,1,1,0,1,0,0.6667,camping|fotografi|gunung|hiking
616,Kawah Putih Gunung Patuha,"Kawah Putih Gunung Patuha di Garut, Jawa Barat. Puncak bukit dan pegunungan dengan pemandangan lanskap hijau membentang sejauh mata memandang. Menawarkan pengalaman menikmati golden sunrise, udara bersih bebas polusi, dan spot foto alam yang memesona.",Gunung,Gunung,Garut,10000,4.9,180.0,"{'lat': -7.176317, 'lng': 107.91246}",-7.176317,107.91246,Jawa Barat,alam,10000.0,4.9,1,1,1,1,1,0,0.8333,camping|fotografi|gunung|hiking
617,Gunung Papandayan Garut,"Gunung Papandayan Garut di Cianjur, Jawa Barat. Kawasan dataran tinggi dan lereng gunung yang asri dengan pemandangan perbukitan hijau dan kawah eksotis. Sangat ideal untuk petualangan alam terbuka, hiking santai, perkemahan keluarga, dan melepas penat.",Gunung,Gunung,Cianjur,35000,4.6,180.0,"{'lat': -6.830475, 'lng': 107.156675}",-6.830475,107.156675,Jawa Barat,alam,35000.0,4.6,1,1,1,0,0,1,0.6667,camping|fotografi|gunung|hiking
618,Gunung Gede Pangrango,"Gunung Gede Pangrango di Sukabumi, Jawa Barat. Destinasi wisata pegunungan berhawa sejuk dengan jalur pendakian yang menantang dan panorama lautan awan yang spektakuler saat fajar. Tersedia pos peristirahatan, warung logistik pendaki, area perkemahan, dan pemandu lokal.",Gunung,Gunung,Sukabumi,50000,4.5,360.0,"{'lat': -6.883153, 'lng': 106.89777}",-6.883153,106.89777,Jawa Barat,alam,50000.0,4.5,1,1,1,0,1,1,0.8333,camping|fotografi|gunung|hiking
619,Gunung Ciremai Kuningan,"Gunung Ciremai Kuningan di Kuningan, Jawa Barat. Kawasan dataran tinggi dan lereng gunung yang asri dengan pemandangan perbukitan hijau dan kawah eksotis. Sangat ideal untuk petualangan alam terbuka, hiking santai, perkemahan keluarga, dan melepas penat.",Gunung,Gunung,Kuningan,35000,4.8,180.0,"{'lat': -6.9442, 'lng': 108.484674}",-6.9442,108.484674,Jawa Barat,alam,35000.0,4.8,1,1,1,1,1,1,1.0,camping|fotografi|gunung|hiking
620,Gunung Salak Bogor,"Gunung Salak Bogor di Kota Bogor, Jawa Barat. Kawasan dataran tinggi dan lereng gunung yang asri dengan pemandangan perbukitan hijau dan kawah eksotis. Sangat ideal untuk petualangan alam terbuka, hiking santai, perkemahan keluarga, dan melepas penat.",Gunung,Gunung,Kota Bogor,15000,4.8,300.0,"{'lat': -6.602934, 'lng': 106.763228}",-6.602934,106.763228,Jawa Barat,alam,15000.0,4.8,1,1,1,0,1,0,0.6667,camping|fotografi|gunung|hiking
621,Gunung Puntang Bandung Selatan,"Gunung Puntang Bandung Selatan di Garut, Jawa Barat. Kawasan dataran tinggi dan lereng gunung yang asri dengan pemandangan perbukitan hijau dan kawah eksotis. Sangat ideal untuk petualangan alam terbuka, hiking santai, perkemahan keluarga, dan melepas penat.",Gunung,Gunung,Garut,20000,4.7,360.0,"{'lat': -7.221814, 'lng': 107.885212}",-7.221814,107.885212,Jawa Barat,alam,20000.0,4.7,1,1,1,1,1,1,1.0,camping|fotografi|gunung|hiking
622,Tebing Keraton Dago Bandung,"Tebing Keraton Dago Bandung di Sukabumi, Jawa Barat. Puncak bukit dan pegunungan dengan pemandangan lanskap hijau membentang sejauh mata memandang. Menawarkan pengalaman menikmati golden sunrise, udara bersih bebas polusi, dan spot foto alam yang memesona.",Gunung,Perbukitan,Sukabumi,35000,4.6,300.0,"{'lat': -6.914948, 'lng': 106.907114}",-6.914948,106.907114,Jawa Barat,alam,35000.0,4.6,1,1,1,1,0,1,0.8333,camping|fotografi|gunung|hiking
623,Tebing Citatah Karst Padalarang,"Tebing Citatah Karst Padalarang di Cirebon, Jawa Barat. Destinasi wisata pegunungan berhawa sejuk dengan jalur pendakian yang menantang dan panorama lautan awan yang spektakuler saat fajar. Tersedia pos peristirahatan, warung logistik pendaki, area perkemahan, dan pemandu lokal.",Gunung,Perbukitan,Cirebon,35000,4.4,300.0,"{'lat': -6.681363, 'lng': 108.567661}",-6.681363,108.567661,Jawa Barat,alam,35000.0,4.4,1,1,1,0,0,1,0.6667,camping|fotografi|gunung|hiking
624,Puncak Pass Bogor,"Puncak Pass Bogor di Garut, Jawa Barat. Destinasi wisata pegunungan berhawa sejuk dengan jalur pendakian yang menantang dan panorama lautan awan yang spektakuler saat fajar. Tersedia pos peristirahatan, warung logistik pendaki, area perkemahan, dan pemandu lokal.",Gunung,Perbukitan,Garut,50000,4.6,240.0,"{'lat': -7.248264, 'lng': 107.925755}",-7.248264,107.925755,Jawa Barat,alam,50000.0,4.6,1,1,1,0,0,0,0.5,camping|fotografi|gunung|hiking
625,Green Canyon Cukang Taneuh Pangandaran,"Green Canyon Cukang Taneuh Pangandaran di Pangandaran, Jawa Barat. Kawasan konservasi alam yang asri dan terlindungi dengan keanekaragaman flora dan fauna tropis endemik. Dilengkapi jalur trekking kayu yang tertata rapi, gazebo istirahat, pusat informasi lingkungan, dan toilet pengunjung.",Cagar Alam,Taman Nasional,Pangandaran,15000,4.6,150.0,"{'lat': -7.705633, 'lng': 108.661572}",-7.705633,108.661572,Jawa Barat,alam,15000.0,4.6,1,1,1,1,0,1,0.8333,edukasi|fotografi|hiking|rekreasi_keluarga
626,Kebun Raya Bogor,"Kebun Raya Bogor di Kuningan, Jawa Barat. Wisata alam edukatif berbalut udara segar hutan tropis, aliran sungai yang jernih, serta air terjun bertingkat yang menyejukkan. Pilihan utama untuk riset keanekaragaman hayati dan ekowisata ramah lingkungan.",Cagar Alam,Taman Nasional,Kuningan,20000,4.9,120.0,"{'lat': -7.002605, 'lng': 108.446176}",-7.002605,108.446176,Jawa Barat,alam,20000.0,4.9,1,1,1,1,1,1,1.0,edukasi|fotografi|hiking|rekreasi_keluarga
627,Situ Patenggang Ciwidey,"Situ Patenggang Ciwidey di Cianjur, Jawa Barat. Objek wisata alam dengan formasi tebing batuan alami, gua karst purba, serta telaga yang jernih dan tenang. Suasana alam yang tenang memberikan kesegaran pikiran bagi pengunjung yang mencintai ketenangan alam.",Cagar Alam,Taman Nasional,Cianjur,30000,4.6,90.0,"{'lat': -6.813901, 'lng': 107.172612}",-6.813901,107.172612,Jawa Barat,alam,30000.0,4.6,1,1,1,1,0,1,0.8333,edukasi|fotografi|hiking|rekreasi_keluarga
628,Taman Safari Indonesia Cisarua,"Taman Safari Indonesia Cisarua di Kota Bogor, Jawa Barat. Wisata alam edukatif berbalut udara segar hutan tropis, aliran sungai yang jernih, serta air terjun bertingkat yang menyejukkan. Pilihan utama untuk riset keanekaragaman hayati dan ekowisata ramah lingkungan.",Cagar Alam,Taman Nasional,Kota Bogor,20000,4.7,180.0,"{'lat': -6.57469, 'lng': 106.82865}",-6.57469,106.82865,Jawa Barat,alam,20000.0,4.7,1,1,1,1,0,1,0.8333,edukasi|fotografi|hiking|rekreasi_keluarga
629,Curug Cikaso Sukabumi,"Curug Cikaso Sukabumi di Cianjur, Jawa Barat. Kawasan konservasi alam yang asri dan terlindungi dengan keanekaragaman flora dan fauna tropis endemik. Dilengkapi jalur trekking kayu yang tertata rapi, gazebo istirahat, pusat informasi lingkungan, dan toilet pengunjung.",Cagar Alam,Air Terjun,Cianjur,30000,4.2,180.0,"{'lat': -6.798369, 'lng': 107.159814}",-6.798369,107.159814,Jawa Barat,alam,30000.0,4.2,1,1,1,0,0,1,0.6667,edukasi|fotografi|hiking|rekreasi_keluarga
630,Curug Malela Little Niagara,"Curug Malela Little Niagara di Bogor, Jawa Barat. Kawasan konservasi alam yang asri dan terlindungi dengan keanekaragaman flora dan fauna tropis endemik. Dilengkapi jalur trekking kayu yang tertata rapi, gazebo istirahat, pusat informasi lingkungan, dan toilet pengunjung.",Cagar Alam,Air Terjun,Bogor,30000,4.5,120.0,"{'lat': -6.591806, 'lng': 106.760966}",-6.591806,106.760966,Jawa Barat,alam,30000.0,4.5,1,1,1,1,1,1,1.0,edukasi|fotografi|hiking|rekreasi_keluarga
631,Kawah Kamojang Garut,"Kawah Kamojang Garut di Garut, Jawa Barat. Wisata alam edukatif berbalut udara segar hutan tropis, aliran sungai yang jernih, serta air terjun bertingkat yang menyejukkan. Pilihan utama untuk riset keanekaragaman hayati dan ekowisata ramah lingkungan.",Cagar Alam,Taman Nasional,Garut,30000,4.3,120.0,"{'lat': -7.172317, 'lng': 107.920227}",-7.172317,107.920227,Jawa Barat,alam,30000.0,4.3,1,1,1,0,0,1,0.6667,edukasi|fotografi|hiking|rekreasi_keluarga
632,Situ Bagendit Garut,"Situ Bagendit Garut di Garut, Jawa Barat. Wisata alam edukatif berbalut udara segar hutan tropis, aliran sungai yang jernih, serta air terjun bertingkat yang menyejukkan. Pilihan utama untuk riset keanekaragaman hayati dan ekowisata ramah lingkungan.",Cagar Alam,Taman Nasional,Garut,30000,4.2,180.0,"{'lat': -7.239425, 'lng': 107.866604}",-7.239425,107.866604,Jawa Barat,alam,30000.0,4.2,1,1,1,0,0,1,0.6667,edukasi|fotografi|hiking|rekreasi_keluarga
633,Saung Angklung Udjo Bandung,"Saung Angklung Udjo Bandung di Kuningan, Jawa Barat. Situs cagar budaya bersejarah yang sarat dengan nilai tradisi leluhur, arsitektur arca dan bangunan tradisional yang otentik. Dilengkapi pemandu wisata budaya, museum informasi sejarah, dan pertunjukan seni berkala.",Budaya,Situs Sejarah,Kuningan,10000,4.9,120.0,"{'lat': -6.958094, 'lng': 108.45043}",-6.958094,108.45043,Jawa Barat,budaya,10000.0,4.9,1,1,1,1,0,1,0.8333,budaya|edukasi|fotografi|sejarah
634,Gedung Sate Bandung,"Gedung Sate Bandung di Kota Bandung, Jawa Barat. Destinasi wisata sejarah dan kearifan lokal yang memperlihatkan warisan peradaban masa lampau melalui koleksi artefak berharga. Tempat ideal untuk belajar mengenai perjuangan bangsa dan filosofi adat masyarakat.",Budaya,Situs Sejarah,Kota Bandung,10000,4.5,60.0,"{'lat': -6.90822, 'lng': 107.637953}",-6.90822,107.637953,Jawa Barat,budaya,10000.0,4.5,1,1,1,0,1,1,0.8333,budaya|edukasi|fotografi|sejarah
635,Keraton Kasepuhan Cirebon,"Keraton Kasepuhan Cirebon di Kuningan, Jawa Barat. Situs cagar budaya bersejarah yang sarat dengan nilai tradisi leluhur, arsitektur arca dan bangunan tradisional yang otentik. Dilengkapi pemandu wisata budaya, museum informasi sejarah, dan pertunjukan seni berkala.",Budaya,Keraton,Kuningan,20000,4.7,90.0,"{'lat': -7.012832, 'lng': 108.49374}",-7.012832,108.49374,Jawa Barat,budaya,20000.0,4.7,1,1,1,1,0,1,0.8333,budaya|edukasi|fotografi|sejarah
636,Keraton Kanoman Cirebon,"Keraton Kanoman Cirebon di Garut, Jawa Barat. Situs cagar budaya bersejarah yang sarat dengan nilai tradisi leluhur, arsitektur arca dan bangunan tradisional yang otentik. Dilengkapi pemandu wisata budaya, museum informasi sejarah, dan pertunjukan seni berkala.",Budaya,Keraton,Garut,25000,4.9,120.0,"{'lat': -7.225614, 'lng': 107.939012}",-7.225614,107.939012,Jawa Barat,budaya,25000.0,4.9,1,1,1,1,0,1,0.8333,budaya|edukasi|fotografi|sejarah
637,Kampung Naga Tasikmalaya,"Kampung Naga Tasikmalaya di Pangandaran, Jawa Barat. Situs cagar budaya bersejarah yang sarat dengan nilai tradisi leluhur, arsitektur arca dan bangunan tradisional yang otentik. Dilengkapi pemandu wisata budaya, museum informasi sejarah, dan pertunjukan seni berkala.",Budaya,Desa Adat,Pangandaran,5000,4.3,120.0,"{'lat': -7.680171, 'lng': 108.627479}",-7.680171,108.627479,Jawa Barat,budaya,5000.0,4.3,1,1,0,1,0,1,0.6667,budaya|edukasi|fotografi|sejarah
638,Situs Megalitikum Gunung Padang Cianjur,"Situs Megalitikum Gunung Padang Cianjur di Sukabumi, Jawa Barat. Destinasi wisata sejarah dan kearifan lokal yang memperlihatkan warisan peradaban masa lampau melalui koleksi artefak berharga. Tempat ideal untuk belajar mengenai perjuangan bangsa dan filosofi adat masyarakat.",Budaya,Situs Sejarah,Sukabumi,15000,4.3,90.0,"{'lat': -6.893404, 'lng': 106.913015}",-6.893404,106.913015,Jawa Barat,budaya,15000.0,4.3,1,1,1,0,1,1,0.8333,budaya|edukasi|fotografi|sejarah
639,Museum Geologi Bandung,"Museum Geologi Bandung di Pangandaran, Jawa Barat. Kompleks bangunan bersejarah dan desa adat yang mempertahankan adat istiadat turun-temurun dengan ramah. Wisatawan dapat menyaksikan kerajinan tangan tradisional dan berinteraksi langsung dengan warga setempat.",Budaya,Museum,Pangandaran,15000,4.9,120.0,"{'lat': -7.71805, 'lng': 108.658714}",-7.71805,108.658714,Jawa Barat,budaya,15000.0,4.9,1,1,1,1,1,1,1.0,budaya|edukasi|fotografi|sejarah
640,Dusun Bambu Lembang,"Dusun Bambu Lembang di Cirebon, Jawa Barat. Taman rekreasi modern keluarga yang menghadirkan beragam wahana permainan seru, atraksi air, serta pertunjukan tematik interaktif. Memiliki fasilitas lengkap seperti food court, musala yang nyaman, toilet bersih, dan area parkir luas.",Taman Hiburan,Taman Rekreasi,Cirebon,150000,4.2,180.0,"{'lat': -6.729871, 'lng': 108.592483}",-6.729871,108.592483,Jawa Barat,hiburan,150000.0,4.2,1,1,1,1,1,1,1.0,edukasi|fotografi|rekreasi_keluarga
641,Trans Studio Bandung,"Trans Studio Bandung di Bandung Barat, Jawa Barat. Destinasi hiburan terpadu dengan spot swafoto kekinian yang estetik, wahana edukasi anak, dan ruang terbuka hijau yang ramah keluarga. Menjadi tempat favorit untuk berekreasi bersama anak-anak di akhir pekan.",Taman Hiburan,Taman Rekreasi,Bandung Barat,200000,4.6,120.0,"{'lat': -6.885191, 'lng': 107.476056}",-6.885191,107.476056,Jawa Barat,hiburan,200000.0,4.6,1,1,1,1,1,1,1.0,edukasi|fotografi|rekreasi_keluarga
642,Floating Market Lembang,"Floating Market Lembang di Cianjur, Jawa Barat. Taman rekreasi modern keluarga yang menghadirkan beragam wahana permainan seru, atraksi air, serta pertunjukan tematik interaktif. Memiliki fasilitas lengkap seperti food court, musala yang nyaman, toilet bersih, dan area parkir luas.",Taman Hiburan,Taman Rekreasi,Cianjur,100000,4.6,180.0,"{'lat': -6.807619, 'lng': 107.100667}",-6.807619,107.100667,Jawa Barat,hiburan,100000.0,4.6,1,1,1,1,1,1,1.0,edukasi|fotografi|rekreasi_keluarga
643,Farmhouse Susu Lembang,"Farmhouse Susu Lembang di Cianjur, Jawa Barat. Destinasi hiburan terpadu dengan spot swafoto kekinian yang estetik, wahana edukasi anak, dan ruang terbuka hijau yang ramah keluarga. Menjadi tempat favorit untuk berekreasi bersama anak-anak di akhir pekan.",Taman Hiburan,Taman Rekreasi,Cianjur,200000,4.8,150.0,"{'lat': -6.858474, 'lng': 107.169393}",-6.858474,107.169393,Jawa Barat,hiburan,200000.0,4.8,1,1,1,1,1,1,1.0,edukasi|fotografi|rekreasi_keluarga
644,Pasar Baru Trade Center Bandung,"Pasar Baru Trade Center Bandung di Bandung Barat, Jawa Barat. Kawasan pertokoan dan pasar seni yang menyajikan ragam cinderamata unik karya perajin lokal dari berbagai penjuru daerah. Selalu ramai dikunjungi wisatawan yang ingin membawa kenang-kenangan autentik.",Pusat Perbelanjaan,Pasar Tradisional,Bandung Barat,0,4.7,90.0,"{'lat': -6.849317, 'lng': 107.516775}",-6.849317,107.516775,Jawa Barat,belanja,0.0,4.7,1,1,1,1,1,0,0.8333,belanja|budaya|kuliner
645,Sentra Rajut Binong Jati,"Sentra Rajut Binong Jati di Cianjur, Jawa Barat. Pusat perbelanjaan dan pasar tradisional khas daerah yang menjual aneka kerajinan tangan, kain tenun atau batik, serta camilan oleh-oleh lokal. Tempat bertemunya tawar-menawar yang hangat dengan harga terjangkau.",Pusat Perbelanjaan,Sentra Kerajinan,Cianjur,0,4.2,60.0,"{'lat': -6.819948, 'lng': 107.136639}",-6.819948,107.136639,Jawa Barat,belanja,0.0,4.2,1,1,1,1,1,0,0.8333,belanja|budaya|kuliner
646,Sentra Sepatu Cibaduyut,"Sentra Sepatu Cibaduyut di Cianjur, Jawa Barat. Kawasan pertokoan dan pasar seni yang menyajikan ragam cinderamata unik karya perajin lokal dari berbagai penjuru daerah. Selalu ramai dikunjungi wisatawan yang ingin membawa kenang-kenangan autentik.",Pusat Perbelanjaan,Sentra Kerajinan,Cianjur,0,4.2,90.0,"{'lat': -6.820805, 'lng': 107.159551}",-6.820805,107.159551,Jawa Barat,belanja,0.0,4.2,1,1,1,0,1,1,0.8333,belanja|budaya|kuliner
647,Sentra Batik Trusmi Cirebon,"Sentra Batik Trusmi Cirebon di Kota Bandung, Jawa Barat. Kawasan pertokoan dan pasar seni yang menyajikan ragam cinderamata unik karya perajin lokal dari berbagai penjuru daerah. Selalu ramai dikunjungi wisatawan yang ingin membawa kenang-kenangan autentik.",Pusat Perbelanjaan,Sentra Kerajinan,Kota Bandung,0,4.6,60.0,"{'lat': -6.938604, 'lng': 107.65736}",-6.938604,107.65736,Jawa Barat,belanja,0.0,4.6,1,1,1,0,1,0,0.6667,belanja|budaya|kuliner
648,Masjid Raya Al Jabbar Gedebage,"Masjid Raya Al Jabbar Gedebage di Kota Bandung, Jawa Barat. Bangunan keagamaan bersejarah dengan arsitektur megah dan penuh nilai filosofis spiritual tinggi. Menyediakan sarana ibadah yang bersih dan khusyuk, pelataran yang teduh dan asri, serta toilet wudhu yang terawat.",Tempat Ibadah,Masjid,Kota Bandung,0,4.6,45.0,"{'lat': -6.877504, 'lng': 107.658329}",-6.877504,107.658329,Jawa Barat,religi,0.0,4.6,1,1,1,1,1,0,0.8333,budaya|religi|sejarah
649,Masjid Raya Bandung Alun-Alun,"Masjid Raya Bandung Alun-Alun di Kota Bandung, Jawa Barat. Bangunan keagamaan bersejarah dengan arsitektur megah dan penuh nilai filosofis spiritual tinggi. Menyediakan sarana ibadah yang bersih dan khusyuk, pelataran yang teduh dan asri, serta toilet wudhu yang terawat.",Tempat Ibadah,Masjid,Kota Bandung,0,4.5,60.0,"{'lat': -6.946519, 'lng': 107.637491}",-6.946519,107.637491,Jawa Barat,religi,0.0,4.5,1,1,1,1,1,0,0.8333,budaya|religi|sejarah
650,Masjid Agung Sang Cipta Rasa Cirebon,"Masjid Agung Sang Cipta Rasa Cirebon di Pangandaran, Jawa Barat. Bangunan keagamaan bersejarah dengan arsitektur megah dan penuh nilai filosofis spiritual tinggi. Menyediakan sarana ibadah yang bersih dan khusyuk, pelataran yang teduh dan asri, serta toilet wudhu yang terawat.",Tempat Ibadah,Masjid,Pangandaran,0,4.9,90.0,"{'lat': -7.710009, 'lng': 108.66343}",-7.710009,108.66343,Jawa Barat,religi,0.0,4.9,1,1,0,1,1,0,0.6667,budaya|religi|sejarah
651,Pantai Menganti Kebumen,"Pantai Menganti Kebumen di Wonosobo, Jawa Tengah. Pantai eksotis dengan air laut jernih dan deretan pohon kelapa yang rindang. Menjadi lokasi favorit wisatawan untuk bersantai, bermain air bersama keluarga, berswafoto, serta menikmati kelapa muda segar di tepi pantai.",Pantai,Pantai,Wonosobo,10000,4.6,150.0,"{'lat': -7.363392, 'lng': 109.924008}",-7.363392,109.924008,Jawa Tengah,bahari,10000.0,4.6,1,1,1,1,1,1,1.0,berenang|fotografi|kuliner|pantai|rekreasi_keluarga
652,Pantai Kartini Jepara,"Pantai Kartini Jepara di Magelang, Jawa Tengah. Kawasan pantai dengan keindahan garis pantai memanjang, batuan karang yang menawan, serta angin sepoi-sepoi yang menyegarkan. Sangat cocok untuk aktivitas rekreasi, jalan santai di tepi air, dan piknik sore hari.",Pantai,Pantai,Magelang,10000,4.7,120.0,"{'lat': -7.511688, 'lng': 110.251342}",-7.511688,110.251342,Jawa Tengah,bahari,10000.0,4.7,1,1,1,1,0,1,0.8333,berenang|fotografi|kuliner|pantai|rekreasi_keluarga
653,Pantai Karang Jahe Rembang,"Pantai Karang Jahe Rembang di Kebumen, Jawa Tengah. Pantai eksotis dengan air laut jernih dan deretan pohon kelapa yang rindang. Menjadi lokasi favorit wisatawan untuk bersantai, bermain air bersama keluarga, berswafoto, serta menikmati kelapa muda segar di tepi pantai.",Pantai,Pantai,Kebumen,10000,4.2,180.0,"{'lat': -7.691969, 'lng': 109.677162}",-7.691969,109.677162,Jawa Tengah,bahari,10000.0,4.2,1,1,1,1,1,0,0.8333,bahari|berenang|fotografi|kuliner|pantai|rekreasi_keluarga|snorkeling
654,Pantai Bandengan Jepara,"Pantai Bandengan Jepara di Banyumas, Jawa Tengah. Destinasi wisata pesisir dengan hamparan pasir bersih, deburan ombak yang menenangkan, serta panorama matahari terbenam yang memukau. Dilengkapi fasilitas warung makan seafood lokal, area parkir, toilet umum, dan persewaan payung pantai.",Pantai,Pantai,Banyumas,30000,4.6,150.0,"{'lat': -7.497051, 'lng': 109.309036}",-7.497051,109.309036,Jawa Tengah,bahari,30000.0,4.6,1,1,1,1,0,0,0.6667,berenang|fotografi|kuliner|pantai|rekreasi_keluarga
655,Pantai Marina Semarang,"Pantai Marina Semarang di Banyumas, Jawa Tengah. Destinasi wisata pesisir dengan hamparan pasir bersih, deburan ombak yang menenangkan, serta panorama matahari terbenam yang memukau. Dilengkapi fasilitas warung makan seafood lokal, area parkir, toilet umum, dan persewaan payung pantai.",Pantai,Pantai,Banyumas,15000,4.5,150.0,"{'lat': -7.495704, 'lng': 109.292259}",-7.495704,109.292259,Jawa Tengah,bahari,15000.0,4.5,1,1,1,1,1,0,0.8333,berenang|fotografi|kuliner|pantai|rekreasi_keluarga
656,Pantai Suwuk Kebumen,"Pantai Suwuk Kebumen di Jepara, Jawa Tengah. Destinasi wisata pesisir dengan hamparan pasir bersih, deburan ombak yang menenangkan, serta panorama matahari terbenam yang memukau. Dilengkapi fasilitas warung makan seafood lokal, area parkir, toilet umum, dan persewaan payung pantai.",Pantai,Pantai,Jepara,25000,4.9,180.0,"{'lat': -6.568249, 'lng': 110.664828}",-6.568249,110.664828,Jawa Tengah,bahari,25000.0,4.9,1,1,1,1,1,0,0.8333,berenang|fotografi|kuliner|pantai|rekreasi_keluarga
657,Pantai Logending Ayah Kebumen,"Pantai Logending Ayah Kebumen di Jepara, Jawa Tengah. Pantai eksotis dengan air laut jernih dan deretan pohon kelapa yang rindang. Menjadi lokasi favorit wisatawan untuk bersantai, bermain air bersama keluarga, berswafoto, serta menikmati kelapa muda segar di tepi pantai.",Pantai,Pantai,Jepara,5000,4.8,120.0,"{'lat': -6.612299, 'lng': 110.642161}",-6.612299,110.642161,Jawa Tengah,bahari,5000.0,4.8,1,1,1,1,1,0,0.8333,berenang|fotografi|kuliner|pantai|rekreasi_keluarga
658,Pantai Pecaron Kebumen,"Pantai Pecaron Kebumen di Pekalongan, Jawa Tengah. Pantai eksotis dengan air laut jernih dan deretan pohon kelapa yang rindang. Menjadi lokasi favorit wisatawan untuk bersantai, bermain air bersama keluarga, berswafoto, serta menikmati kelapa muda segar di tepi pantai.",Pantai,Pantai,Pekalongan,10000,4.3,150.0,"{'lat': -6.869593, 'lng': 109.642927}",-6.869593,109.642927,Jawa Tengah,bahari,10000.0,4.3,1,1,1,1,1,0,0.8333,berenang|fotografi|kuliner|pantai|rekreasi_keluarga
659,Pantai Widarapayung Cilacap,"Pantai Widarapayung Cilacap di Jepara, Jawa Tengah. Destinasi wisata pesisir dengan hamparan pasir bersih, deburan ombak yang menenangkan, serta panorama matahari terbenam yang memukau. Dilengkapi fasilitas warung makan seafood lokal, area parkir, toilet umum, dan persewaan payung pantai.",Pantai,Pantai,Jepara,10000,4.8,240.0,"{'lat': -6.597308, 'lng': 110.663304}",-6.597308,110.663304,Jawa Tengah,bahari,10000.0,4.8,1,1,1,1,1,1,1.0,berenang|fotografi|kuliner|pantai|rekreasi_keluarga
660,Pantai Teluk Penyu Cilacap,"Pantai Teluk Penyu Cilacap di Jepara, Jawa Tengah. Pantai eksotis dengan air laut jernih dan deretan pohon kelapa yang rindang. Menjadi lokasi favorit wisatawan untuk bersantai, bermain air bersama keluarga, berswafoto, serta menikmati kelapa muda segar di tepi pantai.",Pantai,Pantai,Jepara,30000,4.2,120.0,"{'lat': -6.565684, 'lng': 110.658232}",-6.565684,110.658232,Jawa Tengah,bahari,30000.0,4.2,1,1,1,1,0,1,0.8333,berenang|fotografi|kuliner|pantai|rekreasi_keluarga
661,Pantai Tanjung Karang Jepara,"Pantai Tanjung Karang Jepara di Kebumen, Jawa Tengah. Kawasan pantai dengan keindahan garis pantai memanjang, batuan karang yang menawan, serta angin sepoi-sepoi yang menyegarkan. Sangat cocok untuk aktivitas rekreasi, jalan santai di tepi air, dan piknik sore hari.",Pantai,Pantai,Kebumen,25000,4.8,120.0,"{'lat': -7.636478, 'lng': 109.629658}",-7.636478,109.629658,Jawa Tengah,bahari,25000.0,4.8,1,1,1,1,0,1,0.8333,bahari|berenang|fotografi|kuliner|pantai|rekreasi_keluarga|snorkeling
662,Pantai Sigandu Batang,"Pantai Sigandu Batang di Magelang, Jawa Tengah. Pantai eksotis dengan air laut jernih dan deretan pohon kelapa yang rindang. Menjadi lokasi favorit wisatawan untuk bersantai, bermain air bersama keluarga, berswafoto, serta menikmati kelapa muda segar di tepi pantai.",Pantai,Pantai,Magelang,20000,4.8,180.0,"{'lat': -7.446293, 'lng': 110.191888}",-7.446293,110.191888,Jawa Tengah,bahari,20000.0,4.8,1,1,1,1,0,0,0.6667,berenang|fotografi|kuliner|pantai|rekreasi_keluarga
663,Pantai Pasir Kencana Pekalongan,"Pantai Pasir Kencana Pekalongan di Wonosobo, Jawa Tengah. Kawasan pantai dengan keindahan garis pantai memanjang, batuan karang yang menawan, serta angin sepoi-sepoi yang menyegarkan. Sangat cocok untuk aktivitas rekreasi, jalan santai di tepi air, dan piknik sore hari.",Pantai,Pantai,Wonosobo,25000,4.4,240.0,"{'lat': -7.357649, 'lng': 109.864364}",-7.357649,109.864364,Jawa Tengah,bahari,25000.0,4.4,1,1,1,1,0,1,0.8333,berenang|fotografi|kuliner|pantai|rekreasi_keluarga
664,Pantai Cahaya Kendal,"Pantai Cahaya Kendal di Wonosobo, Jawa Tengah. Pantai eksotis dengan air laut jernih dan deretan pohon kelapa yang rindang. Menjadi lokasi favorit wisatawan untuk bersantai, bermain air bersama keluarga, berswafoto, serta menikmati kelapa muda segar di tepi pantai.",Pantai,Pantai,Wonosobo,30000,4.4,240.0,"{'lat': -7.397646, 'lng': 109.922298}",-7.397646,109.922298,Jawa Tengah,bahari,30000.0,4.4,1,1,1,1,0,0,0.6667,berenang|fotografi|kuliner|pantai|rekreasi_keluarga
665,Gunung Merbabu Selo,"Gunung Merbabu Selo di Pekalongan, Jawa Tengah. Puncak bukit dan pegunungan dengan pemandangan lanskap hijau membentang sejauh mata memandang. Menawarkan pengalaman menikmati golden sunrise, udara bersih bebas polusi, dan spot foto alam yang memesona.",Gunung,Gunung,Pekalongan,15000,4.9,180.0,"{'lat': -6.887006, 'lng': 109.698429}",-6.887006,109.698429,Jawa Tengah,alam,15000.0,4.9,1,1,1,0,1,1,0.8333,camping|fotografi|gunung|hiking
666,Gunung Slamet Banyumas,"Gunung Slamet Banyumas di Wonosobo, Jawa Tengah. Kawasan dataran tinggi dan lereng gunung yang asri dengan pemandangan perbukitan hijau dan kawah eksotis. Sangat ideal untuk petualangan alam terbuka, hiking santai, perkemahan keluarga, dan melepas penat.",Gunung,Gunung,Wonosobo,10000,4.3,360.0,"{'lat': -7.39358, 'lng': 109.918661}",-7.39358,109.918661,Jawa Tengah,alam,10000.0,4.3,1,1,1,0,0,0,0.5,camping|fotografi|gunung|hiking
667,Gunung Prau Dieng Golden Sunrise,"Gunung Prau Dieng Golden Sunrise di Karanganyar, Jawa Tengah. Destinasi wisata pegunungan berhawa sejuk dengan jalur pendakian yang menantang dan panorama lautan awan yang spektakuler saat fajar. Tersedia pos peristirahatan, warung logistik pendaki, area perkemahan, dan pemandu lokal.",Gunung,Gunung,Karanganyar,15000,4.8,360.0,"{'lat': -7.576715, 'lng': 110.950933}",-7.576715,110.950933,Jawa Tengah,alam,15000.0,4.8,1,1,1,1,1,1,1.0,camping|fotografi|gunung|hiking
668,Gunung Sindoro Kledung,"Gunung Sindoro Kledung di Jepara, Jawa Tengah. Puncak bukit dan pegunungan dengan pemandangan lanskap hijau membentang sejauh mata memandang. Menawarkan pengalaman menikmati golden sunrise, udara bersih bebas polusi, dan spot foto alam yang memesona.",Gunung,Gunung,Jepara,15000,4.4,180.0,"{'lat': -6.570538, 'lng': 110.638707}",-6.570538,110.638707,Jawa Tengah,alam,15000.0,4.4,1,1,1,0,1,1,0.8333,camping|fotografi|gunung|hiking
669,Gunung Sumbing Bowongso,"Gunung Sumbing Bowongso di Klaten, Jawa Tengah. Kawasan dataran tinggi dan lereng gunung yang asri dengan pemandangan perbukitan hijau dan kawah eksotis. Sangat ideal untuk petualangan alam terbuka, hiking santai, perkemahan keluarga, dan melepas penat.",Gunung,Gunung,Klaten,15000,4.5,180.0,"{'lat': -7.716898, 'lng': 110.574456}",-7.716898,110.574456,Jawa Tengah,alam,15000.0,4.5,1,1,1,1,0,0,0.6667,camping|fotografi|gunung|hiking
670,Gunung Lawu Karanganyar,"Gunung Lawu Karanganyar di Kebumen, Jawa Tengah. Destinasi wisata pegunungan berhawa sejuk dengan jalur pendakian yang menantang dan panorama lautan awan yang spektakuler saat fajar. Tersedia pos peristirahatan, warung logistik pendaki, area perkemahan, dan pemandu lokal.",Gunung,Gunung,Kebumen,35000,4.9,240.0,"{'lat': -7.666809, 'lng': 109.674596}",-7.666809,109.674596,Jawa Tengah,alam,35000.0,4.9,1,1,1,1,0,0,0.6667,bahari|camping|fotografi|gunung|hiking|snorkeling
671,Bukit Sikunir Dieng,"Bukit Sikunir Dieng di Jepara, Jawa Tengah. Destinasi wisata pegunungan berhawa sejuk dengan jalur pendakian yang menantang dan panorama lautan awan yang spektakuler saat fajar. Tersedia pos peristirahatan, warung logistik pendaki, area perkemahan, dan pemandu lokal.",Gunung,Perbukitan,Jepara,15000,4.6,240.0,"{'lat': -6.616948, 'lng': 110.674708}",-6.616948,110.674708,Jawa Tengah,alam,15000.0,4.6,1,1,1,0,0,0,0.5,camping|fotografi|gunung|hiking
672,Puncak Telomoyo Magelang,"Puncak Telomoyo Magelang di Kota Surakarta Solo, Jawa Tengah. Destinasi wisata pegunungan berhawa sejuk dengan jalur pendakian yang menantang dan panorama lautan awan yang spektakuler saat fajar. Tersedia pos peristirahatan, warung logistik pendaki, area perkemahan, dan pemandu lokal.",Gunung,Perbukitan,Kota Surakarta Solo,35000,4.6,300.0,"{'lat': -7.59507, 'lng': 110.779295}",-7.59507,110.779295,Jawa Tengah,alam,35000.0,4.6,1,1,1,0,0,0,0.5,camping|fotografi|gunung|hiking
673,Bukit Rhema Gereja Ayam,"Bukit Rhema Gereja Ayam di Kota Surakarta Solo, Jawa Tengah. Kawasan dataran tinggi dan lereng gunung yang asri dengan pemandangan perbukitan hijau dan kawah eksotis. Sangat ideal untuk petualangan alam terbuka, hiking santai, perkemahan keluarga, dan melepas penat.",Gunung,Perbukitan,Kota Surakarta Solo,50000,4.4,360.0,"{'lat': -7.552933, 'lng': 110.825587}",-7.552933,110.825587,Jawa Tengah,alam,50000.0,4.4,1,1,1,1,1,0,0.8333,camping|fotografi|gunung|hiking
674,Ketep Pass Merapi Magelang,"Ketep Pass Merapi Magelang di Jepara, Jawa Tengah. Kawasan dataran tinggi dan lereng gunung yang asri dengan pemandangan perbukitan hijau dan kawah eksotis. Sangat ideal untuk petualangan alam terbuka, hiking santai, perkemahan keluarga, dan melepas penat.",Gunung,Perbukitan,Jepara,25000,4.3,360.0,"{'lat': -6.599356, 'lng': 110.656186}",-6.599356,110.656186,Jawa Tengah,alam,25000.0,4.3,1,1,1,0,0,0,0.5,camping|fotografi|gunung|hiking
675,Candi Borobudur Magelang,"Candi Borobudur Magelang di Karanganyar, Jawa Tengah. Objek wisata alam dengan formasi tebing batuan alami, gua karst purba, serta telaga yang jernih dan tenang. Suasana alam yang tenang memberikan kesegaran pikiran bagi pengunjung yang mencintai ketenangan alam.",Cagar Alam,Taman Nasional,Karanganyar,25000,4.5,120.0,"{'lat': -7.571247, 'lng': 110.936337}",-7.571247,110.936337,Jawa Tengah,alam,25000.0,4.5,1,1,1,0,0,1,0.6667,edukasi|fotografi|hiking|rekreasi_keluarga|sejarah
676,Candi Prambanan Klaten,"Candi Prambanan Klaten di Wonosobo, Jawa Tengah. Wisata alam edukatif berbalut udara segar hutan tropis, aliran sungai yang jernih, serta air terjun bertingkat yang menyejukkan. Pilihan utama untuk riset keanekaragaman hayati dan ekowisata ramah lingkungan.",Cagar Alam,Taman Nasional,Wonosobo,10000,4.9,150.0,"{'lat': -7.328352, 'lng': 109.902316}",-7.328352,109.902316,Jawa Tengah,alam,10000.0,4.9,1,1,1,1,0,1,0.8333,edukasi|fotografi|hiking|rekreasi_keluarga|sejarah
677,Dataran Tinggi Dieng Telaga Warna,"Dataran Tinggi Dieng Telaga Warna di Jepara, Jawa Tengah. Objek wisata alam dengan formasi tebing batuan alami, gua karst purba, serta telaga yang jernih dan tenang. Suasana alam yang tenang memberikan kesegaran pikiran bagi pengunjung yang mencintai ketenangan alam.",Cagar Alam,Taman Nasional,Jepara,20000,4.4,180.0,"{'lat': -6.581269, 'lng': 110.706302}",-6.581269,110.706302,Jawa Tengah,alam,20000.0,4.4,1,1,1,1,0,1,0.8333,edukasi|fotografi|hiking|rekreasi_keluarga
678,Taman Nasional Karimunjawa,"Taman Nasional Karimunjawa di Pekalongan, Jawa Tengah. Kawasan konservasi alam yang asri dan terlindungi dengan keanekaragaman flora dan fauna tropis endemik. Dilengkapi jalur trekking kayu yang tertata rapi, gazebo istirahat, pusat informasi lingkungan, dan toilet pengunjung.",Cagar Alam,Taman Nasional,Pekalongan,15000,4.6,120.0,"{'lat': -6.858662, 'lng': 109.697393}",-6.858662,109.697393,Jawa Tengah,alam,15000.0,4.6,1,1,1,0,0,1,0.6667,edukasi|fotografi|hiking|rekreasi_keluarga
679,Grojogan Sewu Tawangmangu,"Grojogan Sewu Tawangmangu di Pekalongan, Jawa Tengah. Kawasan konservasi alam yang asri dan terlindungi dengan keanekaragaman flora dan fauna tropis endemik. Dilengkapi jalur trekking kayu yang tertata rapi, gazebo istirahat, pusat informasi lingkungan, dan toilet pengunjung.",Cagar Alam,Taman Nasional,Pekalongan,15000,4.8,180.0,"{'lat': -6.859561, 'lng': 109.685697}",-6.859561,109.685697,Jawa Tengah,alam,15000.0,4.8,1,1,1,0,0,1,0.6667,edukasi|fotografi|hiking|rekreasi_keluarga
680,Air Terjun Jumog Karanganyar,"Air Terjun Jumog Karanganyar di Wonosobo, Jawa Tengah. Kawasan konservasi alam yang asri dan terlindungi dengan keanekaragaman flora dan fauna tropis endemik. Dilengkapi jalur trekking kayu yang tertata rapi, gazebo istirahat, pusat informasi lingkungan, dan toilet pengunjung.",Cagar Alam,Air Terjun,Wonosobo,15000,4.6,150.0,"{'lat': -7.3557, 'lng': 109.860904}",-7.3557,109.860904,Jawa Tengah,alam,15000.0,4.6,1,1,1,0,0,1,0.6667,alam|bahari|edukasi|fotografi|hiking|rekreasi_keluarga|snorkeling
681,Baturraden Banyumas,"Baturraden Banyumas di Jepara, Jawa Tengah. Objek wisata alam dengan formasi tebing batuan alami, gua karst purba, serta telaga yang jernih dan tenang. Suasana alam yang tenang memberikan kesegaran pikiran bagi pengunjung yang mencintai ketenangan alam.",Cagar Alam,Taman Nasional,Jepara,20000,4.7,180.0,"{'lat': -6.597386, 'lng': 110.627191}",-6.597386,110.627191,Jawa Tengah,alam,20000.0,4.7,1,1,1,1,1,1,1.0,edukasi|fotografi|hiking|rekreasi_keluarga
682,Umbul Ponggok Klaten Snorkeling Tawar,"Umbul Ponggok Klaten Snorkeling Tawar di Karanganyar, Jawa Tengah. Kawasan konservasi alam yang asri dan terlindungi dengan keanekaragaman flora dan fauna tropis endemik. Dilengkapi jalur trekking kayu yang tertata rapi, gazebo istirahat, pusat informasi lingkungan, dan toilet pengunjung.",Cagar Alam,Taman Nasional,Karanganyar,20000,4.9,180.0,"{'lat': -7.573437, 'lng': 110.925521}",-7.573437,110.925521,Jawa Tengah,alam,20000.0,4.9,1,1,1,1,0,1,0.8333,bahari|edukasi|fotografi|hiking|rekreasi_keluarga|snorkeling
683,Lawang Sewu Semarang,"Lawang Sewu Semarang di Kota Semarang, Jawa Tengah. Destinasi wisata sejarah dan kearifan lokal yang memperlihatkan warisan peradaban masa lampau melalui koleksi artefak berharga. Tempat ideal untuk belajar mengenai perjuangan bangsa dan filosofi adat masyarakat.",Budaya,Situs Sejarah,Kota Semarang,25000,4.7,90.0,"{'lat': -6.956524, 'lng': 110.448065}",-6.956524,110.448065,Jawa Tengah,budaya,25000.0,4.7,1,1,1,0,0,1,0.6667,budaya|edukasi|fotografi|sejarah
684,Keraton Kasunanan Surakarta,"Keraton Kasunanan Surakarta di Kebumen, Jawa Tengah. Kompleks bangunan bersejarah dan desa adat yang mempertahankan adat istiadat turun-temurun dengan ramah. Wisatawan dapat menyaksikan kerajinan tangan tradisional dan berinteraksi langsung dengan warga setempat.",Budaya,Keraton,Kebumen,25000,4.2,60.0,"{'lat': -7.661505, 'lng': 109.664256}",-7.661505,109.664256,Jawa Tengah,budaya,25000.0,4.2,1,1,1,1,1,1,1.0,budaya|edukasi|fotografi|sejarah
685,Pura Mangkunegaran Solo,"Pura Mangkunegaran Solo di Jepara, Jawa Tengah. Destinasi wisata sejarah dan kearifan lokal yang memperlihatkan warisan peradaban masa lampau melalui koleksi artefak berharga. Tempat ideal untuk belajar mengenai perjuangan bangsa dan filosofi adat masyarakat.",Budaya,Situs Sejarah,Jepara,15000,4.2,90.0,"{'lat': -6.595012, 'lng': 110.704269}",-6.595012,110.704269,Jawa Tengah,budaya,15000.0,4.2,1,1,1,1,0,1,0.8333,budaya|edukasi|fotografi|sejarah
686,Candi Sukuh Karanganyar,"Candi Sukuh Karanganyar di Banyumas, Jawa Tengah. Situs cagar budaya bersejarah yang sarat dengan nilai tradisi leluhur, arsitektur arca dan bangunan tradisional yang otentik. Dilengkapi pemandu wisata budaya, museum informasi sejarah, dan pertunjukan seni berkala.",Budaya,Candi,Banyumas,15000,4.7,120.0,"{'lat': -7.525535, 'lng': 109.290915}",-7.525535,109.290915,Jawa Tengah,budaya,15000.0,4.7,1,1,0,0,1,1,0.6667,bahari|budaya|edukasi|fotografi|sejarah|snorkeling
687,Candi Cetho Karanganyar,"Candi Cetho Karanganyar di Klaten, Jawa Tengah. Destinasi wisata sejarah dan kearifan lokal yang memperlihatkan warisan peradaban masa lampau melalui koleksi artefak berharga. Tempat ideal untuk belajar mengenai perjuangan bangsa dan filosofi adat masyarakat.",Budaya,Candi,Klaten,15000,4.5,120.0,"{'lat': -7.710273, 'lng': 110.626357}",-7.710273,110.626357,Jawa Tengah,budaya,15000.0,4.5,1,1,0,0,0,1,0.5,bahari|budaya|edukasi|fotografi|sejarah|snorkeling
688,Kota Lama Semarang Little Netherlands,"Kota Lama Semarang Little Netherlands di Magelang, Jawa Tengah. Kompleks bangunan bersejarah dan desa adat yang mempertahankan adat istiadat turun-temurun dengan ramah. Wisatawan dapat menyaksikan kerajinan tangan tradisional dan berinteraksi langsung dengan warga setempat.",Budaya,Situs Sejarah,Magelang,25000,4.2,90.0,"{'lat': -7.507132, 'lng': 110.184108}",-7.507132,110.184108,Jawa Tengah,budaya,25000.0,4.2,1,1,0,0,0,1,0.5,budaya|edukasi|fotografi|sejarah
689,Museum Kereta Api Ambarawa,"Museum Kereta Api Ambarawa di Magelang, Jawa Tengah. Kompleks bangunan bersejarah dan desa adat yang mempertahankan adat istiadat turun-temurun dengan ramah. Wisatawan dapat menyaksikan kerajinan tangan tradisional dan berinteraksi langsung dengan warga setempat.",Budaya,Museum,Magelang,15000,4.4,60.0,"{'lat': -7.45339, 'lng': 110.201529}",-7.45339,110.201529,Jawa Tengah,budaya,15000.0,4.4,1,1,1,0,1,1,0.8333,budaya|edukasi|fotografi|sejarah
690,Saloka Theme Park Ungaran,"Saloka Theme Park Ungaran di Jepara, Jawa Tengah. Destinasi hiburan terpadu dengan spot swafoto kekinian yang estetik, wahana edukasi anak, dan ruang terbuka hijau yang ramah keluarga. Menjadi tempat favorit untuk berekreasi bersama anak-anak di akhir pekan.",Taman Hiburan,Taman Rekreasi,Jepara,150000,4.3,120.0,"{'lat': -6.586551, 'lng': 110.683794}",-6.586551,110.683794,Jawa Tengah,hiburan,150000.0,4.3,1,1,1,1,1,1,1.0,edukasi|fotografi|rekreasi_keluarga
691,Dusun Semilir Eco Park Bawen,"Dusun Semilir Eco Park Bawen di Pekalongan, Jawa Tengah. Destinasi hiburan terpadu dengan spot swafoto kekinian yang estetik, wahana edukasi anak, dan ruang terbuka hijau yang ramah keluarga. Menjadi tempat favorit untuk berekreasi bersama anak-anak di akhir pekan.",Taman Hiburan,Taman Rekreasi,Pekalongan,150000,4.3,180.0,"{'lat': -6.848713, 'lng': 109.681664}",-6.848713,109.681664,Jawa Tengah,hiburan,150000.0,4.3,1,1,1,1,1,1,1.0,edukasi|fotografi|rekreasi_keluarga
692,Taman Kyai Langgeng Magelang,"Taman Kyai Langgeng Magelang di Kota Semarang, Jawa Tengah. Kawasan rekreasi bertema dengan wahana pemacu adrenalin, kolam renang bergelombang, serta taman bermain anak yang aman. Dilengkapi staf pengawas keselamatan dan berbagai tenant kuliner lezat.",Taman Hiburan,Taman Rekreasi,Kota Semarang,200000,4.6,120.0,"{'lat': -6.935565, 'lng': 110.384948}",-6.935565,110.384948,Jawa Tengah,hiburan,200000.0,4.6,1,1,1,1,1,1,1.0,edukasi|fotografi|rekreasi_keluarga
693,The Lawu Park Tawangmangu,"The Lawu Park Tawangmangu di Kebumen, Jawa Tengah. Taman rekreasi modern keluarga yang menghadirkan beragam wahana permainan seru, atraksi air, serta pertunjukan tematik interaktif. Memiliki fasilitas lengkap seperti food court, musala yang nyaman, toilet bersih, dan area parkir luas.",Taman Hiburan,Taman Rekreasi,Kebumen,50000,4.7,150.0,"{'lat': -7.64602, 'lng': 109.661108}",-7.64602,109.661108,Jawa Tengah,hiburan,50000.0,4.7,1,1,1,1,1,1,1.0,edukasi|fotografi|rekreasi_keluarga
694,Pasar Klewer Solo,"Pasar Klewer Solo di Klaten, Jawa Tengah. Pusat perbelanjaan dan pasar tradisional khas daerah yang menjual aneka kerajinan tangan, kain tenun atau batik, serta camilan oleh-oleh lokal. Tempat bertemunya tawar-menawar yang hangat dengan harga terjangkau.",Pusat Perbelanjaan,Pasar Tradisional,Klaten,0,4.9,120.0,"{'lat': -7.717075, 'lng': 110.602582}",-7.717075,110.602582,Jawa Tengah,belanja,0.0,4.9,1,1,1,0,1,0,0.6667,belanja|budaya|kuliner
695,Sentra Batik Laweyan Solo,"Sentra Batik Laweyan Solo di Banyumas, Jawa Tengah. Kawasan pertokoan dan pasar seni yang menyajikan ragam cinderamata unik karya perajin lokal dari berbagai penjuru daerah. Selalu ramai dikunjungi wisatawan yang ingin membawa kenang-kenangan autentik.",Pusat Perbelanjaan,Sentra Kerajinan,Banyumas,0,4.3,60.0,"{'lat': -7.547543, 'lng': 109.319964}",-7.547543,109.319964,Jawa Tengah,belanja,0.0,4.3,1,1,1,0,1,0,0.6667,belanja|budaya|kuliner
696,Pasar Johar Semarang,"Pasar Johar Semarang di Magelang, Jawa Tengah. Pusat perbelanjaan dan pasar tradisional khas daerah yang menjual aneka kerajinan tangan, kain tenun atau batik, serta camilan oleh-oleh lokal. Tempat bertemunya tawar-menawar yang hangat dengan harga terjangkau.",Pusat Perbelanjaan,Pasar Tradisional,Magelang,0,4.6,120.0,"{'lat': -7.511975, 'lng': 110.233048}",-7.511975,110.233048,Jawa Tengah,belanja,0.0,4.6,1,1,1,0,1,0,0.6667,belanja|budaya|kuliner
697,Sentra Ukir Mebel Jepara,"Sentra Ukir Mebel Jepara di Klaten, Jawa Tengah. Pusat perbelanjaan dan pasar tradisional khas daerah yang menjual aneka kerajinan tangan, kain tenun atau batik, serta camilan oleh-oleh lokal. Tempat bertemunya tawar-menawar yang hangat dengan harga terjangkau.",Pusat Perbelanjaan,Sentra Kerajinan,Klaten,0,4.2,60.0,"{'lat': -7.668621, 'lng': 110.603246}",-7.668621,110.603246,Jawa Tengah,belanja,0.0,4.2,1,1,1,1,1,1,1.0,belanja|budaya|kuliner
698,Masjid Agung Jawa Tengah (MAJT),"Masjid Agung Jawa Tengah (MAJT) di Kota Surakarta Solo, Jawa Tengah. Bangunan keagamaan bersejarah dengan arsitektur megah dan penuh nilai filosofis spiritual tinggi. Menyediakan sarana ibadah yang bersih dan khusyuk, pelataran yang teduh dan asri, serta toilet wudhu yang terawat.",Tempat Ibadah,Masjid,Kota Surakarta Solo,0,4.8,60.0,"{'lat': -7.598226, 'lng': 110.781004}",-7.598226,110.781004,Jawa Tengah,religi,0.0,4.8,1,1,1,1,1,1,1.0,budaya|religi|sejarah
699,Gereja Blenduk Kota Lama Semarang,"Gereja Blenduk Kota Lama Semarang di Karanganyar, Jawa Tengah. Ikon wisata religi yang terkenal dengan kedamaian suasananya, toleransi antarwarga, serta kubah atau menara yang menjulang indah. Menjadi tempat ziarah sekaligus edukasi spiritual bagi masyarakat luas.",Tempat Ibadah,Gereja,Karanganyar,0,4.9,90.0,"{'lat': -7.589642, 'lng': 110.96521}",-7.589642,110.96521,Jawa Tengah,religi,0.0,4.9,1,1,1,1,1,1,1.0,budaya|religi|sejarah
700,Klenteng Sam Poo Kong Semarang,"Klenteng Sam Poo Kong Semarang di Magelang, Jawa Tengah. Tempat ibadah cagar budaya dengan ornamen seni pahat antik dan sejarah pendirian yang menginspirasi. Terbuka bagi pengunjung yang ingin berdoa maupun mengagumi keindahan karya arsitektur Nusantara.",Tempat Ibadah,Vihara,Magelang,0,4.3,60.0,"{'lat': -7.466268, 'lng': 110.23037}",-7.466268,110.23037,Jawa Tengah,religi,0.0,4.3,1,1,0,1,1,1,0.8333,budaya|religi|sejarah
701,Pantai Parangtritis Bantul,"Pantai Parangtritis Bantul di Sleman, Daerah Istimewa Yogyakarta. Pantai eksotis dengan air laut jernih dan deretan pohon kelapa yang rindang. Menjadi lokasi favorit wisatawan untuk bersantai, bermain air bersama keluarga, berswafoto, serta menikmati kelapa muda segar di tepi pantai.",Pantai,Pantai,Sleman,20000,4.6,240.0,"{'lat': -7.683125, 'lng': 110.347462}",-7.683125,110.347462,Daerah Istimewa Yogyakarta,bahari,20000.0,4.6,1,1,1,1,0,0,0.6667,berenang|fotografi|kuliner|pantai|rekreasi_keluarga
702,Pantai Indrayanti Pulang Syawal,"Pantai Indrayanti Pulang Syawal di Bantul, Daerah Istimewa Yogyakarta. Kawasan pantai dengan keindahan garis pantai memanjang, batuan karang yang menawan, serta angin sepoi-sepoi yang menyegarkan. Sangat cocok untuk aktivitas rekreasi, jalan santai di tepi air, dan piknik sore hari.",Pantai,Pantai,Bantul,15000,4.8,150.0,"{'lat': -7.854412, 'lng': 110.342655}",-7.854412,110.342655,Daerah Istimewa Yogyakarta,bahari,15000.0,4.8,1,1,1,1,1,0,0.8333,berenang|fotografi|kuliner|pantai|rekreasi_keluarga
703,Pantai Pok Tunggal Gunungkidul,"Pantai Pok Tunggal Gunungkidul di Bantul, Daerah Istimewa Yogyakarta. Pantai eksotis dengan air laut jernih dan deretan pohon kelapa yang rindang. Menjadi lokasi favorit wisatawan untuk bersantai, bermain air bersama keluarga, berswafoto, serta menikmati kelapa muda segar di tepi pantai.",Pantai,Pantai,Bantul,20000,4.2,120.0,"{'lat': -7.854437, 'lng': 110.319281}",-7.854437,110.319281,Daerah Istimewa Yogyakarta,bahari,20000.0,4.2,1,1,1,1,0,0,0.6667,berenang|fotografi|kuliner|pantai|rekreasi_keluarga
704,Pantai Timang Gondola Laut,"Pantai Timang Gondola Laut di Kulon Progo, Daerah Istimewa Yogyakarta. Pantai eksotis dengan air laut jernih dan deretan pohon kelapa yang rindang. Menjadi lokasi favorit wisatawan untuk bersantai, bermain air bersama keluarga, berswafoto, serta menikmati kelapa muda segar di tepi pantai.",Pantai,Pantai,Kulon Progo,15000,4.4,120.0,"{'lat': -7.739039, 'lng': 110.149281}",-7.739039,110.149281,Daerah Istimewa Yogyakarta,bahari,15000.0,4.4,1,1,1,1,1,1,1.0,berenang|fotografi|kuliner|pantai|rekreasi_keluarga
705,Pantai Drini Gunungkidul,"Pantai Drini Gunungkidul di Gunungkidul, Daerah Istimewa Yogyakarta. Kawasan pantai dengan keindahan garis pantai memanjang, batuan karang yang menawan, serta angin sepoi-sepoi yang menyegarkan. Sangat cocok untuk aktivitas rekreasi, jalan santai di tepi air, dan piknik sore hari.",Pantai,Pantai,Gunungkidul,15000,4.9,240.0,"{'lat': -7.98063, 'lng': 110.611956}",-7.98063,110.611956,Daerah Istimewa Yogyakarta,bahari,15000.0,4.9,1,1,1,1,0,1,0.8333,berenang|fotografi|kuliner|pantai|rekreasi_keluarga
706,Pantai Baron Muara Tawar,"Pantai Baron Muara Tawar di Kulon Progo, Daerah Istimewa Yogyakarta. Destinasi wisata pesisir dengan hamparan pasir bersih, deburan ombak yang menenangkan, serta panorama matahari terbenam yang memukau. Dilengkapi fasilitas warung makan seafood lokal, area parkir, toilet umum, dan persewaan payung pantai.",Pantai,Pantai,Kulon Progo,20000,4.3,180.0,"{'lat': -7.762864, 'lng': 110.204611}",-7.762864,110.204611,Daerah Istimewa Yogyakarta,bahari,20000.0,4.3,1,1,1,1,1,1,1.0,berenang|fotografi|kuliner|pantai|rekreasi_keluarga
707,Pantai Krakal Gunungkidul,"Pantai Krakal Gunungkidul di Sleman, Daerah Istimewa Yogyakarta. Kawasan pantai dengan keindahan garis pantai memanjang, batuan karang yang menawan, serta angin sepoi-sepoi yang menyegarkan. Sangat cocok untuk aktivitas rekreasi, jalan santai di tepi air, dan piknik sore hari.",Pantai,Pantai,Sleman,15000,4.5,150.0,"{'lat': -7.693955, 'lng': 110.344828}",-7.693955,110.344828,Daerah Istimewa Yogyakarta,bahari,15000.0,4.5,1,1,1,1,1,1,1.0,berenang|fotografi|kuliner|pantai|rekreasi_keluarga
708,Pantai Kukup Karang Laut,"Pantai Kukup Karang Laut di Sleman, Daerah Istimewa Yogyakarta. Kawasan pantai dengan keindahan garis pantai memanjang, batuan karang yang menawan, serta angin sepoi-sepoi yang menyegarkan. Sangat cocok untuk aktivitas rekreasi, jalan santai di tepi air, dan piknik sore hari.",Pantai,Pantai,Sleman,5000,4.9,180.0,"{'lat': -7.699747, 'lng': 110.37694}",-7.699747,110.37694,Daerah Istimewa Yogyakarta,bahari,5000.0,4.9,1,1,1,1,0,0,0.6667,bahari|berenang|fotografi|kuliner|pantai|rekreasi_keluarga|snorkeling
709,Pantai Siung Panjat Tebing,"Pantai Siung Panjat Tebing di Kulon Progo, Daerah Istimewa Yogyakarta. Pantai eksotis dengan air laut jernih dan deretan pohon kelapa yang rindang. Menjadi lokasi favorit wisatawan untuk bersantai, bermain air bersama keluarga, berswafoto, serta menikmati kelapa muda segar di tepi pantai.",Pantai,Pantai,Kulon Progo,25000,4.3,240.0,"{'lat': -7.782057, 'lng': 110.159163}",-7.782057,110.159163,Daerah Istimewa Yogyakarta,bahari,25000.0,4.3,1,1,1,1,0,1,0.8333,berenang|fotografi|kuliner|pantai|rekreasi_keluarga
710,Pantai Wediombo Laguna Karang,"Pantai Wediombo Laguna Karang di Gunungkidul, Daerah Istimewa Yogyakarta. Kawasan pantai dengan keindahan garis pantai memanjang, batuan karang yang menawan, serta angin sepoi-sepoi yang menyegarkan. Sangat cocok untuk aktivitas rekreasi, jalan santai di tepi air, dan piknik sore hari.",Pantai,Pantai,Gunungkidul,25000,4.2,150.0,"{'lat': -7.999457, 'lng': 110.625363}",-7.999457,110.625363,Daerah Istimewa Yogyakarta,bahari,25000.0,4.2,1,1,1,1,0,1,0.8333,bahari|berenang|fotografi|kuliner|pantai|rekreasi_keluarga|snorkeling
711,Pantai Sadranan Snorkeling,"Pantai Sadranan Snorkeling di Sleman, Daerah Istimewa Yogyakarta. Pantai eksotis dengan air laut jernih dan deretan pohon kelapa yang rindang. Menjadi lokasi favorit wisatawan untuk bersantai, bermain air bersama keluarga, berswafoto, serta menikmati kelapa muda segar di tepi pantai.",Pantai,Pantai,Sleman,10000,4.5,180.0,"{'lat': -7.725501, 'lng': 110.356235}",-7.725501,110.356235,Daerah Istimewa Yogyakarta,bahari,10000.0,4.5,1,1,1,1,0,1,0.8333,bahari|berenang|fotografi|kuliner|pantai|rekreasi_keluarga|snorkeling
712,Pantai Glagah Dermaga Pemecah Ombak,"Pantai Glagah Dermaga Pemecah Ombak di Sleman, Daerah Istimewa Yogyakarta. Kawasan pantai dengan keindahan garis pantai memanjang, batuan karang yang menawan, serta angin sepoi-sepoi yang menyegarkan. Sangat cocok untuk aktivitas rekreasi, jalan santai di tepi air, dan piknik sore hari.",Pantai,Pantai,Sleman,20000,4.7,120.0,"{'lat': -7.732336, 'lng': 110.385467}",-7.732336,110.385467,Daerah Istimewa Yogyakarta,bahari,20000.0,4.7,1,1,1,1,0,1,0.8333,berenang|fotografi|kuliner|pantai|rekreasi_keluarga
713,Pantai Depok Kuliner Ikan,"Pantai Depok Kuliner Ikan di Bantul, Daerah Istimewa Yogyakarta. Kawasan pantai dengan keindahan garis pantai memanjang, batuan karang yang menawan, serta angin sepoi-sepoi yang menyegarkan. Sangat cocok untuk aktivitas rekreasi, jalan santai di tepi air, dan piknik sore hari.",Pantai,Pantai,Bantul,15000,4.2,180.0,"{'lat': -7.890964, 'lng': 110.303504}",-7.890964,110.303504,Daerah Istimewa Yogyakarta,bahari,15000.0,4.2,1,1,1,1,1,0,0.8333,berenang|fotografi|kuliner|pantai|rekreasi_keluarga
714,Pantai Ngrenehan Nelayan,"Pantai Ngrenehan Nelayan di Bantul, Daerah Istimewa Yogyakarta. Destinasi wisata pesisir dengan hamparan pasir bersih, deburan ombak yang menenangkan, serta panorama matahari terbenam yang memukau. Dilengkapi fasilitas warung makan seafood lokal, area parkir, toilet umum, dan persewaan payung pantai.",Pantai,Pantai,Bantul,5000,4.6,120.0,"{'lat': -7.878498, 'lng': 110.371596}",-7.878498,110.371596,Daerah Istimewa Yogyakarta,bahari,5000.0,4.6,1,1,1,1,0,1,0.8333,berenang|fotografi|kuliner|pantai|rekreasi_keluarga
715,Gunung Merapi Bunker Kaliadem,"Gunung Merapi Bunker Kaliadem di Kulon Progo, Daerah Istimewa Yogyakarta. Kawasan dataran tinggi dan lereng gunung yang asri dengan pemandangan perbukitan hijau dan kawah eksotis. Sangat ideal untuk petualangan alam terbuka, hiking santai, perkemahan keluarga, dan melepas penat.",Gunung,Gunung,Kulon Progo,25000,4.8,360.0,"{'lat': -7.756683, 'lng': 110.183642}",-7.756683,110.183642,Daerah Istimewa Yogyakarta,alam,25000.0,4.8,1,1,1,0,0,0,0.5,camping|fotografi|gunung|hiking
716,Klangon Merapi Gravity Park,"Klangon Merapi Gravity Park di Gunungkidul, Daerah Istimewa Yogyakarta. Puncak bukit dan pegunungan dengan pemandangan lanskap hijau membentang sejauh mata memandang. Menawarkan pengalaman menikmati golden sunrise, udara bersih bebas polusi, dan spot foto alam yang memesona.",Gunung,Perbukitan,Gunungkidul,20000,4.8,240.0,"{'lat': -7.962266, 'lng': 110.627466}",-7.962266,110.627466,Daerah Istimewa Yogyakarta,alam,20000.0,4.8,1,1,1,1,1,0,0.8333,camping|fotografi|gunung|hiking
717,Puncak Gunung Nglanggeran Purba,"Puncak Gunung Nglanggeran Purba di Gunungkidul, Daerah Istimewa Yogyakarta. Destinasi wisata pegunungan berhawa sejuk dengan jalur pendakian yang menantang dan panorama lautan awan yang spektakuler saat fajar. Tersedia pos peristirahatan, warung logistik pendaki, area perkemahan, dan pemandu lokal.",Gunung,Gunung,Gunungkidul,50000,4.9,360.0,"{'lat': -8.00096, 'lng': 110.561257}",-8.00096,110.561257,Daerah Istimewa Yogyakarta,alam,50000.0,4.9,1,1,1,0,1,0,0.6667,camping|fotografi|gunung|hiking
718,Bukit Bintang Patuk Gunungkidul,"Bukit Bintang Patuk Gunungkidul di Kulon Progo, Daerah Istimewa Yogyakarta. Puncak bukit dan pegunungan dengan pemandangan lanskap hijau membentang sejauh mata memandang. Menawarkan pengalaman menikmati golden sunrise, udara bersih bebas polusi, dan spot foto alam yang memesona.",Gunung,Gunung,Kulon Progo,35000,4.8,240.0,"{'lat': -7.770218, 'lng': 110.189814}",-7.770218,110.189814,Daerah Istimewa Yogyakarta,alam,35000.0,4.8,1,1,1,1,0,0,0.6667,camping|fotografi|gunung|hiking
719,Puncak Becici Dlingo,"Puncak Becici Dlingo di Kulon Progo, Daerah Istimewa Yogyakarta. Kawasan dataran tinggi dan lereng gunung yang asri dengan pemandangan perbukitan hijau dan kawah eksotis. Sangat ideal untuk petualangan alam terbuka, hiking santai, perkemahan keluarga, dan melepas penat.",Gunung,Perbukitan,Kulon Progo,35000,4.2,360.0,"{'lat': -7.778275, 'lng': 110.141563}",-7.778275,110.141563,Daerah Istimewa Yogyakarta,alam,35000.0,4.2,1,1,1,0,0,0,0.5,camping|fotografi|gunung|hiking
720,Bukit Panguk Kediwung Bantul,"Bukit Panguk Kediwung Bantul di Gunungkidul, Daerah Istimewa Yogyakarta. Destinasi wisata pegunungan berhawa sejuk dengan jalur pendakian yang menantang dan panorama lautan awan yang spektakuler saat fajar. Tersedia pos peristirahatan, warung logistik pendaki, area perkemahan, dan pemandu lokal.",Gunung,Perbukitan,Gunungkidul,10000,4.9,300.0,"{'lat': -7.963007, 'lng': 110.589358}",-7.963007,110.589358,Daerah Istimewa Yogyakarta,alam,10000.0,4.9,1,1,1,1,1,0,0.8333,camping|fotografi|gunung|hiking
721,Puncak Tebing Breksi,"Puncak Tebing Breksi di Sleman, Daerah Istimewa Yogyakarta. Kawasan dataran tinggi dan lereng gunung yang asri dengan pemandangan perbukitan hijau dan kawah eksotis. Sangat ideal untuk petualangan alam terbuka, hiking santai, perkemahan keluarga, dan melepas penat.",Gunung,Perbukitan,Sleman,20000,4.9,180.0,"{'lat': -7.698285, 'lng': 110.352113}",-7.698285,110.352113,Daerah Istimewa Yogyakarta,alam,20000.0,4.9,1,1,1,1,0,0,0.6667,camping|fotografi|gunung|hiking
722,Puncak Sosok Bantul,"Puncak Sosok Bantul di Sleman, Daerah Istimewa Yogyakarta. Puncak bukit dan pegunungan dengan pemandangan lanskap hijau membentang sejauh mata memandang. Menawarkan pengalaman menikmati golden sunrise, udara bersih bebas polusi, dan spot foto alam yang memesona.",Gunung,Perbukitan,Sleman,10000,4.6,180.0,"{'lat': -7.697365, 'lng': 110.386833}",-7.697365,110.386833,Daerah Istimewa Yogyakarta,alam,10000.0,4.6,1,1,1,1,0,0,0.6667,camping|fotografi|gunung|hiking
723,Bukit Paralayang Watugupit Parangtritis,"Bukit Paralayang Watugupit Parangtritis di Bantul, Daerah Istimewa Yogyakarta. Puncak bukit dan pegunungan dengan pemandangan lanskap hijau membentang sejauh mata memandang. Menawarkan pengalaman menikmati golden sunrise, udara bersih bebas polusi, dan spot foto alam yang memesona.",Gunung,Perbukitan,Bantul,20000,4.8,300.0,"{'lat': -7.850816, 'lng': 110.339217}",-7.850816,110.339217,Daerah Istimewa Yogyakarta,alam,20000.0,4.8,1,1,1,0,0,1,0.6667,camping|fotografi|gunung|hiking
724,Puncak Menoreh Kulon Progo,"Puncak Menoreh Kulon Progo di Kota Yogyakarta, Daerah Istimewa Yogyakarta. Kawasan dataran tinggi dan lereng gunung yang asri dengan pemandangan perbukitan hijau dan kawah eksotis. Sangat ideal untuk petualangan alam terbuka, hiking santai, perkemahan keluarga, dan melepas penat.",Gunung,Perbukitan,Kota Yogyakarta,35000,4.6,180.0,"{'lat': -7.775646, 'lng': 110.387658}",-7.775646,110.387658,Daerah Istimewa Yogyakarta,alam,35000.0,4.6,1,1,1,1,0,0,0.6667,camping|fotografi|gunung|hiking
725,Goa Pindul Cave Tubing,"Goa Pindul Cave Tubing di Bantul, Daerah Istimewa Yogyakarta. Wisata alam edukatif berbalut udara segar hutan tropis, aliran sungai yang jernih, serta air terjun bertingkat yang menyejukkan. Pilihan utama untuk riset keanekaragaman hayati dan ekowisata ramah lingkungan.",Cagar Alam,Taman Nasional,Bantul,30000,4.2,150.0,"{'lat': -7.844071, 'lng': 110.358012}",-7.844071,110.358012,Daerah Istimewa Yogyakarta,alam,30000.0,4.2,1,1,1,0,0,1,0.6667,edukasi|fotografi|hiking|rekreasi_keluarga
726,Goa Jomblang Cahaya Surga,"Goa Jomblang Cahaya Surga di Sleman, Daerah Istimewa Yogyakarta. Wisata alam edukatif berbalut udara segar hutan tropis, aliran sungai yang jernih, serta air terjun bertingkat yang menyejukkan. Pilihan utama untuk riset keanekaragaman hayati dan ekowisata ramah lingkungan.",Cagar Alam,Taman Nasional,Sleman,15000,4.6,150.0,"{'lat': -7.688584, 'lng': 110.332228}",-7.688584,110.332228,Daerah Istimewa Yogyakarta,alam,15000.0,4.6,1,1,1,0,0,1,0.6667,edukasi|fotografi|hiking|rekreasi_keluarga
727,Hutan Pinus Mangunan Dlingo,"Hutan Pinus Mangunan Dlingo di Kulon Progo, Daerah Istimewa Yogyakarta. Kawasan konservasi alam yang asri dan terlindungi dengan keanekaragaman flora dan fauna tropis endemik. Dilengkapi jalur trekking kayu yang tertata rapi, gazebo istirahat, pusat informasi lingkungan, dan toilet pengunjung.",Cagar Alam,Taman Nasional,Kulon Progo,15000,4.9,150.0,"{'lat': -7.792731, 'lng': 110.174042}",-7.792731,110.174042,Daerah Istimewa Yogyakarta,alam,15000.0,4.9,1,1,1,0,1,1,0.8333,edukasi|fotografi|hiking|rekreasi_keluarga
728,Kalibiru Kulon Progo,"Kalibiru Kulon Progo di Gunungkidul, Daerah Istimewa Yogyakarta. Kawasan konservasi alam yang asri dan terlindungi dengan keanekaragaman flora dan fauna tropis endemik. Dilengkapi jalur trekking kayu yang tertata rapi, gazebo istirahat, pusat informasi lingkungan, dan toilet pengunjung.",Cagar Alam,Taman Nasional,Gunungkidul,10000,4.7,90.0,"{'lat': -7.967907, 'lng': 110.62395}",-7.967907,110.62395,Daerah Istimewa Yogyakarta,alam,10000.0,4.7,1,1,1,1,1,1,1.0,edukasi|fotografi|hiking|rekreasi_keluarga
729,Ekowisata Sungai Mudal,"Ekowisata Sungai Mudal di Sleman, Daerah Istimewa Yogyakarta. Objek wisata alam dengan formasi tebing batuan alami, gua karst purba, serta telaga yang jernih dan tenang. Suasana alam yang tenang memberikan kesegaran pikiran bagi pengunjung yang mencintai ketenangan alam.",Cagar Alam,Taman Nasional,Sleman,25000,4.8,120.0,"{'lat': -7.689691, 'lng': 110.370221}",-7.689691,110.370221,Daerah Istimewa Yogyakarta,alam,25000.0,4.8,1,1,1,1,1,1,1.0,alam|edukasi|fotografi|hiking|rekreasi_keluarga
730,Air Terjun Kedung Pedut,"Air Terjun Kedung Pedut di Gunungkidul, Daerah Istimewa Yogyakarta. Kawasan konservasi alam yang asri dan terlindungi dengan keanekaragaman flora dan fauna tropis endemik. Dilengkapi jalur trekking kayu yang tertata rapi, gazebo istirahat, pusat informasi lingkungan, dan toilet pengunjung.",Cagar Alam,Air Terjun,Gunungkidul,20000,4.2,150.0,"{'lat': -7.989831, 'lng': 110.618749}",-7.989831,110.618749,Daerah Istimewa Yogyakarta,alam,20000.0,4.2,1,1,1,0,0,1,0.6667,alam|edukasi|fotografi|hiking|rekreasi_keluarga
731,Taman Sungai Mudal Menoreh,"Taman Sungai Mudal Menoreh di Bantul, Daerah Istimewa Yogyakarta. Objek wisata alam dengan formasi tebing batuan alami, gua karst purba, serta telaga yang jernih dan tenang. Suasana alam yang tenang memberikan kesegaran pikiran bagi pengunjung yang mencintai ketenangan alam.",Cagar Alam,Taman Nasional,Bantul,30000,4.5,180.0,"{'lat': -7.885201, 'lng': 110.331401}",-7.885201,110.331401,Daerah Istimewa Yogyakarta,alam,30000.0,4.5,1,1,1,1,0,1,0.8333,alam|edukasi|fotografi|hiking|rekreasi_keluarga
732,Gua Rancang Kencono,"Gua Rancang Kencono di Sleman, Daerah Istimewa Yogyakarta. Wisata alam edukatif berbalut udara segar hutan tropis, aliran sungai yang jernih, serta air terjun bertingkat yang menyejukkan. Pilihan utama untuk riset keanekaragaman hayati dan ekowisata ramah lingkungan.",Cagar Alam,Gua,Sleman,10000,4.6,180.0,"{'lat': -7.745088, 'lng': 110.379622}",-7.745088,110.379622,Daerah Istimewa Yogyakarta,alam,10000.0,4.6,1,1,1,1,1,1,1.0,edukasi|fotografi|hiking|rekreasi_keluarga
733,Keraton Ngayogyakarta Hadiningrat,"Keraton Ngayogyakarta Hadiningrat di Gunungkidul, Daerah Istimewa Yogyakarta. Kompleks bangunan bersejarah dan desa adat yang mempertahankan adat istiadat turun-temurun dengan ramah. Wisatawan dapat menyaksikan kerajinan tangan tradisional dan berinteraksi langsung dengan warga setempat.",Budaya,Keraton,Gunungkidul,25000,4.7,90.0,"{'lat': -7.95207, 'lng': 110.563281}",-7.95207,110.563281,Daerah Istimewa Yogyakarta,budaya,25000.0,4.7,1,1,1,1,0,1,0.8333,budaya|edukasi|fotografi|sejarah
734,Taman Sari Water Castle,"Taman Sari Water Castle di Kulon Progo, Daerah Istimewa Yogyakarta. Kompleks bangunan bersejarah dan desa adat yang mempertahankan adat istiadat turun-temurun dengan ramah. Wisatawan dapat menyaksikan kerajinan tangan tradisional dan berinteraksi langsung dengan warga setempat.",Budaya,Situs Sejarah,Kulon Progo,25000,4.8,90.0,"{'lat': -7.785333, 'lng': 110.134562}",-7.785333,110.134562,Daerah Istimewa Yogyakarta,budaya,25000.0,4.8,1,1,1,1,0,1,0.8333,budaya|edukasi|fotografi|sejarah
735,Candi Ratu Boko Sunset,"Candi Ratu Boko Sunset di Kulon Progo, Daerah Istimewa Yogyakarta. Situs cagar budaya bersejarah yang sarat dengan nilai tradisi leluhur, arsitektur arca dan bangunan tradisional yang otentik. Dilengkapi pemandu wisata budaya, museum informasi sejarah, dan pertunjukan seni berkala.",Budaya,Candi,Kulon Progo,10000,4.7,120.0,"{'lat': -7.791106, 'lng': 110.153693}",-7.791106,110.153693,Daerah Istimewa Yogyakarta,budaya,10000.0,4.7,1,1,1,1,0,1,0.8333,budaya|edukasi|fotografi|sejarah
736,Candi Sambisari Bawah Tanah,"Candi Sambisari Bawah Tanah di Kota Yogyakarta, Daerah Istimewa Yogyakarta. Kompleks bangunan bersejarah dan desa adat yang mempertahankan adat istiadat turun-temurun dengan ramah. Wisatawan dapat menyaksikan kerajinan tangan tradisional dan berinteraksi langsung dengan warga setempat.",Budaya,Candi,Kota Yogyakarta,20000,4.7,60.0,"{'lat': -7.827784, 'lng': 110.337813}",-7.827784,110.337813,Daerah Istimewa Yogyakarta,budaya,20000.0,4.7,1,1,0,0,0,1,0.5,budaya|edukasi|fotografi|sejarah
737,Benteng Vredeburg Malioboro,"Benteng Vredeburg Malioboro di Sleman, Daerah Istimewa Yogyakarta. Situs cagar budaya bersejarah yang sarat dengan nilai tradisi leluhur, arsitektur arca dan bangunan tradisional yang otentik. Dilengkapi pemandu wisata budaya, museum informasi sejarah, dan pertunjukan seni berkala.",Budaya,Benteng,Sleman,10000,4.3,120.0,"{'lat': -7.749345, 'lng': 110.38508}",-7.749345,110.38508,Daerah Istimewa Yogyakarta,budaya,10000.0,4.3,1,1,0,1,0,1,0.6667,budaya|edukasi|fotografi|sejarah
738,Museum Sonobudoyo,"Museum Sonobudoyo di Bantul, Daerah Istimewa Yogyakarta. Situs cagar budaya bersejarah yang sarat dengan nilai tradisi leluhur, arsitektur arca dan bangunan tradisional yang otentik. Dilengkapi pemandu wisata budaya, museum informasi sejarah, dan pertunjukan seni berkala.",Budaya,Museum,Bantul,10000,4.3,120.0,"{'lat': -7.862191, 'lng': 110.345132}",-7.862191,110.345132,Daerah Istimewa Yogyakarta,budaya,10000.0,4.3,1,1,0,1,1,1,0.8333,budaya|edukasi|fotografi|sejarah
739,Makam Raja-Raja Imogiri,"Makam Raja-Raja Imogiri di Kulon Progo, Daerah Istimewa Yogyakarta. Kompleks bangunan bersejarah dan desa adat yang mempertahankan adat istiadat turun-temurun dengan ramah. Wisatawan dapat menyaksikan kerajinan tangan tradisional dan berinteraksi langsung dengan warga setempat.",Budaya,Situs Sejarah,Kulon Progo,15000,4.8,120.0,"{'lat': -7.755598, 'lng': 110.200516}",-7.755598,110.200516,Daerah Istimewa Yogyakarta,budaya,15000.0,4.8,1,1,1,0,0,1,0.6667,budaya|edukasi|fotografi|sejarah
740,HeHa Sky View Patuk,"HeHa Sky View Patuk di Kulon Progo, Daerah Istimewa Yogyakarta. Taman rekreasi modern keluarga yang menghadirkan beragam wahana permainan seru, atraksi air, serta pertunjukan tematik interaktif. Memiliki fasilitas lengkap seperti food court, musala yang nyaman, toilet bersih, dan area parkir luas.",Taman Hiburan,Taman Rekreasi,Kulon Progo,100000,4.8,180.0,"{'lat': -7.80078, 'lng': 110.188868}",-7.80078,110.188868,Daerah Istimewa Yogyakarta,hiburan,100000.0,4.8,1,1,1,1,1,1,1.0,edukasi|fotografi|rekreasi_keluarga
741,HeHa Ocean View Gunungkidul,"HeHa Ocean View Gunungkidul di Gunungkidul, Daerah Istimewa Yogyakarta. Destinasi hiburan terpadu dengan spot swafoto kekinian yang estetik, wahana edukasi anak, dan ruang terbuka hijau yang ramah keluarga. Menjadi tempat favorit untuk berekreasi bersama anak-anak di akhir pekan.",Taman Hiburan,Taman Rekreasi,Gunungkidul,50000,4.9,120.0,"{'lat': -7.986041, 'lng': 110.625024}",-7.986041,110.625024,Daerah Istimewa Yogyakarta,hiburan,50000.0,4.9,1,1,1,1,1,1,1.0,edukasi|fotografi|rekreasi_keluarga
742,Sindu Kusuma Edupark (SKE),"Sindu Kusuma Edupark (SKE) di Gunungkidul, Daerah Istimewa Yogyakarta. Taman rekreasi modern keluarga yang menghadirkan beragam wahana permainan seru, atraksi air, serta pertunjukan tematik interaktif. Memiliki fasilitas lengkap seperti food court, musala yang nyaman, toilet bersih, dan area parkir luas.",Taman Hiburan,Taman Rekreasi,Gunungkidul,100000,4.4,240.0,"{'lat': -7.928346, 'lng': 110.576054}",-7.928346,110.576054,Daerah Istimewa Yogyakarta,hiburan,100000.0,4.4,1,1,1,1,1,1,1.0,edukasi|fotografi|rekreasi_keluarga
743,Jogja Bay Pirates Waterpark,"Jogja Bay Pirates Waterpark di Kota Yogyakarta, Daerah Istimewa Yogyakarta. Kawasan rekreasi bertema dengan wahana pemacu adrenalin, kolam renang bergelombang, serta taman bermain anak yang aman. Dilengkapi staf pengawas keselamatan dan berbagai tenant kuliner lezat.",Taman Hiburan,Waterpark,Kota Yogyakarta,50000,4.3,240.0,"{'lat': -7.82409, 'lng': 110.390997}",-7.82409,110.390997,Daerah Istimewa Yogyakarta,hiburan,50000.0,4.3,1,1,1,1,1,1,1.0,edukasi|fotografi|rekreasi_keluarga
744,Jalan Malioboro Pedestrian,"Jalan Malioboro Pedestrian di Sleman, Daerah Istimewa Yogyakarta. Kawasan pertokoan dan pasar seni yang menyajikan ragam cinderamata unik karya perajin lokal dari berbagai penjuru daerah. Selalu ramai dikunjungi wisatawan yang ingin membawa kenang-kenangan autentik.",Pusat Perbelanjaan,Pasar Tradisional,Sleman,0,4.3,120.0,"{'lat': -7.73598, 'lng': 110.312789}",-7.73598,110.312789,Daerah Istimewa Yogyakarta,belanja,0.0,4.3,1,1,1,0,1,0,0.6667,belanja|budaya|kuliner
745,Pasar Beringharjo Batik Tradisional,"Pasar Beringharjo Batik Tradisional di Sleman, Daerah Istimewa Yogyakarta. Kawasan pertokoan dan pasar seni yang menyajikan ragam cinderamata unik karya perajin lokal dari berbagai penjuru daerah. Selalu ramai dikunjungi wisatawan yang ingin membawa kenang-kenangan autentik.",Pusat Perbelanjaan,Pasar Tradisional,Sleman,0,4.2,60.0,"{'lat': -7.684979, 'lng': 110.321908}",-7.684979,110.321908,Daerah Istimewa Yogyakarta,belanja,0.0,4.2,1,1,1,0,1,0,0.6667,belanja|budaya|kuliner
746,Sentra Bakpia Pathok 25,"Sentra Bakpia Pathok 25 di Kota Yogyakarta, Daerah Istimewa Yogyakarta. Kawasan pertokoan dan pasar seni yang menyajikan ragam cinderamata unik karya perajin lokal dari berbagai penjuru daerah. Selalu ramai dikunjungi wisatawan yang ingin membawa kenang-kenangan autentik.",Pusat Perbelanjaan,Sentra Kerajinan,Kota Yogyakarta,0,4.2,120.0,"{'lat': -7.809214, 'lng': 110.360806}",-7.809214,110.360806,Daerah Istimewa Yogyakarta,belanja,0.0,4.2,1,1,1,1,1,0,0.8333,belanja|budaya|kuliner
747,Sentra Kerajinan Perak Kotagede,"Sentra Kerajinan Perak Kotagede di Kulon Progo, Daerah Istimewa Yogyakarta. Pusat perbelanjaan dan pasar tradisional khas daerah yang menjual aneka kerajinan tangan, kain tenun atau batik, serta camilan oleh-oleh lokal. Tempat bertemunya tawar-menawar yang hangat dengan harga terjangkau.",Pusat Perbelanjaan,Sentra Kerajinan,Kulon Progo,0,4.3,120.0,"{'lat': -7.771815, 'lng': 110.194224}",-7.771815,110.194224,Daerah Istimewa Yogyakarta,belanja,0.0,4.3,1,1,1,0,1,1,0.8333,belanja|budaya|kuliner
748,Masjid Gedhe Kauman Yogyakarta,"Masjid Gedhe Kauman Yogyakarta di Kota Yogyakarta, Daerah Istimewa Yogyakarta. Tempat ibadah cagar budaya dengan ornamen seni pahat antik dan sejarah pendirian yang menginspirasi. Terbuka bagi pengunjung yang ingin berdoa maupun mengagumi keindahan karya arsitektur Nusantara.",Tempat Ibadah,Masjid,Kota Yogyakarta,0,4.7,60.0,"{'lat': -7.770162, 'lng': 110.368065}",-7.770162,110.368065,Daerah Istimewa Yogyakarta,religi,0.0,4.7,1,1,1,1,1,0,0.8333,budaya|religi|sejarah
749,Gereja Ganjuran Hati Kudus Yesus,"Gereja Ganjuran Hati Kudus Yesus di Gunungkidul, Daerah Istimewa Yogyakarta. Ikon wisata religi yang terkenal dengan kedamaian suasananya, toleransi antarwarga, serta kubah atau menara yang menjulang indah. Menjadi tempat ziarah sekaligus edukasi spiritual bagi masyarakat luas.",Tempat Ibadah,Gereja,Gunungkidul,0,4.7,90.0,"{'lat': -7.926939, 'lng': 110.611766}",-7.926939,110.611766,Daerah Istimewa Yogyakarta,religi,0.0,4.7,1,1,0,1,1,0,0.6667,budaya|religi|sejarah
750,Klenteng Fuk Ling Miau Gondomanan,"Klenteng Fuk Ling Miau Gondomanan di Kota Yogyakarta, Daerah Istimewa Yogyakarta. Bangunan keagamaan bersejarah dengan arsitektur megah dan penuh nilai filosofis spiritual tinggi. Menyediakan sarana ibadah yang bersih dan khusyuk, pelataran yang teduh dan asri, serta toilet wudhu yang terawat.",Tempat Ibadah,Vihara,Kota Yogyakarta,0,4.4,90.0,"{'lat': -7.774279, 'lng': 110.381323}",-7.774279,110.381323,Daerah Istimewa Yogyakarta,religi,0.0,4.4,1,1,1,1,1,1,1.0,budaya|religi|sejarah
751,Pantai Klayar Pacitan Sphinx,"Pantai Klayar Pacitan Sphinx di Jember, Jawa Timur. Destinasi wisata pesisir dengan hamparan pasir bersih, deburan ombak yang menenangkan, serta panorama matahari terbenam yang memukau. Dilengkapi fasilitas warung makan seafood lokal, area parkir, toilet umum, dan persewaan payung pantai.",Pantai,Pantai,Jember,5000,4.7,240.0,"{'lat': -8.18609, 'lng': 113.691208}",-8.18609,113.691208,Jawa Timur,bahari,5000.0,4.7,1,1,1,1,1,0,0.8333,berenang|fotografi|kuliner|pantai|rekreasi_keluarga
752,Pantai Papuma Jember,"Pantai Papuma Jember di Kota Malang, Jawa Timur. Pantai eksotis dengan air laut jernih dan deretan pohon kelapa yang rindang. Menjadi lokasi favorit wisatawan untuk bersantai, bermain air bersama keluarga, berswafoto, serta menikmati kelapa muda segar di tepi pantai.",Pantai,Pantai,Kota Malang,5000,4.5,240.0,"{'lat': -8.004543, 'lng': 112.593256}",-8.004543,112.593256,Jawa Timur,bahari,5000.0,4.5,1,1,1,1,0,1,0.8333,berenang|fotografi|kuliner|pantai|rekreasi_keluarga
753,Pantai Pulau Merah Banyuwangi,"Pantai Pulau Merah Banyuwangi di Kota Malang, Jawa Timur. Pantai eksotis dengan air laut jernih dan deretan pohon kelapa yang rindang. Menjadi lokasi favorit wisatawan untuk bersantai, bermain air bersama keluarga, berswafoto, serta menikmati kelapa muda segar di tepi pantai.",Pantai,Pantai,Kota Malang,20000,4.2,120.0,"{'lat': -7.995082, 'lng': 112.633115}",-7.995082,112.633115,Jawa Timur,bahari,20000.0,4.2,1,1,1,1,0,1,0.8333,berenang|fotografi|kuliner|pantai|rekreasi_keluarga
754,Pantai Balekambang Malang Pura Ismoyo,"Pantai Balekambang Malang Pura Ismoyo di Kota Surabaya, Jawa Timur. Kawasan pantai dengan keindahan garis pantai memanjang, batuan karang yang menawan, serta angin sepoi-sepoi yang menyegarkan. Sangat cocok untuk aktivitas rekreasi, jalan santai di tepi air, dan piknik sore hari.",Pantai,Pantai,Kota Surabaya,30000,4.9,150.0,"{'lat': -7.294075, 'lng': 112.721555}",-7.294075,112.721555,Jawa Timur,bahari,30000.0,4.9,1,1,1,1,0,1,0.8333,berenang|fotografi|kuliner|pantai|rekreasi_keluarga
755,Pantai Teluk Hijau Green Bay Meru Betiri,"Pantai Teluk Hijau Green Bay Meru Betiri di Probolinggo, Jawa Timur. Kawasan pantai dengan keindahan garis pantai memanjang, batuan karang yang menawan, serta angin sepoi-sepoi yang menyegarkan. Sangat cocok untuk aktivitas rekreasi, jalan santai di tepi air, dan piknik sore hari.",Pantai,Pantai,Probolinggo,30000,4.2,240.0,"{'lat': -7.78705, 'lng': 113.188027}",-7.78705,113.188027,Jawa Timur,bahari,30000.0,4.2,1,1,1,1,0,1,0.8333,berenang|fotografi|kuliner|pantai|rekreasi_keluarga
756,Pantai Sukamade Penyu Bertelur,"Pantai Sukamade Penyu Bertelur di Pasuruan, Jawa Timur. Pantai eksotis dengan air laut jernih dan deretan pohon kelapa yang rindang. Menjadi lokasi favorit wisatawan untuk bersantai, bermain air bersama keluarga, berswafoto, serta menikmati kelapa muda segar di tepi pantai.",Pantai,Pantai,Pasuruan,5000,4.6,120.0,"{'lat': -7.676257, 'lng': 112.88048}",-7.676257,112.88048,Jawa Timur,bahari,5000.0,4.6,1,1,1,1,1,1,1.0,berenang|fotografi|kuliner|pantai|rekreasi_keluarga
757,Pantai Tiga Warna Malang Clungup,"Pantai Tiga Warna Malang Clungup di Jember, Jawa Timur. Destinasi wisata pesisir dengan hamparan pasir bersih, deburan ombak yang menenangkan, serta panorama matahari terbenam yang memukau. Dilengkapi fasilitas warung makan seafood lokal, area parkir, toilet umum, dan persewaan payung pantai.",Pantai,Pantai,Jember,5000,4.9,150.0,"{'lat': -8.204883, 'lng': 113.725398}",-8.204883,113.725398,Jawa Timur,bahari,5000.0,4.9,1,1,1,1,1,0,0.8333,berenang|fotografi|kuliner|pantai|rekreasi_keluarga
758,Pantai Goa Cina Malang,"Pantai Goa Cina Malang di Mojokerto, Jawa Timur. Destinasi wisata pesisir dengan hamparan pasir bersih, deburan ombak yang menenangkan, serta panorama matahari terbenam yang memukau. Dilengkapi fasilitas warung makan seafood lokal, area parkir, toilet umum, dan persewaan payung pantai.",Pantai,Pantai,Mojokerto,30000,4.8,180.0,"{'lat': -7.445078, 'lng': 112.468575}",-7.445078,112.468575,Jawa Timur,bahari,30000.0,4.8,1,1,1,1,1,1,1.0,berenang|fotografi|kuliner|pantai|rekreasi_keluarga
759,Pantai Buyutan Pacitan Karang Mahkota,"Pantai Buyutan Pacitan Karang Mahkota di Pasuruan, Jawa Timur. Pantai eksotis dengan air laut jernih dan deretan pohon kelapa yang rindang. Menjadi lokasi favorit wisatawan untuk bersantai, bermain air bersama keluarga, berswafoto, serta menikmati kelapa muda segar di tepi pantai.",Pantai,Pantai,Pasuruan,10000,4.2,150.0,"{'lat': -7.675714, 'lng': 112.933614}",-7.675714,112.933614,Jawa Timur,bahari,10000.0,4.2,1,1,1,1,0,0,0.6667,bahari|berenang|fotografi|kuliner|pantai|rekreasi_keluarga|snorkeling
760,Pantai Banyu Tibo Air Terjun Laut,"Pantai Banyu Tibo Air Terjun Laut di Kota Batu, Jawa Timur. Destinasi wisata pesisir dengan hamparan pasir bersih, deburan ombak yang menenangkan, serta panorama matahari terbenam yang memukau. Dilengkapi fasilitas warung makan seafood lokal, area parkir, toilet umum, dan persewaan payung pantai.",Pantai,Pantai,Kota Batu,15000,4.4,240.0,"{'lat': -7.849396, 'lng': 112.493444}",-7.849396,112.493444,Jawa Timur,bahari,15000.0,4.4,1,1,1,1,1,0,0.8333,alam|berenang|fotografi|kuliner|pantai|rekreasi_keluarga
761,Pantai Plengkung G-Land Ombak Dunia,"Pantai Plengkung G-Land Ombak Dunia di Pasuruan, Jawa Timur. Destinasi wisata pesisir dengan hamparan pasir bersih, deburan ombak yang menenangkan, serta panorama matahari terbenam yang memukau. Dilengkapi fasilitas warung makan seafood lokal, area parkir, toilet umum, dan persewaan payung pantai.",Pantai,Pantai,Pasuruan,25000,4.8,150.0,"{'lat': -7.678703, 'lng': 112.934489}",-7.678703,112.934489,Jawa Timur,bahari,25000.0,4.8,1,1,1,1,1,0,0.8333,berenang|fotografi|kuliner|pantai|rekreasi_keluarga
762,Pantai Kenjeran Surabaya,"Pantai Kenjeran Surabaya di Pasuruan, Jawa Timur. Kawasan pantai dengan keindahan garis pantai memanjang, batuan karang yang menawan, serta angin sepoi-sepoi yang menyegarkan. Sangat cocok untuk aktivitas rekreasi, jalan santai di tepi air, dan piknik sore hari.",Pantai,Pantai,Pasuruan,30000,4.6,240.0,"{'lat': -7.686122, 'lng': 112.940791}",-7.686122,112.940791,Jawa Timur,bahari,30000.0,4.6,1,1,1,1,1,1,1.0,berenang|fotografi|kuliner|pantai|rekreasi_keluarga
763,Pantai Pasir Putih Situbondo,"Pantai Pasir Putih Situbondo di Kota Surabaya, Jawa Timur. Pantai eksotis dengan air laut jernih dan deretan pohon kelapa yang rindang. Menjadi lokasi favorit wisatawan untuk bersantai, bermain air bersama keluarga, berswafoto, serta menikmati kelapa muda segar di tepi pantai.",Pantai,Pantai,Kota Surabaya,30000,4.6,240.0,"{'lat': -7.242111, 'lng': 112.728593}",-7.242111,112.728593,Jawa Timur,bahari,30000.0,4.6,1,1,1,1,0,0,0.6667,berenang|fotografi|kuliner|pantai|rekreasi_keluarga
764,Pantai Boom Banyuwangi,"Pantai Boom Banyuwangi di Pasuruan, Jawa Timur. Kawasan pantai dengan keindahan garis pantai memanjang, batuan karang yang menawan, serta angin sepoi-sepoi yang menyegarkan. Sangat cocok untuk aktivitas rekreasi, jalan santai di tepi air, dan piknik sore hari.",Pantai,Pantai,Pasuruan,30000,4.9,120.0,"{'lat': -7.631366, 'lng': 112.914402}",-7.631366,112.914402,Jawa Timur,bahari,30000.0,4.9,1,1,1,1,1,0,0.8333,berenang|fotografi|kuliner|pantai|rekreasi_keluarga
765,Gunung Bromo Kaldera Lautan Pasir,"Gunung Bromo Kaldera Lautan Pasir di Banyuwangi, Jawa Timur. Kawasan dataran tinggi dan lereng gunung yang asri dengan pemandangan perbukitan hijau dan kawah eksotis. Sangat ideal untuk petualangan alam terbuka, hiking santai, perkemahan keluarga, dan melepas penat.",Gunung,Gunung,Banyuwangi,15000,4.3,180.0,"{'lat': -8.223197, 'lng': 114.371317}",-8.223197,114.371317,Jawa Timur,alam,15000.0,4.3,1,1,1,0,1,1,0.8333,camping|fotografi|gunung|hiking
766,Kawah Ijen Fenomena Api Biru,"Kawah Ijen Fenomena Api Biru di Mojokerto, Jawa Timur. Destinasi wisata pegunungan berhawa sejuk dengan jalur pendakian yang menantang dan panorama lautan awan yang spektakuler saat fajar. Tersedia pos peristirahatan, warung logistik pendaki, area perkemahan, dan pemandu lokal.",Gunung,Perbukitan,Mojokerto,50000,4.5,300.0,"{'lat': -7.492458, 'lng': 112.451627}",-7.492458,112.451627,Jawa Timur,alam,50000.0,4.5,1,1,1,0,1,1,0.8333,camping|fotografi|gunung|hiking
767,Gunung Semeru Puncak Mahameru,"Gunung Semeru Puncak Mahameru di Kota Malang, Jawa Timur. Destinasi wisata pegunungan berhawa sejuk dengan jalur pendakian yang menantang dan panorama lautan awan yang spektakuler saat fajar. Tersedia pos peristirahatan, warung logistik pendaki, area perkemahan, dan pemandu lokal.",Gunung,Gunung,Kota Malang,15000,4.4,180.0,"{'lat': -7.942214, 'lng': 112.628353}",-7.942214,112.628353,Jawa Timur,alam,15000.0,4.4,1,1,1,1,0,0,0.6667,camping|fotografi|gunung|hiking
768,Gunung Arjuno Welirang,"Gunung Arjuno Welirang di Pasuruan, Jawa Timur. Kawasan dataran tinggi dan lereng gunung yang asri dengan pemandangan perbukitan hijau dan kawah eksotis. Sangat ideal untuk petualangan alam terbuka, hiking santai, perkemahan keluarga, dan melepas penat.",Gunung,Gunung,Pasuruan,25000,4.2,180.0,"{'lat': -7.659956, 'lng': 112.931112}",-7.659956,112.931112,Jawa Timur,alam,25000.0,4.2,1,1,1,0,0,0,0.5,camping|fotografi|gunung|hiking
769,Gunung Kelud Kawah Danau Blitar,"Gunung Kelud Kawah Danau Blitar di Pasuruan, Jawa Timur. Kawasan dataran tinggi dan lereng gunung yang asri dengan pemandangan perbukitan hijau dan kawah eksotis. Sangat ideal untuk petualangan alam terbuka, hiking santai, perkemahan keluarga, dan melepas penat.",Gunung,Gunung,Pasuruan,10000,4.5,360.0,"{'lat': -7.684375, 'lng': 112.907892}",-7.684375,112.907892,Jawa Timur,alam,10000.0,4.5,1,1,1,1,0,1,0.8333,alam|camping|fotografi|gunung|hiking
770,Gunung Panderman Batu,"Gunung Panderman Batu di Pacitan, Jawa Timur. Destinasi wisata pegunungan berhawa sejuk dengan jalur pendakian yang menantang dan panorama lautan awan yang spektakuler saat fajar. Tersedia pos peristirahatan, warung logistik pendaki, area perkemahan, dan pemandu lokal.",Gunung,Gunung,Pacitan,10000,4.7,240.0,"{'lat': -8.16813, 'lng': 111.078405}",-8.16813,111.078405,Jawa Timur,alam,10000.0,4.7,1,1,1,0,0,0,0.5,camping|fotografi|gunung|hiking
771,Gunung Penanggungan Pawitra Sejarah,"Gunung Penanggungan Pawitra Sejarah di Kota Malang, Jawa Timur. Puncak bukit dan pegunungan dengan pemandangan lanskap hijau membentang sejauh mata memandang. Menawarkan pengalaman menikmati golden sunrise, udara bersih bebas polusi, dan spot foto alam yang memesona.",Gunung,Gunung,Kota Malang,35000,4.9,180.0,"{'lat': -7.948391, 'lng': 112.596282}",-7.948391,112.596282,Jawa Timur,alam,35000.0,4.9,1,1,1,0,1,0,0.6667,camping|fotografi|gunung|hiking
772,Puncak B29 Lumajang Negeri di Atas Awan,"Puncak B29 Lumajang Negeri di Atas Awan di Pacitan, Jawa Timur. Puncak bukit dan pegunungan dengan pemandangan lanskap hijau membentang sejauh mata memandang. Menawarkan pengalaman menikmati golden sunrise, udara bersih bebas polusi, dan spot foto alam yang memesona.",Gunung,Perbukitan,Pacitan,50000,4.5,300.0,"{'lat': -8.209014, 'lng': 111.070912}",-8.209014,111.070912,Jawa Timur,alam,50000.0,4.5,1,1,1,0,0,1,0.6667,camping|fotografi|gunung|hiking
773,Gunung Butak Sirah Kencong,"Gunung Butak Sirah Kencong di Probolinggo, Jawa Timur. Destinasi wisata pegunungan berhawa sejuk dengan jalur pendakian yang menantang dan panorama lautan awan yang spektakuler saat fajar. Tersedia pos peristirahatan, warung logistik pendaki, area perkemahan, dan pemandu lokal.",Gunung,Gunung,Probolinggo,25000,4.9,360.0,"{'lat': -7.785228, 'lng': 113.18762}",-7.785228,113.18762,Jawa Timur,alam,25000.0,4.9,1,1,1,1,0,0,0.6667,camping|fotografi|gunung|hiking
774,Bukit Kingkong Bromo View,"Bukit Kingkong Bromo View di Probolinggo, Jawa Timur. Destinasi wisata pegunungan berhawa sejuk dengan jalur pendakian yang menantang dan panorama lautan awan yang spektakuler saat fajar. Tersedia pos peristirahatan, warung logistik pendaki, area perkemahan, dan pemandu lokal.",Gunung,Perbukitan,Probolinggo,35000,4.4,240.0,"{'lat': -7.777457, 'lng': 113.240265}",-7.777457,113.240265,Jawa Timur,alam,35000.0,4.4,1,1,1,1,0,1,0.8333,camping|fotografi|gunung|hiking
775,Taman Nasional Baluran Afrika Jawa,"Taman Nasional Baluran Afrika Jawa di Probolinggo, Jawa Timur. Objek wisata alam dengan formasi tebing batuan alami, gua karst purba, serta telaga yang jernih dan tenang. Suasana alam yang tenang memberikan kesegaran pikiran bagi pengunjung yang mencintai ketenangan alam.",Cagar Alam,Taman Nasional,Probolinggo,25000,4.6,90.0,"{'lat': -7.772685, 'lng': 113.214579}",-7.772685,113.214579,Jawa Timur,alam,25000.0,4.6,1,1,1,1,1,1,1.0,edukasi|fotografi|hiking|rekreasi_keluarga
776,Taman Nasional Bromo Tengger Semeru,"Taman Nasional Bromo Tengger Semeru di Pacitan, Jawa Timur. Wisata alam edukatif berbalut udara segar hutan tropis, aliran sungai yang jernih, serta air terjun bertingkat yang menyejukkan. Pilihan utama untuk riset keanekaragaman hayati dan ekowisata ramah lingkungan.",Cagar Alam,Taman Nasional,Pacitan,15000,4.4,90.0,"{'lat': -8.220173, 'lng': 111.09474}",-8.220173,111.09474,Jawa Timur,alam,15000.0,4.4,1,1,1,1,0,1,0.8333,edukasi|fotografi|hiking|rekreasi_keluarga
777,Ranu Kumbolo Danau Surgawi Semeru,"Ranu Kumbolo Danau Surgawi Semeru di Pasuruan, Jawa Timur. Wisata alam edukatif berbalut udara segar hutan tropis, aliran sungai yang jernih, serta air terjun bertingkat yang menyejukkan. Pilihan utama untuk riset keanekaragaman hayati dan ekowisata ramah lingkungan.",Cagar Alam,Danau,Pasuruan,10000,4.8,180.0,"{'lat': -7.649048, 'lng': 112.928189}",-7.649048,112.928189,Jawa Timur,alam,10000.0,4.8,1,1,1,1,1,1,1.0,alam|edukasi|fotografi|hiking|rekreasi_keluarga
778,Coban Rondo Air Terjun Malang,"Coban Rondo Air Terjun Malang di Kota Batu, Jawa Timur. Kawasan konservasi alam yang asri dan terlindungi dengan keanekaragaman flora dan fauna tropis endemik. Dilengkapi jalur trekking kayu yang tertata rapi, gazebo istirahat, pusat informasi lingkungan, dan toilet pengunjung.",Cagar Alam,Air Terjun,Kota Batu,10000,4.2,180.0,"{'lat': -7.90216, 'lng': 112.519623}",-7.90216,112.519623,Jawa Timur,alam,10000.0,4.2,1,1,1,0,0,1,0.6667,alam|edukasi|fotografi|hiking|rekreasi_keluarga
779,Coban Sewu Tumpak Sewu Lumajang,"Coban Sewu Tumpak Sewu Lumajang di Pasuruan, Jawa Timur. Objek wisata alam dengan formasi tebing batuan alami, gua karst purba, serta telaga yang jernih dan tenang. Suasana alam yang tenang memberikan kesegaran pikiran bagi pengunjung yang mencintai ketenangan alam.",Cagar Alam,Air Terjun,Pasuruan,25000,4.6,120.0,"{'lat': -7.634889, 'lng': 112.873958}",-7.634889,112.873958,Jawa Timur,alam,25000.0,4.6,1,1,1,1,0,1,0.8333,edukasi|fotografi|hiking|rekreasi_keluarga
780,Air Terjun Madakaripura Mahapatih Gajah Mada,"Air Terjun Madakaripura Mahapatih Gajah Mada di Mojokerto, Jawa Timur. Kawasan konservasi alam yang asri dan terlindungi dengan keanekaragaman flora dan fauna tropis endemik. Dilengkapi jalur trekking kayu yang tertata rapi, gazebo istirahat, pusat informasi lingkungan, dan toilet pengunjung.",Cagar Alam,Air Terjun,Mojokerto,25000,4.4,180.0,"{'lat': -7.463307, 'lng': 112.468114}",-7.463307,112.468114,Jawa Timur,alam,25000.0,4.4,1,1,1,1,0,1,0.8333,alam|edukasi|fotografi|hiking|rekreasi_keluarga
781,Gua Gong Pacitan Terindah Se-Asia Tenggara,"Gua Gong Pacitan Terindah Se-Asia Tenggara di Jember, Jawa Timur. Objek wisata alam dengan formasi tebing batuan alami, gua karst purba, serta telaga yang jernih dan tenang. Suasana alam yang tenang memberikan kesegaran pikiran bagi pengunjung yang mencintai ketenangan alam.",Cagar Alam,Gua,Jember,10000,4.8,150.0,"{'lat': -8.172856, 'lng': 113.710672}",-8.172856,113.710672,Jawa Timur,alam,10000.0,4.8,1,1,1,0,0,1,0.6667,edukasi|fotografi|hiking|rekreasi_keluarga
782,De Djawatan Benculuk Hutan Fangorn,"De Djawatan Benculuk Hutan Fangorn di Kota Malang, Jawa Timur. Objek wisata alam dengan formasi tebing batuan alami, gua karst purba, serta telaga yang jernih dan tenang. Suasana alam yang tenang memberikan kesegaran pikiran bagi pengunjung yang mencintai ketenangan alam.",Cagar Alam,Taman Nasional,Kota Malang,30000,4.5,90.0,"{'lat': -7.998117, 'lng': 112.666088}",-7.998117,112.666088,Jawa Timur,alam,30000.0,4.5,1,1,1,1,1,1,1.0,edukasi|fotografi|hiking|rekreasi_keluarga
783,Museum Angkut Kota Batu,"Museum Angkut Kota Batu di Banyuwangi, Jawa Timur. Destinasi wisata sejarah dan kearifan lokal yang memperlihatkan warisan peradaban masa lampau melalui koleksi artefak berharga. Tempat ideal untuk belajar mengenai perjuangan bangsa dan filosofi adat masyarakat.",Budaya,Museum,Banyuwangi,15000,4.2,60.0,"{'lat': -8.252315, 'lng': 114.402326}",-8.252315,114.402326,Jawa Timur,budaya,15000.0,4.2,1,1,1,1,0,1,0.8333,budaya|edukasi|fotografi|sejarah
784,Monumen Kapal Selam Monkasel Surabaya,"Monumen Kapal Selam Monkasel Surabaya di Jember, Jawa Timur. Destinasi wisata sejarah dan kearifan lokal yang memperlihatkan warisan peradaban masa lampau melalui koleksi artefak berharga. Tempat ideal untuk belajar mengenai perjuangan bangsa dan filosofi adat masyarakat.",Budaya,Situs Sejarah,Jember,5000,4.5,60.0,"{'lat': -8.195979, 'lng': 113.704703}",-8.195979,113.704703,Jawa Timur,budaya,5000.0,4.5,1,1,0,0,0,1,0.5,budaya|edukasi|fotografi|sejarah
785,Jembatan Suramadu Selat Madura,"Jembatan Suramadu Selat Madura di Kota Batu, Jawa Timur. Destinasi wisata sejarah dan kearifan lokal yang memperlihatkan warisan peradaban masa lampau melalui koleksi artefak berharga. Tempat ideal untuk belajar mengenai perjuangan bangsa dan filosofi adat masyarakat.",Budaya,Situs Sejarah,Kota Batu,10000,4.5,90.0,"{'lat': -7.834868, 'lng': 112.52641}",-7.834868,112.52641,Jawa Timur,budaya,10000.0,4.5,1,1,1,1,0,1,0.8333,budaya|edukasi|fotografi|sejarah
786,Situs Trowulan Ibu Kota Majapahit,"Situs Trowulan Ibu Kota Majapahit di Pacitan, Jawa Timur. Kompleks bangunan bersejarah dan desa adat yang mempertahankan adat istiadat turun-temurun dengan ramah. Wisatawan dapat menyaksikan kerajinan tangan tradisional dan berinteraksi langsung dengan warga setempat.",Budaya,Situs Sejarah,Pacitan,20000,4.9,120.0,"{'lat': -8.235643, 'lng': 111.089825}",-8.235643,111.089825,Jawa Timur,budaya,20000.0,4.9,1,1,1,1,0,1,0.8333,budaya|edukasi|fotografi|sejarah
787,Candi Penataran Blitar,"Candi Penataran Blitar di Pacitan, Jawa Timur. Kompleks bangunan bersejarah dan desa adat yang mempertahankan adat istiadat turun-temurun dengan ramah. Wisatawan dapat menyaksikan kerajinan tangan tradisional dan berinteraksi langsung dengan warga setempat.",Budaya,Candi,Pacitan,20000,4.7,120.0,"{'lat': -8.17397, 'lng': 111.131956}",-8.17397,111.131956,Jawa Timur,budaya,20000.0,4.7,1,1,1,1,0,1,0.8333,budaya|edukasi|fotografi|sejarah
788,Museum Rekor Dunia Trowulan,"Museum Rekor Dunia Trowulan di Kota Batu, Jawa Timur. Destinasi wisata sejarah dan kearifan lokal yang memperlihatkan warisan peradaban masa lampau melalui koleksi artefak berharga. Tempat ideal untuk belajar mengenai perjuangan bangsa dan filosofi adat masyarakat.",Budaya,Museum,Kota Batu,5000,4.8,60.0,"{'lat': -7.838648, 'lng': 112.51663}",-7.838648,112.51663,Jawa Timur,budaya,5000.0,4.8,1,1,1,0,0,1,0.6667,budaya|edukasi|fotografi|sejarah
789,Makam Proklamator Bung Karno Blitar,"Makam Proklamator Bung Karno Blitar di Kota Malang, Jawa Timur. Kompleks bangunan bersejarah dan desa adat yang mempertahankan adat istiadat turun-temurun dengan ramah. Wisatawan dapat menyaksikan kerajinan tangan tradisional dan berinteraksi langsung dengan warga setempat.",Budaya,Situs Sejarah,Kota Malang,10000,4.5,120.0,"{'lat': -8.010738, 'lng': 112.602236}",-8.010738,112.602236,Jawa Timur,budaya,10000.0,4.5,1,1,0,1,1,1,0.8333,budaya|edukasi|fotografi|sejarah
790,Jatim Park 1 Edukasi,"Jatim Park 1 Edukasi di Kota Surabaya, Jawa Timur. Destinasi hiburan terpadu dengan spot swafoto kekinian yang estetik, wahana edukasi anak, dan ruang terbuka hijau yang ramah keluarga. Menjadi tempat favorit untuk berekreasi bersama anak-anak di akhir pekan.",Taman Hiburan,Taman Rekreasi,Kota Surabaya,100000,4.9,120.0,"{'lat': -7.222962, 'lng': 112.750012}",-7.222962,112.750012,Jawa Timur,hiburan,100000.0,4.9,1,1,1,1,1,1,1.0,edukasi|fotografi|rekreasi_keluarga
791,Jatim Park 3 Dino Park,"Jatim Park 3 Dino Park di Banyuwangi, Jawa Timur. Kawasan rekreasi bertema dengan wahana pemacu adrenalin, kolam renang bergelombang, serta taman bermain anak yang aman. Dilengkapi staf pengawas keselamatan dan berbagai tenant kuliner lezat.",Taman Hiburan,Taman Rekreasi,Banyuwangi,50000,4.7,240.0,"{'lat': -8.241575, 'lng': 114.328463}",-8.241575,114.328463,Jawa Timur,hiburan,50000.0,4.7,1,1,1,1,1,1,1.0,edukasi|fotografi|rekreasi_keluarga
792,Batu Night Spectacular (BNS),"Batu Night Spectacular (BNS) di Kota Surabaya, Jawa Timur. Destinasi hiburan terpadu dengan spot swafoto kekinian yang estetik, wahana edukasi anak, dan ruang terbuka hijau yang ramah keluarga. Menjadi tempat favorit untuk berekreasi bersama anak-anak di akhir pekan.",Taman Hiburan,Taman Rekreasi,Kota Surabaya,75000,4.9,240.0,"{'lat': -7.270077, 'lng': 112.763784}",-7.270077,112.763784,Jawa Timur,hiburan,75000.0,4.9,1,1,1,1,1,1,1.0,edukasi|fotografi|rekreasi_keluarga
793,Selecta Taman Rekreasi Bunga Batu,"Selecta Taman Rekreasi Bunga Batu di Pacitan, Jawa Timur. Taman rekreasi modern keluarga yang menghadirkan beragam wahana permainan seru, atraksi air, serta pertunjukan tematik interaktif. Memiliki fasilitas lengkap seperti food court, musala yang nyaman, toilet bersih, dan area parkir luas.",Taman Hiburan,Taman Rekreasi,Pacitan,75000,4.4,180.0,"{'lat': -8.215673, 'lng': 111.070556}",-8.215673,111.070556,Jawa Timur,hiburan,75000.0,4.4,1,1,1,1,1,1,1.0,edukasi|fotografi|rekreasi_keluarga
794,Pasar Atom Surabaya,"Pasar Atom Surabaya di Mojokerto, Jawa Timur. Sentra kuliner dan suvenir ikonik yang menyediakan aneka buah tangan khas Nusantara berkualitas tinggi. Dilengkapi area parkir kendaraan wisata, gerai anjungan tunai mandiri (ATM), dan mushola.",Pusat Perbelanjaan,Pasar Tradisional,Mojokerto,0,4.2,60.0,"{'lat': -7.471261, 'lng': 112.467658}",-7.471261,112.467658,Jawa Timur,belanja,0.0,4.2,1,1,1,0,1,1,0.8333,belanja|budaya|kuliner
795,Sentra Oleh-Oleh Keripik Tempe Sanan Malang,"Sentra Oleh-Oleh Keripik Tempe Sanan Malang di Probolinggo, Jawa Timur. Pusat perbelanjaan dan pasar tradisional khas daerah yang menjual aneka kerajinan tangan, kain tenun atau batik, serta camilan oleh-oleh lokal. Tempat bertemunya tawar-menawar yang hangat dengan harga terjangkau.",Pusat Perbelanjaan,Sentra Kerajinan,Probolinggo,0,4.6,60.0,"{'lat': -7.74051, 'lng': 113.189563}",-7.74051,113.189563,Jawa Timur,belanja,0.0,4.6,1,1,1,1,1,1,1.0,belanja|budaya|kuliner
796,Pasar Wisata Songgoriti,"Pasar Wisata Songgoriti di Pasuruan, Jawa Timur. Pusat perbelanjaan dan pasar tradisional khas daerah yang menjual aneka kerajinan tangan, kain tenun atau batik, serta camilan oleh-oleh lokal. Tempat bertemunya tawar-menawar yang hangat dengan harga terjangkau.",Pusat Perbelanjaan,Pasar Tradisional,Pasuruan,0,4.5,60.0,"{'lat': -7.633392, 'lng': 112.878979}",-7.633392,112.878979,Jawa Timur,belanja,0.0,4.5,1,1,1,1,1,1,1.0,belanja|budaya|kuliner
797,Pusat Kerajinan Kulit Tanggulangin Sidoarjo,"Pusat Kerajinan Kulit Tanggulangin Sidoarjo di Pacitan, Jawa Timur. Kawasan pertokoan dan pasar seni yang menyajikan ragam cinderamata unik karya perajin lokal dari berbagai penjuru daerah. Selalu ramai dikunjungi wisatawan yang ingin membawa kenang-kenangan autentik.",Pusat Perbelanjaan,Pasar Tradisional,Pacitan,0,4.5,120.0,"{'lat': -8.204729, 'lng': 111.089574}",-8.204729,111.089574,Jawa Timur,belanja,0.0,4.5,1,1,1,0,1,0,0.6667,belanja|budaya|kuliner
798,Masjid Nasional Al-Akbar Surabaya,"Masjid Nasional Al-Akbar Surabaya di Banyuwangi, Jawa Timur. Ikon wisata religi yang terkenal dengan kedamaian suasananya, toleransi antarwarga, serta kubah atau menara yang menjulang indah. Menjadi tempat ziarah sekaligus edukasi spiritual bagi masyarakat luas.",Tempat Ibadah,Masjid,Banyuwangi,0,4.4,90.0,"{'lat': -8.229192, 'lng': 114.356533}",-8.229192,114.356533,Jawa Timur,religi,0.0,4.4,1,1,0,1,1,0,0.6667,budaya|religi|sejarah
799,Masjid Tiban Turen Malang Arsitektur Unik,"Masjid Tiban Turen Malang Arsitektur Unik di Kota Batu, Jawa Timur. Bangunan keagamaan bersejarah dengan arsitektur megah dan penuh nilai filosofis spiritual tinggi. Menyediakan sarana ibadah yang bersih dan khusyuk, pelataran yang teduh dan asri, serta toilet wudhu yang terawat.",Tempat Ibadah,Masjid,Kota Batu,0,4.9,60.0,"{'lat': -7.835514, 'lng': 112.541481}",-7.835514,112.541481,Jawa Timur,religi,0.0,4.9,1,1,0,1,1,1,0.8333,budaya|religi|sejarah
800,Gereja Kelahiran Santa Perawan Maria Kepanjen,"Gereja Kelahiran Santa Perawan Maria Kepanjen di Blitar, Jawa Timur. Ikon wisata religi yang terkenal dengan kedamaian suasananya, toleransi antarwarga, serta kubah atau menara yang menjulang indah. Menjadi tempat ziarah sekaligus edukasi spiritual bagi masyarakat luas.",Tempat Ibadah,Gereja,Blitar,0,4.6,60.0,"{'lat': -8.061952, 'lng': 112.153202}",-8.061952,112.153202,Jawa Timur,religi,0.0,4.6,1,1,1,1,1,1,1.0,budaya|religi|sejarah
801,Pantai Kuta Badung,"Pantai Kuta Badung di Kota Denpasar, Bali. Kawasan pantai dengan keindahan garis pantai memanjang, batuan karang yang menawan, serta angin sepoi-sepoi yang menyegarkan. Sangat cocok untuk aktivitas rekreasi, jalan santai di tepi air, dan piknik sore hari.",Pantai,Pantai,Kota Denpasar,25000,4.9,180.0,"{'lat': -8.630975, 'lng': 115.225951}",-8.630975,115.225951,Bali,bahari,25000.0,4.9,1,1,1,1,0,0,0.6667,berenang|fotografi|kuliner|pantai|rekreasi_keluarga
802,Pantai Pandawa Tebing Kapur,"Pantai Pandawa Tebing Kapur di Badung, Bali. Pantai eksotis dengan air laut jernih dan deretan pohon kelapa yang rindang. Menjadi lokasi favorit wisatawan untuk bersantai, bermain air bersama keluarga, berswafoto, serta menikmati kelapa muda segar di tepi pantai.",Pantai,Pantai,Badung,5000,4.6,120.0,"{'lat': -8.620094, 'lng': 115.197541}",-8.620094,115.197541,Bali,bahari,5000.0,4.6,1,1,1,1,1,0,0.8333,berenang|fotografi|kuliner|pantai|rekreasi_keluarga
803,Pantai Sanur Sunrise,"Pantai Sanur Sunrise di Buleleng, Bali. Pantai eksotis dengan air laut jernih dan deretan pohon kelapa yang rindang. Menjadi lokasi favorit wisatawan untuk bersantai, bermain air bersama keluarga, berswafoto, serta menikmati kelapa muda segar di tepi pantai.",Pantai,Pantai,Buleleng,25000,4.5,150.0,"{'lat': -8.128109, 'lng': 115.069409}",-8.128109,115.069409,Bali,bahari,25000.0,4.5,1,1,1,1,0,0,0.6667,berenang|fotografi|kuliner|pantai|rekreasi_keluarga
804,Pantai Seminyak Sunset,"Pantai Seminyak Sunset di Bangli, Bali. Pantai eksotis dengan air laut jernih dan deretan pohon kelapa yang rindang. Menjadi lokasi favorit wisatawan untuk bersantai, bermain air bersama keluarga, berswafoto, serta menikmati kelapa muda segar di tepi pantai.",Pantai,Pantai,Bangli,5000,4.8,150.0,"{'lat': -8.422044, 'lng': 115.364165}",-8.422044,115.364165,Bali,bahari,5000.0,4.8,1,1,1,1,0,1,0.8333,berenang|fotografi|kuliner|pantai|rekreasi_keluarga
805,Pantai Melasti Ungasan,"Pantai Melasti Ungasan di Jembrana, Bali. Kawasan pantai dengan keindahan garis pantai memanjang, batuan karang yang menawan, serta angin sepoi-sepoi yang menyegarkan. Sangat cocok untuk aktivitas rekreasi, jalan santai di tepi air, dan piknik sore hari.",Pantai,Pantai,Jembrana,15000,4.8,150.0,"{'lat': -8.264528, 'lng': 114.699376}",-8.264528,114.699376,Bali,bahari,15000.0,4.8,1,1,1,1,1,0,0.8333,berenang|fotografi|kuliner|pantai|rekreasi_keluarga
806,Pantai Dreamland Tebing,"Pantai Dreamland Tebing di Badung, Bali. Kawasan pantai dengan keindahan garis pantai memanjang, batuan karang yang menawan, serta angin sepoi-sepoi yang menyegarkan. Sangat cocok untuk aktivitas rekreasi, jalan santai di tepi air, dan piknik sore hari.",Pantai,Pantai,Badung,15000,4.6,240.0,"{'lat': -8.593474, 'lng': 115.166072}",-8.593474,115.166072,Bali,bahari,15000.0,4.6,1,1,1,1,0,1,0.8333,berenang|fotografi|kuliner|pantai|rekreasi_keluarga
807,Pantai Jimbaran Seafood,"Pantai Jimbaran Seafood di Gianyar, Bali. Kawasan pantai dengan keindahan garis pantai memanjang, batuan karang yang menawan, serta angin sepoi-sepoi yang menyegarkan. Sangat cocok untuk aktivitas rekreasi, jalan santai di tepi air, dan piknik sore hari.",Pantai,Pantai,Gianyar,20000,4.6,150.0,"{'lat': -8.537762, 'lng': 115.372708}",-8.537762,115.372708,Bali,bahari,20000.0,4.6,1,1,1,1,1,0,0.8333,berenang|fotografi|kuliner|pantai|rekreasi_keluarga
808,Pantai Lovina Lumba-Lumba,"Pantai Lovina Lumba-Lumba di Karangasem, Bali. Destinasi wisata pesisir dengan hamparan pasir bersih, deburan ombak yang menenangkan, serta panorama matahari terbenam yang memukau. Dilengkapi fasilitas warung makan seafood lokal, area parkir, toilet umum, dan persewaan payung pantai.",Pantai,Pantai,Karangasem,25000,4.3,150.0,"{'lat': -8.418286, 'lng': 115.587865}",-8.418286,115.587865,Bali,bahari,25000.0,4.3,1,1,1,1,0,1,0.8333,berenang|fotografi|kuliner|pantai|rekreasi_keluarga
809,Pantai Padang Padang Uluwatu,"Pantai Padang Padang Uluwatu di Kota Denpasar, Bali. Destinasi wisata pesisir dengan hamparan pasir bersih, deburan ombak yang menenangkan, serta panorama matahari terbenam yang memukau. Dilengkapi fasilitas warung makan seafood lokal, area parkir, toilet umum, dan persewaan payung pantai.",Pantai,Pantai,Kota Denpasar,25000,4.8,120.0,"{'lat': -8.668476, 'lng': 115.199433}",-8.668476,115.199433,Bali,bahari,25000.0,4.8,1,1,1,1,0,1,0.8333,berenang|fotografi|kuliner|pantai|rekreasi_keluarga
810,Pantai Nusa Dua Pasir Putih,"Pantai Nusa Dua Pasir Putih di Kota Denpasar, Bali. Destinasi wisata pesisir dengan hamparan pasir bersih, deburan ombak yang menenangkan, serta panorama matahari terbenam yang memukau. Dilengkapi fasilitas warung makan seafood lokal, area parkir, toilet umum, dan persewaan payung pantai.",Pantai,Pantai,Kota Denpasar,30000,4.4,150.0,"{'lat': -8.677339, 'lng': 115.217065}",-8.677339,115.217065,Bali,bahari,30000.0,4.4,1,1,1,1,1,0,0.8333,berenang|fotografi|kuliner|pantai|rekreasi_keluarga
811,Pantai Virgin Beach Karangasem,"Pantai Virgin Beach Karangasem di Buleleng, Bali. Kawasan pantai dengan keindahan garis pantai memanjang, batuan karang yang menawan, serta angin sepoi-sepoi yang menyegarkan. Sangat cocok untuk aktivitas rekreasi, jalan santai di tepi air, dan piknik sore hari.",Pantai,Pantai,Buleleng,15000,4.6,240.0,"{'lat': -8.117453, 'lng': 115.109124}",-8.117453,115.109124,Bali,bahari,15000.0,4.6,1,1,1,1,1,0,0.8333,bahari|berenang|fotografi|kuliner|pantai|rekreasi_keluarga|snorkeling
812,Pantai Amed Snorkeling Bawah Laut,"Pantai Amed Snorkeling Bawah Laut di Jembrana, Bali. Kawasan pantai dengan keindahan garis pantai memanjang, batuan karang yang menawan, serta angin sepoi-sepoi yang menyegarkan. Sangat cocok untuk aktivitas rekreasi, jalan santai di tepi air, dan piknik sore hari.",Pantai,Pantai,Jembrana,15000,4.9,120.0,"{'lat': -8.276702, 'lng': 114.639022}",-8.276702,114.639022,Bali,bahari,15000.0,4.9,1,1,1,1,1,0,0.8333,bahari|berenang|fotografi|kuliner|pantai|rekreasi_keluarga|snorkeling
813,Pantai Balangan Badung,"Pantai Balangan Badung di Bangli, Bali. Destinasi wisata pesisir dengan hamparan pasir bersih, deburan ombak yang menenangkan, serta panorama matahari terbenam yang memukau. Dilengkapi fasilitas warung makan seafood lokal, area parkir, toilet umum, dan persewaan payung pantai.",Pantai,Pantai,Bangli,30000,4.5,120.0,"{'lat': -8.47565, 'lng': 115.382543}",-8.47565,115.382543,Bali,bahari,30000.0,4.5,1,1,1,1,1,0,0.8333,berenang|fotografi|kuliner|pantai|rekreasi_keluarga
814,Pantai Suluban Blue Point,"Pantai Suluban Blue Point di Gianyar, Bali. Pantai eksotis dengan air laut jernih dan deretan pohon kelapa yang rindang. Menjadi lokasi favorit wisatawan untuk bersantai, bermain air bersama keluarga, berswafoto, serta menikmati kelapa muda segar di tepi pantai.",Pantai,Pantai,Gianyar,15000,4.9,240.0,"{'lat': -8.49565, 'lng': 115.341211}",-8.49565,115.341211,Bali,bahari,15000.0,4.9,1,1,1,1,1,0,0.8333,berenang|fotografi|kuliner|pantai|rekreasi_keluarga
815,Gunung Batur Kintamani Sunrise,"Gunung Batur Kintamani Sunrise di Tabanan, Bali. Destinasi wisata pegunungan berhawa sejuk dengan jalur pendakian yang menantang dan panorama lautan awan yang spektakuler saat fajar. Tersedia pos peristirahatan, warung logistik pendaki, area perkemahan, dan pemandu lokal.",Gunung,Gunung,Tabanan,35000,4.2,300.0,"{'lat': -8.51776, 'lng': 115.086267}",-8.51776,115.086267,Bali,alam,35000.0,4.2,1,1,1,1,0,0,0.6667,camping|fotografi|gunung|hiking
816,Gunung Agung Puncak Tertinggi Bali,"Gunung Agung Puncak Tertinggi Bali di Jembrana, Bali. Puncak bukit dan pegunungan dengan pemandangan lanskap hijau membentang sejauh mata memandang. Menawarkan pengalaman menikmati golden sunrise, udara bersih bebas polusi, dan spot foto alam yang memesona.",Gunung,Gunung,Jembrana,10000,4.6,300.0,"{'lat': -8.284537, 'lng': 114.655291}",-8.284537,114.655291,Bali,alam,10000.0,4.6,1,1,1,1,1,0,0.8333,camping|fotografi|gunung|hiking
817,Gunung Abang Bangli,"Gunung Abang Bangli di Tabanan, Bali. Destinasi wisata pegunungan berhawa sejuk dengan jalur pendakian yang menantang dan panorama lautan awan yang spektakuler saat fajar. Tersedia pos peristirahatan, warung logistik pendaki, area perkemahan, dan pemandu lokal.",Gunung,Gunung,Tabanan,10000,4.5,240.0,"{'lat': -8.549967, 'lng': 115.127816}",-8.549967,115.127816,Bali,alam,10000.0,4.5,1,1,1,1,0,0,0.6667,camping|fotografi|gunung|hiking
818,Gunung Batukaru Tabanan,"Gunung Batukaru Tabanan di Jembrana, Bali. Destinasi wisata pegunungan berhawa sejuk dengan jalur pendakian yang menantang dan panorama lautan awan yang spektakuler saat fajar. Tersedia pos peristirahatan, warung logistik pendaki, area perkemahan, dan pemandu lokal.",Gunung,Gunung,Jembrana,20000,4.6,300.0,"{'lat': -8.314703, 'lng': 114.6943}",-8.314703,114.6943,Bali,alam,20000.0,4.6,1,1,1,1,0,0,0.6667,camping|fotografi|gunung|hiking
819,Bukit Campuhan Ubud Ridge Walk,"Bukit Campuhan Ubud Ridge Walk di Bangli, Bali. Destinasi wisata pegunungan berhawa sejuk dengan jalur pendakian yang menantang dan panorama lautan awan yang spektakuler saat fajar. Tersedia pos peristirahatan, warung logistik pendaki, area perkemahan, dan pemandu lokal.",Gunung,Perbukitan,Bangli,25000,4.8,300.0,"{'lat': -8.479044, 'lng': 115.332513}",-8.479044,115.332513,Bali,alam,25000.0,4.8,1,1,1,0,0,0,0.5,camping|fotografi|gunung|hiking
820,Bukit Asah Karangasem Laut,"Bukit Asah Karangasem Laut di Buleleng, Bali. Puncak bukit dan pegunungan dengan pemandangan lanskap hijau membentang sejauh mata memandang. Menawarkan pengalaman menikmati golden sunrise, udara bersih bebas polusi, dan spot foto alam yang memesona.",Gunung,Perbukitan,Buleleng,35000,4.3,360.0,"{'lat': -8.141627, 'lng': 115.115065}",-8.141627,115.115065,Bali,alam,35000.0,4.3,1,1,1,1,0,0,0.6667,bahari|camping|fotografi|gunung|hiking|snorkeling
821,Puncak Wanagiri Hidden Hill,"Puncak Wanagiri Hidden Hill di Klungkung, Bali. Puncak bukit dan pegunungan dengan pemandangan lanskap hijau membentang sejauh mata memandang. Menawarkan pengalaman menikmati golden sunrise, udara bersih bebas polusi, dan spot foto alam yang memesona.",Gunung,Perbukitan,Klungkung,50000,4.7,240.0,"{'lat': -8.57191, 'lng': 115.387857}",-8.57191,115.387857,Bali,alam,50000.0,4.7,1,1,1,1,0,1,0.8333,camping|fotografi|gunung|hiking
822,Bukit Teletubbies Nusa Penida,"Bukit Teletubbies Nusa Penida di Kota Denpasar, Bali. Destinasi wisata pegunungan berhawa sejuk dengan jalur pendakian yang menantang dan panorama lautan awan yang spektakuler saat fajar. Tersedia pos peristirahatan, warung logistik pendaki, area perkemahan, dan pemandu lokal.",Gunung,Perbukitan,Kota Denpasar,10000,4.3,240.0,"{'lat': -8.683136, 'lng': 115.229392}",-8.683136,115.229392,Bali,alam,10000.0,4.3,1,1,1,1,0,0,0.6667,camping|fotografi|gunung|hiking
823,Gunung Catur Bedugul,"Gunung Catur Bedugul di Badung, Bali. Destinasi wisata pegunungan berhawa sejuk dengan jalur pendakian yang menantang dan panorama lautan awan yang spektakuler saat fajar. Tersedia pos peristirahatan, warung logistik pendaki, area perkemahan, dan pemandu lokal.",Gunung,Gunung,Badung,10000,4.8,180.0,"{'lat': -8.613272, 'lng': 115.153717}",-8.613272,115.153717,Bali,alam,10000.0,4.8,1,1,1,0,0,0,0.5,camping|fotografi|gunung|hiking
824,Bukit Cinta Karangasem,"Bukit Cinta Karangasem di Buleleng, Bali. Destinasi wisata pegunungan berhawa sejuk dengan jalur pendakian yang menantang dan panorama lautan awan yang spektakuler saat fajar. Tersedia pos peristirahatan, warung logistik pendaki, area perkemahan, dan pemandu lokal.",Gunung,Perbukitan,Buleleng,50000,4.2,360.0,"{'lat': -8.140992, 'lng': 115.045923}",-8.140992,115.045923,Bali,alam,50000.0,4.2,1,1,1,1,0,0,0.6667,bahari|camping|fotografi|gunung|hiking|snorkeling
825,Tegallalang Rice Terrace Subak,"Tegallalang Rice Terrace Subak di Tabanan, Bali. Kawasan konservasi alam yang asri dan terlindungi dengan keanekaragaman flora dan fauna tropis endemik. Dilengkapi jalur trekking kayu yang tertata rapi, gazebo istirahat, pusat informasi lingkungan, dan toilet pengunjung.",Cagar Alam,Taman Nasional,Tabanan,10000,4.5,120.0,"{'lat': -8.572478, 'lng': 115.08442}",-8.572478,115.08442,Bali,alam,10000.0,4.5,1,1,1,1,0,1,0.8333,edukasi|fotografi|hiking|rekreasi_keluarga
826,Nusa Penida Kelingking Beach,"Nusa Penida Kelingking Beach di Gianyar, Bali. Kawasan konservasi alam yang asri dan terlindungi dengan keanekaragaman flora dan fauna tropis endemik. Dilengkapi jalur trekking kayu yang tertata rapi, gazebo istirahat, pusat informasi lingkungan, dan toilet pengunjung.",Cagar Alam,Taman Nasional,Gianyar,20000,4.7,150.0,"{'lat': -8.561655, 'lng': 115.352996}",-8.561655,115.352996,Bali,alam,20000.0,4.7,1,1,1,1,1,1,1.0,edukasi|fotografi|hiking|rekreasi_keluarga
827,Danau Beratan Bedugul,"Danau Beratan Bedugul di Karangasem, Bali. Objek wisata alam dengan formasi tebing batuan alami, gua karst purba, serta telaga yang jernih dan tenang. Suasana alam yang tenang memberikan kesegaran pikiran bagi pengunjung yang mencintai ketenangan alam.",Cagar Alam,Danau,Karangasem,10000,4.3,90.0,"{'lat': -8.440963, 'lng': 115.617093}",-8.440963,115.617093,Bali,alam,10000.0,4.3,1,1,1,0,0,1,0.6667,alam|edukasi|fotografi|hiking|rekreasi_keluarga
828,Air Terjun Gitgit Buleleng,"Air Terjun Gitgit Buleleng di Gianyar, Bali. Kawasan konservasi alam yang asri dan terlindungi dengan keanekaragaman flora dan fauna tropis endemik. Dilengkapi jalur trekking kayu yang tertata rapi, gazebo istirahat, pusat informasi lingkungan, dan toilet pengunjung.",Cagar Alam,Air Terjun,Gianyar,30000,4.2,90.0,"{'lat': -8.550751, 'lng': 115.365433}",-8.550751,115.365433,Bali,alam,30000.0,4.2,1,1,1,1,1,1,1.0,alam|edukasi|fotografi|hiking|rekreasi_keluarga
829,Air Terjun Sekumpul Buleleng,"Air Terjun Sekumpul Buleleng di Karangasem, Bali. Kawasan konservasi alam yang asri dan terlindungi dengan keanekaragaman flora dan fauna tropis endemik. Dilengkapi jalur trekking kayu yang tertata rapi, gazebo istirahat, pusat informasi lingkungan, dan toilet pengunjung.",Cagar Alam,Air Terjun,Karangasem,15000,4.9,90.0,"{'lat': -8.452023, 'lng': 115.632551}",-8.452023,115.632551,Bali,alam,15000.0,4.9,1,1,1,1,1,1,1.0,alam|edukasi|fotografi|hiking|rekreasi_keluarga
830,Air Terjun Tegenungan Gianyar,"Air Terjun Tegenungan Gianyar di Bangli, Bali. Kawasan konservasi alam yang asri dan terlindungi dengan keanekaragaman flora dan fauna tropis endemik. Dilengkapi jalur trekking kayu yang tertata rapi, gazebo istirahat, pusat informasi lingkungan, dan toilet pengunjung.",Cagar Alam,Air Terjun,Bangli,25000,4.3,150.0,"{'lat': -8.456073, 'lng': 115.35114}",-8.456073,115.35114,Bali,alam,25000.0,4.3,1,1,1,1,0,1,0.8333,alam|edukasi|fotografi|hiking|rekreasi_keluarga
831,Danau Batur Kintamani,"Danau Batur Kintamani di Kota Denpasar, Bali. Wisata alam edukatif berbalut udara segar hutan tropis, aliran sungai yang jernih, serta air terjun bertingkat yang menyejukkan. Pilihan utama untuk riset keanekaragaman hayati dan ekowisata ramah lingkungan.",Cagar Alam,Danau,Kota Denpasar,20000,4.2,90.0,"{'lat': -8.670835, 'lng': 115.2015}",-8.670835,115.2015,Bali,alam,20000.0,4.2,1,1,1,1,0,1,0.8333,alam|edukasi|fotografi|hiking|rekreasi_keluarga
832,Hutan Monyet Ubud (Monkey Forest),"Hutan Monyet Ubud (Monkey Forest) di Buleleng, Bali. Wisata alam edukatif berbalut udara segar hutan tropis, aliran sungai yang jernih, serta air terjun bertingkat yang menyejukkan. Pilihan utama untuk riset keanekaragaman hayati dan ekowisata ramah lingkungan.",Cagar Alam,Taman Nasional,Buleleng,25000,4.5,180.0,"{'lat': -8.120144, 'lng': 115.102194}",-8.120144,115.102194,Bali,alam,25000.0,4.5,1,1,1,1,0,1,0.8333,edukasi|fotografi|hiking|rekreasi_keluarga
833,Pura Luhur Uluwatu Tari Kecak,"Pura Luhur Uluwatu Tari Kecak di Gianyar, Bali. Situs cagar budaya bersejarah yang sarat dengan nilai tradisi leluhur, arsitektur arca dan bangunan tradisional yang otentik. Dilengkapi pemandu wisata budaya, museum informasi sejarah, dan pertunjukan seni berkala.",Budaya,Situs Sejarah,Gianyar,20000,4.7,60.0,"{'lat': -8.504758, 'lng': 115.36488}",-8.504758,115.36488,Bali,budaya,20000.0,4.7,1,1,1,1,0,1,0.8333,budaya|edukasi|fotografi|sejarah
834,Pura Tanah Lot Pulau Karang,"Pura Tanah Lot Pulau Karang di Badung, Bali. Destinasi wisata sejarah dan kearifan lokal yang memperlihatkan warisan peradaban masa lampau melalui koleksi artefak berharga. Tempat ideal untuk belajar mengenai perjuangan bangsa dan filosofi adat masyarakat.",Budaya,Situs Sejarah,Badung,5000,4.3,60.0,"{'lat': -8.588255, 'lng': 115.195984}",-8.588255,115.195984,Bali,budaya,5000.0,4.3,1,1,1,1,0,1,0.8333,bahari|budaya|edukasi|fotografi|sejarah|snorkeling
835,Desa Adat Penglipuran Terbersih,"Desa Adat Penglipuran Terbersih di Klungkung, Bali. Destinasi wisata sejarah dan kearifan lokal yang memperlihatkan warisan peradaban masa lampau melalui koleksi artefak berharga. Tempat ideal untuk belajar mengenai perjuangan bangsa dan filosofi adat masyarakat.",Budaya,Desa Adat,Klungkung,5000,4.7,60.0,"{'lat': -8.499277, 'lng': 115.438228}",-8.499277,115.438228,Bali,budaya,5000.0,4.7,1,1,0,1,0,1,0.6667,budaya|edukasi|fotografi|sejarah
836,Pura Tirta Empul Tampaksiring,"Pura Tirta Empul Tampaksiring di Karangasem, Bali. Kompleks bangunan bersejarah dan desa adat yang mempertahankan adat istiadat turun-temurun dengan ramah. Wisatawan dapat menyaksikan kerajinan tangan tradisional dan berinteraksi langsung dengan warga setempat.",Budaya,Situs Sejarah,Karangasem,20000,4.6,120.0,"{'lat': -8.47137, 'lng': 115.610676}",-8.47137,115.610676,Bali,budaya,20000.0,4.6,1,1,1,1,1,1,1.0,budaya|edukasi|fotografi|sejarah
837,Pura Taman Ayun Mengwi,"Pura Taman Ayun Mengwi di Jembrana, Bali. Kompleks bangunan bersejarah dan desa adat yang mempertahankan adat istiadat turun-temurun dengan ramah. Wisatawan dapat menyaksikan kerajinan tangan tradisional dan berinteraksi langsung dengan warga setempat.",Budaya,Situs Sejarah,Jembrana,25000,4.8,90.0,"{'lat': -8.264542, 'lng': 114.655188}",-8.264542,114.655188,Bali,budaya,25000.0,4.8,1,1,0,1,0,1,0.6667,budaya|edukasi|fotografi|sejarah
838,Garuda Wisnu Kencana (GWK) Cultural Park,"Garuda Wisnu Kencana (GWK) Cultural Park di Kota Denpasar, Bali. Kompleks bangunan bersejarah dan desa adat yang mempertahankan adat istiadat turun-temurun dengan ramah. Wisatawan dapat menyaksikan kerajinan tangan tradisional dan berinteraksi langsung dengan warga setempat.",Budaya,Situs Sejarah,Kota Denpasar,10000,4.2,60.0,"{'lat': -8.690445, 'lng': 115.212382}",-8.690445,115.212382,Bali,budaya,10000.0,4.2,1,1,0,0,1,1,0.6667,budaya|edukasi|fotografi|sejarah
839,Istana Kerajaan Klungkung Kertagosa,"Istana Kerajaan Klungkung Kertagosa di Karangasem, Bali. Kompleks bangunan bersejarah dan desa adat yang mempertahankan adat istiadat turun-temurun dengan ramah. Wisatawan dapat menyaksikan kerajinan tangan tradisional dan berinteraksi langsung dengan warga setempat.",Budaya,Keraton,Karangasem,15000,4.4,90.0,"{'lat': -8.412234, 'lng': 115.607311}",-8.412234,115.607311,Bali,budaya,15000.0,4.4,1,1,1,1,1,1,1.0,budaya|edukasi|fotografi|sejarah
840,Waterbom Bali Kuta,"Waterbom Bali Kuta di Kota Denpasar, Bali. Kawasan rekreasi bertema dengan wahana pemacu adrenalin, kolam renang bergelombang, serta taman bermain anak yang aman. Dilengkapi staf pengawas keselamatan dan berbagai tenant kuliner lezat.",Taman Hiburan,Waterpark,Kota Denpasar,100000,4.5,180.0,"{'lat': -8.668904, 'lng': 115.211975}",-8.668904,115.211975,Bali,hiburan,100000.0,4.5,1,1,1,1,1,1,1.0,edukasi|fotografi|rekreasi_keluarga
841,Bali Safari & Marine Park Gianyar,"Bali Safari & Marine Park Gianyar di Bangli, Bali. Taman rekreasi modern keluarga yang menghadirkan beragam wahana permainan seru, atraksi air, serta pertunjukan tematik interaktif. Memiliki fasilitas lengkap seperti food court, musala yang nyaman, toilet bersih, dan area parkir luas.",Taman Hiburan,Taman Rekreasi,Bangli,150000,4.7,120.0,"{'lat': -8.450168, 'lng': 115.350384}",-8.450168,115.350384,Bali,hiburan,150000.0,4.7,1,1,1,1,1,1,1.0,edukasi|fotografi|rekreasi_keluarga
842,Bali Zoo Sukawati,"Bali Zoo Sukawati di Badung, Bali. Destinasi hiburan terpadu dengan spot swafoto kekinian yang estetik, wahana edukasi anak, dan ruang terbuka hijau yang ramah keluarga. Menjadi tempat favorit untuk berekreasi bersama anak-anak di akhir pekan.",Taman Hiburan,Taman Rekreasi,Badung,35000,4.8,240.0,"{'lat': -8.544043, 'lng': 115.21371}",-8.544043,115.21371,Bali,hiburan,35000.0,4.8,1,1,1,1,1,1,1.0,edukasi|fotografi|rekreasi_keluarga
843,Finns Beach Club Canggu,"Finns Beach Club Canggu di Jembrana, Bali. Kawasan rekreasi bertema dengan wahana pemacu adrenalin, kolam renang bergelombang, serta taman bermain anak yang aman. Dilengkapi staf pengawas keselamatan dan berbagai tenant kuliner lezat.",Taman Hiburan,Taman Rekreasi,Jembrana,35000,4.2,150.0,"{'lat': -8.27177, 'lng': 114.662104}",-8.27177,114.662104,Bali,hiburan,35000.0,4.2,1,1,1,1,1,1,1.0,edukasi|fotografi|rekreasi_keluarga
844,Pasar Seni Ubud Gianyar,"Pasar Seni Ubud Gianyar di Karangasem, Bali. Sentra kuliner dan suvenir ikonik yang menyediakan aneka buah tangan khas Nusantara berkualitas tinggi. Dilengkapi area parkir kendaraan wisata, gerai anjungan tunai mandiri (ATM), dan mushola.",Pusat Perbelanjaan,Pasar Tradisional,Karangasem,0,4.4,90.0,"{'lat': -8.437247, 'lng': 115.639051}",-8.437247,115.639051,Bali,belanja,0.0,4.4,1,1,1,0,1,1,0.8333,belanja|budaya|kuliner
845,Pasar Seni Sukawati Gianyar,"Pasar Seni Sukawati Gianyar di Badung, Bali. Kawasan pertokoan dan pasar seni yang menyajikan ragam cinderamata unik karya perajin lokal dari berbagai penjuru daerah. Selalu ramai dikunjungi wisatawan yang ingin membawa kenang-kenangan autentik.",Pusat Perbelanjaan,Pasar Tradisional,Badung,0,4.9,120.0,"{'lat': -8.584304, 'lng': 115.152051}",-8.584304,115.152051,Bali,belanja,0.0,4.9,1,1,1,1,1,1,1.0,belanja|budaya|kuliner
846,Krisna Oleh-Oleh Khas Bali Tuban,"Krisna Oleh-Oleh Khas Bali Tuban di Bangli, Bali. Sentra kuliner dan suvenir ikonik yang menyediakan aneka buah tangan khas Nusantara berkualitas tinggi. Dilengkapi area parkir kendaraan wisata, gerai anjungan tunai mandiri (ATM), dan mushola.",Pusat Perbelanjaan,Pasar Tradisional,Bangli,0,4.2,90.0,"{'lat': -8.451927, 'lng': 115.378348}",-8.451927,115.378348,Bali,belanja,0.0,4.2,1,1,1,1,1,1,1.0,belanja|budaya|kuliner
847,Pasar Seni Kumbasari Denpasar,"Pasar Seni Kumbasari Denpasar di Karangasem, Bali. Pusat perbelanjaan dan pasar tradisional khas daerah yang menjual aneka kerajinan tangan, kain tenun atau batik, serta camilan oleh-oleh lokal. Tempat bertemunya tawar-menawar yang hangat dengan harga terjangkau.",Pusat Perbelanjaan,Pasar Tradisional,Karangasem,0,4.6,90.0,"{'lat': -8.440645, 'lng': 115.604921}",-8.440645,115.604921,Bali,belanja,0.0,4.6,1,1,1,0,1,0,0.6667,belanja|budaya|kuliner
848,Pura Agung Besakih Mother Temple,"Pura Agung Besakih Mother Temple di Karangasem, Bali. Ikon wisata religi yang terkenal dengan kedamaian suasananya, toleransi antarwarga, serta kubah atau menara yang menjulang indah. Menjadi tempat ziarah sekaligus edukasi spiritual bagi masyarakat luas.",Tempat Ibadah,Pura,Karangasem,0,4.2,90.0,"{'lat': -8.423045, 'lng': 115.60461}",-8.423045,115.60461,Bali,religi,0.0,4.2,1,1,1,1,1,0,0.8333,budaya|religi|sejarah
849,Pura Ulun Danu Beratan,"Pura Ulun Danu Beratan di Karangasem, Bali. Bangunan keagamaan bersejarah dengan arsitektur megah dan penuh nilai filosofis spiritual tinggi. Menyediakan sarana ibadah yang bersih dan khusyuk, pelataran yang teduh dan asri, serta toilet wudhu yang terawat.",Tempat Ibadah,Pura,Karangasem,0,4.2,90.0,"{'lat': -8.410644, 'lng': 115.609654}",-8.410644,115.609654,Bali,religi,0.0,4.2,1,1,0,1,1,1,0.8333,budaya|religi|sejarah
850,Pura Lempuyang Luhur Gates of Heaven,"Pura Lempuyang Luhur Gates of Heaven di Gianyar, Bali. Bangunan keagamaan bersejarah dengan arsitektur megah dan penuh nilai filosofis spiritual tinggi. Menyediakan sarana ibadah yang bersih dan khusyuk, pelataran yang teduh dan asri, serta toilet wudhu yang terawat.",Tempat Ibadah,Pura,Gianyar,0,4.3,60.0,"{'lat': -8.525897, 'lng': 115.366131}",-8.525897,115.366131,Bali,religi,0.0,4.3,1,1,1,1,1,0,0.8333,budaya|religi|sejarah
851,Pantai Senggigi Lombok Barat,"Pantai Senggigi Lombok Barat di Kota Bima, Nusa Tenggara Barat. Destinasi wisata pesisir dengan hamparan pasir bersih, deburan ombak yang menenangkan, serta panorama matahari terbenam yang memukau. Dilengkapi fasilitas warung makan seafood lokal, area parkir, toilet umum, dan persewaan payung pantai.",Pantai,Pantai,Kota Bima,20000,4.8,180.0,"{'lat': -8.463911, 'lng': 118.730173}",-8.463911,118.730173,Nusa Tenggara Barat,bahari,20000.0,4.8,1,1,1,1,1,1,1.0,berenang|fotografi|kuliner|pantai|rekreasi_keluarga
852,Pantai Kuta Mandalika Lombok Tengah,"Pantai Kuta Mandalika Lombok Tengah di Sumbawa Barat, Nusa Tenggara Barat. Pantai eksotis dengan air laut jernih dan deretan pohon kelapa yang rindang. Menjadi lokasi favorit wisatawan untuk bersantai, bermain air bersama keluarga, berswafoto, serta menikmati kelapa muda segar di tepi pantai.",Pantai,Pantai,Sumbawa Barat,20000,4.7,120.0,"{'lat': -8.711139, 'lng': 116.840219}",-8.711139,116.840219,Nusa Tenggara Barat,bahari,20000.0,4.7,1,1,1,1,0,1,0.8333,berenang|fotografi|kuliner|pantai|rekreasi_keluarga
853,Pantai Tanjung Aan Pasir Merica,"Pantai Tanjung Aan Pasir Merica di Lombok Timur, Nusa Tenggara Barat. Kawasan pantai dengan keindahan garis pantai memanjang, batuan karang yang menawan, serta angin sepoi-sepoi yang menyegarkan. Sangat cocok untuk aktivitas rekreasi, jalan santai di tepi air, dan piknik sore hari.",Pantai,Pantai,Lombok Timur,30000,4.7,150.0,"{'lat': -8.663123, 'lng': 116.533521}",-8.663123,116.533521,Nusa Tenggara Barat,bahari,30000.0,4.7,1,1,1,1,0,1,0.8333,berenang|fotografi|kuliner|pantai|rekreasi_keluarga
854,Pantai Pink Lombok Timur (Tangsi),"Pantai Pink Lombok Timur (Tangsi) di Sumbawa Barat, Nusa Tenggara Barat. Pantai eksotis dengan air laut jernih dan deretan pohon kelapa yang rindang. Menjadi lokasi favorit wisatawan untuk bersantai, bermain air bersama keluarga, berswafoto, serta menikmati kelapa muda segar di tepi pantai.",Pantai,Pantai,Sumbawa Barat,5000,4.5,180.0,"{'lat': -8.773859, 'lng': 116.860836}",-8.773859,116.860836,Nusa Tenggara Barat,bahari,5000.0,4.5,1,1,1,1,0,1,0.8333,berenang|fotografi|kuliner|pantai|rekreasi_keluarga
855,Pantai Selong Belanak Selancar,"Pantai Selong Belanak Selancar di Lombok Utara, Nusa Tenggara Barat. Kawasan pantai dengan keindahan garis pantai memanjang, batuan karang yang menawan, serta angin sepoi-sepoi yang menyegarkan. Sangat cocok untuk aktivitas rekreasi, jalan santai di tepi air, dan piknik sore hari.",Pantai,Pantai,Lombok Utara,30000,4.3,120.0,"{'lat': -8.357838, 'lng': 116.144771}",-8.357838,116.144771,Nusa Tenggara Barat,bahari,30000.0,4.3,1,1,1,1,0,0,0.6667,berenang|fotografi|kuliner|pantai|rekreasi_keluarga
856,Pantai Mawun Lombok Tengah,"Pantai Mawun Lombok Tengah di Lombok Barat, Nusa Tenggara Barat. Kawasan pantai dengan keindahan garis pantai memanjang, batuan karang yang menawan, serta angin sepoi-sepoi yang menyegarkan. Sangat cocok untuk aktivitas rekreasi, jalan santai di tepi air, dan piknik sore hari.",Pantai,Pantai,Lombok Barat,10000,4.7,120.0,"{'lat': -8.659205, 'lng': 116.131321}",-8.659205,116.131321,Nusa Tenggara Barat,bahari,10000.0,4.7,1,1,1,1,1,1,1.0,berenang|fotografi|kuliner|pantai|rekreasi_keluarga
857,Pantai Sire Lombok Utara,"Pantai Sire Lombok Utara di Kota Mataram, Nusa Tenggara Barat. Pantai eksotis dengan air laut jernih dan deretan pohon kelapa yang rindang. Menjadi lokasi favorit wisatawan untuk bersantai, bermain air bersama keluarga, berswafoto, serta menikmati kelapa muda segar di tepi pantai.",Pantai,Pantai,Kota Mataram,15000,4.5,240.0,"{'lat': -8.599307, 'lng': 116.129777}",-8.599307,116.129777,Nusa Tenggara Barat,bahari,15000.0,4.5,1,1,1,1,0,1,0.8333,berenang|fotografi|kuliner|pantai|rekreasi_keluarga
858,Pantai Malimbu Lombok,"Pantai Malimbu Lombok di Kota Bima, Nusa Tenggara Barat. Destinasi wisata pesisir dengan hamparan pasir bersih, deburan ombak yang menenangkan, serta panorama matahari terbenam yang memukau. Dilengkapi fasilitas warung makan seafood lokal, area parkir, toilet umum, dan persewaan payung pantai.",Pantai,Pantai,Kota Bima,5000,4.4,240.0,"{'lat': -8.436275, 'lng': 118.737105}",-8.436275,118.737105,Nusa Tenggara Barat,bahari,5000.0,4.4,1,1,1,1,1,1,1.0,berenang|fotografi|kuliner|pantai|rekreasi_keluarga
859,Pantai Lakey Dompu Surfing Dunia,"Pantai Lakey Dompu Surfing Dunia di Kota Mataram, Nusa Tenggara Barat. Kawasan pantai dengan keindahan garis pantai memanjang, batuan karang yang menawan, serta angin sepoi-sepoi yang menyegarkan. Sangat cocok untuk aktivitas rekreasi, jalan santai di tepi air, dan piknik sore hari.",Pantai,Pantai,Kota Mataram,30000,4.8,120.0,"{'lat': -8.548252, 'lng': 116.098135}",-8.548252,116.098135,Nusa Tenggara Barat,bahari,30000.0,4.8,1,1,1,1,0,0,0.6667,berenang|fotografi|kuliner|pantai|rekreasi_keluarga
860,Pantai Kenawa Sumbawa Barat,"Pantai Kenawa Sumbawa Barat di Sumbawa Barat, Nusa Tenggara Barat. Pantai eksotis dengan air laut jernih dan deretan pohon kelapa yang rindang. Menjadi lokasi favorit wisatawan untuk bersantai, bermain air bersama keluarga, berswafoto, serta menikmati kelapa muda segar di tepi pantai.",Pantai,Pantai,Sumbawa Barat,15000,4.8,240.0,"{'lat': -8.77077, 'lng': 116.869715}",-8.77077,116.869715,Nusa Tenggara Barat,bahari,15000.0,4.8,1,1,1,1,1,1,1.0,berenang|fotografi|kuliner|pantai|rekreasi_keluarga
861,Pantai Lawar Sekongkang,"Pantai Lawar Sekongkang di Lombok Timur, Nusa Tenggara Barat. Pantai eksotis dengan air laut jernih dan deretan pohon kelapa yang rindang. Menjadi lokasi favorit wisatawan untuk bersantai, bermain air bersama keluarga, berswafoto, serta menikmati kelapa muda segar di tepi pantai.",Pantai,Pantai,Lombok Timur,15000,4.6,150.0,"{'lat': -8.639286, 'lng': 116.560977}",-8.639286,116.560977,Nusa Tenggara Barat,bahari,15000.0,4.6,1,1,1,1,1,0,0.8333,berenang|fotografi|kuliner|pantai|rekreasi_keluarga
862,Pantai Jelenga Sumbawa,"Pantai Jelenga Sumbawa di Lombok Timur, Nusa Tenggara Barat. Pantai eksotis dengan air laut jernih dan deretan pohon kelapa yang rindang. Menjadi lokasi favorit wisatawan untuk bersantai, bermain air bersama keluarga, berswafoto, serta menikmati kelapa muda segar di tepi pantai.",Pantai,Pantai,Lombok Timur,5000,4.5,180.0,"{'lat': -8.670921, 'lng': 116.505297}",-8.670921,116.505297,Nusa Tenggara Barat,bahari,5000.0,4.5,1,1,1,1,0,1,0.8333,berenang|fotografi|kuliner|pantai|rekreasi_keluarga
863,Pantai Kertasari Taliwang,"Pantai Kertasari Taliwang di Dompu, Nusa Tenggara Barat. Destinasi wisata pesisir dengan hamparan pasir bersih, deburan ombak yang menenangkan, serta panorama matahari terbenam yang memukau. Dilengkapi fasilitas warung makan seafood lokal, area parkir, toilet umum, dan persewaan payung pantai.",Pantai,Pantai,Dompu,10000,4.4,180.0,"{'lat': -8.539538, 'lng': 118.499152}",-8.539538,118.499152,Nusa Tenggara Barat,bahari,10000.0,4.4,1,1,1,1,0,1,0.8333,berenang|fotografi|kuliner|pantai|rekreasi_keluarga
864,Pantai Lariti Bima Laut Terbelah,"Pantai Lariti Bima Laut Terbelah di Sumbawa, Nusa Tenggara Barat. Destinasi wisata pesisir dengan hamparan pasir bersih, deburan ombak yang menenangkan, serta panorama matahari terbenam yang memukau. Dilengkapi fasilitas warung makan seafood lokal, area parkir, toilet umum, dan persewaan payung pantai.",Pantai,Pantai,Sumbawa,30000,4.2,240.0,"{'lat': -8.517778, 'lng': 117.437356}",-8.517778,117.437356,Nusa Tenggara Barat,bahari,30000.0,4.2,1,1,1,1,0,1,0.8333,berenang|fotografi|kuliner|pantai|rekreasi_keluarga
865,Gunung Rinjani (3.726 mdpl),"Gunung Rinjani (3.726 mdpl) di Dompu, Nusa Tenggara Barat. Kawasan dataran tinggi dan lereng gunung yang asri dengan pemandangan perbukitan hijau dan kawah eksotis. Sangat ideal untuk petualangan alam terbuka, hiking santai, perkemahan keluarga, dan melepas penat.",Gunung,Gunung,Dompu,10000,4.8,300.0,"{'lat': -8.548188, 'lng': 118.450538}",-8.548188,118.450538,Nusa Tenggara Barat,alam,10000.0,4.8,1,1,1,1,0,1,0.8333,camping|fotografi|gunung|hiking
866,Gunung Tambora Kaldera Raksasa 1815,"Gunung Tambora Kaldera Raksasa 1815 di Sumbawa Barat, Nusa Tenggara Barat. Puncak bukit dan pegunungan dengan pemandangan lanskap hijau membentang sejauh mata memandang. Menawarkan pengalaman menikmati golden sunrise, udara bersih bebas polusi, dan spot foto alam yang memesona.",Gunung,Gunung,Sumbawa Barat,10000,4.3,300.0,"{'lat': -8.732061, 'lng': 116.821245}",-8.732061,116.821245,Nusa Tenggara Barat,alam,10000.0,4.3,1,1,1,1,0,0,0.6667,camping|fotografi|gunung|hiking
867,Bukit Pergasingan Sembalun,"Bukit Pergasingan Sembalun di Kota Bima, Nusa Tenggara Barat. Puncak bukit dan pegunungan dengan pemandangan lanskap hijau membentang sejauh mata memandang. Menawarkan pengalaman menikmati golden sunrise, udara bersih bebas polusi, dan spot foto alam yang memesona.",Gunung,Perbukitan,Kota Bima,35000,4.8,240.0,"{'lat': -8.425465, 'lng': 118.719643}",-8.425465,118.719643,Nusa Tenggara Barat,alam,35000.0,4.8,1,1,1,0,0,0,0.5,camping|fotografi|gunung|hiking
868,Bukit Merese Mandalika,"Bukit Merese Mandalika di Sumbawa, Nusa Tenggara Barat. Kawasan dataran tinggi dan lereng gunung yang asri dengan pemandangan perbukitan hijau dan kawah eksotis. Sangat ideal untuk petualangan alam terbuka, hiking santai, perkemahan keluarga, dan melepas penat.",Gunung,Perbukitan,Sumbawa,35000,4.2,360.0,"{'lat': -8.518036, 'lng': 117.42597}",-8.518036,117.42597,Nusa Tenggara Barat,alam,35000.0,4.2,1,1,1,0,1,0,0.6667,camping|fotografi|gunung|hiking
869,Puncak Bukit Nanggi Sembalun,"Puncak Bukit Nanggi Sembalun di Lombok Tengah, Nusa Tenggara Barat. Puncak bukit dan pegunungan dengan pemandangan lanskap hijau membentang sejauh mata memandang. Menawarkan pengalaman menikmati golden sunrise, udara bersih bebas polusi, dan spot foto alam yang memesona.",Gunung,Perbukitan,Lombok Tengah,20000,4.4,300.0,"{'lat': -8.706097, 'lng': 116.297919}",-8.706097,116.297919,Nusa Tenggara Barat,alam,20000.0,4.4,1,1,1,1,1,0,0.8333,camping|fotografi|gunung|hiking
870,Bukit Datu Sembalun,"Bukit Datu Sembalun di Lombok Utara, Nusa Tenggara Barat. Puncak bukit dan pegunungan dengan pemandangan lanskap hijau membentang sejauh mata memandang. Menawarkan pengalaman menikmati golden sunrise, udara bersih bebas polusi, dan spot foto alam yang memesona.",Gunung,Perbukitan,Lombok Utara,50000,4.2,240.0,"{'lat': -8.312656, 'lng': 116.175165}",-8.312656,116.175165,Nusa Tenggara Barat,alam,50000.0,4.2,1,1,1,1,0,1,0.8333,camping|fotografi|gunung|hiking
871,Bukit Mantar Sumbawa Negeri di Atas Awan,"Bukit Mantar Sumbawa Negeri di Atas Awan di Sumbawa Barat, Nusa Tenggara Barat. Puncak bukit dan pegunungan dengan pemandangan lanskap hijau membentang sejauh mata memandang. Menawarkan pengalaman menikmati golden sunrise, udara bersih bebas polusi, dan spot foto alam yang memesona.",Gunung,Perbukitan,Sumbawa Barat,10000,4.5,360.0,"{'lat': -8.760972, 'lng': 116.87498}",-8.760972,116.87498,Nusa Tenggara Barat,alam,10000.0,4.5,1,1,1,0,1,1,0.8333,camping|fotografi|gunung|hiking
872,Bukit Seger Sirkuit Mandalika,"Bukit Seger Sirkuit Mandalika di Sumbawa Barat, Nusa Tenggara Barat. Destinasi wisata pegunungan berhawa sejuk dengan jalur pendakian yang menantang dan panorama lautan awan yang spektakuler saat fajar. Tersedia pos peristirahatan, warung logistik pendaki, area perkemahan, dan pemandu lokal.",Gunung,Perbukitan,Sumbawa Barat,15000,4.6,240.0,"{'lat': -8.716566, 'lng': 116.834071}",-8.716566,116.834071,Nusa Tenggara Barat,alam,15000.0,4.6,1,1,1,1,1,1,1.0,camping|fotografi|gunung|hiking
873,Bukit Malimbu Lombok,"Bukit Malimbu Lombok di Kota Bima, Nusa Tenggara Barat. Puncak bukit dan pegunungan dengan pemandangan lanskap hijau membentang sejauh mata memandang. Menawarkan pengalaman menikmati golden sunrise, udara bersih bebas polusi, dan spot foto alam yang memesona.",Gunung,Perbukitan,Kota Bima,10000,4.6,180.0,"{'lat': -8.428661, 'lng': 118.725803}",-8.428661,118.725803,Nusa Tenggara Barat,alam,10000.0,4.6,1,1,1,1,0,1,0.8333,camping|fotografi|gunung|hiking
874,Puncak Pusuk Pass Kera Hutan,"Puncak Pusuk Pass Kera Hutan di Dompu, Nusa Tenggara Barat. Kawasan dataran tinggi dan lereng gunung yang asri dengan pemandangan perbukitan hijau dan kawah eksotis. Sangat ideal untuk petualangan alam terbuka, hiking santai, perkemahan keluarga, dan melepas penat.",Gunung,Perbukitan,Dompu,10000,4.4,300.0,"{'lat': -8.515909, 'lng': 118.496841}",-8.515909,118.496841,Nusa Tenggara Barat,alam,10000.0,4.4,1,1,1,0,0,1,0.6667,camping|fotografi|gunung|hiking
875,Danau Segara Anak Rinjani,"Danau Segara Anak Rinjani di Sumbawa, Nusa Tenggara Barat. Objek wisata alam dengan formasi tebing batuan alami, gua karst purba, serta telaga yang jernih dan tenang. Suasana alam yang tenang memberikan kesegaran pikiran bagi pengunjung yang mencintai ketenangan alam.",Cagar Alam,Danau,Sumbawa,10000,4.2,120.0,"{'lat': -8.496182, 'lng': 117.419441}",-8.496182,117.419441,Nusa Tenggara Barat,alam,10000.0,4.2,1,1,1,1,1,1,1.0,alam|edukasi|fotografi|hiking|rekreasi_keluarga
876,Gili Trawangan Wisata Bahari,"Gili Trawangan Wisata Bahari di Bima, Nusa Tenggara Barat. Kawasan konservasi alam yang asri dan terlindungi dengan keanekaragaman flora dan fauna tropis endemik. Dilengkapi jalur trekking kayu yang tertata rapi, gazebo istirahat, pusat informasi lingkungan, dan toilet pengunjung.",Cagar Alam,Taman Nasional,Bima,20000,4.7,90.0,"{'lat': -8.623054, 'lng': 118.692706}",-8.623054,118.692706,Nusa Tenggara Barat,alam,20000.0,4.7,1,1,1,0,0,1,0.6667,edukasi|fotografi|hiking|rekreasi_keluarga
877,Gili Meno Penyu Laut,"Gili Meno Penyu Laut di Lombok Tengah, Nusa Tenggara Barat. Wisata alam edukatif berbalut udara segar hutan tropis, aliran sungai yang jernih, serta air terjun bertingkat yang menyejukkan. Pilihan utama untuk riset keanekaragaman hayati dan ekowisata ramah lingkungan.",Cagar Alam,Taman Nasional,Lombok Tengah,15000,4.8,150.0,"{'lat': -8.662427, 'lng': 116.30975}",-8.662427,116.30975,Nusa Tenggara Barat,alam,15000.0,4.8,1,1,1,1,1,1,1.0,edukasi|fotografi|hiking|rekreasi_keluarga
878,Gili Air Karang Tropis,"Gili Air Karang Tropis di Sumbawa, Nusa Tenggara Barat. Kawasan konservasi alam yang asri dan terlindungi dengan keanekaragaman flora dan fauna tropis endemik. Dilengkapi jalur trekking kayu yang tertata rapi, gazebo istirahat, pusat informasi lingkungan, dan toilet pengunjung.",Cagar Alam,Taman Nasional,Sumbawa,20000,4.6,120.0,"{'lat': -8.519146, 'lng': 117.448297}",-8.519146,117.448297,Nusa Tenggara Barat,alam,20000.0,4.6,1,1,1,1,0,1,0.8333,bahari|edukasi|fotografi|hiking|rekreasi_keluarga|snorkeling
879,Air Terjun Sendang Gile Senaru,"Air Terjun Sendang Gile Senaru di Lombok Utara, Nusa Tenggara Barat. Kawasan konservasi alam yang asri dan terlindungi dengan keanekaragaman flora dan fauna tropis endemik. Dilengkapi jalur trekking kayu yang tertata rapi, gazebo istirahat, pusat informasi lingkungan, dan toilet pengunjung.",Cagar Alam,Air Terjun,Lombok Utara,30000,4.5,90.0,"{'lat': -8.319889, 'lng': 116.202281}",-8.319889,116.202281,Nusa Tenggara Barat,alam,30000.0,4.5,1,1,1,1,1,1,1.0,alam|edukasi|fotografi|hiking|rekreasi_keluarga
880,Air Terjun Tiu Kelep Lombok Utara,"Air Terjun Tiu Kelep Lombok Utara di Kota Bima, Nusa Tenggara Barat. Objek wisata alam dengan formasi tebing batuan alami, gua karst purba, serta telaga yang jernih dan tenang. Suasana alam yang tenang memberikan kesegaran pikiran bagi pengunjung yang mencintai ketenangan alam.",Cagar Alam,Air Terjun,Kota Bima,25000,4.5,150.0,"{'lat': -8.43987, 'lng': 118.765848}",-8.43987,118.765848,Nusa Tenggara Barat,alam,25000.0,4.5,1,1,1,1,0,1,0.8333,alam|edukasi|fotografi|hiking|rekreasi_keluarga
881,Pulau Kenawa Sumbawa Sabana,"Pulau Kenawa Sumbawa Sabana di Lombok Timur, Nusa Tenggara Barat. Kawasan konservasi alam yang asri dan terlindungi dengan keanekaragaman flora dan fauna tropis endemik. Dilengkapi jalur trekking kayu yang tertata rapi, gazebo istirahat, pusat informasi lingkungan, dan toilet pengunjung.",Cagar Alam,Taman Nasional,Lombok Timur,15000,4.3,150.0,"{'lat': -8.64056, 'lng': 116.541331}",-8.64056,116.541331,Nusa Tenggara Barat,alam,15000.0,4.3,1,1,1,1,0,1,0.8333,edukasi|fotografi|hiking|rekreasi_keluarga
882,Pulau Moyo Air Terjun Mata Jitu Putri Diana,"Pulau Moyo Air Terjun Mata Jitu Putri Diana di Kota Mataram, Nusa Tenggara Barat. Kawasan konservasi alam yang asri dan terlindungi dengan keanekaragaman flora dan fauna tropis endemik. Dilengkapi jalur trekking kayu yang tertata rapi, gazebo istirahat, pusat informasi lingkungan, dan toilet pengunjung.",Cagar Alam,Air Terjun,Kota Mataram,25000,4.9,90.0,"{'lat': -8.565813, 'lng': 116.111513}",-8.565813,116.111513,Nusa Tenggara Barat,alam,25000.0,4.9,1,1,1,1,0,1,0.8333,alam|edukasi|fotografi|hiking|rekreasi_keluarga
883,Desa Adat Sade Suku Sasak,"Desa Adat Sade Suku Sasak di Sumbawa, Nusa Tenggara Barat. Situs cagar budaya bersejarah yang sarat dengan nilai tradisi leluhur, arsitektur arca dan bangunan tradisional yang otentik. Dilengkapi pemandu wisata budaya, museum informasi sejarah, dan pertunjukan seni berkala.",Budaya,Desa Adat,Sumbawa,15000,4.9,90.0,"{'lat': -8.471045, 'lng': 117.45587}",-8.471045,117.45587,Nusa Tenggara Barat,budaya,15000.0,4.9,1,1,1,0,0,1,0.6667,budaya|edukasi|fotografi|sejarah
884,Desa Wisata Ende Lombok Tengah,"Desa Wisata Ende Lombok Tengah di Lombok Barat, Nusa Tenggara Barat. Destinasi wisata sejarah dan kearifan lokal yang memperlihatkan warisan peradaban masa lampau melalui koleksi artefak berharga. Tempat ideal untuk belajar mengenai perjuangan bangsa dan filosofi adat masyarakat.",Budaya,Desa Adat,Lombok Barat,10000,4.8,60.0,"{'lat': -8.657373, 'lng': 116.151437}",-8.657373,116.151437,Nusa Tenggara Barat,budaya,10000.0,4.8,1,1,1,0,1,1,0.8333,budaya|edukasi|fotografi|sejarah
885,Taman Mayura Cakranegara Mataram,"Taman Mayura Cakranegara Mataram di Lombok Utara, Nusa Tenggara Barat. Kompleks bangunan bersejarah dan desa adat yang mempertahankan adat istiadat turun-temurun dengan ramah. Wisatawan dapat menyaksikan kerajinan tangan tradisional dan berinteraksi langsung dengan warga setempat.",Budaya,Situs Sejarah,Lombok Utara,10000,4.7,120.0,"{'lat': -8.371161, 'lng': 116.162778}",-8.371161,116.162778,Nusa Tenggara Barat,budaya,10000.0,4.7,1,1,1,0,0,1,0.6667,budaya|edukasi|fotografi|sejarah
886,Taman Narmada Air Awet Muda,"Taman Narmada Air Awet Muda di Kota Mataram, Nusa Tenggara Barat. Destinasi wisata sejarah dan kearifan lokal yang memperlihatkan warisan peradaban masa lampau melalui koleksi artefak berharga. Tempat ideal untuk belajar mengenai perjuangan bangsa dan filosofi adat masyarakat.",Budaya,Situs Sejarah,Kota Mataram,20000,4.5,120.0,"{'lat': -8.553585, 'lng': 116.154652}",-8.553585,116.154652,Nusa Tenggara Barat,budaya,20000.0,4.5,1,1,1,1,0,1,0.8333,budaya|edukasi|fotografi|sejarah
887,Istana Dalam Loka Sumbawa,"Istana Dalam Loka Sumbawa di Bima, Nusa Tenggara Barat. Destinasi wisata sejarah dan kearifan lokal yang memperlihatkan warisan peradaban masa lampau melalui koleksi artefak berharga. Tempat ideal untuk belajar mengenai perjuangan bangsa dan filosofi adat masyarakat.",Budaya,Keraton,Bima,15000,4.5,90.0,"{'lat': -8.615678, 'lng': 118.6814}",-8.615678,118.6814,Nusa Tenggara Barat,budaya,15000.0,4.5,1,1,1,1,1,1,1.0,budaya|edukasi|fotografi|sejarah
888,Desa Tenun Sukarara Lombok,"Desa Tenun Sukarara Lombok di Lombok Barat, Nusa Tenggara Barat. Kompleks bangunan bersejarah dan desa adat yang mempertahankan adat istiadat turun-temurun dengan ramah. Wisatawan dapat menyaksikan kerajinan tangan tradisional dan berinteraksi langsung dengan warga setempat.",Budaya,Desa Adat,Lombok Barat,5000,4.2,90.0,"{'lat': -8.675441, 'lng': 116.153159}",-8.675441,116.153159,Nusa Tenggara Barat,budaya,5000.0,4.2,1,1,1,0,0,1,0.6667,budaya|edukasi|fotografi|sejarah
889,Desa Adat Bayan Beleq,"Desa Adat Bayan Beleq di Dompu, Nusa Tenggara Barat. Situs cagar budaya bersejarah yang sarat dengan nilai tradisi leluhur, arsitektur arca dan bangunan tradisional yang otentik. Dilengkapi pemandu wisata budaya, museum informasi sejarah, dan pertunjukan seni berkala.",Budaya,Desa Adat,Dompu,25000,4.2,120.0,"{'lat': -8.543628, 'lng': 118.504145}",-8.543628,118.504145,Nusa Tenggara Barat,budaya,25000.0,4.2,1,1,0,1,1,1,0.8333,budaya|edukasi|fotografi|sejarah
890,Sirkuit Internasional Pertamina Mandalika,"Sirkuit Internasional Pertamina Mandalika di Lombok Barat, Nusa Tenggara Barat. Destinasi hiburan terpadu dengan spot swafoto kekinian yang estetik, wahana edukasi anak, dan ruang terbuka hijau yang ramah keluarga. Menjadi tempat favorit untuk berekreasi bersama anak-anak di akhir pekan.",Taman Hiburan,Taman Rekreasi,Lombok Barat,75000,4.8,150.0,"{'lat': -8.653068, 'lng': 116.103854}",-8.653068,116.103854,Nusa Tenggara Barat,hiburan,75000.0,4.8,1,1,1,1,1,1,1.0,edukasi|fotografi|rekreasi_keluarga
891,Mataram Water Park,"Mataram Water Park di Bima, Nusa Tenggara Barat. Kawasan rekreasi bertema dengan wahana pemacu adrenalin, kolam renang bergelombang, serta taman bermain anak yang aman. Dilengkapi staf pengawas keselamatan dan berbagai tenant kuliner lezat.",Taman Hiburan,Waterpark,Bima,50000,4.9,180.0,"{'lat': -8.613953, 'lng': 118.680233}",-8.613953,118.680233,Nusa Tenggara Barat,hiburan,50000.0,4.9,1,1,1,1,1,1,1.0,edukasi|fotografi|rekreasi_keluarga
892,Lombok Wildlife Park Sigar Penjalin,"Lombok Wildlife Park Sigar Penjalin di Dompu, Nusa Tenggara Barat. Destinasi hiburan terpadu dengan spot swafoto kekinian yang estetik, wahana edukasi anak, dan ruang terbuka hijau yang ramah keluarga. Menjadi tempat favorit untuk berekreasi bersama anak-anak di akhir pekan.",Taman Hiburan,Taman Rekreasi,Dompu,75000,4.6,180.0,"{'lat': -8.544453, 'lng': 118.461107}",-8.544453,118.461107,Nusa Tenggara Barat,hiburan,75000.0,4.6,1,1,1,1,1,1,1.0,edukasi|fotografi|rekreasi_keluarga
893,Taman Sangkareang Mataram,"Taman Sangkareang Mataram di Kota Bima, Nusa Tenggara Barat. Taman rekreasi modern keluarga yang menghadirkan beragam wahana permainan seru, atraksi air, serta pertunjukan tematik interaktif. Memiliki fasilitas lengkap seperti food court, musala yang nyaman, toilet bersih, dan area parkir luas.",Taman Hiburan,Taman Rekreasi,Kota Bima,100000,4.4,240.0,"{'lat': -8.418586, 'lng': 118.718543}",-8.418586,118.718543,Nusa Tenggara Barat,hiburan,100000.0,4.4,1,1,1,1,1,1,1.0,edukasi|fotografi|rekreasi_keluarga
894,Pasar Seni Sayang-Sayang Mataram,"Pasar Seni Sayang-Sayang Mataram di Lombok Tengah, Nusa Tenggara Barat. Sentra kuliner dan suvenir ikonik yang menyediakan aneka buah tangan khas Nusantara berkualitas tinggi. Dilengkapi area parkir kendaraan wisata, gerai anjungan tunai mandiri (ATM), dan mushola.",Pusat Perbelanjaan,Pasar Tradisional,Lombok Tengah,0,4.4,60.0,"{'lat': -8.724886, 'lng': 116.247665}",-8.724886,116.247665,Nusa Tenggara Barat,belanja,0.0,4.4,1,1,1,0,1,1,0.8333,belanja|budaya|kuliner
895,Pusat Mutiara Sekarbela Mataram,"Pusat Mutiara Sekarbela Mataram di Lombok Tengah, Nusa Tenggara Barat. Sentra kuliner dan suvenir ikonik yang menyediakan aneka buah tangan khas Nusantara berkualitas tinggi. Dilengkapi area parkir kendaraan wisata, gerai anjungan tunai mandiri (ATM), dan mushola.",Pusat Perbelanjaan,Pasar Tradisional,Lombok Tengah,0,4.9,60.0,"{'lat': -8.705086, 'lng': 116.322916}",-8.705086,116.322916,Nusa Tenggara Barat,belanja,0.0,4.9,1,1,1,0,1,1,0.8333,belanja|budaya|kuliner
896,Sentra Tenun Ikat Sukarara,"Sentra Tenun Ikat Sukarara di Kota Bima, Nusa Tenggara Barat. Sentra kuliner dan suvenir ikonik yang menyediakan aneka buah tangan khas Nusantara berkualitas tinggi. Dilengkapi area parkir kendaraan wisata, gerai anjungan tunai mandiri (ATM), dan mushola.",Pusat Perbelanjaan,Sentra Kerajinan,Kota Bima,0,4.4,60.0,"{'lat': -8.451184, 'lng': 118.732739}",-8.451184,118.732739,Nusa Tenggara Barat,belanja,0.0,4.4,1,1,1,0,1,1,0.8333,belanja|budaya|kuliner
897,Sentra Madu Sumbawa Asli,"Sentra Madu Sumbawa Asli di Dompu, Nusa Tenggara Barat. Kawasan pertokoan dan pasar seni yang menyajikan ragam cinderamata unik karya perajin lokal dari berbagai penjuru daerah. Selalu ramai dikunjungi wisatawan yang ingin membawa kenang-kenangan autentik.",Pusat Perbelanjaan,Sentra Kerajinan,Dompu,0,4.6,120.0,"{'lat': -8.558848, 'lng': 118.440164}",-8.558848,118.440164,Nusa Tenggara Barat,belanja,0.0,4.6,1,1,1,1,1,1,1.0,belanja|budaya|kuliner
898,Masjid Hubbul Wathan Islamic Center NTB,"Masjid Hubbul Wathan Islamic Center NTB di Bima, Nusa Tenggara Barat. Bangunan keagamaan bersejarah dengan arsitektur megah dan penuh nilai filosofis spiritual tinggi. Menyediakan sarana ibadah yang bersih dan khusyuk, pelataran yang teduh dan asri, serta toilet wudhu yang terawat.",Tempat Ibadah,Masjid,Bima,0,4.4,60.0,"{'lat': -8.54557, 'lng': 118.718781}",-8.54557,118.718781,Nusa Tenggara Barat,religi,0.0,4.4,1,1,0,1,1,0,0.6667,budaya|religi|sejarah
899,Pura Lingsar Kerukunan Umat Beragama,"Pura Lingsar Kerukunan Umat Beragama di Dompu, Nusa Tenggara Barat. Tempat ibadah cagar budaya dengan ornamen seni pahat antik dan sejarah pendirian yang menginspirasi. Terbuka bagi pengunjung yang ingin berdoa maupun mengagumi keindahan karya arsitektur Nusantara.",Tempat Ibadah,Pura,Dompu,0,4.6,90.0,"{'lat': -8.565756, 'lng': 118.452993}",-8.565756,118.452993,Nusa Tenggara Barat,religi,0.0,4.6,1,1,0,1,1,0,0.6667,budaya|religi|sejarah
900,Pura Batu Bolong Senggigi,"Pura Batu Bolong Senggigi di Dompu, Nusa Tenggara Barat. Bangunan keagamaan bersejarah dengan arsitektur megah dan penuh nilai filosofis spiritual tinggi. Menyediakan sarana ibadah yang bersih dan khusyuk, pelataran yang teduh dan asri, serta toilet wudhu yang terawat.",Tempat Ibadah,Pura,Dompu,0,4.7,45.0,"{'lat': -8.498968, 'lng': 118.435186}",-8.498968,118.435186,Nusa Tenggara Barat,religi,0.0,4.7,1,1,0,1,1,1,0.8333,budaya|religi|sejarah
901,Pantai Pink Beach Taman Nasional Komodo,"Pantai Pink Beach Taman Nasional Komodo di Timor Tengah Selatan Soe, Nusa Tenggara Timur. Destinasi wisata pesisir dengan hamparan pasir bersih, deburan ombak yang menenangkan, serta panorama matahari terbenam yang memukau. Dilengkapi fasilitas warung makan seafood lokal, area parkir, toilet umum, dan persewaan payung pantai.",Pantai,Pantai,Timor Tengah Selatan Soe,15000,4.2,180.0,"{'lat': -9.853937, 'lng': 124.279624}",-9.853937,124.279624,Nusa Tenggara Timur,bahari,15000.0,4.2,1,1,1,1,1,1,1.0,berenang|fotografi|kuliner|pantai|rekreasi_keluarga
902,Pantai Lasiana Kupang,"Pantai Lasiana Kupang di Sumba Barat, Nusa Tenggara Timur. Destinasi wisata pesisir dengan hamparan pasir bersih, deburan ombak yang menenangkan, serta panorama matahari terbenam yang memukau. Dilengkapi fasilitas warung makan seafood lokal, area parkir, toilet umum, dan persewaan payung pantai.",Pantai,Pantai,Sumba Barat,30000,4.4,150.0,"{'lat': -9.680707, 'lng': 119.435224}",-9.680707,119.435224,Nusa Tenggara Timur,bahari,30000.0,4.4,1,1,1,1,1,0,0.8333,berenang|fotografi|kuliner|pantai|rekreasi_keluarga
903,Pantai Oetune Gurun Pasir TTS,"Pantai Oetune Gurun Pasir TTS di Manggarai Barat Labuan Bajo, Nusa Tenggara Timur. Pantai eksotis dengan air laut jernih dan deretan pohon kelapa yang rindang. Menjadi lokasi favorit wisatawan untuk bersantai, bermain air bersama keluarga, berswafoto, serta menikmati kelapa muda segar di tepi pantai.",Pantai,Pantai,Manggarai Barat Labuan Bajo,25000,4.8,120.0,"{'lat': -8.476148, 'lng': 119.902804}",-8.476148,119.902804,Nusa Tenggara Timur,bahari,25000.0,4.8,1,1,1,1,0,0,0.6667,berenang|fotografi|kuliner|pantai|rekreasi_keluarga
904,Pantai Kolbano Batu Kerikil Warna,"Pantai Kolbano Batu Kerikil Warna di Alor Kalabahi, Nusa Tenggara Timur. Pantai eksotis dengan air laut jernih dan deretan pohon kelapa yang rindang. Menjadi lokasi favorit wisatawan untuk bersantai, bermain air bersama keluarga, berswafoto, serta menikmati kelapa muda segar di tepi pantai.",Pantai,Pantai,Alor Kalabahi,5000,4.5,150.0,"{'lat': -8.19503, 'lng': 124.508613}",-8.19503,124.508613,Nusa Tenggara Timur,bahari,5000.0,4.5,1,1,1,1,1,0,0.8333,berenang|fotografi|kuliner|pantai|rekreasi_keluarga
905,Pantai Mandorak Sumba Barat Daya,"Pantai Mandorak Sumba Barat Daya di Alor Kalabahi, Nusa Tenggara Timur. Pantai eksotis dengan air laut jernih dan deretan pohon kelapa yang rindang. Menjadi lokasi favorit wisatawan untuk bersantai, bermain air bersama keluarga, berswafoto, serta menikmati kelapa muda segar di tepi pantai.",Pantai,Pantai,Alor Kalabahi,5000,4.6,240.0,"{'lat': -8.196495, 'lng': 124.529025}",-8.196495,124.529025,Nusa Tenggara Timur,bahari,5000.0,4.6,1,1,1,1,1,1,1.0,berenang|fotografi|kuliner|pantai|rekreasi_keluarga
906,Pantai Walakiri Sunset Pohon Menari Sumba,"Pantai Walakiri Sunset Pohon Menari Sumba di Alor Kalabahi, Nusa Tenggara Timur. Kawasan pantai dengan keindahan garis pantai memanjang, batuan karang yang menawan, serta angin sepoi-sepoi yang menyegarkan. Sangat cocok untuk aktivitas rekreasi, jalan santai di tepi air, dan piknik sore hari.",Pantai,Pantai,Alor Kalabahi,15000,4.3,180.0,"{'lat': -8.184401, 'lng': 124.524981}",-8.184401,124.524981,Nusa Tenggara Timur,bahari,15000.0,4.3,1,1,1,1,0,0,0.6667,berenang|fotografi|kuliner|pantai|rekreasi_keluarga
907,Pantai Nihiwatu Sumba Kelas Dunia,"Pantai Nihiwatu Sumba Kelas Dunia di Timor Tengah Selatan Soe, Nusa Tenggara Timur. Pantai eksotis dengan air laut jernih dan deretan pohon kelapa yang rindang. Menjadi lokasi favorit wisatawan untuk bersantai, bermain air bersama keluarga, berswafoto, serta menikmati kelapa muda segar di tepi pantai.",Pantai,Pantai,Timor Tengah Selatan Soe,25000,4.8,120.0,"{'lat': -9.875653, 'lng': 124.264778}",-9.875653,124.264778,Nusa Tenggara Timur,bahari,25000.0,4.8,1,1,1,1,1,1,1.0,berenang|fotografi|kuliner|pantai|rekreasi_keluarga
908,Pantai Nembrala Rote Surfing,"Pantai Nembrala Rote Surfing di Ngada Bajawa, Nusa Tenggara Timur. Kawasan pantai dengan keindahan garis pantai memanjang, batuan karang yang menawan, serta angin sepoi-sepoi yang menyegarkan. Sangat cocok untuk aktivitas rekreasi, jalan santai di tepi air, dan piknik sore hari.",Pantai,Pantai,Ngada Bajawa,5000,4.7,240.0,"{'lat': -8.705272, 'lng': 120.960781}",-8.705272,120.960781,Nusa Tenggara Timur,bahari,5000.0,4.7,1,1,1,1,0,1,0.8333,berenang|fotografi|kuliner|pantai|rekreasi_keluarga
909,Pantai Koka Maumere Sikka,"Pantai Koka Maumere Sikka di Sumba Timur, Nusa Tenggara Timur. Pantai eksotis dengan air laut jernih dan deretan pohon kelapa yang rindang. Menjadi lokasi favorit wisatawan untuk bersantai, bermain air bersama keluarga, berswafoto, serta menikmati kelapa muda segar di tepi pantai.",Pantai,Pantai,Sumba Timur,30000,4.3,180.0,"{'lat': -9.677594, 'lng': 120.266326}",-9.677594,120.266326,Nusa Tenggara Timur,bahari,30000.0,4.3,1,1,1,1,0,1,0.8333,berenang|fotografi|kuliner|pantai|rekreasi_keluarga
910,Pantai Pede Labuan Bajo,"Pantai Pede Labuan Bajo di Sumba Barat, Nusa Tenggara Timur. Kawasan pantai dengan keindahan garis pantai memanjang, batuan karang yang menawan, serta angin sepoi-sepoi yang menyegarkan. Sangat cocok untuk aktivitas rekreasi, jalan santai di tepi air, dan piknik sore hari.",Pantai,Pantai,Sumba Barat,10000,4.6,150.0,"{'lat': -9.668491, 'lng': 119.388589}",-9.668491,119.388589,Nusa Tenggara Timur,bahari,10000.0,4.6,1,1,1,1,0,1,0.8333,berenang|fotografi|kuliner|pantai|rekreasi_keluarga
911,Pantai Batu Cermin Bajo,"Pantai Batu Cermin Bajo di Sumba Timur, Nusa Tenggara Timur. Pantai eksotis dengan air laut jernih dan deretan pohon kelapa yang rindang. Menjadi lokasi favorit wisatawan untuk bersantai, bermain air bersama keluarga, berswafoto, serta menikmati kelapa muda segar di tepi pantai.",Pantai,Pantai,Sumba Timur,25000,4.3,240.0,"{'lat': -9.64592, 'lng': 120.300084}",-9.64592,120.300084,Nusa Tenggara Timur,bahari,25000.0,4.3,1,1,1,1,0,1,0.8333,berenang|fotografi|kuliner|pantai|rekreasi_keluarga
912,Pantai Tablolong Kupang Rumput Laut,"Pantai Tablolong Kupang Rumput Laut di Alor Kalabahi, Nusa Tenggara Timur. Destinasi wisata pesisir dengan hamparan pasir bersih, deburan ombak yang menenangkan, serta panorama matahari terbenam yang memukau. Dilengkapi fasilitas warung makan seafood lokal, area parkir, toilet umum, dan persewaan payung pantai.",Pantai,Pantai,Alor Kalabahi,15000,4.3,120.0,"{'lat': -8.211222, 'lng': 124.49697}",-8.211222,124.49697,Nusa Tenggara Timur,bahari,15000.0,4.3,1,1,1,1,1,0,0.8333,berenang|fotografi|kuliner|pantai|rekreasi_keluarga
913,Pantai Maimol Alor,"Pantai Maimol Alor di Kota Kupang, Nusa Tenggara Timur. Kawasan pantai dengan keindahan garis pantai memanjang, batuan karang yang menawan, serta angin sepoi-sepoi yang menyegarkan. Sangat cocok untuk aktivitas rekreasi, jalan santai di tepi air, dan piknik sore hari.",Pantai,Pantai,Kota Kupang,5000,4.3,240.0,"{'lat': -10.154306, 'lng': 123.634433}",-10.154306,123.634433,Nusa Tenggara Timur,bahari,5000.0,4.3,1,1,1,1,0,1,0.8333,berenang|fotografi|kuliner|pantai|rekreasi_keluarga
914,Pantai Buntal Manggarai Timur,"Pantai Buntal Manggarai Timur di Sumba Barat, Nusa Tenggara Timur. Destinasi wisata pesisir dengan hamparan pasir bersih, deburan ombak yang menenangkan, serta panorama matahari terbenam yang memukau. Dilengkapi fasilitas warung makan seafood lokal, area parkir, toilet umum, dan persewaan payung pantai.",Pantai,Pantai,Sumba Barat,25000,4.6,180.0,"{'lat': -9.6703, 'lng': 119.430321}",-9.6703,119.430321,Nusa Tenggara Timur,bahari,25000.0,4.6,1,1,1,1,0,0,0.6667,berenang|fotografi|kuliner|pantai|rekreasi_keluarga
915,Gunung Kelimutu Tiga Warna Ende,"Gunung Kelimutu Tiga Warna Ende di Manggarai Barat Labuan Bajo, Nusa Tenggara Timur. Kawasan dataran tinggi dan lereng gunung yang asri dengan pemandangan perbukitan hijau dan kawah eksotis. Sangat ideal untuk petualangan alam terbuka, hiking santai, perkemahan keluarga, dan melepas penat.",Gunung,Gunung,Manggarai Barat Labuan Bajo,50000,4.3,360.0,"{'lat': -8.461425, 'lng': 119.864045}",-8.461425,119.864045,Nusa Tenggara Timur,alam,50000.0,4.3,1,1,1,0,0,0,0.5,camping|fotografi|gunung|hiking
916,Gunung Inerie Piramida Alam Ngada,"Gunung Inerie Piramida Alam Ngada di Ende, Nusa Tenggara Timur. Kawasan dataran tinggi dan lereng gunung yang asri dengan pemandangan perbukitan hijau dan kawah eksotis. Sangat ideal untuk petualangan alam terbuka, hiking santai, perkemahan keluarga, dan melepas penat.",Gunung,Gunung,Ende,25000,4.9,300.0,"{'lat': -8.830736, 'lng': 121.659113}",-8.830736,121.659113,Nusa Tenggara Timur,alam,25000.0,4.9,1,1,1,1,1,1,1.0,camping|fotografi|gunung|hiking
917,Puncak Bukit Padar Komodo Ikonik,"Puncak Bukit Padar Komodo Ikonik di Ende, Nusa Tenggara Timur. Destinasi wisata pegunungan berhawa sejuk dengan jalur pendakian yang menantang dan panorama lautan awan yang spektakuler saat fajar. Tersedia pos peristirahatan, warung logistik pendaki, area perkemahan, dan pemandu lokal.",Gunung,Perbukitan,Ende,20000,4.3,240.0,"{'lat': -8.806149, 'lng': 121.676308}",-8.806149,121.676308,Nusa Tenggara Timur,alam,20000.0,4.3,1,1,1,0,0,0,0.5,camping|fotografi|gunung|hiking
918,Bukit Wairinding Sumba Timur Sabana,"Bukit Wairinding Sumba Timur Sabana di Sikka Maumere, Nusa Tenggara Timur. Kawasan dataran tinggi dan lereng gunung yang asri dengan pemandangan perbukitan hijau dan kawah eksotis. Sangat ideal untuk petualangan alam terbuka, hiking santai, perkemahan keluarga, dan melepas penat.",Gunung,Perbukitan,Sikka Maumere,15000,4.9,240.0,"{'lat': -8.579058, 'lng': 122.245421}",-8.579058,122.245421,Nusa Tenggara Timur,alam,15000.0,4.9,1,1,1,0,1,1,0.8333,camping|fotografi|gunung|hiking
919,Bukit Tanarara Sumba Timur Bergelombang,"Bukit Tanarara Sumba Timur Bergelombang di Sumba Timur, Nusa Tenggara Timur. Puncak bukit dan pegunungan dengan pemandangan lanskap hijau membentang sejauh mata memandang. Menawarkan pengalaman menikmati golden sunrise, udara bersih bebas polusi, dan spot foto alam yang memesona.",Gunung,Perbukitan,Sumba Timur,25000,4.4,360.0,"{'lat': -9.646913, 'lng': 120.233587}",-9.646913,120.233587,Nusa Tenggara Timur,alam,25000.0,4.4,1,1,1,0,0,0,0.5,camping|fotografi|gunung|hiking
920,Bukit Sylvia Labuan Bajo Sunset,"Bukit Sylvia Labuan Bajo Sunset di Alor Kalabahi, Nusa Tenggara Timur. Kawasan dataran tinggi dan lereng gunung yang asri dengan pemandangan perbukitan hijau dan kawah eksotis. Sangat ideal untuk petualangan alam terbuka, hiking santai, perkemahan keluarga, dan melepas penat.",Gunung,Perbukitan,Alor Kalabahi,25000,4.2,360.0,"{'lat': -8.200492, 'lng': 124.553809}",-8.200492,124.553809,Nusa Tenggara Timur,alam,25000.0,4.2,1,1,1,0,0,1,0.6667,camping|fotografi|gunung|hiking
921,Bukit Cinta Labuan Bajo,"Bukit Cinta Labuan Bajo di Timor Tengah Selatan Soe, Nusa Tenggara Timur. Puncak bukit dan pegunungan dengan pemandangan lanskap hijau membentang sejauh mata memandang. Menawarkan pengalaman menikmati golden sunrise, udara bersih bebas polusi, dan spot foto alam yang memesona.",Gunung,Perbukitan,Timor Tengah Selatan Soe,10000,4.8,360.0,"{'lat': -9.875361, 'lng': 124.270008}",-9.875361,124.270008,Nusa Tenggara Timur,alam,10000.0,4.8,1,1,1,1,0,1,0.8333,camping|fotografi|gunung|hiking
922,Puncak Gunung Mutis TTS,"Puncak Gunung Mutis TTS di Kota Kupang, Nusa Tenggara Timur. Kawasan dataran tinggi dan lereng gunung yang asri dengan pemandangan perbukitan hijau dan kawah eksotis. Sangat ideal untuk petualangan alam terbuka, hiking santai, perkemahan keluarga, dan melepas penat.",Gunung,Gunung,Kota Kupang,25000,4.9,240.0,"{'lat': -10.193938, 'lng': 123.606}",-10.193938,123.606,Nusa Tenggara Timur,alam,25000.0,4.9,1,1,1,0,0,1,0.6667,camping|fotografi|gunung|hiking
923,Gunung Iya Ende,"Gunung Iya Ende di Sumba Timur, Nusa Tenggara Timur. Destinasi wisata pegunungan berhawa sejuk dengan jalur pendakian yang menantang dan panorama lautan awan yang spektakuler saat fajar. Tersedia pos peristirahatan, warung logistik pendaki, area perkemahan, dan pemandu lokal.",Gunung,Gunung,Sumba Timur,50000,4.8,360.0,"{'lat': -9.64574, 'lng': 120.248128}",-9.64574,120.248128,Nusa Tenggara Timur,alam,50000.0,4.8,1,1,1,1,1,0,0.8333,camping|fotografi|gunung|hiking
924,Gunung Egon Maumere,"Gunung Egon Maumere di Sikka Maumere, Nusa Tenggara Timur. Puncak bukit dan pegunungan dengan pemandangan lanskap hijau membentang sejauh mata memandang. Menawarkan pengalaman menikmati golden sunrise, udara bersih bebas polusi, dan spot foto alam yang memesona.",Gunung,Gunung,Sikka Maumere,20000,4.5,360.0,"{'lat': -8.600899, 'lng': 122.178365}",-8.600899,122.178365,Nusa Tenggara Timur,alam,20000.0,4.5,1,1,1,1,0,1,0.8333,camping|fotografi|gunung|hiking
925,Taman Nasional Komodo Habitat Asli Biawak Komodo,"Taman Nasional Komodo Habitat Asli Biawak Komodo di Sikka Maumere, Nusa Tenggara Timur. Objek wisata alam dengan formasi tebing batuan alami, gua karst purba, serta telaga yang jernih dan tenang. Suasana alam yang tenang memberikan kesegaran pikiran bagi pengunjung yang mencintai ketenangan alam.",Cagar Alam,Taman Nasional,Sikka Maumere,25000,4.4,150.0,"{'lat': -8.601902, 'lng': 122.250439}",-8.601902,122.250439,Nusa Tenggara Timur,alam,25000.0,4.4,1,1,1,1,1,1,1.0,edukasi|fotografi|hiking|rekreasi_keluarga
926,Danau Tiga Warna Kelimutu,"Danau Tiga Warna Kelimutu di Alor Kalabahi, Nusa Tenggara Timur. Objek wisata alam dengan formasi tebing batuan alami, gua karst purba, serta telaga yang jernih dan tenang. Suasana alam yang tenang memberikan kesegaran pikiran bagi pengunjung yang mencintai ketenangan alam.",Cagar Alam,Danau,Alor Kalabahi,20000,4.9,120.0,"{'lat': -8.190054, 'lng': 124.530549}",-8.190054,124.530549,Nusa Tenggara Timur,alam,20000.0,4.9,1,1,1,0,1,1,0.8333,alam|edukasi|fotografi|hiking|rekreasi_keluarga
927,Pulau Rinca Komodo,"Pulau Rinca Komodo di Kota Kupang, Nusa Tenggara Timur. Objek wisata alam dengan formasi tebing batuan alami, gua karst purba, serta telaga yang jernih dan tenang. Suasana alam yang tenang memberikan kesegaran pikiran bagi pengunjung yang mencintai ketenangan alam.",Cagar Alam,Taman Nasional,Kota Kupang,15000,4.5,120.0,"{'lat': -10.210305, 'lng': 123.605631}",-10.210305,123.605631,Nusa Tenggara Timur,alam,15000.0,4.5,1,1,1,1,1,1,1.0,edukasi|fotografi|hiking|rekreasi_keluarga
928,Gua Rangko Kolam Renang Air Asin Alami,"Gua Rangko Kolam Renang Air Asin Alami di Manggarai Barat Labuan Bajo, Nusa Tenggara Timur. Kawasan konservasi alam yang asri dan terlindungi dengan keanekaragaman flora dan fauna tropis endemik. Dilengkapi jalur trekking kayu yang tertata rapi, gazebo istirahat, pusat informasi lingkungan, dan toilet pengunjung.",Cagar Alam,Gua,Manggarai Barat Labuan Bajo,15000,4.5,90.0,"{'lat': -8.464556, 'lng': 119.882798}",-8.464556,119.882798,Nusa Tenggara Timur,alam,15000.0,4.5,1,1,1,0,0,1,0.6667,edukasi|fotografi|hiking|rekreasi_keluarga
929,Gua Batu Cermin Labuan Bajo,"Gua Batu Cermin Labuan Bajo di Manggarai Barat Labuan Bajo, Nusa Tenggara Timur. Wisata alam edukatif berbalut udara segar hutan tropis, aliran sungai yang jernih, serta air terjun bertingkat yang menyejukkan. Pilihan utama untuk riset keanekaragaman hayati dan ekowisata ramah lingkungan.",Cagar Alam,Gua,Manggarai Barat Labuan Bajo,30000,4.2,90.0,"{'lat': -8.485846, 'lng': 119.857277}",-8.485846,119.857277,Nusa Tenggara Timur,alam,30000.0,4.2,1,1,1,1,1,1,1.0,edukasi|fotografi|hiking|rekreasi_keluarga
930,Danau Weekuri Laguna Air Asin Sumba,"Danau Weekuri Laguna Air Asin Sumba di Kota Kupang, Nusa Tenggara Timur. Kawasan konservasi alam yang asri dan terlindungi dengan keanekaragaman flora dan fauna tropis endemik. Dilengkapi jalur trekking kayu yang tertata rapi, gazebo istirahat, pusat informasi lingkungan, dan toilet pengunjung.",Cagar Alam,Danau,Kota Kupang,20000,4.7,150.0,"{'lat': -10.207545, 'lng': 123.584928}",-10.207545,123.584928,Nusa Tenggara Timur,alam,20000.0,4.7,1,1,1,1,0,1,0.8333,alam|edukasi|fotografi|hiking|rekreasi_keluarga
931,Air Terjun Cunca Wulang Ngarai Batu,"Air Terjun Cunca Wulang Ngarai Batu di Manggarai Barat Labuan Bajo, Nusa Tenggara Timur. Wisata alam edukatif berbalut udara segar hutan tropis, aliran sungai yang jernih, serta air terjun bertingkat yang menyejukkan. Pilihan utama untuk riset keanekaragaman hayati dan ekowisata ramah lingkungan.",Cagar Alam,Air Terjun,Manggarai Barat Labuan Bajo,30000,4.3,90.0,"{'lat': -8.468295, 'lng': 119.911573}",-8.468295,119.911573,Nusa Tenggara Timur,alam,30000.0,4.3,1,1,1,1,1,1,1.0,alam|edukasi|fotografi|hiking|rekreasi_keluarga
932,Air Terjun Tanggedu Grand Canyon Sumba,"Air Terjun Tanggedu Grand Canyon Sumba di Ngada Bajawa, Nusa Tenggara Timur. Objek wisata alam dengan formasi tebing batuan alami, gua karst purba, serta telaga yang jernih dan tenang. Suasana alam yang tenang memberikan kesegaran pikiran bagi pengunjung yang mencintai ketenangan alam.",Cagar Alam,Air Terjun,Ngada Bajawa,30000,4.3,90.0,"{'lat': -8.679539, 'lng': 121.004673}",-8.679539,121.004673,Nusa Tenggara Timur,alam,30000.0,4.3,1,1,1,0,1,1,0.8333,alam|edukasi|fotografi|hiking|rekreasi_keluarga
933,Desa Adat Wae Rebo Negeri di Atas Awan,"Desa Adat Wae Rebo Negeri di Atas Awan di Sikka Maumere, Nusa Tenggara Timur. Destinasi wisata sejarah dan kearifan lokal yang memperlihatkan warisan peradaban masa lampau melalui koleksi artefak berharga. Tempat ideal untuk belajar mengenai perjuangan bangsa dan filosofi adat masyarakat.",Budaya,Desa Adat,Sikka Maumere,10000,4.6,120.0,"{'lat': -8.58703, 'lng': 122.249579}",-8.58703,122.249579,Nusa Tenggara Timur,budaya,10000.0,4.6,1,1,1,1,1,1,1.0,budaya|edukasi|fotografi|sejarah
934,Desa Adat Bena Megalitikum Bajawa,"Desa Adat Bena Megalitikum Bajawa di Ende, Nusa Tenggara Timur. Destinasi wisata sejarah dan kearifan lokal yang memperlihatkan warisan peradaban masa lampau melalui koleksi artefak berharga. Tempat ideal untuk belajar mengenai perjuangan bangsa dan filosofi adat masyarakat.",Budaya,Desa Adat,Ende,10000,4.3,60.0,"{'lat': -8.870856, 'lng': 121.651399}",-8.870856,121.651399,Nusa Tenggara Timur,budaya,10000.0,4.3,1,1,1,1,0,1,0.8333,budaya|edukasi|fotografi|sejarah
935,Desa Adat Ratenggaro Menara Rumah Tinggi Sumba,"Desa Adat Ratenggaro Menara Rumah Tinggi Sumba di Sikka Maumere, Nusa Tenggara Timur. Destinasi wisata sejarah dan kearifan lokal yang memperlihatkan warisan peradaban masa lampau melalui koleksi artefak berharga. Tempat ideal untuk belajar mengenai perjuangan bangsa dan filosofi adat masyarakat.",Budaya,Desa Adat,Sikka Maumere,15000,4.4,60.0,"{'lat': -8.589915, 'lng': 122.214593}",-8.589915,122.214593,Nusa Tenggara Timur,budaya,15000.0,4.4,1,1,1,1,0,1,0.8333,budaya|edukasi|fotografi|sejarah
936,Desa Adat Prai Ijing Sumba Barat,"Desa Adat Prai Ijing Sumba Barat di Ngada Bajawa, Nusa Tenggara Timur. Situs cagar budaya bersejarah yang sarat dengan nilai tradisi leluhur, arsitektur arca dan bangunan tradisional yang otentik. Dilengkapi pemandu wisata budaya, museum informasi sejarah, dan pertunjukan seni berkala.",Budaya,Desa Adat,Ngada Bajawa,25000,4.8,60.0,"{'lat': -8.6868, 'lng': 120.938829}",-8.6868,120.938829,Nusa Tenggara Timur,budaya,25000.0,4.8,1,1,1,1,0,1,0.8333,budaya|edukasi|fotografi|sejarah
937,Situs Rumah Pengasingan Bung Karno Ende,"Situs Rumah Pengasingan Bung Karno Ende di Sumba Timur, Nusa Tenggara Timur. Situs cagar budaya bersejarah yang sarat dengan nilai tradisi leluhur, arsitektur arca dan bangunan tradisional yang otentik. Dilengkapi pemandu wisata budaya, museum informasi sejarah, dan pertunjukan seni berkala.",Budaya,Situs Sejarah,Sumba Timur,15000,4.2,90.0,"{'lat': -9.6533, 'lng': 120.294891}",-9.6533,120.294891,Nusa Tenggara Timur,budaya,15000.0,4.2,1,1,1,1,0,1,0.8333,budaya|edukasi|fotografi|sejarah
938,Kampung Adat Takpala Alor,"Kampung Adat Takpala Alor di Kota Kupang, Nusa Tenggara Timur. Situs cagar budaya bersejarah yang sarat dengan nilai tradisi leluhur, arsitektur arca dan bangunan tradisional yang otentik. Dilengkapi pemandu wisata budaya, museum informasi sejarah, dan pertunjukan seni berkala.",Budaya,Desa Adat,Kota Kupang,20000,4.4,90.0,"{'lat': -10.211634, 'lng': 123.594064}",-10.211634,123.594064,Nusa Tenggara Timur,budaya,20000.0,4.4,1,1,1,0,1,1,0.8333,budaya|edukasi|fotografi|sejarah
939,Desa Tenun Ikat Lepo Lorun Maumere,"Desa Tenun Ikat Lepo Lorun Maumere di Kota Kupang, Nusa Tenggara Timur. Destinasi wisata sejarah dan kearifan lokal yang memperlihatkan warisan peradaban masa lampau melalui koleksi artefak berharga. Tempat ideal untuk belajar mengenai perjuangan bangsa dan filosofi adat masyarakat.",Budaya,Desa Adat,Kota Kupang,25000,4.6,90.0,"{'lat': -10.205124, 'lng': 123.612965}",-10.205124,123.612965,Nusa Tenggara Timur,budaya,25000.0,4.6,1,1,1,1,1,1,1.0,budaya|edukasi|fotografi|sejarah
940,Waterpark Baumata Kupang,"Waterpark Baumata Kupang di Ende, Nusa Tenggara Timur. Kawasan rekreasi bertema dengan wahana pemacu adrenalin, kolam renang bergelombang, serta taman bermain anak yang aman. Dilengkapi staf pengawas keselamatan dan berbagai tenant kuliner lezat.",Taman Hiburan,Waterpark,Ende,75000,4.2,180.0,"{'lat': -8.825476, 'lng': 121.647396}",-8.825476,121.647396,Nusa Tenggara Timur,hiburan,75000.0,4.2,1,1,1,1,1,1,1.0,edukasi|fotografi|rekreasi_keluarga
941,Taman Nostalgia Kupang Kuliner,"Taman Nostalgia Kupang Kuliner di Manggarai Barat Labuan Bajo, Nusa Tenggara Timur. Kawasan rekreasi bertema dengan wahana pemacu adrenalin, kolam renang bergelombang, serta taman bermain anak yang aman. Dilengkapi staf pengawas keselamatan dan berbagai tenant kuliner lezat.",Taman Hiburan,Taman Rekreasi,Manggarai Barat Labuan Bajo,100000,4.9,150.0,"{'lat': -8.491168, 'lng': 119.855049}",-8.491168,119.855049,Nusa Tenggara Timur,hiburan,100000.0,4.9,1,1,1,1,1,1,1.0,edukasi|fotografi|rekreasi_keluarga
942,Suba Suka Paradise Kupang,"Suba Suka Paradise Kupang di Rote Ndao, Nusa Tenggara Timur. Taman rekreasi modern keluarga yang menghadirkan beragam wahana permainan seru, atraksi air, serta pertunjukan tematik interaktif. Memiliki fasilitas lengkap seperti food court, musala yang nyaman, toilet bersih, dan area parkir luas.",Taman Hiburan,Taman Rekreasi,Rote Ndao,100000,4.7,240.0,"{'lat': -10.723351, 'lng': 123.076155}",-10.723351,123.076155,Nusa Tenggara Timur,hiburan,100000.0,4.7,1,1,1,1,1,1,1.0,edukasi|fotografi|rekreasi_keluarga
943,Waterboom Tirta Mutiara Kupang,"Waterboom Tirta Mutiara Kupang di Sumba Timur, Nusa Tenggara Timur. Kawasan rekreasi bertema dengan wahana pemacu adrenalin, kolam renang bergelombang, serta taman bermain anak yang aman. Dilengkapi staf pengawas keselamatan dan berbagai tenant kuliner lezat.",Taman Hiburan,Waterpark,Sumba Timur,150000,4.7,240.0,"{'lat': -9.619522, 'lng': 120.233442}",-9.619522,120.233442,Nusa Tenggara Timur,hiburan,150000.0,4.7,1,1,1,1,1,1,1.0,edukasi|fotografi|rekreasi_keluarga
944,Pasar Malam Kampung Ujung Seafood Labuan Bajo,"Pasar Malam Kampung Ujung Seafood Labuan Bajo di Ngada Bajawa, Nusa Tenggara Timur. Pusat perbelanjaan dan pasar tradisional khas daerah yang menjual aneka kerajinan tangan, kain tenun atau batik, serta camilan oleh-oleh lokal. Tempat bertemunya tawar-menawar yang hangat dengan harga terjangkau.",Pusat Perbelanjaan,Pasar Tradisional,Ngada Bajawa,0,4.6,60.0,"{'lat': -8.68249, 'lng': 120.99709}",-8.68249,120.99709,Nusa Tenggara Timur,belanja,0.0,4.6,1,1,1,1,1,0,0.8333,belanja|budaya|kuliner
945,Sentra Tenun Ikat NTT Ina Ndao Kupang,"Sentra Tenun Ikat NTT Ina Ndao Kupang di Sikka Maumere, Nusa Tenggara Timur. Kawasan pertokoan dan pasar seni yang menyajikan ragam cinderamata unik karya perajin lokal dari berbagai penjuru daerah. Selalu ramai dikunjungi wisatawan yang ingin membawa kenang-kenangan autentik.",Pusat Perbelanjaan,Sentra Kerajinan,Sikka Maumere,0,4.2,60.0,"{'lat': -8.629443, 'lng': 122.227555}",-8.629443,122.227555,Nusa Tenggara Timur,belanja,0.0,4.2,1,1,1,1,1,0,0.8333,belanja|budaya|kuliner
946,Sentra Kopi Bajawa Flores,"Sentra Kopi Bajawa Flores di Rote Ndao, Nusa Tenggara Timur. Pusat perbelanjaan dan pasar tradisional khas daerah yang menjual aneka kerajinan tangan, kain tenun atau batik, serta camilan oleh-oleh lokal. Tempat bertemunya tawar-menawar yang hangat dengan harga terjangkau.",Pusat Perbelanjaan,Sentra Kerajinan,Rote Ndao,0,4.3,120.0,"{'lat': -10.711367, 'lng': 123.084821}",-10.711367,123.084821,Nusa Tenggara Timur,belanja,0.0,4.3,1,1,1,1,1,0,0.8333,belanja|budaya|kuliner
947,Pasar Kasih Naikoten Kupang,"Pasar Kasih Naikoten Kupang di Kota Kupang, Nusa Tenggara Timur. Sentra kuliner dan suvenir ikonik yang menyediakan aneka buah tangan khas Nusantara berkualitas tinggi. Dilengkapi area parkir kendaraan wisata, gerai anjungan tunai mandiri (ATM), dan mushola.",Pusat Perbelanjaan,Pasar Tradisional,Kota Kupang,0,4.3,90.0,"{'lat': -10.1766, 'lng': 123.576905}",-10.1766,123.576905,Nusa Tenggara Timur,belanja,0.0,4.3,1,1,1,1,1,0,0.8333,belanja|budaya|kuliner
948,Gereja Katedral Kristus Raja Kupang,"Gereja Katedral Kristus Raja Kupang di Ngada Bajawa, Nusa Tenggara Timur. Ikon wisata religi yang terkenal dengan kedamaian suasananya, toleransi antarwarga, serta kubah atau menara yang menjulang indah. Menjadi tempat ziarah sekaligus edukasi spiritual bagi masyarakat luas.",Tempat Ibadah,Gereja,Ngada Bajawa,0,4.5,60.0,"{'lat': -8.712882, 'lng': 120.945588}",-8.712882,120.945588,Nusa Tenggara Timur,religi,0.0,4.5,1,1,0,1,1,1,0.8333,budaya|religi|sejarah
949,Gereja Katedral Roh Kudus Weetebula Sumba,"Gereja Katedral Roh Kudus Weetebula Sumba di Sumba Barat, Nusa Tenggara Timur. Tempat ibadah cagar budaya dengan ornamen seni pahat antik dan sejarah pendirian yang menginspirasi. Terbuka bagi pengunjung yang ingin berdoa maupun mengagumi keindahan karya arsitektur Nusantara.",Tempat Ibadah,Gereja,Sumba Barat,0,4.8,90.0,"{'lat': -9.649512, 'lng': 119.430495}",-9.649512,119.430495,Nusa Tenggara Timur,religi,0.0,4.8,1,1,0,1,1,0,0.6667,budaya|religi|sejarah
950,Masjid Agung Nurul Falah Labuan Bajo,"Masjid Agung Nurul Falah Labuan Bajo di Sikka Maumere, Nusa Tenggara Timur. Bangunan keagamaan bersejarah dengan arsitektur megah dan penuh nilai filosofis spiritual tinggi. Menyediakan sarana ibadah yang bersih dan khusyuk, pelataran yang teduh dan asri, serta toilet wudhu yang terawat.",Tempat Ibadah,Masjid,Sikka Maumere,0,4.7,60.0,"{'lat': -8.61011, 'lng': 122.242527}",-8.61011,122.242527,Nusa Tenggara Timur,religi,0.0,4.7,1,1,0,1,1,0,0.6667,budaya|religi|sejarah
951,Pantai Pasir Panjang Singkawang,"Pantai Pasir Panjang Singkawang di Kota Singkawang, Kalimantan Barat. Destinasi wisata pesisir dengan hamparan pasir bersih, deburan ombak yang menenangkan, serta panorama matahari terbenam yang memukau. Dilengkapi fasilitas warung makan seafood lokal, area parkir, toilet umum, dan persewaan payung pantai.",Pantai,Pantai,Kota Singkawang,20000,4.4,240.0,"{'lat': 0.892964, 'lng': 108.95068}",0.892964,108.95068,Kalimantan Barat,bahari,20000.0,4.4,1,1,1,1,0,0,0.6667,berenang|fotografi|kuliner|pantai|rekreasi_keluarga
952,Pantai Palm Beach Singkawang,"Pantai Palm Beach Singkawang di Mempawah, Kalimantan Barat. Kawasan pantai dengan keindahan garis pantai memanjang, batuan karang yang menawan, serta angin sepoi-sepoi yang menyegarkan. Sangat cocok untuk aktivitas rekreasi, jalan santai di tepi air, dan piknik sore hari.",Pantai,Pantai,Mempawah,25000,4.8,180.0,"{'lat': 0.3688, 'lng': 108.957059}",0.3688,108.957059,Kalimantan Barat,bahari,25000.0,4.8,1,1,1,1,0,0,0.6667,berenang|fotografi|kuliner|pantai|rekreasi_keluarga
953,Pantai Kijing Mempawah,"Pantai Kijing Mempawah di Bengkayang, Kalimantan Barat. Destinasi wisata pesisir dengan hamparan pasir bersih, deburan ombak yang menenangkan, serta panorama matahari terbenam yang memukau. Dilengkapi fasilitas warung makan seafood lokal, area parkir, toilet umum, dan persewaan payung pantai.",Pantai,Pantai,Bengkayang,20000,4.8,150.0,"{'lat': 0.811906, 'lng': 109.684483}",0.811906,109.684483,Kalimantan Barat,bahari,20000.0,4.8,1,1,1,1,0,0,0.6667,berenang|fotografi|kuliner|pantai|rekreasi_keluarga
954,Pantai Sinam Pemangkat Sambas,"Pantai Sinam Pemangkat Sambas di Sambas, Kalimantan Barat. Pantai eksotis dengan air laut jernih dan deretan pohon kelapa yang rindang. Menjadi lokasi favorit wisatawan untuk bersantai, bermain air bersama keluarga, berswafoto, serta menikmati kelapa muda segar di tepi pantai.",Pantai,Pantai,Sambas,25000,4.3,150.0,"{'lat': 1.363317, 'lng': 109.337443}",1.363317,109.337443,Kalimantan Barat,bahari,25000.0,4.3,1,1,1,1,0,1,0.8333,berenang|fotografi|kuliner|pantai|rekreasi_keluarga
955,Pantai Temajuk Ekor Borneo,"Pantai Temajuk Ekor Borneo di Kota Pontianak, Kalimantan Barat. Destinasi wisata pesisir dengan hamparan pasir bersih, deburan ombak yang menenangkan, serta panorama matahari terbenam yang memukau. Dilengkapi fasilitas warung makan seafood lokal, area parkir, toilet umum, dan persewaan payung pantai.",Pantai,Pantai,Kota Pontianak,5000,4.8,120.0,"{'lat': 0.009226, 'lng': 109.332047}",0.009226,109.332047,Kalimantan Barat,bahari,5000.0,4.8,1,1,1,1,0,0,0.6667,berenang|fotografi|kuliner|pantai|rekreasi_keluarga
956,Pantai Batu Payung Singkawang,"Pantai Batu Payung Singkawang di Bengkayang, Kalimantan Barat. Pantai eksotis dengan air laut jernih dan deretan pohon kelapa yang rindang. Menjadi lokasi favorit wisatawan untuk bersantai, bermain air bersama keluarga, berswafoto, serta menikmati kelapa muda segar di tepi pantai.",Pantai,Pantai,Bengkayang,15000,4.7,180.0,"{'lat': 0.818522, 'lng': 109.619419}",0.818522,109.619419,Kalimantan Barat,bahari,15000.0,4.7,1,1,1,1,0,1,0.8333,berenang|fotografi|kuliner|pantai|rekreasi_keluarga
957,Pantai Tanjung Batu Ketapang,"Pantai Tanjung Batu Ketapang di Bengkayang, Kalimantan Barat. Destinasi wisata pesisir dengan hamparan pasir bersih, deburan ombak yang menenangkan, serta panorama matahari terbenam yang memukau. Dilengkapi fasilitas warung makan seafood lokal, area parkir, toilet umum, dan persewaan payung pantai.",Pantai,Pantai,Bengkayang,5000,4.6,180.0,"{'lat': 0.788071, 'lng': 109.65717}",0.788071,109.65717,Kalimantan Barat,bahari,5000.0,4.6,1,1,1,1,0,1,0.8333,berenang|fotografi|kuliner|pantai|rekreasi_keluarga
958,Pantai Pulau Datok Sukadana Kayong,"Pantai Pulau Datok Sukadana Kayong di Kota Singkawang, Kalimantan Barat. Pantai eksotis dengan air laut jernih dan deretan pohon kelapa yang rindang. Menjadi lokasi favorit wisatawan untuk bersantai, bermain air bersama keluarga, berswafoto, serta menikmati kelapa muda segar di tepi pantai.",Pantai,Pantai,Kota Singkawang,5000,4.2,240.0,"{'lat': 0.860167, 'lng': 108.987103}",0.860167,108.987103,Kalimantan Barat,bahari,5000.0,4.2,1,1,1,1,0,1,0.8333,berenang|fotografi|kuliner|pantai|rekreasi_keluarga
959,Pantai Samudra Indah Bengkayang,"Pantai Samudra Indah Bengkayang di Mempawah, Kalimantan Barat. Kawasan pantai dengan keindahan garis pantai memanjang, batuan karang yang menawan, serta angin sepoi-sepoi yang menyegarkan. Sangat cocok untuk aktivitas rekreasi, jalan santai di tepi air, dan piknik sore hari.",Pantai,Pantai,Mempawah,20000,4.4,150.0,"{'lat': 0.398723, 'lng': 108.972508}",0.398723,108.972508,Kalimantan Barat,bahari,20000.0,4.4,1,1,1,1,1,1,1.0,berenang|fotografi|kuliner|pantai|rekreasi_keluarga
960,Pantai Bajau Rindu Alam Singkawang,"Pantai Bajau Rindu Alam Singkawang di Ketapang, Kalimantan Barat. Kawasan pantai dengan keindahan garis pantai memanjang, batuan karang yang menawan, serta angin sepoi-sepoi yang menyegarkan. Sangat cocok untuk aktivitas rekreasi, jalan santai di tepi air, dan piknik sore hari.",Pantai,Pantai,Ketapang,30000,4.7,120.0,"{'lat': -1.836622, 'lng': 109.955219}",-1.836622,109.955219,Kalimantan Barat,bahari,30000.0,4.7,1,1,1,1,1,0,0.8333,berenang|fotografi|kuliner|pantai|rekreasi_keluarga
961,Pantai Gratis Singkawang,"Pantai Gratis Singkawang di Bengkayang, Kalimantan Barat. Kawasan pantai dengan keindahan garis pantai memanjang, batuan karang yang menawan, serta angin sepoi-sepoi yang menyegarkan. Sangat cocok untuk aktivitas rekreasi, jalan santai di tepi air, dan piknik sore hari.",Pantai,Pantai,Bengkayang,25000,4.2,240.0,"{'lat': 0.795326, 'lng': 109.641632}",0.795326,109.641632,Kalimantan Barat,bahari,25000.0,4.2,1,1,1,1,0,0,0.6667,berenang|fotografi|kuliner|pantai|rekreasi_keluarga
962,Pantai Tanjung Belandang Ketapang,"Pantai Tanjung Belandang Ketapang di Bengkayang, Kalimantan Barat. Kawasan pantai dengan keindahan garis pantai memanjang, batuan karang yang menawan, serta angin sepoi-sepoi yang menyegarkan. Sangat cocok untuk aktivitas rekreasi, jalan santai di tepi air, dan piknik sore hari.",Pantai,Pantai,Bengkayang,30000,4.6,120.0,"{'lat': 0.789949, 'lng': 109.611984}",0.789949,109.611984,Kalimantan Barat,bahari,30000.0,4.6,1,1,1,1,0,0,0.6667,berenang|fotografi|kuliner|pantai|rekreasi_keluarga
963,Pantai Polaria Sambas,"Pantai Polaria Sambas di Ketapang, Kalimantan Barat. Kawasan pantai dengan keindahan garis pantai memanjang, batuan karang yang menawan, serta angin sepoi-sepoi yang menyegarkan. Sangat cocok untuk aktivitas rekreasi, jalan santai di tepi air, dan piknik sore hari.",Pantai,Pantai,Ketapang,5000,4.5,240.0,"{'lat': -1.840504, 'lng': 109.989448}",-1.840504,109.989448,Kalimantan Barat,bahari,5000.0,4.5,1,1,1,1,1,0,0.8333,berenang|fotografi|kuliner|pantai|rekreasi_keluarga
964,Pantai Kura-Kura Bengkayang,"Pantai Kura-Kura Bengkayang di Kota Pontianak, Kalimantan Barat. Destinasi wisata pesisir dengan hamparan pasir bersih, deburan ombak yang menenangkan, serta panorama matahari terbenam yang memukau. Dilengkapi fasilitas warung makan seafood lokal, area parkir, toilet umum, dan persewaan payung pantai.",Pantai,Pantai,Kota Pontianak,5000,4.6,150.0,"{'lat': 0.008595, 'lng': 109.316879}",0.008595,109.316879,Kalimantan Barat,bahari,5000.0,4.6,1,1,1,1,1,1,1.0,berenang|fotografi|kuliner|pantai|rekreasi_keluarga
965,Gunung Palung (TNGP) Kayong Utara,"Gunung Palung (TNGP) Kayong Utara di Ketapang, Kalimantan Barat. Kawasan dataran tinggi dan lereng gunung yang asri dengan pemandangan perbukitan hijau dan kawah eksotis. Sangat ideal untuk petualangan alam terbuka, hiking santai, perkemahan keluarga, dan melepas penat.",Gunung,Gunung,Ketapang,35000,4.7,360.0,"{'lat': -1.843636, 'lng': 109.950072}",-1.843636,109.950072,Kalimantan Barat,alam,35000.0,4.7,1,1,1,0,1,0,0.6667,camping|fotografi|gunung|hiking
966,Bukit Kelam Sintang (Batu Monolit Terbesar Kedua Dunia),"Bukit Kelam Sintang (Batu Monolit Terbesar Kedua Dunia) di Sintang, Kalimantan Barat. Puncak bukit dan pegunungan dengan pemandangan lanskap hijau membentang sejauh mata memandang. Menawarkan pengalaman menikmati golden sunrise, udara bersih bebas polusi, dan spot foto alam yang memesona.",Gunung,Perbukitan,Sintang,35000,4.7,360.0,"{'lat': 0.061661, 'lng': 111.493195}",0.061661,111.493195,Kalimantan Barat,alam,35000.0,4.7,1,1,1,0,1,1,0.8333,camping|fotografi|gunung|hiking
967,Gunung Bawang Bengkayang,"Gunung Bawang Bengkayang di Sintang, Kalimantan Barat. Puncak bukit dan pegunungan dengan pemandangan lanskap hijau membentang sejauh mata memandang. Menawarkan pengalaman menikmati golden sunrise, udara bersih bebas polusi, dan spot foto alam yang memesona.",Gunung,Gunung,Sintang,10000,4.4,300.0,"{'lat': 0.049528, 'lng': 111.474614}",0.049528,111.474614,Kalimantan Barat,alam,10000.0,4.4,1,1,1,1,0,1,0.8333,camping|fotografi|gunung|hiking
968,Bukit Penjamur Bengkayang Negeri Awan,"Bukit Penjamur Bengkayang Negeri Awan di Kota Pontianak, Kalimantan Barat. Puncak bukit dan pegunungan dengan pemandangan lanskap hijau membentang sejauh mata memandang. Menawarkan pengalaman menikmati golden sunrise, udara bersih bebas polusi, dan spot foto alam yang memesona.",Gunung,Perbukitan,Kota Pontianak,20000,4.8,180.0,"{'lat': -0.051783, 'lng': 109.359564}",-0.051783,109.359564,Kalimantan Barat,alam,20000.0,4.8,1,1,1,0,1,0,0.6667,camping|fotografi|gunung|hiking
969,Bukit Rimbang Mempawah,"Bukit Rimbang Mempawah di Sintang, Kalimantan Barat. Kawasan dataran tinggi dan lereng gunung yang asri dengan pemandangan perbukitan hijau dan kawah eksotis. Sangat ideal untuk petualangan alam terbuka, hiking santai, perkemahan keluarga, dan melepas penat.",Gunung,Perbukitan,Sintang,10000,4.5,240.0,"{'lat': 0.102026, 'lng': 111.53196}",0.102026,111.53196,Kalimantan Barat,alam,10000.0,4.5,1,1,1,1,0,1,0.8333,camping|fotografi|gunung|hiking
970,Puncak Bukit Bougenville Singkawang,"Puncak Bukit Bougenville Singkawang di Kota Pontianak, Kalimantan Barat. Kawasan dataran tinggi dan lereng gunung yang asri dengan pemandangan perbukitan hijau dan kawah eksotis. Sangat ideal untuk petualangan alam terbuka, hiking santai, perkemahan keluarga, dan melepas penat.",Gunung,Perbukitan,Kota Pontianak,10000,4.7,360.0,"{'lat': -0.035496, 'lng': 109.311707}",-0.035496,109.311707,Kalimantan Barat,alam,10000.0,4.7,1,1,1,1,0,0,0.6667,camping|fotografi|gunung|hiking
971,Gunung Poteng Singkawang,"Gunung Poteng Singkawang di Kota Pontianak, Kalimantan Barat. Kawasan dataran tinggi dan lereng gunung yang asri dengan pemandangan perbukitan hijau dan kawah eksotis. Sangat ideal untuk petualangan alam terbuka, hiking santai, perkemahan keluarga, dan melepas penat.",Gunung,Gunung,Kota Pontianak,20000,4.3,240.0,"{'lat': -0.047601, 'lng': 109.373392}",-0.047601,109.373392,Kalimantan Barat,alam,20000.0,4.3,1,1,1,1,0,1,0.8333,camping|fotografi|gunung|hiking
972,Bukit Vander Vich Putussibau,"Bukit Vander Vich Putussibau di Kapuas Hulu Putussibau, Kalimantan Barat. Puncak bukit dan pegunungan dengan pemandangan lanskap hijau membentang sejauh mata memandang. Menawarkan pengalaman menikmati golden sunrise, udara bersih bebas polusi, dan spot foto alam yang memesona.",Gunung,Perbukitan,Kapuas Hulu Putussibau,35000,4.5,240.0,"{'lat': 0.862379, 'lng': 112.961002}",0.862379,112.961002,Kalimantan Barat,alam,35000.0,4.5,1,1,1,1,0,0,0.6667,camping|fotografi|gunung|hiking
973,Bukit Jamur Singkawang,"Bukit Jamur Singkawang di Kota Pontianak, Kalimantan Barat. Destinasi wisata pegunungan berhawa sejuk dengan jalur pendakian yang menantang dan panorama lautan awan yang spektakuler saat fajar. Tersedia pos peristirahatan, warung logistik pendaki, area perkemahan, dan pemandu lokal.",Gunung,Perbukitan,Kota Pontianak,35000,4.9,180.0,"{'lat': 0.009909, 'lng': 109.379408}",0.009909,109.379408,Kalimantan Barat,alam,35000.0,4.9,1,1,1,1,1,1,1.0,camping|fotografi|gunung|hiking
974,Puncak Gunung Niut Landak,"Puncak Gunung Niut Landak di Bengkayang, Kalimantan Barat. Kawasan dataran tinggi dan lereng gunung yang asri dengan pemandangan perbukitan hijau dan kawah eksotis. Sangat ideal untuk petualangan alam terbuka, hiking santai, perkemahan keluarga, dan melepas penat.",Gunung,Gunung,Bengkayang,10000,4.9,300.0,"{'lat': 0.828945, 'lng': 109.623391}",0.828945,109.623391,Kalimantan Barat,alam,10000.0,4.9,1,1,1,0,1,1,0.8333,camping|fotografi|gunung|hiking
975,Taman Nasional Danau Sentarum Kapuas Hulu,"Taman Nasional Danau Sentarum Kapuas Hulu di Kota Singkawang, Kalimantan Barat. Kawasan konservasi alam yang asri dan terlindungi dengan keanekaragaman flora dan fauna tropis endemik. Dilengkapi jalur trekking kayu yang tertata rapi, gazebo istirahat, pusat informasi lingkungan, dan toilet pengunjung.",Cagar Alam,Danau,Kota Singkawang,30000,4.6,90.0,"{'lat': 0.927395, 'lng': 108.96032}",0.927395,108.96032,Kalimantan Barat,alam,30000.0,4.6,1,1,1,1,0,1,0.8333,alam|edukasi|fotografi|hiking|rekreasi_keluarga
976,Tugu Khatulistiwa Pontianak Titik Nol Ekuator,"Tugu Khatulistiwa Pontianak Titik Nol Ekuator di Sintang, Kalimantan Barat. Wisata alam edukatif berbalut udara segar hutan tropis, aliran sungai yang jernih, serta air terjun bertingkat yang menyejukkan. Pilihan utama untuk riset keanekaragaman hayati dan ekowisata ramah lingkungan.",Cagar Alam,Taman Nasional,Sintang,10000,4.4,150.0,"{'lat': 0.050751, 'lng': 111.491624}",0.050751,111.491624,Kalimantan Barat,alam,10000.0,4.4,1,1,1,0,0,1,0.6667,edukasi|fotografi|hiking|rekreasi_keluarga
977,Taman Nasional Gunung Palung Orangutan,"Taman Nasional Gunung Palung Orangutan di Kota Pontianak, Kalimantan Barat. Wisata alam edukatif berbalut udara segar hutan tropis, aliran sungai yang jernih, serta air terjun bertingkat yang menyejukkan. Pilihan utama untuk riset keanekaragaman hayati dan ekowisata ramah lingkungan.",Cagar Alam,Taman Nasional,Kota Pontianak,20000,4.6,180.0,"{'lat': -0.002135, 'lng': 109.373215}",-0.002135,109.373215,Kalimantan Barat,alam,20000.0,4.6,1,1,1,0,1,1,0.8333,edukasi|fotografi|hiking|rekreasi_keluarga
978,Air Terjun Riam Merasap Bengkayang Little Niagara,"Air Terjun Riam Merasap Bengkayang Little Niagara di Sambas, Kalimantan Barat. Objek wisata alam dengan formasi tebing batuan alami, gua karst purba, serta telaga yang jernih dan tenang. Suasana alam yang tenang memberikan kesegaran pikiran bagi pengunjung yang mencintai ketenangan alam.",Cagar Alam,Air Terjun,Sambas,30000,4.7,90.0,"{'lat': 1.35403, 'lng': 109.296784}",1.35403,109.296784,Kalimantan Barat,alam,30000.0,4.7,1,1,1,0,1,1,0.8333,alam|edukasi|fotografi|hiking|rekreasi_keluarga
979,Air Terjun Riam Dait Landak Tujuh Tingkat,"Air Terjun Riam Dait Landak Tujuh Tingkat di Kapuas Hulu Putussibau, Kalimantan Barat. Objek wisata alam dengan formasi tebing batuan alami, gua karst purba, serta telaga yang jernih dan tenang. Suasana alam yang tenang memberikan kesegaran pikiran bagi pengunjung yang mencintai ketenangan alam.",Cagar Alam,Air Terjun,Kapuas Hulu Putussibau,10000,4.4,180.0,"{'lat': 0.875403, 'lng': 112.893642}",0.875403,112.893642,Kalimantan Barat,alam,10000.0,4.4,1,1,1,1,1,1,1.0,alam|edukasi|fotografi|hiking|rekreasi_keluarga
980,Sungai Kapuas Terpanjang di Indonesia,"Sungai Kapuas Terpanjang di Indonesia di Sambas, Kalimantan Barat. Objek wisata alam dengan formasi tebing batuan alami, gua karst purba, serta telaga yang jernih dan tenang. Suasana alam yang tenang memberikan kesegaran pikiran bagi pengunjung yang mencintai ketenangan alam.",Cagar Alam,Taman Nasional,Sambas,10000,4.2,180.0,"{'lat': 1.387697, 'lng': 109.303051}",1.387697,109.303051,Kalimantan Barat,alam,10000.0,4.2,1,1,1,0,1,1,0.8333,alam|edukasi|fotografi|hiking|rekreasi_keluarga
981,Danau Laet Tayan Sanggau,"Danau Laet Tayan Sanggau di Kota Pontianak, Kalimantan Barat. Kawasan konservasi alam yang asri dan terlindungi dengan keanekaragaman flora dan fauna tropis endemik. Dilengkapi jalur trekking kayu yang tertata rapi, gazebo istirahat, pusat informasi lingkungan, dan toilet pengunjung.",Cagar Alam,Danau,Kota Pontianak,25000,4.4,90.0,"{'lat': -0.03619, 'lng': 109.350605}",-0.03619,109.350605,Kalimantan Barat,alam,25000.0,4.4,1,1,1,1,1,1,1.0,alam|edukasi|fotografi|hiking|rekreasi_keluarga
982,Pulau Lemukutan Snorkeling Bengkayang,"Pulau Lemukutan Snorkeling Bengkayang di Bengkayang, Kalimantan Barat. Kawasan konservasi alam yang asri dan terlindungi dengan keanekaragaman flora dan fauna tropis endemik. Dilengkapi jalur trekking kayu yang tertata rapi, gazebo istirahat, pusat informasi lingkungan, dan toilet pengunjung.",Cagar Alam,Taman Nasional,Bengkayang,10000,4.6,150.0,"{'lat': 0.812266, 'lng': 109.627722}",0.812266,109.627722,Kalimantan Barat,alam,10000.0,4.6,1,1,1,0,1,1,0.8333,bahari|edukasi|fotografi|hiking|rekreasi_keluarga|snorkeling
983,Keraton Kadriah Kesultanan Pontianak,"Keraton Kadriah Kesultanan Pontianak di Sintang, Kalimantan Barat. Situs cagar budaya bersejarah yang sarat dengan nilai tradisi leluhur, arsitektur arca dan bangunan tradisional yang otentik. Dilengkapi pemandu wisata budaya, museum informasi sejarah, dan pertunjukan seni berkala.",Budaya,Keraton,Sintang,10000,4.9,90.0,"{'lat': 0.050954, 'lng': 111.517425}",0.050954,111.517425,Kalimantan Barat,budaya,10000.0,4.9,1,1,0,1,1,1,0.8333,budaya|edukasi|fotografi|sejarah
984,Rumah Betang Radakng Pontianak Terpanjang,"Rumah Betang Radakng Pontianak Terpanjang di Sambas, Kalimantan Barat. Kompleks bangunan bersejarah dan desa adat yang mempertahankan adat istiadat turun-temurun dengan ramah. Wisatawan dapat menyaksikan kerajinan tangan tradisional dan berinteraksi langsung dengan warga setempat.",Budaya,Situs Sejarah,Sambas,20000,4.3,90.0,"{'lat': 1.343427, 'lng': 109.275687}",1.343427,109.275687,Kalimantan Barat,budaya,20000.0,4.3,1,1,1,0,0,1,0.6667,budaya|edukasi|fotografi|sejarah
985,Kawasan Pecinan Singkawang Kota Amoy,"Kawasan Pecinan Singkawang Kota Amoy di Landak Ngabang, Kalimantan Barat. Kompleks bangunan bersejarah dan desa adat yang mempertahankan adat istiadat turun-temurun dengan ramah. Wisatawan dapat menyaksikan kerajinan tangan tradisional dan berinteraksi langsung dengan warga setempat.",Budaya,Situs Sejarah,Landak Ngabang,25000,4.4,60.0,"{'lat': 0.419105, 'lng': 109.763774}",0.419105,109.763774,Kalimantan Barat,budaya,25000.0,4.4,1,1,0,0,0,1,0.5,budaya|edukasi|fotografi|sejarah
986,Istana Sambas Alwatzikoebillah,"Istana Sambas Alwatzikoebillah di Ketapang, Kalimantan Barat. Kompleks bangunan bersejarah dan desa adat yang mempertahankan adat istiadat turun-temurun dengan ramah. Wisatawan dapat menyaksikan kerajinan tangan tradisional dan berinteraksi langsung dengan warga setempat.",Budaya,Keraton,Ketapang,25000,4.6,60.0,"{'lat': -1.844408, 'lng': 109.961537}",-1.844408,109.961537,Kalimantan Barat,budaya,25000.0,4.6,1,1,0,1,1,1,0.8333,budaya|edukasi|fotografi|sejarah
987,Vihara Tri Dharma Bumi Raya Singkawang,"Vihara Tri Dharma Bumi Raya Singkawang di Sambas, Kalimantan Barat. Kompleks bangunan bersejarah dan desa adat yang mempertahankan adat istiadat turun-temurun dengan ramah. Wisatawan dapat menyaksikan kerajinan tangan tradisional dan berinteraksi langsung dengan warga setempat.",Budaya,Situs Sejarah,Sambas,20000,4.2,90.0,"{'lat': 1.375857, 'lng': 109.314454}",1.375857,109.314454,Kalimantan Barat,budaya,20000.0,4.2,1,1,1,1,1,1,1.0,budaya|edukasi|fotografi|sejarah
988,Museum Negeri Pontianak,"Museum Negeri Pontianak di Landak Ngabang, Kalimantan Barat. Kompleks bangunan bersejarah dan desa adat yang mempertahankan adat istiadat turun-temurun dengan ramah. Wisatawan dapat menyaksikan kerajinan tangan tradisional dan berinteraksi langsung dengan warga setempat.",Budaya,Museum,Landak Ngabang,20000,4.6,60.0,"{'lat': 0.38584, 'lng': 109.777547}",0.38584,109.777547,Kalimantan Barat,budaya,20000.0,4.6,1,1,1,1,0,1,0.8333,budaya|edukasi|fotografi|sejarah
989,Rumah Adat Melayu Pontianak,"Rumah Adat Melayu Pontianak di Ketapang, Kalimantan Barat. Kompleks bangunan bersejarah dan desa adat yang mempertahankan adat istiadat turun-temurun dengan ramah. Wisatawan dapat menyaksikan kerajinan tangan tradisional dan berinteraksi langsung dengan warga setempat.",Budaya,Situs Sejarah,Ketapang,5000,4.6,90.0,"{'lat': -1.886523, 'lng': 110.000998}",-1.886523,110.000998,Kalimantan Barat,budaya,5000.0,4.6,1,1,1,0,0,1,0.6667,budaya|edukasi|fotografi|sejarah
990,Paradis-Q Waterpark Kubu Raya,"Paradis-Q Waterpark Kubu Raya di Mempawah, Kalimantan Barat. Taman rekreasi modern keluarga yang menghadirkan beragam wahana permainan seru, atraksi air, serta pertunjukan tematik interaktif. Memiliki fasilitas lengkap seperti food court, musala yang nyaman, toilet bersih, dan area parkir luas.",Taman Hiburan,Waterpark,Mempawah,35000,4.5,240.0,"{'lat': 0.333245, 'lng': 108.955746}",0.333245,108.955746,Kalimantan Barat,hiburan,35000.0,4.5,1,1,1,1,1,1,1.0,edukasi|fotografi|rekreasi_keluarga
991,Taman Alun-Alun Kapuas Pontianak,"Taman Alun-Alun Kapuas Pontianak di Ketapang, Kalimantan Barat. Kawasan rekreasi bertema dengan wahana pemacu adrenalin, kolam renang bergelombang, serta taman bermain anak yang aman. Dilengkapi staf pengawas keselamatan dan berbagai tenant kuliner lezat.",Taman Hiburan,Taman Rekreasi,Ketapang,75000,4.6,120.0,"{'lat': -1.81664, 'lng': 109.95905}",-1.81664,109.95905,Kalimantan Barat,hiburan,75000.0,4.6,1,1,1,1,1,1,1.0,edukasi|fotografi|rekreasi_keluarga
992,Sinka Zoo Singkawang Taman Satwa,"Sinka Zoo Singkawang Taman Satwa di Bengkayang, Kalimantan Barat. Destinasi hiburan terpadu dengan spot swafoto kekinian yang estetik, wahana edukasi anak, dan ruang terbuka hijau yang ramah keluarga. Menjadi tempat favorit untuk berekreasi bersama anak-anak di akhir pekan.",Taman Hiburan,Taman Rekreasi,Bengkayang,100000,4.2,180.0,"{'lat': 0.826724, 'lng': 109.61223}",0.826724,109.61223,Kalimantan Barat,hiburan,100000.0,4.2,1,1,1,1,1,1,1.0,edukasi|fotografi|rekreasi_keluarga
993,Mimi Land Batu Payung Singkawang,"Mimi Land Batu Payung Singkawang di Kapuas Hulu Putussibau, Kalimantan Barat. Kawasan rekreasi bertema dengan wahana pemacu adrenalin, kolam renang bergelombang, serta taman bermain anak yang aman. Dilengkapi staf pengawas keselamatan dan berbagai tenant kuliner lezat.",Taman Hiburan,Taman Rekreasi,Kapuas Hulu Putussibau,75000,4.2,180.0,"{'lat': 0.846472, 'lng': 112.931186}",0.846472,112.931186,Kalimantan Barat,hiburan,75000.0,4.2,1,1,1,1,1,1,1.0,edukasi|fotografi|rekreasi_keluarga
994,Pasar Tengah Pontianak,"Pasar Tengah Pontianak di Sambas, Kalimantan Barat. Kawasan pertokoan dan pasar seni yang menyajikan ragam cinderamata unik karya perajin lokal dari berbagai penjuru daerah. Selalu ramai dikunjungi wisatawan yang ingin membawa kenang-kenangan autentik.",Pusat Perbelanjaan,Pasar Tradisional,Sambas,0,4.9,60.0,"{'lat': 1.390229, 'lng': 109.335484}",1.390229,109.335484,Kalimantan Barat,belanja,0.0,4.9,1,1,1,1,1,0,0.8333,belanja|budaya|kuliner
995,Sentra Lidah Buaya Aloevera Center,"Sentra Lidah Buaya Aloevera Center di Kapuas Hulu Putussibau, Kalimantan Barat. Kawasan pertokoan dan pasar seni yang menyajikan ragam cinderamata unik karya perajin lokal dari berbagai penjuru daerah. Selalu ramai dikunjungi wisatawan yang ingin membawa kenang-kenangan autentik.",Pusat Perbelanjaan,Sentra Kerajinan,Kapuas Hulu Putussibau,0,4.8,90.0,"{'lat': 0.904662, 'lng': 112.966637}",0.904662,112.966637,Kalimantan Barat,belanja,0.0,4.8,1,1,1,0,1,0,0.6667,belanja|budaya|kuliner
996,Sentra Tenun Sambas Songket Lunggi,"Sentra Tenun Sambas Songket Lunggi di Sintang, Kalimantan Barat. Kawasan pertokoan dan pasar seni yang menyajikan ragam cinderamata unik karya perajin lokal dari berbagai penjuru daerah. Selalu ramai dikunjungi wisatawan yang ingin membawa kenang-kenangan autentik.",Pusat Perbelanjaan,Sentra Kerajinan,Sintang,0,4.6,120.0,"{'lat': 0.100229, 'lng': 111.495353}",0.100229,111.495353,Kalimantan Barat,belanja,0.0,4.6,1,1,1,1,1,0,0.8333,belanja|budaya|kuliner
997,Pusat Keramik Dinasti Singkawang,"Pusat Keramik Dinasti Singkawang di Kapuas Hulu Putussibau, Kalimantan Barat. Pusat perbelanjaan dan pasar tradisional khas daerah yang menjual aneka kerajinan tangan, kain tenun atau batik, serta camilan oleh-oleh lokal. Tempat bertemunya tawar-menawar yang hangat dengan harga terjangkau.",Pusat Perbelanjaan,Pasar Tradisional,Kapuas Hulu Putussibau,0,4.8,90.0,"{'lat': 0.831163, 'lng': 112.897476}",0.831163,112.897476,Kalimantan Barat,belanja,0.0,4.8,1,1,1,1,1,0,0.8333,belanja|budaya|kuliner
998,Masjid Raya Mujahidin Pontianak,"Masjid Raya Mujahidin Pontianak di Kota Singkawang, Kalimantan Barat. Ikon wisata religi yang terkenal dengan kedamaian suasananya, toleransi antarwarga, serta kubah atau menara yang menjulang indah. Menjadi tempat ziarah sekaligus edukasi spiritual bagi masyarakat luas.",Tempat Ibadah,Masjid,Kota Singkawang,0,4.2,60.0,"{'lat': 0.929167, 'lng': 109.006298}",0.929167,109.006298,Kalimantan Barat,religi,0.0,4.2,1,1,1,1,1,0,0.8333,budaya|religi|sejarah
999,Masjid Jami Sultan Syarif Abdurrahman Pontianak,"Masjid Jami Sultan Syarif Abdurrahman Pontianak di Landak Ngabang, Kalimantan Barat. Tempat ibadah cagar budaya dengan ornamen seni pahat antik dan sejarah pendirian yang menginspirasi. Terbuka bagi pengunjung yang ingin berdoa maupun mengagumi keindahan karya arsitektur Nusantara.",Tempat Ibadah,Masjid,Landak Ngabang,0,4.2,60.0,"{'lat': 0.409617, 'lng': 109.718102}",0.409617,109.718102,Kalimantan Barat,religi,0.0,4.2,1,1,1,1,1,0,0.8333,budaya|religi|sejarah
1000,Vihara Sui Khew Pak Kung Singkawang,"Vihara Sui Khew Pak Kung Singkawang di Kubu Raya, Kalimantan Barat. Bangunan keagamaan bersejarah dengan arsitektur megah dan penuh nilai filosofis spiritual tinggi. Menyediakan sarana ibadah yang bersih dan khusyuk, pelataran yang teduh dan asri, serta toilet wudhu yang terawat.",Tempat Ibadah,Vihara,Kubu Raya,0,4.3,90.0,"{'lat': -0.181785, 'lng': 109.390914}",-0.181785,109.390914,Kalimantan Barat,religi,0.0,4.3,1,1,1,1,1,0,0.8333,budaya|religi|sejarah
1001,Pantai Takisung Tanah Laut,"Pantai Takisung Tanah Laut di Hulu Sungai Selatan Kandangan, Kalimantan Selatan. Destinasi wisata pesisir dengan hamparan pasir bersih, deburan ombak yang menenangkan, serta panorama matahari terbenam yang memukau. Dilengkapi fasilitas warung makan seafood lokal, area parkir, toilet umum, dan persewaan payung pantai.",Pantai,Pantai,Hulu Sungai Selatan Kandangan,20000,4.9,150.0,"{'lat': -2.749288, 'lng': 115.238431}",-2.749288,115.238431,Kalimantan Selatan,bahari,20000.0,4.9,1,1,1,1,0,0,0.6667,berenang|fotografi|kuliner|pantai|rekreasi_keluarga
1002,Pantai Batakan Baru Pelaihari,"Pantai Batakan Baru Pelaihari di Kota Banjarmasin, Kalimantan Selatan. Kawasan pantai dengan keindahan garis pantai memanjang, batuan karang yang menawan, serta angin sepoi-sepoi yang menyegarkan. Sangat cocok untuk aktivitas rekreasi, jalan santai di tepi air, dan piknik sore hari.",Pantai,Pantai,Kota Banjarmasin,25000,4.7,180.0,"{'lat': -3.349186, 'lng': 114.597562}",-3.349186,114.597562,Kalimantan Selatan,bahari,25000.0,4.7,1,1,1,1,1,1,1.0,berenang|fotografi|kuliner|pantai|rekreasi_keluarga
1003,Pantai Gedambaan Sarang Tiung Kotabaru,"Pantai Gedambaan Sarang Tiung Kotabaru di Kota Banjarmasin, Kalimantan Selatan. Destinasi wisata pesisir dengan hamparan pasir bersih, deburan ombak yang menenangkan, serta panorama matahari terbenam yang memukau. Dilengkapi fasilitas warung makan seafood lokal, area parkir, toilet umum, dan persewaan payung pantai.",Pantai,Pantai,Kota Banjarmasin,15000,4.6,180.0,"{'lat': -3.347607, 'lng': 114.575494}",-3.347607,114.575494,Kalimantan Selatan,bahari,15000.0,4.6,1,1,1,1,0,1,0.8333,berenang|fotografi|kuliner|pantai|rekreasi_keluarga
1004,Pantai Pagatan Pesta Laut Mappanretasi,"Pantai Pagatan Pesta Laut Mappanretasi di Kota Banjarbaru, Kalimantan Selatan. Pantai eksotis dengan air laut jernih dan deretan pohon kelapa yang rindang. Menjadi lokasi favorit wisatawan untuk bersantai, bermain air bersama keluarga, berswafoto, serta menikmati kelapa muda segar di tepi pantai.",Pantai,Pantai,Kota Banjarbaru,25000,4.2,240.0,"{'lat': -3.468432, 'lng': 114.808991}",-3.468432,114.808991,Kalimantan Selatan,bahari,25000.0,4.2,1,1,1,1,0,0,0.6667,berenang|fotografi|kuliner|pantai|rekreasi_keluarga
1005,Pantai Teluk Tamiang Surga Bahari Kotabaru,"Pantai Teluk Tamiang Surga Bahari Kotabaru di Hulu Sungai Selatan Kandangan, Kalimantan Selatan. Kawasan pantai dengan keindahan garis pantai memanjang, batuan karang yang menawan, serta angin sepoi-sepoi yang menyegarkan. Sangat cocok untuk aktivitas rekreasi, jalan santai di tepi air, dan piknik sore hari.",Pantai,Pantai,Hulu Sungai Selatan Kandangan,15000,4.5,240.0,"{'lat': -2.71732, 'lng': 115.272821}",-2.71732,115.272821,Kalimantan Selatan,bahari,15000.0,4.5,1,1,1,1,1,0,0.8333,berenang|fotografi|kuliner|pantai|rekreasi_keluarga
1006,Pantai Swarangan Jorong,"Pantai Swarangan Jorong di Tapin Rantau, Kalimantan Selatan. Pantai eksotis dengan air laut jernih dan deretan pohon kelapa yang rindang. Menjadi lokasi favorit wisatawan untuk bersantai, bermain air bersama keluarga, berswafoto, serta menikmati kelapa muda segar di tepi pantai.",Pantai,Pantai,Tapin Rantau,25000,4.7,180.0,"{'lat': -2.901307, 'lng': 115.178161}",-2.901307,115.178161,Kalimantan Selatan,bahari,25000.0,4.7,1,1,1,1,0,0,0.6667,berenang|fotografi|kuliner|pantai|rekreasi_keluarga
1007,Pantai Angsana Snorkeling Terumbu Karang,"Pantai Angsana Snorkeling Terumbu Karang di Hulu Sungai Selatan Kandangan, Kalimantan Selatan. Kawasan pantai dengan keindahan garis pantai memanjang, batuan karang yang menawan, serta angin sepoi-sepoi yang menyegarkan. Sangat cocok untuk aktivitas rekreasi, jalan santai di tepi air, dan piknik sore hari.",Pantai,Pantai,Hulu Sungai Selatan Kandangan,20000,4.5,120.0,"{'lat': -2.719912, 'lng': 115.282843}",-2.719912,115.282843,Kalimantan Selatan,bahari,20000.0,4.5,1,1,1,1,0,0,0.6667,bahari|berenang|fotografi|kuliner|pantai|rekreasi_keluarga|snorkeling
1008,Pantai Rindu Alam Batulicin,"Pantai Rindu Alam Batulicin di Kotabaru, Kalimantan Selatan. Destinasi wisata pesisir dengan hamparan pasir bersih, deburan ombak yang menenangkan, serta panorama matahari terbenam yang memukau. Dilengkapi fasilitas warung makan seafood lokal, area parkir, toilet umum, dan persewaan payung pantai.",Pantai,Pantai,Kotabaru,30000,4.7,240.0,"{'lat': -3.240086, 'lng': 116.195822}",-3.240086,116.195822,Kalimantan Selatan,bahari,30000.0,4.7,1,1,1,1,0,1,0.8333,berenang|fotografi|kuliner|pantai|rekreasi_keluarga
1009,Pantai Muara Kintap,"Pantai Muara Kintap di Hulu Sungai Tengah Barabai, Kalimantan Selatan. Destinasi wisata pesisir dengan hamparan pasir bersih, deburan ombak yang menenangkan, serta panorama matahari terbenam yang memukau. Dilengkapi fasilitas warung makan seafood lokal, area parkir, toilet umum, dan persewaan payung pantai.",Pantai,Pantai,Hulu Sungai Tengah Barabai,15000,4.2,120.0,"{'lat': -2.639462, 'lng': 115.377491}",-2.639462,115.377491,Kalimantan Selatan,bahari,15000.0,4.2,1,1,1,1,0,0,0.6667,berenang|fotografi|kuliner|pantai|rekreasi_keluarga
1010,Pantai Tanjung Dewa,"Pantai Tanjung Dewa di Tapin Rantau, Kalimantan Selatan. Destinasi wisata pesisir dengan hamparan pasir bersih, deburan ombak yang menenangkan, serta panorama matahari terbenam yang memukau. Dilengkapi fasilitas warung makan seafood lokal, area parkir, toilet umum, dan persewaan payung pantai.",Pantai,Pantai,Tapin Rantau,5000,4.2,150.0,"{'lat': -2.909845, 'lng': 115.171243}",-2.909845,115.171243,Kalimantan Selatan,bahari,5000.0,4.2,1,1,1,1,0,0,0.6667,berenang|fotografi|kuliner|pantai|rekreasi_keluarga
1011,Pantai Asam-Asam Tanah Laut,"Pantai Asam-Asam Tanah Laut di Hulu Sungai Tengah Barabai, Kalimantan Selatan. Destinasi wisata pesisir dengan hamparan pasir bersih, deburan ombak yang menenangkan, serta panorama matahari terbenam yang memukau. Dilengkapi fasilitas warung makan seafood lokal, area parkir, toilet umum, dan persewaan payung pantai.",Pantai,Pantai,Hulu Sungai Tengah Barabai,25000,4.5,150.0,"{'lat': -2.61904, 'lng': 115.390643}",-2.61904,115.390643,Kalimantan Selatan,bahari,25000.0,4.5,1,1,1,1,0,1,0.8333,berenang|fotografi|kuliner|pantai|rekreasi_keluarga
1012,Pantai Teluk Gosong Kotabaru,"Pantai Teluk Gosong Kotabaru di Tabalong Tanjung, Kalimantan Selatan. Kawasan pantai dengan keindahan garis pantai memanjang, batuan karang yang menawan, serta angin sepoi-sepoi yang menyegarkan. Sangat cocok untuk aktivitas rekreasi, jalan santai di tepi air, dan piknik sore hari.",Pantai,Pantai,Tabalong Tanjung,30000,4.4,240.0,"{'lat': -1.867148, 'lng': 115.46168}",-1.867148,115.46168,Kalimantan Selatan,bahari,30000.0,4.4,1,1,1,1,1,0,0.8333,berenang|fotografi|kuliner|pantai|rekreasi_keluarga
1013,Pantai Batu Buaya Kotabaru,"Pantai Batu Buaya Kotabaru di Tapin Rantau, Kalimantan Selatan. Kawasan pantai dengan keindahan garis pantai memanjang, batuan karang yang menawan, serta angin sepoi-sepoi yang menyegarkan. Sangat cocok untuk aktivitas rekreasi, jalan santai di tepi air, dan piknik sore hari.",Pantai,Pantai,Tapin Rantau,10000,4.7,180.0,"{'lat': -2.881811, 'lng': 115.134406}",-2.881811,115.134406,Kalimantan Selatan,bahari,10000.0,4.7,1,1,1,1,0,1,0.8333,berenang|fotografi|kuliner|pantai|rekreasi_keluarga
1014,Pantai Pulau Burung Tanah Bumbu,"Pantai Pulau Burung Tanah Bumbu di Kotabaru, Kalimantan Selatan. Destinasi wisata pesisir dengan hamparan pasir bersih, deburan ombak yang menenangkan, serta panorama matahari terbenam yang memukau. Dilengkapi fasilitas warung makan seafood lokal, area parkir, toilet umum, dan persewaan payung pantai.",Pantai,Pantai,Kotabaru,20000,4.3,120.0,"{'lat': -3.226078, 'lng': 116.226556}",-3.226078,116.226556,Kalimantan Selatan,bahari,20000.0,4.3,1,1,1,1,1,0,0.8333,berenang|fotografi|kuliner|pantai|rekreasi_keluarga
1015,Puncak Pegunungan Meratus Loksado,"Puncak Pegunungan Meratus Loksado di Tanah Laut Pelaihari, Kalimantan Selatan. Kawasan dataran tinggi dan lereng gunung yang asri dengan pemandangan perbukitan hijau dan kawah eksotis. Sangat ideal untuk petualangan alam terbuka, hiking santai, perkemahan keluarga, dan melepas penat.",Gunung,Perbukitan,Tanah Laut Pelaihari,50000,4.7,300.0,"{'lat': -3.824829, 'lng': 114.769304}",-3.824829,114.769304,Kalimantan Selatan,alam,50000.0,4.7,1,1,1,1,1,1,1.0,camping|fotografi|gunung|hiking
1016,Gunung Halau-Halau Puncak Tertinggi Kalsel (1.901 mdpl),"Gunung Halau-Halau Puncak Tertinggi Kalsel (1.901 mdpl) di Hulu Sungai Selatan Kandangan, Kalimantan Selatan. Puncak bukit dan pegunungan dengan pemandangan lanskap hijau membentang sejauh mata memandang. Menawarkan pengalaman menikmati golden sunrise, udara bersih bebas polusi, dan spot foto alam yang memesona.",Gunung,Gunung,Hulu Sungai Selatan Kandangan,35000,4.6,240.0,"{'lat': -2.728953, 'lng': 115.256986}",-2.728953,115.256986,Kalimantan Selatan,alam,35000.0,4.6,1,1,1,0,1,0,0.6667,camping|fotografi|gunung|hiking
1017,Bukit Matang Kaladan Raja Ampat Banjar,"Bukit Matang Kaladan Raja Ampat Banjar di Kota Banjarmasin, Kalimantan Selatan. Kawasan dataran tinggi dan lereng gunung yang asri dengan pemandangan perbukitan hijau dan kawah eksotis. Sangat ideal untuk petualangan alam terbuka, hiking santai, perkemahan keluarga, dan melepas penat.",Gunung,Perbukitan,Kota Banjarmasin,35000,4.9,240.0,"{'lat': -3.349283, 'lng': 114.591462}",-3.349283,114.591462,Kalimantan Selatan,alam,35000.0,4.9,1,1,1,0,0,1,0.6667,camping|fotografi|gunung|hiking
1018,Bukit Riam Kanan Aranio,"Bukit Riam Kanan Aranio di Hulu Sungai Selatan Kandangan, Kalimantan Selatan. Kawasan dataran tinggi dan lereng gunung yang asri dengan pemandangan perbukitan hijau dan kawah eksotis. Sangat ideal untuk petualangan alam terbuka, hiking santai, perkemahan keluarga, dan melepas penat.",Gunung,Perbukitan,Hulu Sungai Selatan Kandangan,50000,4.7,360.0,"{'lat': -2.78481, 'lng': 115.250689}",-2.78481,115.250689,Kalimantan Selatan,alam,50000.0,4.7,1,1,1,1,0,0,0.6667,camping|fotografi|gunung|hiking
1019,Bukit Mawar Kiram Park Banjar,"Bukit Mawar Kiram Park Banjar di Tanah Laut Pelaihari, Kalimantan Selatan. Kawasan dataran tinggi dan lereng gunung yang asri dengan pemandangan perbukitan hijau dan kawah eksotis. Sangat ideal untuk petualangan alam terbuka, hiking santai, perkemahan keluarga, dan melepas penat.",Gunung,Perbukitan,Tanah Laut Pelaihari,25000,4.9,300.0,"{'lat': -3.784439, 'lng': 114.783952}",-3.784439,114.783952,Kalimantan Selatan,alam,25000.0,4.9,1,1,1,1,1,1,1.0,camping|fotografi|gunung|hiking
1020,Bukit Batulaki HSS,"Bukit Batulaki HSS di Tanah Laut Pelaihari, Kalimantan Selatan. Puncak bukit dan pegunungan dengan pemandangan lanskap hijau membentang sejauh mata memandang. Menawarkan pengalaman menikmati golden sunrise, udara bersih bebas polusi, dan spot foto alam yang memesona.",Gunung,Perbukitan,Tanah Laut Pelaihari,15000,4.9,240.0,"{'lat': -3.837072, 'lng': 114.744262}",-3.837072,114.744262,Kalimantan Selatan,alam,15000.0,4.9,1,1,1,0,0,0,0.5,camping|fotografi|gunung|hiking
1021,Bukit Langara Loksado Bambu,"Bukit Langara Loksado Bambu di Tanah Laut Pelaihari, Kalimantan Selatan. Destinasi wisata pegunungan berhawa sejuk dengan jalur pendakian yang menantang dan panorama lautan awan yang spektakuler saat fajar. Tersedia pos peristirahatan, warung logistik pendaki, area perkemahan, dan pemandu lokal.",Gunung,Perbukitan,Tanah Laut Pelaihari,20000,4.3,240.0,"{'lat': -3.827423, 'lng': 114.794095}",-3.827423,114.794095,Kalimantan Selatan,alam,20000.0,4.3,1,1,1,0,0,0,0.5,camping|fotografi|gunung|hiking
1022,Bukit Batu Riam Kanan,"Bukit Batu Riam Kanan di Tapin Rantau, Kalimantan Selatan. Puncak bukit dan pegunungan dengan pemandangan lanskap hijau membentang sejauh mata memandang. Menawarkan pengalaman menikmati golden sunrise, udara bersih bebas polusi, dan spot foto alam yang memesona.",Gunung,Perbukitan,Tapin Rantau,20000,4.8,360.0,"{'lat': -2.953409, 'lng': 115.150981}",-2.953409,115.150981,Kalimantan Selatan,alam,20000.0,4.8,1,1,1,1,0,0,0.6667,camping|fotografi|gunung|hiking
1023,Bukit Birah Tanah Laut,"Bukit Birah Tanah Laut di Kota Banjarmasin, Kalimantan Selatan. Kawasan dataran tinggi dan lereng gunung yang asri dengan pemandangan perbukitan hijau dan kawah eksotis. Sangat ideal untuk petualangan alam terbuka, hiking santai, perkemahan keluarga, dan melepas penat.",Gunung,Perbukitan,Kota Banjarmasin,25000,4.5,300.0,"{'lat': -3.337558, 'lng': 114.552777}",-3.337558,114.552777,Kalimantan Selatan,alam,25000.0,4.5,1,1,1,0,1,0,0.6667,camping|fotografi|gunung|hiking
1024,Bukit Lintang Pelaihari,"Bukit Lintang Pelaihari di Banjar Martapura, Kalimantan Selatan. Destinasi wisata pegunungan berhawa sejuk dengan jalur pendakian yang menantang dan panorama lautan awan yang spektakuler saat fajar. Tersedia pos peristirahatan, warung logistik pendaki, area perkemahan, dan pemandu lokal.",Gunung,Perbukitan,Banjar Martapura,10000,4.6,240.0,"{'lat': -3.416559, 'lng': 114.987032}",-3.416559,114.987032,Kalimantan Selatan,alam,10000.0,4.6,1,1,1,0,0,1,0.6667,camping|fotografi|gunung|hiking
1025,Pasar Terapung Lok Baintan Sungai Martapura,"Pasar Terapung Lok Baintan Sungai Martapura di Tanah Laut Pelaihari, Kalimantan Selatan. Kawasan konservasi alam yang asri dan terlindungi dengan keanekaragaman flora dan fauna tropis endemik. Dilengkapi jalur trekking kayu yang tertata rapi, gazebo istirahat, pusat informasi lingkungan, dan toilet pengunjung.",Cagar Alam,Taman Nasional,Tanah Laut Pelaihari,20000,4.6,150.0,"{'lat': -3.813299, 'lng': 114.780709}",-3.813299,114.780709,Kalimantan Selatan,alam,20000.0,4.6,1,1,1,1,1,1,1.0,alam|edukasi|fotografi|hiking|rekreasi_keluarga
1026,Pasar Terapung Muara Kuin,"Pasar Terapung Muara Kuin di Hulu Sungai Selatan Kandangan, Kalimantan Selatan. Wisata alam edukatif berbalut udara segar hutan tropis, aliran sungai yang jernih, serta air terjun bertingkat yang menyejukkan. Pilihan utama untuk riset keanekaragaman hayati dan ekowisata ramah lingkungan.",Cagar Alam,Taman Nasional,Hulu Sungai Selatan Kandangan,30000,4.6,90.0,"{'lat': -2.710128, 'lng': 115.270191}",-2.710128,115.270191,Kalimantan Selatan,alam,30000.0,4.6,1,1,1,0,0,1,0.6667,edukasi|fotografi|hiking|rekreasi_keluarga
1027,Danau Riam Kanan Waduk Aranio,"Danau Riam Kanan Waduk Aranio di Kota Banjarbaru, Kalimantan Selatan. Objek wisata alam dengan formasi tebing batuan alami, gua karst purba, serta telaga yang jernih dan tenang. Suasana alam yang tenang memberikan kesegaran pikiran bagi pengunjung yang mencintai ketenangan alam.",Cagar Alam,Danau,Kota Banjarbaru,30000,4.2,180.0,"{'lat': -3.400253, 'lng': 114.865665}",-3.400253,114.865665,Kalimantan Selatan,alam,30000.0,4.2,1,1,1,1,1,1,1.0,alam|edukasi|fotografi|hiking|rekreasi_keluarga
1028,Bamboo Rafting Sungai Amandit Loksado,"Bamboo Rafting Sungai Amandit Loksado di Kota Banjarmasin, Kalimantan Selatan. Kawasan konservasi alam yang asri dan terlindungi dengan keanekaragaman flora dan fauna tropis endemik. Dilengkapi jalur trekking kayu yang tertata rapi, gazebo istirahat, pusat informasi lingkungan, dan toilet pengunjung.",Cagar Alam,Taman Nasional,Kota Banjarmasin,15000,4.5,180.0,"{'lat': -3.347458, 'lng': 114.5826}",-3.347458,114.5826,Kalimantan Selatan,alam,15000.0,4.5,1,1,1,1,1,1,1.0,alam|edukasi|fotografi|hiking|rekreasi_keluarga
1029,Pulau Kembang Habitat Kera Ekor Panjang Bekantan,"Pulau Kembang Habitat Kera Ekor Panjang Bekantan di Banjar Martapura, Kalimantan Selatan. Wisata alam edukatif berbalut udara segar hutan tropis, aliran sungai yang jernih, serta air terjun bertingkat yang menyejukkan. Pilihan utama untuk riset keanekaragaman hayati dan ekowisata ramah lingkungan.",Cagar Alam,Taman Nasional,Banjar Martapura,25000,4.7,90.0,"{'lat': -3.39609, 'lng': 115.001101}",-3.39609,115.001101,Kalimantan Selatan,alam,25000.0,4.7,1,1,1,1,0,1,0.8333,edukasi|fotografi|hiking|rekreasi_keluarga
1030,Pulau Curiak Konservasi Bekantan,"Pulau Curiak Konservasi Bekantan di Hulu Sungai Tengah Barabai, Kalimantan Selatan. Wisata alam edukatif berbalut udara segar hutan tropis, aliran sungai yang jernih, serta air terjun bertingkat yang menyejukkan. Pilihan utama untuk riset keanekaragaman hayati dan ekowisata ramah lingkungan.",Cagar Alam,Taman Nasional,Hulu Sungai Tengah Barabai,25000,4.9,90.0,"{'lat': -2.564646, 'lng': 115.410115}",-2.564646,115.410115,Kalimantan Selatan,alam,25000.0,4.9,1,1,1,0,1,1,0.8333,edukasi|fotografi|hiking|rekreasi_keluarga
1031,Air Terjun Haratai Loksado,"Air Terjun Haratai Loksado di Banjar Martapura, Kalimantan Selatan. Kawasan konservasi alam yang asri dan terlindungi dengan keanekaragaman flora dan fauna tropis endemik. Dilengkapi jalur trekking kayu yang tertata rapi, gazebo istirahat, pusat informasi lingkungan, dan toilet pengunjung.",Cagar Alam,Air Terjun,Banjar Martapura,25000,4.7,150.0,"{'lat': -3.432254, 'lng': 115.002324}",-3.432254,115.002324,Kalimantan Selatan,alam,25000.0,4.7,1,1,1,1,1,1,1.0,alam|edukasi|fotografi|hiking|rekreasi_keluarga
1032,Danau Biru Pengaron Bekas Tambang,"Danau Biru Pengaron Bekas Tambang di Kota Banjarmasin, Kalimantan Selatan. Objek wisata alam dengan formasi tebing batuan alami, gua karst purba, serta telaga yang jernih dan tenang. Suasana alam yang tenang memberikan kesegaran pikiran bagi pengunjung yang mencintai ketenangan alam.",Cagar Alam,Danau,Kota Banjarmasin,30000,4.6,150.0,"{'lat': -3.327131, 'lng': 114.613091}",-3.327131,114.613091,Kalimantan Selatan,alam,30000.0,4.6,1,1,1,0,1,1,0.8333,alam|edukasi|fotografi|hiking|rekreasi_keluarga
1033,Kawasan Rumah Adat Bubungan Tinggi Teluk Selong,"Kawasan Rumah Adat Bubungan Tinggi Teluk Selong di Hulu Sungai Tengah Barabai, Kalimantan Selatan. Situs cagar budaya bersejarah yang sarat dengan nilai tradisi leluhur, arsitektur arca dan bangunan tradisional yang otentik. Dilengkapi pemandu wisata budaya, museum informasi sejarah, dan pertunjukan seni berkala.",Budaya,Situs Sejarah,Hulu Sungai Tengah Barabai,15000,4.8,90.0,"{'lat': -2.566228, 'lng': 115.388995}",-2.566228,115.388995,Kalimantan Selatan,budaya,15000.0,4.8,1,1,1,0,0,1,0.6667,budaya|edukasi|fotografi|sejarah
1034,Museum Wasaka Perjuangan Rakyat Kalsel,"Museum Wasaka Perjuangan Rakyat Kalsel di Tabalong Tanjung, Kalimantan Selatan. Situs cagar budaya bersejarah yang sarat dengan nilai tradisi leluhur, arsitektur arca dan bangunan tradisional yang otentik. Dilengkapi pemandu wisata budaya, museum informasi sejarah, dan pertunjukan seni berkala.",Budaya,Museum,Tabalong Tanjung,20000,4.6,60.0,"{'lat': -1.902018, 'lng': 115.486307}",-1.902018,115.486307,Kalimantan Selatan,budaya,20000.0,4.6,1,1,0,1,0,1,0.6667,budaya|edukasi|fotografi|sejarah
1035,Makam Syekh Muhammad Arsyad Al-Banjari (Datu Kalampayan),"Makam Syekh Muhammad Arsyad Al-Banjari (Datu Kalampayan) di Tapin Rantau, Kalimantan Selatan. Destinasi wisata sejarah dan kearifan lokal yang memperlihatkan warisan peradaban masa lampau melalui koleksi artefak berharga. Tempat ideal untuk belajar mengenai perjuangan bangsa dan filosofi adat masyarakat.",Budaya,Situs Sejarah,Tapin Rantau,10000,4.5,60.0,"{'lat': -2.901578, 'lng': 115.149089}",-2.901578,115.149089,Kalimantan Selatan,budaya,10000.0,4.5,1,1,0,0,1,1,0.6667,budaya|edukasi|fotografi|sejarah
1036,Museum Lambung Mangkurat Banjarbaru,"Museum Lambung Mangkurat Banjarbaru di Tapin Rantau, Kalimantan Selatan. Destinasi wisata sejarah dan kearifan lokal yang memperlihatkan warisan peradaban masa lampau melalui koleksi artefak berharga. Tempat ideal untuk belajar mengenai perjuangan bangsa dan filosofi adat masyarakat.",Budaya,Museum,Tapin Rantau,25000,4.2,60.0,"{'lat': -2.951102, 'lng': 115.114596}",-2.951102,115.114596,Kalimantan Selatan,budaya,25000.0,4.2,1,1,1,1,0,1,0.8333,budaya|edukasi|fotografi|sejarah
1037,Desa Wisata Sasirangan Kampung Seberang Mesjid,"Desa Wisata Sasirangan Kampung Seberang Mesjid di Kota Banjarmasin, Kalimantan Selatan. Situs cagar budaya bersejarah yang sarat dengan nilai tradisi leluhur, arsitektur arca dan bangunan tradisional yang otentik. Dilengkapi pemandu wisata budaya, museum informasi sejarah, dan pertunjukan seni berkala.",Budaya,Desa Adat,Kota Banjarmasin,20000,4.3,90.0,"{'lat': -3.35054, 'lng': 114.593716}",-3.35054,114.593716,Kalimantan Selatan,budaya,20000.0,4.3,1,1,0,0,0,1,0.5,budaya|edukasi|fotografi|sejarah
1038,Makam Pangeran Antasari Banjarmasin,"Makam Pangeran Antasari Banjarmasin di Kota Banjarmasin, Kalimantan Selatan. Situs cagar budaya bersejarah yang sarat dengan nilai tradisi leluhur, arsitektur arca dan bangunan tradisional yang otentik. Dilengkapi pemandu wisata budaya, museum informasi sejarah, dan pertunjukan seni berkala.",Budaya,Situs Sejarah,Kota Banjarmasin,25000,4.6,120.0,"{'lat': -3.302626, 'lng': 114.588782}",-3.302626,114.588782,Kalimantan Selatan,budaya,25000.0,4.6,1,1,1,1,0,1,0.8333,budaya|edukasi|fotografi|sejarah
1039,Kawasan Wisata Kampung Pelangi Banjarbaru,"Kawasan Wisata Kampung Pelangi Banjarbaru di Hulu Sungai Tengah Barabai, Kalimantan Selatan. Situs cagar budaya bersejarah yang sarat dengan nilai tradisi leluhur, arsitektur arca dan bangunan tradisional yang otentik. Dilengkapi pemandu wisata budaya, museum informasi sejarah, dan pertunjukan seni berkala.",Budaya,Desa Adat,Hulu Sungai Tengah Barabai,5000,4.8,120.0,"{'lat': -2.639405, 'lng': 115.388115}",-2.639405,115.388115,Kalimantan Selatan,budaya,5000.0,4.8,1,1,1,1,1,1,1.0,budaya|edukasi|fotografi|sejarah
1040,Kiram Park Banjar Karang Intan,"Kiram Park Banjar Karang Intan di Kota Banjarmasin, Kalimantan Selatan. Kawasan rekreasi bertema dengan wahana pemacu adrenalin, kolam renang bergelombang, serta taman bermain anak yang aman. Dilengkapi staf pengawas keselamatan dan berbagai tenant kuliner lezat.",Taman Hiburan,Taman Rekreasi,Kota Banjarmasin,200000,4.3,180.0,"{'lat': -3.322584, 'lng': 114.596891}",-3.322584,114.596891,Kalimantan Selatan,hiburan,200000.0,4.3,1,1,1,1,1,1,1.0,bahari|edukasi|fotografi|rekreasi_keluarga|snorkeling
1041,Amanah Borneo Park Banjarbaru,"Amanah Borneo Park Banjarbaru di Kota Banjarmasin, Kalimantan Selatan. Kawasan rekreasi bertema dengan wahana pemacu adrenalin, kolam renang bergelombang, serta taman bermain anak yang aman. Dilengkapi staf pengawas keselamatan dan berbagai tenant kuliner lezat.",Taman Hiburan,Taman Rekreasi,Kota Banjarmasin,200000,4.6,240.0,"{'lat': -3.28892, 'lng': 114.587305}",-3.28892,114.587305,Kalimantan Selatan,hiburan,200000.0,4.6,1,1,1,1,1,1,1.0,edukasi|fotografi|rekreasi_keluarga
1042,Waterboom Pesona Modern Kertak Hanyar,"Waterboom Pesona Modern Kertak Hanyar di Tabalong Tanjung, Kalimantan Selatan. Kawasan rekreasi bertema dengan wahana pemacu adrenalin, kolam renang bergelombang, serta taman bermain anak yang aman. Dilengkapi staf pengawas keselamatan dan berbagai tenant kuliner lezat.",Taman Hiburan,Waterpark,Tabalong Tanjung,100000,4.5,150.0,"{'lat': -1.874126, 'lng': 115.527988}",-1.874126,115.527988,Kalimantan Selatan,hiburan,100000.0,4.5,1,1,1,1,1,1,1.0,edukasi|fotografi|rekreasi_keluarga
1043,Menara Pandang Banjarmasin Siring,"Menara Pandang Banjarmasin Siring di Hulu Sungai Selatan Kandangan, Kalimantan Selatan. Destinasi hiburan terpadu dengan spot swafoto kekinian yang estetik, wahana edukasi anak, dan ruang terbuka hijau yang ramah keluarga. Menjadi tempat favorit untuk berekreasi bersama anak-anak di akhir pekan.",Taman Hiburan,Taman Rekreasi,Hulu Sungai Selatan Kandangan,200000,4.4,120.0,"{'lat': -2.73134, 'lng': 115.246626}",-2.73134,115.246626,Kalimantan Selatan,hiburan,200000.0,4.4,1,1,1,1,1,1,1.0,edukasi|fotografi|rekreasi_keluarga
1044,Pusat Pertokoan Cahaya Bumi Selamat (CBS) Intan Permata Martapura,"Pusat Pertokoan Cahaya Bumi Selamat (CBS) Intan Permata Martapura di Tanah Bumbu Batulicin, Kalimantan Selatan. Kawasan pertokoan dan pasar seni yang menyajikan ragam cinderamata unik karya perajin lokal dari berbagai penjuru daerah. Selalu ramai dikunjungi wisatawan yang ingin membawa kenang-kenangan autentik.",Pusat Perbelanjaan,Pasar Tradisional,Tanah Bumbu Batulicin,0,4.4,90.0,"{'lat': -3.434108, 'lng': 115.946793}",-3.434108,115.946793,Kalimantan Selatan,belanja,0.0,4.4,1,1,1,1,1,1,1.0,belanja|budaya|kuliner
1045,Sentra Kain Sasirangan Banjarmasin,"Sentra Kain Sasirangan Banjarmasin di Tanah Bumbu Batulicin, Kalimantan Selatan. Sentra kuliner dan suvenir ikonik yang menyediakan aneka buah tangan khas Nusantara berkualitas tinggi. Dilengkapi area parkir kendaraan wisata, gerai anjungan tunai mandiri (ATM), dan mushola.",Pusat Perbelanjaan,Sentra Kerajinan,Tanah Bumbu Batulicin,0,4.5,90.0,"{'lat': -3.48466, 'lng': 116.001423}",-3.48466,116.001423,Kalimantan Selatan,belanja,0.0,4.5,1,1,1,1,1,1,1.0,belanja|budaya|kuliner
1046,Sentra Dodol Kandang HSS,"Sentra Dodol Kandang HSS di Hulu Sungai Selatan Kandangan, Kalimantan Selatan. Sentra kuliner dan suvenir ikonik yang menyediakan aneka buah tangan khas Nusantara berkualitas tinggi. Dilengkapi area parkir kendaraan wisata, gerai anjungan tunai mandiri (ATM), dan mushola.",Pusat Perbelanjaan,Sentra Kerajinan,Hulu Sungai Selatan Kandangan,0,4.3,120.0,"{'lat': -2.710375, 'lng': 115.216123}",-2.710375,115.216123,Kalimantan Selatan,belanja,0.0,4.3,1,1,1,1,1,0,0.8333,belanja|budaya|kuliner
1047,Pasar Bauntung Banjarbaru,"Pasar Bauntung Banjarbaru di Tapin Rantau, Kalimantan Selatan. Kawasan pertokoan dan pasar seni yang menyajikan ragam cinderamata unik karya perajin lokal dari berbagai penjuru daerah. Selalu ramai dikunjungi wisatawan yang ingin membawa kenang-kenangan autentik.",Pusat Perbelanjaan,Pasar Tradisional,Tapin Rantau,0,4.2,60.0,"{'lat': -2.94011, 'lng': 115.113571}",-2.94011,115.113571,Kalimantan Selatan,belanja,0.0,4.2,1,1,1,1,1,1,1.0,belanja|budaya|kuliner
1048,Masjid Raya Sabilal Muhtadin Banjarmasin,"Masjid Raya Sabilal Muhtadin Banjarmasin di Kota Banjarmasin, Kalimantan Selatan. Bangunan keagamaan bersejarah dengan arsitektur megah dan penuh nilai filosofis spiritual tinggi. Menyediakan sarana ibadah yang bersih dan khusyuk, pelataran yang teduh dan asri, serta toilet wudhu yang terawat.",Tempat Ibadah,Masjid,Kota Banjarmasin,0,4.5,60.0,"{'lat': -3.328908, 'lng': 114.610477}",-3.328908,114.610477,Kalimantan Selatan,religi,0.0,4.5,1,1,0,1,1,0,0.6667,budaya|religi|sejarah
1049,Masjid Bersejarah Sultan Suriansyah Kuin,"Masjid Bersejarah Sultan Suriansyah Kuin di Kota Banjarbaru, Kalimantan Selatan. Ikon wisata religi yang terkenal dengan kedamaian suasananya, toleransi antarwarga, serta kubah atau menara yang menjulang indah. Menjadi tempat ziarah sekaligus edukasi spiritual bagi masyarakat luas.",Tempat Ibadah,Masjid,Kota Banjarbaru,0,4.9,60.0,"{'lat': -3.406629, 'lng': 114.816169}",-3.406629,114.816169,Kalimantan Selatan,religi,0.0,4.9,1,1,0,1,1,1,0.8333,budaya|religi|sejarah
1050,Masjid Agung Al-Karomah Martapura,"Masjid Agung Al-Karomah Martapura di Tanah Bumbu Batulicin, Kalimantan Selatan. Ikon wisata religi yang terkenal dengan kedamaian suasananya, toleransi antarwarga, serta kubah atau menara yang menjulang indah. Menjadi tempat ziarah sekaligus edukasi spiritual bagi masyarakat luas.",Tempat Ibadah,Masjid,Tanah Bumbu Batulicin,0,4.4,60.0,"{'lat': -3.470617, 'lng': 116.019301}",-3.470617,116.019301,Kalimantan Selatan,religi,0.0,4.4,1,1,1,1,1,0,0.8333,budaya|religi|sejarah
1051,Pantai Ujung Pandaran Sampit,"Pantai Ujung Pandaran Sampit di Lamandau Nanga Bulik, Kalimantan Tengah. Destinasi wisata pesisir dengan hamparan pasir bersih, deburan ombak yang menenangkan, serta panorama matahari terbenam yang memukau. Dilengkapi fasilitas warung makan seafood lokal, area parkir, toilet umum, dan persewaan payung pantai.",Pantai,Pantai,Lamandau Nanga Bulik,15000,4.3,240.0,"{'lat': -1.871855, 'lng': 111.251341}",-1.871855,111.251341,Kalimantan Tengah,bahari,15000.0,4.3,1,1,1,1,0,1,0.8333,berenang|fotografi|kuliner|pantai|rekreasi_keluarga
1052,Pantai Kubu Pangkalan Bun,"Pantai Kubu Pangkalan Bun di Barito Utara Muara Teweh, Kalimantan Tengah. Kawasan pantai dengan keindahan garis pantai memanjang, batuan karang yang menawan, serta angin sepoi-sepoi yang menyegarkan. Sangat cocok untuk aktivitas rekreasi, jalan santai di tepi air, dan piknik sore hari.",Pantai,Pantai,Barito Utara Muara Teweh,15000,4.4,150.0,"{'lat': -0.935809, 'lng': 114.87228}",-0.935809,114.87228,Kalimantan Tengah,bahari,15000.0,4.4,1,1,1,1,0,1,0.8333,berenang|fotografi|kuliner|pantai|rekreasi_keluarga
1053,Pantai Tanjung Keluang Pasir Putih Konservasi Penyu,"Pantai Tanjung Keluang Pasir Putih Konservasi Penyu di Katingan Kasongan, Kalimantan Tengah. Kawasan pantai dengan keindahan garis pantai memanjang, batuan karang yang menawan, serta angin sepoi-sepoi yang menyegarkan. Sangat cocok untuk aktivitas rekreasi, jalan santai di tepi air, dan piknik sore hari.",Pantai,Pantai,Katingan Kasongan,30000,4.3,240.0,"{'lat': -1.922707, 'lng': 113.399039}",-1.922707,113.399039,Kalimantan Tengah,bahari,30000.0,4.3,1,1,1,1,0,0,0.6667,berenang|fotografi|kuliner|pantai|rekreasi_keluarga
1054,Pantai Bogam Raya Kotawaringin Barat,"Pantai Bogam Raya Kotawaringin Barat di Murung Raya Puruk Cahu, Kalimantan Tengah. Destinasi wisata pesisir dengan hamparan pasir bersih, deburan ombak yang menenangkan, serta panorama matahari terbenam yang memukau. Dilengkapi fasilitas warung makan seafood lokal, area parkir, toilet umum, dan persewaan payung pantai.",Pantai,Pantai,Murung Raya Puruk Cahu,10000,4.5,180.0,"{'lat': -0.656327, 'lng': 114.605093}",-0.656327,114.605093,Kalimantan Tengah,bahari,10000.0,4.5,1,1,1,1,0,0,0.6667,berenang|fotografi|kuliner|pantai|rekreasi_keluarga
1055,Pantai Keraya Kumai,"Pantai Keraya Kumai di Katingan Kasongan, Kalimantan Tengah. Destinasi wisata pesisir dengan hamparan pasir bersih, deburan ombak yang menenangkan, serta panorama matahari terbenam yang memukau. Dilengkapi fasilitas warung makan seafood lokal, area parkir, toilet umum, dan persewaan payung pantai.",Pantai,Pantai,Katingan Kasongan,10000,4.3,150.0,"{'lat': -1.937764, 'lng': 113.344465}",-1.937764,113.344465,Kalimantan Tengah,bahari,10000.0,4.3,1,1,1,1,1,1,1.0,berenang|fotografi|kuliner|pantai|rekreasi_keluarga
1056,Pantai Anugerah Sukamara,"Pantai Anugerah Sukamara di Murung Raya Puruk Cahu, Kalimantan Tengah. Pantai eksotis dengan air laut jernih dan deretan pohon kelapa yang rindang. Menjadi lokasi favorit wisatawan untuk bersantai, bermain air bersama keluarga, berswafoto, serta menikmati kelapa muda segar di tepi pantai.",Pantai,Pantai,Murung Raya Puruk Cahu,20000,4.3,180.0,"{'lat': -0.643269, 'lng': 114.556664}",-0.643269,114.556664,Kalimantan Tengah,bahari,20000.0,4.3,1,1,1,1,0,0,0.6667,berenang|fotografi|kuliner|pantai|rekreasi_keluarga
1057,Pantai Tanjung Penghujan Sukamara,"Pantai Tanjung Penghujan Sukamara di Murung Raya Puruk Cahu, Kalimantan Tengah. Destinasi wisata pesisir dengan hamparan pasir bersih, deburan ombak yang menenangkan, serta panorama matahari terbenam yang memukau. Dilengkapi fasilitas warung makan seafood lokal, area parkir, toilet umum, dan persewaan payung pantai.",Pantai,Pantai,Murung Raya Puruk Cahu,20000,4.3,150.0,"{'lat': -0.64013, 'lng': 114.586636}",-0.64013,114.586636,Kalimantan Tengah,bahari,20000.0,4.3,1,1,1,1,0,0,0.6667,berenang|fotografi|kuliner|pantai|rekreasi_keluarga
1058,Pantai Lunci Sukamara,"Pantai Lunci Sukamara di Lamandau Nanga Bulik, Kalimantan Tengah. Pantai eksotis dengan air laut jernih dan deretan pohon kelapa yang rindang. Menjadi lokasi favorit wisatawan untuk bersantai, bermain air bersama keluarga, berswafoto, serta menikmati kelapa muda segar di tepi pantai.",Pantai,Pantai,Lamandau Nanga Bulik,5000,4.8,150.0,"{'lat': -1.8721, 'lng': 111.295619}",-1.8721,111.295619,Kalimantan Tengah,bahari,5000.0,4.8,1,1,1,1,0,1,0.8333,berenang|fotografi|kuliner|pantai|rekreasi_keluarga
1059,Pantai Satiruk Kotawaringin Timur,"Pantai Satiruk Kotawaringin Timur di Kotawaringin Barat Pangkalan Bun, Kalimantan Tengah. Pantai eksotis dengan air laut jernih dan deretan pohon kelapa yang rindang. Menjadi lokasi favorit wisatawan untuk bersantai, bermain air bersama keluarga, berswafoto, serta menikmati kelapa muda segar di tepi pantai.",Pantai,Pantai,Kotawaringin Barat Pangkalan Bun,5000,4.3,150.0,"{'lat': -2.701023, 'lng': 111.626613}",-2.701023,111.626613,Kalimantan Tengah,bahari,5000.0,4.3,1,1,1,1,0,1,0.8333,berenang|fotografi|kuliner|pantai|rekreasi_keluarga
1060,Pantai Teluk Bogam Kobar,"Pantai Teluk Bogam Kobar di Katingan Kasongan, Kalimantan Tengah. Destinasi wisata pesisir dengan hamparan pasir bersih, deburan ombak yang menenangkan, serta panorama matahari terbenam yang memukau. Dilengkapi fasilitas warung makan seafood lokal, area parkir, toilet umum, dan persewaan payung pantai.",Pantai,Pantai,Katingan Kasongan,25000,4.4,180.0,"{'lat': -1.861352, 'lng': 113.351445}",-1.861352,113.351445,Kalimantan Tengah,bahari,25000.0,4.4,1,1,1,1,0,1,0.8333,berenang|fotografi|kuliner|pantai|rekreasi_keluarga
1061,Pantai Sebuai Kumai,"Pantai Sebuai Kumai di Murung Raya Puruk Cahu, Kalimantan Tengah. Destinasi wisata pesisir dengan hamparan pasir bersih, deburan ombak yang menenangkan, serta panorama matahari terbenam yang memukau. Dilengkapi fasilitas warung makan seafood lokal, area parkir, toilet umum, dan persewaan payung pantai.",Pantai,Pantai,Murung Raya Puruk Cahu,30000,4.4,180.0,"{'lat': -0.600995, 'lng': 114.597532}",-0.600995,114.597532,Kalimantan Tengah,bahari,30000.0,4.4,1,1,1,1,1,1,1.0,berenang|fotografi|kuliner|pantai|rekreasi_keluarga
1062,Pantai Sungai Cabang TN Tanjung Puting,"Pantai Sungai Cabang TN Tanjung Puting di Murung Raya Puruk Cahu, Kalimantan Tengah. Destinasi wisata pesisir dengan hamparan pasir bersih, deburan ombak yang menenangkan, serta panorama matahari terbenam yang memukau. Dilengkapi fasilitas warung makan seafood lokal, area parkir, toilet umum, dan persewaan payung pantai.",Pantai,Pantai,Murung Raya Puruk Cahu,20000,4.3,180.0,"{'lat': -0.631263, 'lng': 114.611424}",-0.631263,114.611424,Kalimantan Tengah,bahari,20000.0,4.3,1,1,1,1,1,1,1.0,alam|berenang|fotografi|kuliner|pantai|rekreasi_keluarga
1063,Pantai Cemara Sukamara,"Pantai Cemara Sukamara di Kapuas Kuala Kapuas, Kalimantan Tengah. Destinasi wisata pesisir dengan hamparan pasir bersih, deburan ombak yang menenangkan, serta panorama matahari terbenam yang memukau. Dilengkapi fasilitas warung makan seafood lokal, area parkir, toilet umum, dan persewaan payung pantai.",Pantai,Pantai,Kapuas Kuala Kapuas,10000,4.2,150.0,"{'lat': -3.00941, 'lng': 114.394547}",-3.00941,114.394547,Kalimantan Tengah,bahari,10000.0,4.2,1,1,1,1,1,1,1.0,berenang|fotografi|kuliner|pantai|rekreasi_keluarga
1064,Pantai Babalot Kotawaringin,"Pantai Babalot Kotawaringin di Kota Palangka Raya, Kalimantan Tengah. Destinasi wisata pesisir dengan hamparan pasir bersih, deburan ombak yang menenangkan, serta panorama matahari terbenam yang memukau. Dilengkapi fasilitas warung makan seafood lokal, area parkir, toilet umum, dan persewaan payung pantai.",Pantai,Pantai,Kota Palangka Raya,10000,4.3,120.0,"{'lat': -2.223592, 'lng': 113.935733}",-2.223592,113.935733,Kalimantan Tengah,bahari,10000.0,4.3,1,1,1,1,0,0,0.6667,berenang|fotografi|kuliner|pantai|rekreasi_keluarga
1065,Bukit Tangkiling Palangka Raya,"Bukit Tangkiling Palangka Raya di Kota Palangka Raya, Kalimantan Tengah. Kawasan dataran tinggi dan lereng gunung yang asri dengan pemandangan perbukitan hijau dan kawah eksotis. Sangat ideal untuk petualangan alam terbuka, hiking santai, perkemahan keluarga, dan melepas penat.",Gunung,Perbukitan,Kota Palangka Raya,10000,4.5,360.0,"{'lat': -2.236166, 'lng': 113.893051}",-2.236166,113.893051,Kalimantan Tengah,alam,10000.0,4.5,1,1,1,1,0,0,0.6667,camping|fotografi|gunung|hiking
1066,Bukit Batu Kasongan Pertapaan Tjilik Riwut,"Bukit Batu Kasongan Pertapaan Tjilik Riwut di Katingan Kasongan, Kalimantan Tengah. Destinasi wisata pegunungan berhawa sejuk dengan jalur pendakian yang menantang dan panorama lautan awan yang spektakuler saat fajar. Tersedia pos peristirahatan, warung logistik pendaki, area perkemahan, dan pemandu lokal.",Gunung,Perbukitan,Katingan Kasongan,25000,4.6,180.0,"{'lat': -1.877042, 'lng': 113.346469}",-1.877042,113.346469,Kalimantan Tengah,alam,25000.0,4.6,1,1,1,1,0,0,0.6667,camping|fotografi|gunung|hiking
1067,Gunung Bukit Raya Puncak Tertinggi Kalimantan (2.278 mdpl),"Gunung Bukit Raya Puncak Tertinggi Kalimantan (2.278 mdpl) di Kota Palangka Raya, Kalimantan Tengah. Kawasan dataran tinggi dan lereng gunung yang asri dengan pemandangan perbukitan hijau dan kawah eksotis. Sangat ideal untuk petualangan alam terbuka, hiking santai, perkemahan keluarga, dan melepas penat.",Gunung,Gunung,Kota Palangka Raya,50000,4.5,240.0,"{'lat': -2.205155, 'lng': 113.949231}",-2.205155,113.949231,Kalimantan Tengah,alam,50000.0,4.5,1,1,1,1,0,0,0.6667,camping|fotografi|gunung|hiking
1068,Gunung Bondang Murung Raya Sakral,"Gunung Bondang Murung Raya Sakral di Barito Utara Muara Teweh, Kalimantan Tengah. Destinasi wisata pegunungan berhawa sejuk dengan jalur pendakian yang menantang dan panorama lautan awan yang spektakuler saat fajar. Tersedia pos peristirahatan, warung logistik pendaki, area perkemahan, dan pemandu lokal.",Gunung,Gunung,Barito Utara Muara Teweh,25000,4.3,240.0,"{'lat': -0.939617, 'lng': 114.865169}",-0.939617,114.865169,Kalimantan Tengah,alam,25000.0,4.3,1,1,1,1,0,0,0.6667,camping|fotografi|gunung|hiking
1069,Bukit Cinta Tangkiling,"Bukit Cinta Tangkiling di Barito Utara Muara Teweh, Kalimantan Tengah. Puncak bukit dan pegunungan dengan pemandangan lanskap hijau membentang sejauh mata memandang. Menawarkan pengalaman menikmati golden sunrise, udara bersih bebas polusi, dan spot foto alam yang memesona.",Gunung,Perbukitan,Barito Utara Muara Teweh,15000,4.5,180.0,"{'lat': -0.982659, 'lng': 114.90741}",-0.982659,114.90741,Kalimantan Tengah,alam,15000.0,4.5,1,1,1,1,0,1,0.8333,camping|fotografi|gunung|hiking
1070,Bukit Baranahu Katingan,"Bukit Baranahu Katingan di Lamandau Nanga Bulik, Kalimantan Tengah. Kawasan dataran tinggi dan lereng gunung yang asri dengan pemandangan perbukitan hijau dan kawah eksotis. Sangat ideal untuk petualangan alam terbuka, hiking santai, perkemahan keluarga, dan melepas penat.",Gunung,Perbukitan,Lamandau Nanga Bulik,15000,4.6,300.0,"{'lat': -1.853706, 'lng': 111.257415}",-1.853706,111.257415,Kalimantan Tengah,alam,15000.0,4.6,1,1,1,1,1,0,0.8333,camping|fotografi|gunung|hiking
1071,Bukit Doa Karmel Tangkiling,"Bukit Doa Karmel Tangkiling di Katingan Kasongan, Kalimantan Tengah. Destinasi wisata pegunungan berhawa sejuk dengan jalur pendakian yang menantang dan panorama lautan awan yang spektakuler saat fajar. Tersedia pos peristirahatan, warung logistik pendaki, area perkemahan, dan pemandu lokal.",Gunung,Perbukitan,Katingan Kasongan,20000,4.8,360.0,"{'lat': -1.877497, 'lng': 113.349701}",-1.877497,113.349701,Kalimantan Tengah,alam,20000.0,4.8,1,1,1,1,0,1,0.8333,camping|fotografi|gunung|hiking
1072,Bukit Sebayan Lamandau,"Bukit Sebayan Lamandau di Murung Raya Puruk Cahu, Kalimantan Tengah. Puncak bukit dan pegunungan dengan pemandangan lanskap hijau membentang sejauh mata memandang. Menawarkan pengalaman menikmati golden sunrise, udara bersih bebas polusi, dan spot foto alam yang memesona.",Gunung,Perbukitan,Murung Raya Puruk Cahu,25000,4.2,360.0,"{'lat': -0.622026, 'lng': 114.55577}",-0.622026,114.55577,Kalimantan Tengah,alam,25000.0,4.2,1,1,1,1,1,1,1.0,camping|fotografi|gunung|hiking
1073,Bukit Ngalangkang Palangka Raya,"Bukit Ngalangkang Palangka Raya di Murung Raya Puruk Cahu, Kalimantan Tengah. Puncak bukit dan pegunungan dengan pemandangan lanskap hijau membentang sejauh mata memandang. Menawarkan pengalaman menikmati golden sunrise, udara bersih bebas polusi, dan spot foto alam yang memesona.",Gunung,Perbukitan,Murung Raya Puruk Cahu,50000,4.4,300.0,"{'lat': -0.609085, 'lng': 114.555524}",-0.609085,114.555524,Kalimantan Tengah,alam,50000.0,4.4,1,1,1,1,0,0,0.6667,camping|fotografi|gunung|hiking
1074,Bukit Matang Kahayan,"Bukit Matang Kahayan di Murung Raya Puruk Cahu, Kalimantan Tengah. Destinasi wisata pegunungan berhawa sejuk dengan jalur pendakian yang menantang dan panorama lautan awan yang spektakuler saat fajar. Tersedia pos peristirahatan, warung logistik pendaki, area perkemahan, dan pemandu lokal.",Gunung,Perbukitan,Murung Raya Puruk Cahu,15000,4.9,240.0,"{'lat': -0.608218, 'lng': 114.549055}",-0.608218,114.549055,Kalimantan Tengah,alam,15000.0,4.9,1,1,1,1,0,1,0.8333,camping|fotografi|gunung|hiking
1075,Taman Nasional Tanjung Puting Konservasi Orangutan Terbesar Dunia,"Taman Nasional Tanjung Puting Konservasi Orangutan Terbesar Dunia di Barito Selatan Buntok, Kalimantan Tengah. Objek wisata alam dengan formasi tebing batuan alami, gua karst purba, serta telaga yang jernih dan tenang. Suasana alam yang tenang memberikan kesegaran pikiran bagi pengunjung yang mencintai ketenangan alam.",Cagar Alam,Taman Nasional,Barito Selatan Buntok,25000,4.8,180.0,"{'lat': -1.698271, 'lng': 114.823241}",-1.698271,114.823241,Kalimantan Tengah,alam,25000.0,4.8,1,1,1,0,0,1,0.6667,edukasi|fotografi|hiking|rekreasi_keluarga
1076,Taman Nasional Sebangau Ekosistem Gambut Blackwater,"Taman Nasional Sebangau Ekosistem Gambut Blackwater di Kotawaringin Timur Sampit, Kalimantan Tengah. Wisata alam edukatif berbalut udara segar hutan tropis, aliran sungai yang jernih, serta air terjun bertingkat yang menyejukkan. Pilihan utama untuk riset keanekaragaman hayati dan ekowisata ramah lingkungan.",Cagar Alam,Taman Nasional,Kotawaringin Timur Sampit,25000,4.2,90.0,"{'lat': -2.522016, 'lng': 112.957065}",-2.522016,112.957065,Kalimantan Tengah,alam,25000.0,4.2,1,1,1,1,0,1,0.8333,edukasi|fotografi|hiking|rekreasi_keluarga
1077,Camp Leakey Pusat Rehabilitasi Orangutan,"Camp Leakey Pusat Rehabilitasi Orangutan di Kotawaringin Timur Sampit, Kalimantan Tengah. Objek wisata alam dengan formasi tebing batuan alami, gua karst purba, serta telaga yang jernih dan tenang. Suasana alam yang tenang memberikan kesegaran pikiran bagi pengunjung yang mencintai ketenangan alam.",Cagar Alam,Taman Nasional,Kotawaringin Timur Sampit,20000,4.9,150.0,"{'lat': -2.512264, 'lng': 112.986568}",-2.512264,112.986568,Kalimantan Tengah,alam,20000.0,4.9,1,1,1,0,0,1,0.6667,edukasi|fotografi|hiking|rekreasi_keluarga
1078,Danau Tahai Jembatan Kayu Gambut,"Danau Tahai Jembatan Kayu Gambut di Barito Selatan Buntok, Kalimantan Tengah. Objek wisata alam dengan formasi tebing batuan alami, gua karst purba, serta telaga yang jernih dan tenang. Suasana alam yang tenang memberikan kesegaran pikiran bagi pengunjung yang mencintai ketenangan alam.",Cagar Alam,Danau,Barito Selatan Buntok,25000,4.2,150.0,"{'lat': -1.722777, 'lng': 114.813043}",-1.722777,114.813043,Kalimantan Tengah,alam,25000.0,4.2,1,1,1,1,0,1,0.8333,alam|edukasi|fotografi|hiking|rekreasi_keluarga
1079,Susur Sungai Kahayan Jembatan Kahayan,"Susur Sungai Kahayan Jembatan Kahayan di Kotawaringin Barat Pangkalan Bun, Kalimantan Tengah. Wisata alam edukatif berbalut udara segar hutan tropis, aliran sungai yang jernih, serta air terjun bertingkat yang menyejukkan. Pilihan utama untuk riset keanekaragaman hayati dan ekowisata ramah lingkungan.",Cagar Alam,Taman Nasional,Kotawaringin Barat Pangkalan Bun,30000,4.9,120.0,"{'lat': -2.670046, 'lng': 111.588531}",-2.670046,111.588531,Kalimantan Tengah,alam,30000.0,4.9,1,1,1,0,0,1,0.6667,alam|edukasi|fotografi|hiking|rekreasi_keluarga
1080,Sungai Sekonyer Amazon Borneo,"Sungai Sekonyer Amazon Borneo di Kapuas Kuala Kapuas, Kalimantan Tengah. Wisata alam edukatif berbalut udara segar hutan tropis, aliran sungai yang jernih, serta air terjun bertingkat yang menyejukkan. Pilihan utama untuk riset keanekaragaman hayati dan ekowisata ramah lingkungan.",Cagar Alam,Taman Nasional,Kapuas Kuala Kapuas,10000,4.3,180.0,"{'lat': -2.986992, 'lng': 114.356214}",-2.986992,114.356214,Kalimantan Tengah,alam,10000.0,4.3,1,1,1,1,1,1,1.0,alam|edukasi|fotografi|hiking|rekreasi_keluarga
1081,Air Terjun Tosah Barito Utara,"Air Terjun Tosah Barito Utara di Barito Selatan Buntok, Kalimantan Tengah. Wisata alam edukatif berbalut udara segar hutan tropis, aliran sungai yang jernih, serta air terjun bertingkat yang menyejukkan. Pilihan utama untuk riset keanekaragaman hayati dan ekowisata ramah lingkungan.",Cagar Alam,Air Terjun,Barito Selatan Buntok,25000,4.4,180.0,"{'lat': -1.750272, 'lng': 114.866096}",-1.750272,114.866096,Kalimantan Tengah,alam,25000.0,4.4,1,1,1,1,0,1,0.8333,alam|edukasi|fotografi|hiking|rekreasi_keluarga
1082,Air Terjun Bumbun Murung Raya,"Air Terjun Bumbun Murung Raya di Barito Utara Muara Teweh, Kalimantan Tengah. Objek wisata alam dengan formasi tebing batuan alami, gua karst purba, serta telaga yang jernih dan tenang. Suasana alam yang tenang memberikan kesegaran pikiran bagi pengunjung yang mencintai ketenangan alam.",Cagar Alam,Air Terjun,Barito Utara Muara Teweh,30000,4.6,180.0,"{'lat': -0.947344, 'lng': 114.930932}",-0.947344,114.930932,Kalimantan Tengah,alam,30000.0,4.6,1,1,1,1,0,1,0.8333,alam|edukasi|fotografi|hiking|rekreasi_keluarga
1083,Istana Kuning Kesultanan Kotawaringin Pangkalan Bun,"Istana Kuning Kesultanan Kotawaringin Pangkalan Bun di Kotawaringin Barat Pangkalan Bun, Kalimantan Tengah. Situs cagar budaya bersejarah yang sarat dengan nilai tradisi leluhur, arsitektur arca dan bangunan tradisional yang otentik. Dilengkapi pemandu wisata budaya, museum informasi sejarah, dan pertunjukan seni berkala.",Budaya,Keraton,Kotawaringin Barat Pangkalan Bun,10000,4.6,120.0,"{'lat': -2.677491, 'lng': 111.640503}",-2.677491,111.640503,Kalimantan Tengah,budaya,10000.0,4.6,1,1,1,0,0,1,0.6667,budaya|edukasi|fotografi|sejarah
1084,Rumah Betang Dayak Damang Batu,"Rumah Betang Dayak Damang Batu di Kotawaringin Barat Pangkalan Bun, Kalimantan Tengah. Kompleks bangunan bersejarah dan desa adat yang mempertahankan adat istiadat turun-temurun dengan ramah. Wisatawan dapat menyaksikan kerajinan tangan tradisional dan berinteraksi langsung dengan warga setempat.",Budaya,Situs Sejarah,Kotawaringin Barat Pangkalan Bun,5000,4.3,60.0,"{'lat': -2.644338, 'lng': 111.642011}",-2.644338,111.642011,Kalimantan Tengah,budaya,5000.0,4.3,1,1,1,1,0,1,0.8333,budaya|edukasi|fotografi|sejarah
1085,Museum Balanga Palangka Raya,"Museum Balanga Palangka Raya di Kota Palangka Raya, Kalimantan Tengah. Destinasi wisata sejarah dan kearifan lokal yang memperlihatkan warisan peradaban masa lampau melalui koleksi artefak berharga. Tempat ideal untuk belajar mengenai perjuangan bangsa dan filosofi adat masyarakat.",Budaya,Museum,Kota Palangka Raya,10000,4.4,60.0,"{'lat': -2.213824, 'lng': 113.890812}",-2.213824,113.890812,Kalimantan Tengah,budaya,10000.0,4.4,1,1,0,1,0,1,0.6667,budaya|edukasi|fotografi|sejarah
1086,Desa Wisata Dayak Pasir Panjang Kobar,"Desa Wisata Dayak Pasir Panjang Kobar di Kota Palangka Raya, Kalimantan Tengah. Destinasi wisata sejarah dan kearifan lokal yang memperlihatkan warisan peradaban masa lampau melalui koleksi artefak berharga. Tempat ideal untuk belajar mengenai perjuangan bangsa dan filosofi adat masyarakat.",Budaya,Desa Adat,Kota Palangka Raya,5000,4.4,60.0,"{'lat': -2.18315, 'lng': 113.891551}",-2.18315,113.891551,Kalimantan Tengah,budaya,5000.0,4.4,1,1,1,1,0,1,0.8333,budaya|edukasi|fotografi|sejarah
1087,Rumah Tradisional Betang Sei Pasah Kapuas,"Rumah Tradisional Betang Sei Pasah Kapuas di Barito Selatan Buntok, Kalimantan Tengah. Situs cagar budaya bersejarah yang sarat dengan nilai tradisi leluhur, arsitektur arca dan bangunan tradisional yang otentik. Dilengkapi pemandu wisata budaya, museum informasi sejarah, dan pertunjukan seni berkala.",Budaya,Situs Sejarah,Barito Selatan Buntok,10000,4.3,90.0,"{'lat': -1.683662, 'lng': 114.802036}",-1.683662,114.802036,Kalimantan Tengah,budaya,10000.0,4.3,1,1,1,0,0,1,0.6667,budaya|edukasi|fotografi|sejarah
1088,Sandung Tulang Leluhur Dayak Ngaju,"Sandung Tulang Leluhur Dayak Ngaju di Murung Raya Puruk Cahu, Kalimantan Tengah. Destinasi wisata sejarah dan kearifan lokal yang memperlihatkan warisan peradaban masa lampau melalui koleksi artefak berharga. Tempat ideal untuk belajar mengenai perjuangan bangsa dan filosofi adat masyarakat.",Budaya,Situs Sejarah,Murung Raya Puruk Cahu,5000,4.2,60.0,"{'lat': -0.609848, 'lng': 114.581532}",-0.609848,114.581532,Kalimantan Tengah,budaya,5000.0,4.2,1,1,1,0,0,1,0.6667,budaya|edukasi|fotografi|sejarah
1089,Situs Cagar Budaya Tiwah Tumbang Malahoi,"Situs Cagar Budaya Tiwah Tumbang Malahoi di Barito Utara Muara Teweh, Kalimantan Tengah. Kompleks bangunan bersejarah dan desa adat yang mempertahankan adat istiadat turun-temurun dengan ramah. Wisatawan dapat menyaksikan kerajinan tangan tradisional dan berinteraksi langsung dengan warga setempat.",Budaya,Situs Sejarah,Barito Utara Muara Teweh,25000,4.2,90.0,"{'lat': -0.91099, 'lng': 114.867747}",-0.91099,114.867747,Kalimantan Tengah,budaya,25000.0,4.2,1,1,1,1,0,1,0.8333,budaya|edukasi|fotografi|sejarah
1090,Kalawa Waterpark Palangka Raya,"Kalawa Waterpark Palangka Raya di Kota Palangka Raya, Kalimantan Tengah. Destinasi hiburan terpadu dengan spot swafoto kekinian yang estetik, wahana edukasi anak, dan ruang terbuka hijau yang ramah keluarga. Menjadi tempat favorit untuk berekreasi bersama anak-anak di akhir pekan.",Taman Hiburan,Waterpark,Kota Palangka Raya,150000,4.8,180.0,"{'lat': -2.209426, 'lng': 113.937253}",-2.209426,113.937253,Kalimantan Tengah,hiburan,150000.0,4.8,1,1,1,1,1,1,1.0,edukasi|fotografi|rekreasi_keluarga
1091,Kum Kum Taman Wisata Palangka Raya,"Kum Kum Taman Wisata Palangka Raya di Barito Selatan Buntok, Kalimantan Tengah. Kawasan rekreasi bertema dengan wahana pemacu adrenalin, kolam renang bergelombang, serta taman bermain anak yang aman. Dilengkapi staf pengawas keselamatan dan berbagai tenant kuliner lezat.",Taman Hiburan,Taman Rekreasi,Barito Selatan Buntok,75000,4.5,180.0,"{'lat': -1.702151, 'lng': 114.820746}",-1.702151,114.820746,Kalimantan Tengah,hiburan,75000.0,4.5,1,1,1,1,1,1,1.0,edukasi|fotografi|rekreasi_keluarga
1092,Taman Pasuk Kameloh Jembatan Kahayan,"Taman Pasuk Kameloh Jembatan Kahayan di Lamandau Nanga Bulik, Kalimantan Tengah. Taman rekreasi modern keluarga yang menghadirkan beragam wahana permainan seru, atraksi air, serta pertunjukan tematik interaktif. Memiliki fasilitas lengkap seperti food court, musala yang nyaman, toilet bersih, dan area parkir luas.",Taman Hiburan,Taman Rekreasi,Lamandau Nanga Bulik,75000,4.7,120.0,"{'lat': -1.841422, 'lng': 111.292165}",-1.841422,111.292165,Kalimantan Tengah,hiburan,75000.0,4.7,1,1,1,1,1,1,1.0,edukasi|fotografi|rekreasi_keluarga
1093,Taman Kota Sampit Kotim,"Taman Kota Sampit Kotim di Barito Utara Muara Teweh, Kalimantan Tengah. Kawasan rekreasi bertema dengan wahana pemacu adrenalin, kolam renang bergelombang, serta taman bermain anak yang aman. Dilengkapi staf pengawas keselamatan dan berbagai tenant kuliner lezat.",Taman Hiburan,Taman Rekreasi,Barito Utara Muara Teweh,200000,4.4,120.0,"{'lat': -0.953446, 'lng': 114.915865}",-0.953446,114.915865,Kalimantan Tengah,hiburan,200000.0,4.4,1,1,1,1,1,1,1.0,edukasi|fotografi|rekreasi_keluarga
1094,Pasar Besar Palangka Raya,"Pasar Besar Palangka Raya di Barito Selatan Buntok, Kalimantan Tengah. Sentra kuliner dan suvenir ikonik yang menyediakan aneka buah tangan khas Nusantara berkualitas tinggi. Dilengkapi area parkir kendaraan wisata, gerai anjungan tunai mandiri (ATM), dan mushola.",Pusat Perbelanjaan,Pasar Tradisional,Barito Selatan Buntok,0,4.5,90.0,"{'lat': -1.746868, 'lng': 114.83575}",-1.746868,114.83575,Kalimantan Tengah,belanja,0.0,4.5,1,1,1,1,1,1,1.0,belanja|budaya|kuliner
1095,Sentra Kerajinan Anyaman Rotan Sanaman Mantikei,"Sentra Kerajinan Anyaman Rotan Sanaman Mantikei di Lamandau Nanga Bulik, Kalimantan Tengah. Kawasan pertokoan dan pasar seni yang menyajikan ragam cinderamata unik karya perajin lokal dari berbagai penjuru daerah. Selalu ramai dikunjungi wisatawan yang ingin membawa kenang-kenangan autentik.",Pusat Perbelanjaan,Sentra Kerajinan,Lamandau Nanga Bulik,0,4.5,60.0,"{'lat': -1.835284, 'lng': 111.27635}",-1.835284,111.27635,Kalimantan Tengah,belanja,0.0,4.5,1,1,1,1,1,1,1.0,belanja|budaya|kuliner
1096,Pusat Kerajinan Getah Nyatu Palangka Raya,"Pusat Kerajinan Getah Nyatu Palangka Raya di Katingan Kasongan, Kalimantan Tengah. Sentra kuliner dan suvenir ikonik yang menyediakan aneka buah tangan khas Nusantara berkualitas tinggi. Dilengkapi area parkir kendaraan wisata, gerai anjungan tunai mandiri (ATM), dan mushola.",Pusat Perbelanjaan,Pasar Tradisional,Katingan Kasongan,0,4.2,120.0,"{'lat': -1.93867, 'lng': 113.372116}",-1.93867,113.372116,Kalimantan Tengah,belanja,0.0,4.2,1,1,1,1,1,0,0.8333,belanja|budaya|kuliner
1097,Sentra Ikan Salai Jelawat Sampit,"Sentra Ikan Salai Jelawat Sampit di Barito Selatan Buntok, Kalimantan Tengah. Sentra kuliner dan suvenir ikonik yang menyediakan aneka buah tangan khas Nusantara berkualitas tinggi. Dilengkapi area parkir kendaraan wisata, gerai anjungan tunai mandiri (ATM), dan mushola.",Pusat Perbelanjaan,Sentra Kerajinan,Barito Selatan Buntok,0,4.3,90.0,"{'lat': -1.717937, 'lng': 114.852436}",-1.717937,114.852436,Kalimantan Tengah,belanja,0.0,4.3,1,1,1,1,1,1,1.0,belanja|budaya|kuliner
1098,Masjid Raya Darussalam Palangka Raya,"Masjid Raya Darussalam Palangka Raya di Barito Utara Muara Teweh, Kalimantan Tengah. Ikon wisata religi yang terkenal dengan kedamaian suasananya, toleransi antarwarga, serta kubah atau menara yang menjulang indah. Menjadi tempat ziarah sekaligus edukasi spiritual bagi masyarakat luas.",Tempat Ibadah,Masjid,Barito Utara Muara Teweh,0,4.3,90.0,"{'lat': -0.95191, 'lng': 114.912667}",-0.95191,114.912667,Kalimantan Tengah,religi,0.0,4.3,1,1,0,1,1,0,0.6667,budaya|religi|sejarah
1099,Gereja Katedral Santa Perawan Maria Palangka Raya,"Gereja Katedral Santa Perawan Maria Palangka Raya di Kota Palangka Raya, Kalimantan Tengah. Ikon wisata religi yang terkenal dengan kedamaian suasananya, toleransi antarwarga, serta kubah atau menara yang menjulang indah. Menjadi tempat ziarah sekaligus edukasi spiritual bagi masyarakat luas.",Tempat Ibadah,Gereja,Kota Palangka Raya,0,4.2,45.0,"{'lat': -2.236847, 'lng': 113.918304}",-2.236847,113.918304,Kalimantan Tengah,religi,0.0,4.2,1,1,1,1,1,0,0.8333,budaya|religi|sejarah
1100,Balai Basarah Hindu Kaharingan,"Balai Basarah Hindu Kaharingan di Kotawaringin Timur Sampit, Kalimantan Tengah. Ikon wisata religi yang terkenal dengan kedamaian suasananya, toleransi antarwarga, serta kubah atau menara yang menjulang indah. Menjadi tempat ziarah sekaligus edukasi spiritual bagi masyarakat luas.",Tempat Ibadah,Tempat Ibadah,Kotawaringin Timur Sampit,0,4.9,45.0,"{'lat': -2.519455, 'lng': 112.9539}",-2.519455,112.9539,Kalimantan Tengah,religi,0.0,4.9,1,1,1,1,1,0,0.8333,budaya|religi|sejarah
1101,Pantai Derawan Berau Pulau Kura-Kura,"Pantai Derawan Berau Pulau Kura-Kura di Kota Bontang, Kalimantan Timur. Pantai eksotis dengan air laut jernih dan deretan pohon kelapa yang rindang. Menjadi lokasi favorit wisatawan untuk bersantai, bermain air bersama keluarga, berswafoto, serta menikmati kelapa muda segar di tepi pantai.",Pantai,Pantai,Kota Bontang,10000,4.3,120.0,"{'lat': 0.136553, 'lng': 117.479468}",0.136553,117.479468,Kalimantan Timur,bahari,10000.0,4.3,1,1,1,1,1,0,0.8333,berenang|fotografi|kuliner|pantai|rekreasi_keluarga
1102,Pantai Maratua Surga Bahari Maladewa Kaltim,"Pantai Maratua Surga Bahari Maladewa Kaltim di Kutai Barat Sendawar, Kalimantan Timur. Kawasan pantai dengan keindahan garis pantai memanjang, batuan karang yang menawan, serta angin sepoi-sepoi yang menyegarkan. Sangat cocok untuk aktivitas rekreasi, jalan santai di tepi air, dan piknik sore hari.",Pantai,Pantai,Kutai Barat Sendawar,20000,4.6,150.0,"{'lat': -0.19898, 'lng': 115.68612}",-0.19898,115.68612,Kalimantan Timur,bahari,20000.0,4.6,1,1,1,1,0,0,0.6667,berenang|fotografi|kuliner|pantai|rekreasi_keluarga
1103,Pantai Manggar Segarasari Balikpapan,"Pantai Manggar Segarasari Balikpapan di Paser Tanah Grogot, Kalimantan Timur. Kawasan pantai dengan keindahan garis pantai memanjang, batuan karang yang menawan, serta angin sepoi-sepoi yang menyegarkan. Sangat cocok untuk aktivitas rekreasi, jalan santai di tepi air, dan piknik sore hari.",Pantai,Pantai,Paser Tanah Grogot,10000,4.9,120.0,"{'lat': -1.868199, 'lng': 116.119848}",-1.868199,116.119848,Kalimantan Timur,bahari,10000.0,4.9,1,1,1,1,0,0,0.6667,berenang|fotografi|kuliner|pantai|rekreasi_keluarga
1104,Pantai Lamaru Balikpapan Pohon Cemara,"Pantai Lamaru Balikpapan Pohon Cemara di Kota Samarinda, Kalimantan Timur. Kawasan pantai dengan keindahan garis pantai memanjang, batuan karang yang menawan, serta angin sepoi-sepoi yang menyegarkan. Sangat cocok untuk aktivitas rekreasi, jalan santai di tepi air, dan piknik sore hari.",Pantai,Pantai,Kota Samarinda,5000,4.7,240.0,"{'lat': -0.496122, 'lng': 117.187508}",-0.496122,117.187508,Kalimantan Timur,bahari,5000.0,4.7,1,1,1,1,1,1,1.0,berenang|fotografi|kuliner|pantai|rekreasi_keluarga
1105,Pantai Kemala Balikpapan Tepi Kota,"Pantai Kemala Balikpapan Tepi Kota di Paser Tanah Grogot, Kalimantan Timur. Pantai eksotis dengan air laut jernih dan deretan pohon kelapa yang rindang. Menjadi lokasi favorit wisatawan untuk bersantai, bermain air bersama keluarga, berswafoto, serta menikmati kelapa muda segar di tepi pantai.",Pantai,Pantai,Paser Tanah Grogot,20000,4.5,150.0,"{'lat': -1.887686, 'lng': 116.172807}",-1.887686,116.172807,Kalimantan Timur,bahari,20000.0,4.5,1,1,1,1,0,0,0.6667,berenang|fotografi|kuliner|pantai|rekreasi_keluarga
1106,Pantai Biduk-Biduk Berau Labuan Cermin,"Pantai Biduk-Biduk Berau Labuan Cermin di Berau Tanjung Redeb, Kalimantan Timur. Destinasi wisata pesisir dengan hamparan pasir bersih, deburan ombak yang menenangkan, serta panorama matahari terbenam yang memukau. Dilengkapi fasilitas warung makan seafood lokal, area parkir, toilet umum, dan persewaan payung pantai.",Pantai,Pantai,Berau Tanjung Redeb,10000,4.3,180.0,"{'lat': 2.117131, 'lng': 117.502546}",2.117131,117.502546,Kalimantan Timur,bahari,10000.0,4.3,1,1,1,1,1,1,1.0,berenang|fotografi|kuliner|pantai|rekreasi_keluarga
1107,Pantai Melawai Sunset Balikpapan,"Pantai Melawai Sunset Balikpapan di Paser Tanah Grogot, Kalimantan Timur. Pantai eksotis dengan air laut jernih dan deretan pohon kelapa yang rindang. Menjadi lokasi favorit wisatawan untuk bersantai, bermain air bersama keluarga, berswafoto, serta menikmati kelapa muda segar di tepi pantai.",Pantai,Pantai,Paser Tanah Grogot,5000,4.5,240.0,"{'lat': -1.893847, 'lng': 116.110134}",-1.893847,116.110134,Kalimantan Timur,bahari,5000.0,4.5,1,1,1,1,0,0,0.6667,berenang|fotografi|kuliner|pantai|rekreasi_keluarga
1108,Pantai Nipah-Nipah Penajam Paser Utara,"Pantai Nipah-Nipah Penajam Paser Utara di Kutai Timur Sangatta, Kalimantan Timur. Pantai eksotis dengan air laut jernih dan deretan pohon kelapa yang rindang. Menjadi lokasi favorit wisatawan untuk bersantai, bermain air bersama keluarga, berswafoto, serta menikmati kelapa muda segar di tepi pantai.",Pantai,Pantai,Kutai Timur Sangatta,25000,4.5,120.0,"{'lat': 0.547644, 'lng': 117.573725}",0.547644,117.573725,Kalimantan Timur,bahari,25000.0,4.5,1,1,1,1,0,1,0.8333,berenang|fotografi|kuliner|pantai|rekreasi_keluarga
1109,Pantai Tanjung Batu Berau,"Pantai Tanjung Batu Berau di Berau Tanjung Redeb, Kalimantan Timur. Kawasan pantai dengan keindahan garis pantai memanjang, batuan karang yang menawan, serta angin sepoi-sepoi yang menyegarkan. Sangat cocok untuk aktivitas rekreasi, jalan santai di tepi air, dan piknik sore hari.",Pantai,Pantai,Berau Tanjung Redeb,15000,4.5,240.0,"{'lat': 2.135274, 'lng': 117.508592}",2.135274,117.508592,Kalimantan Timur,bahari,15000.0,4.5,1,1,1,1,0,1,0.8333,berenang|fotografi|kuliner|pantai|rekreasi_keluarga
1110,Pantai Marina Balikpapan,"Pantai Marina Balikpapan di Berau Tanjung Redeb, Kalimantan Timur. Pantai eksotis dengan air laut jernih dan deretan pohon kelapa yang rindang. Menjadi lokasi favorit wisatawan untuk bersantai, bermain air bersama keluarga, berswafoto, serta menikmati kelapa muda segar di tepi pantai.",Pantai,Pantai,Berau Tanjung Redeb,30000,4.2,180.0,"{'lat': 2.12167, 'lng': 117.496528}",2.12167,117.496528,Kalimantan Timur,bahari,30000.0,4.2,1,1,1,1,0,1,0.8333,berenang|fotografi|kuliner|pantai|rekreasi_keluarga
1111,Pantai Sekerat Kutai Timur,"Pantai Sekerat Kutai Timur di Kota Bontang, Kalimantan Timur. Pantai eksotis dengan air laut jernih dan deretan pohon kelapa yang rindang. Menjadi lokasi favorit wisatawan untuk bersantai, bermain air bersama keluarga, berswafoto, serta menikmati kelapa muda segar di tepi pantai.",Pantai,Pantai,Kota Bontang,25000,4.9,150.0,"{'lat': 0.115176, 'lng': 117.527814}",0.115176,117.527814,Kalimantan Timur,bahari,25000.0,4.9,1,1,1,1,0,1,0.8333,berenang|fotografi|kuliner|pantai|rekreasi_keluarga
1112,Pantai Teluk Lombok Sangatta,"Pantai Teluk Lombok Sangatta di Mahakam Ulu Ujoh Bilang, Kalimantan Timur. Kawasan pantai dengan keindahan garis pantai memanjang, batuan karang yang menawan, serta angin sepoi-sepoi yang menyegarkan. Sangat cocok untuk aktivitas rekreasi, jalan santai di tepi air, dan piknik sore hari.",Pantai,Pantai,Mahakam Ulu Ujoh Bilang,10000,4.5,150.0,"{'lat': 0.664705, 'lng': 115.324817}",0.664705,115.324817,Kalimantan Timur,bahari,10000.0,4.5,1,1,1,1,1,1,1.0,berenang|fotografi|kuliner|pantai|rekreasi_keluarga
1113,Pantai Panrita Lopi Muara Badak,"Pantai Panrita Lopi Muara Badak di Berau Tanjung Redeb, Kalimantan Timur. Kawasan pantai dengan keindahan garis pantai memanjang, batuan karang yang menawan, serta angin sepoi-sepoi yang menyegarkan. Sangat cocok untuk aktivitas rekreasi, jalan santai di tepi air, dan piknik sore hari.",Pantai,Pantai,Berau Tanjung Redeb,30000,4.8,180.0,"{'lat': 2.172083, 'lng': 117.511842}",2.172083,117.511842,Kalimantan Timur,bahari,30000.0,4.8,1,1,1,1,1,0,0.8333,berenang|fotografi|kuliner|pantai|rekreasi_keluarga
1114,Pantai Tanah Merah Samboja Kukar,"Pantai Tanah Merah Samboja Kukar di Kutai Timur Sangatta, Kalimantan Timur. Pantai eksotis dengan air laut jernih dan deretan pohon kelapa yang rindang. Menjadi lokasi favorit wisatawan untuk bersantai, bermain air bersama keluarga, berswafoto, serta menikmati kelapa muda segar di tepi pantai.",Pantai,Pantai,Kutai Timur Sangatta,20000,4.9,180.0,"{'lat': 0.495025, 'lng': 117.541383}",0.495025,117.541383,Kalimantan Timur,bahari,20000.0,4.9,1,1,1,1,0,1,0.8333,berenang|fotografi|kuliner|pantai|rekreasi_keluarga
1115,Titik Nol Nusantara (IKN Penajam Paser Utara),"Titik Nol Nusantara (IKN Penajam Paser Utara) di Kutai Timur Sangatta, Kalimantan Timur. Destinasi wisata pegunungan berhawa sejuk dengan jalur pendakian yang menantang dan panorama lautan awan yang spektakuler saat fajar. Tersedia pos peristirahatan, warung logistik pendaki, area perkemahan, dan pemandu lokal.",Gunung,Perbukitan,Kutai Timur Sangatta,15000,4.8,180.0,"{'lat': 0.515943, 'lng': 117.56571}",0.515943,117.56571,Kalimantan Timur,alam,15000.0,4.8,1,1,1,0,1,1,0.8333,camping|fotografi|gunung|hiking
1116,Bukit Bangkirai Samboja Canopy Bridge,"Bukit Bangkirai Samboja Canopy Bridge di Paser Tanah Grogot, Kalimantan Timur. Kawasan dataran tinggi dan lereng gunung yang asri dengan pemandangan perbukitan hijau dan kawah eksotis. Sangat ideal untuk petualangan alam terbuka, hiking santai, perkemahan keluarga, dan melepas penat.",Gunung,Perbukitan,Paser Tanah Grogot,20000,4.9,240.0,"{'lat': -1.93567, 'lng': 116.184766}",-1.93567,116.184766,Kalimantan Timur,alam,20000.0,4.9,1,1,1,0,1,0,0.6667,camping|fotografi|gunung|hiking
1117,Bukit Selili Samarinda Paralayang,"Bukit Selili Samarinda Paralayang di Kutai Timur Sangatta, Kalimantan Timur. Puncak bukit dan pegunungan dengan pemandangan lanskap hijau membentang sejauh mata memandang. Menawarkan pengalaman menikmati golden sunrise, udara bersih bebas polusi, dan spot foto alam yang memesona.",Gunung,Perbukitan,Kutai Timur Sangatta,50000,4.5,180.0,"{'lat': 0.504886, 'lng': 117.527451}",0.504886,117.527451,Kalimantan Timur,alam,50000.0,4.5,1,1,1,1,0,1,0.8333,camping|fotografi|gunung|hiking
1118,Gunung Beriun Kutai Timur Karst Sangkulirang,"Gunung Beriun Kutai Timur Karst Sangkulirang di Penajam Paser Utara (IKN), Kalimantan Timur. Destinasi wisata pegunungan berhawa sejuk dengan jalur pendakian yang menantang dan panorama lautan awan yang spektakuler saat fajar. Tersedia pos peristirahatan, warung logistik pendaki, area perkemahan, dan pemandu lokal.",Gunung,Gunung,Penajam Paser Utara (IKN),25000,4.4,180.0,"{'lat': -1.244221, 'lng': 116.688508}",-1.244221,116.688508,Kalimantan Timur,alam,25000.0,4.4,1,1,1,0,0,1,0.6667,camping|fotografi|gunung|hiking
1119,Bukit Soeharto Tahura Kutai,"Bukit Soeharto Tahura Kutai di Kota Balikpapan, Kalimantan Timur. Kawasan dataran tinggi dan lereng gunung yang asri dengan pemandangan perbukitan hijau dan kawah eksotis. Sangat ideal untuk petualangan alam terbuka, hiking santai, perkemahan keluarga, dan melepas penat.",Gunung,Perbukitan,Kota Balikpapan,20000,4.8,240.0,"{'lat': -1.296012, 'lng': 116.832435}",-1.296012,116.832435,Kalimantan Timur,alam,20000.0,4.8,1,1,1,1,0,0,0.6667,camping|fotografi|gunung|hiking
1120,Puncak Bukit Batu Dinding Samboja,"Puncak Bukit Batu Dinding Samboja di Paser Tanah Grogot, Kalimantan Timur. Kawasan dataran tinggi dan lereng gunung yang asri dengan pemandangan perbukitan hijau dan kawah eksotis. Sangat ideal untuk petualangan alam terbuka, hiking santai, perkemahan keluarga, dan melepas penat.",Gunung,Perbukitan,Paser Tanah Grogot,35000,4.4,360.0,"{'lat': -1.908268, 'lng': 116.134215}",-1.908268,116.134215,Kalimantan Timur,alam,35000.0,4.4,1,1,1,1,1,0,0.8333,camping|fotografi|gunung|hiking
1121,Bukit Alpha Balikpapan Teletubbies,"Bukit Alpha Balikpapan Teletubbies di Kota Samarinda, Kalimantan Timur. Puncak bukit dan pegunungan dengan pemandangan lanskap hijau membentang sejauh mata memandang. Menawarkan pengalaman menikmati golden sunrise, udara bersih bebas polusi, dan spot foto alam yang memesona.",Gunung,Perbukitan,Kota Samarinda,25000,4.6,360.0,"{'lat': -0.505106, 'lng': 117.179056}",-0.505106,117.179056,Kalimantan Timur,alam,25000.0,4.6,1,1,1,0,0,0,0.5,camping|fotografi|gunung|hiking
1122,Gunung Embun Paser Negeri di Atas Awan,"Gunung Embun Paser Negeri di Atas Awan di Kutai Timur Sangatta, Kalimantan Timur. Puncak bukit dan pegunungan dengan pemandangan lanskap hijau membentang sejauh mata memandang. Menawarkan pengalaman menikmati golden sunrise, udara bersih bebas polusi, dan spot foto alam yang memesona.",Gunung,Gunung,Kutai Timur Sangatta,15000,4.2,360.0,"{'lat': 0.544613, 'lng': 117.582678}",0.544613,117.582678,Kalimantan Timur,alam,15000.0,4.2,1,1,1,1,0,1,0.8333,camping|fotografi|gunung|hiking
1123,Bukit Pelangi Sangatta,"Bukit Pelangi Sangatta di Kota Samarinda, Kalimantan Timur. Kawasan dataran tinggi dan lereng gunung yang asri dengan pemandangan perbukitan hijau dan kawah eksotis. Sangat ideal untuk petualangan alam terbuka, hiking santai, perkemahan keluarga, dan melepas penat.",Gunung,Perbukitan,Kota Samarinda,50000,4.8,300.0,"{'lat': -0.511483, 'lng': 117.193596}",-0.511483,117.193596,Kalimantan Timur,alam,50000.0,4.8,1,1,1,0,0,1,0.6667,camping|fotografi|gunung|hiking
1124,Puncak Samarinda Islamic Center,"Puncak Samarinda Islamic Center di Kota Samarinda, Kalimantan Timur. Kawasan dataran tinggi dan lereng gunung yang asri dengan pemandangan perbukitan hijau dan kawah eksotis. Sangat ideal untuk petualangan alam terbuka, hiking santai, perkemahan keluarga, dan melepas penat.",Gunung,Perbukitan,Kota Samarinda,25000,4.2,360.0,"{'lat': -0.473223, 'lng': 117.156601}",-0.473223,117.156601,Kalimantan Timur,alam,25000.0,4.2,1,1,1,1,1,1,1.0,camping|fotografi|gunung|hiking
1125,Danau Labuan Cermin Biduk-Biduk Danau Dua Rasa,"Danau Labuan Cermin Biduk-Biduk Danau Dua Rasa di Kota Bontang, Kalimantan Timur. Objek wisata alam dengan formasi tebing batuan alami, gua karst purba, serta telaga yang jernih dan tenang. Suasana alam yang tenang memberikan kesegaran pikiran bagi pengunjung yang mencintai ketenangan alam.",Cagar Alam,Danau,Kota Bontang,30000,4.3,120.0,"{'lat': 0.098415, 'lng': 117.526972}",0.098415,117.526972,Kalimantan Timur,alam,30000.0,4.3,1,1,1,1,0,1,0.8333,alam|edukasi|fotografi|hiking|rekreasi_keluarga
1126,Danau Kakaban Berenang Bersama Ubur-Ubur Tanpa Sengat,"Danau Kakaban Berenang Bersama Ubur-Ubur Tanpa Sengat di Kutai Barat Sendawar, Kalimantan Timur. Kawasan konservasi alam yang asri dan terlindungi dengan keanekaragaman flora dan fauna tropis endemik. Dilengkapi jalur trekking kayu yang tertata rapi, gazebo istirahat, pusat informasi lingkungan, dan toilet pengunjung.",Cagar Alam,Danau,Kutai Barat Sendawar,30000,4.9,150.0,"{'lat': -0.225372, 'lng': 115.674395}",-0.225372,115.674395,Kalimantan Timur,alam,30000.0,4.9,1,1,1,0,0,1,0.6667,alam|edukasi|fotografi|hiking|rekreasi_keluarga
1127,Gua Haji Mangku Maratua,"Gua Haji Mangku Maratua di Kutai Timur Sangatta, Kalimantan Timur. Kawasan konservasi alam yang asri dan terlindungi dengan keanekaragaman flora dan fauna tropis endemik. Dilengkapi jalur trekking kayu yang tertata rapi, gazebo istirahat, pusat informasi lingkungan, dan toilet pengunjung.",Cagar Alam,Gua,Kutai Timur Sangatta,20000,4.2,90.0,"{'lat': 0.545511, 'lng': 117.517026}",0.545511,117.517026,Kalimantan Timur,alam,20000.0,4.2,1,1,1,1,0,1,0.8333,edukasi|fotografi|hiking|rekreasi_keluarga
1128,Taman Nasional Kutai Habitat Orangutan Morio,"Taman Nasional Kutai Habitat Orangutan Morio di Penajam Paser Utara (IKN), Kalimantan Timur. Kawasan konservasi alam yang asri dan terlindungi dengan keanekaragaman flora dan fauna tropis endemik. Dilengkapi jalur trekking kayu yang tertata rapi, gazebo istirahat, pusat informasi lingkungan, dan toilet pengunjung.",Cagar Alam,Taman Nasional,Penajam Paser Utara (IKN),10000,4.5,150.0,"{'lat': -1.279746, 'lng': 116.710544}",-1.279746,116.710544,Kalimantan Timur,alam,10000.0,4.5,1,1,1,1,0,1,0.8333,edukasi|fotografi|hiking|rekreasi_keluarga
1129,Kawasan Karst Sangkulirang Mangkalihat UNESCO,"Kawasan Karst Sangkulirang Mangkalihat UNESCO di Mahakam Ulu Ujoh Bilang, Kalimantan Timur. Objek wisata alam dengan formasi tebing batuan alami, gua karst purba, serta telaga yang jernih dan tenang. Suasana alam yang tenang memberikan kesegaran pikiran bagi pengunjung yang mencintai ketenangan alam.",Cagar Alam,Taman Nasional,Mahakam Ulu Ujoh Bilang,25000,4.4,180.0,"{'lat': 0.722624, 'lng': 115.312733}",0.722624,115.312733,Kalimantan Timur,alam,25000.0,4.4,1,1,1,0,1,1,0.8333,edukasi|fotografi|hiking|rekreasi_keluarga
1130,Hutan Lindung Sungai Wain Konservasi Beruang Madu Balikpapan,"Hutan Lindung Sungai Wain Konservasi Beruang Madu Balikpapan di Kutai Timur Sangatta, Kalimantan Timur. Objek wisata alam dengan formasi tebing batuan alami, gua karst purba, serta telaga yang jernih dan tenang. Suasana alam yang tenang memberikan kesegaran pikiran bagi pengunjung yang mencintai ketenangan alam.",Cagar Alam,Taman Nasional,Kutai Timur Sangatta,30000,4.5,90.0,"{'lat': 0.573044, 'lng': 117.558494}",0.573044,117.558494,Kalimantan Timur,alam,30000.0,4.5,1,1,1,1,0,1,0.8333,alam|edukasi|fotografi|hiking|rekreasi_keluarga
1131,Danau Semayang Danau Melintang Mahakam,"Danau Semayang Danau Melintang Mahakam di Kutai Barat Sendawar, Kalimantan Timur. Objek wisata alam dengan formasi tebing batuan alami, gua karst purba, serta telaga yang jernih dan tenang. Suasana alam yang tenang memberikan kesegaran pikiran bagi pengunjung yang mencintai ketenangan alam.",Cagar Alam,Danau,Kutai Barat Sendawar,15000,4.4,120.0,"{'lat': -0.258254, 'lng': 115.683977}",-0.258254,115.683977,Kalimantan Timur,alam,15000.0,4.4,1,1,1,0,0,1,0.6667,alam|edukasi|fotografi|hiking|rekreasi_keluarga
1132,Susur Sungai Mahakam Pesut Mahakam,"Susur Sungai Mahakam Pesut Mahakam di Kota Balikpapan, Kalimantan Timur. Objek wisata alam dengan formasi tebing batuan alami, gua karst purba, serta telaga yang jernih dan tenang. Suasana alam yang tenang memberikan kesegaran pikiran bagi pengunjung yang mencintai ketenangan alam.",Cagar Alam,Taman Nasional,Kota Balikpapan,20000,4.6,180.0,"{'lat': -1.255615, 'lng': 116.797149}",-1.255615,116.797149,Kalimantan Timur,alam,20000.0,4.6,1,1,1,1,0,1,0.8333,alam|edukasi|fotografi|hiking|rekreasi_keluarga
1133,Museum Mulawarman Keraton Kesultanan Kutai Kartanegara,"Museum Mulawarman Keraton Kesultanan Kutai Kartanegara di Kutai Barat Sendawar, Kalimantan Timur. Situs cagar budaya bersejarah yang sarat dengan nilai tradisi leluhur, arsitektur arca dan bangunan tradisional yang otentik. Dilengkapi pemandu wisata budaya, museum informasi sejarah, dan pertunjukan seni berkala.",Budaya,Museum,Kutai Barat Sendawar,20000,4.4,120.0,"{'lat': -0.26664, 'lng': 115.680334}",-0.26664,115.680334,Kalimantan Timur,budaya,20000.0,4.4,1,1,0,1,1,1,0.8333,budaya|edukasi|fotografi|sejarah
1134,Desa Budaya Pampang Dayak Kenyah Samarinda,"Desa Budaya Pampang Dayak Kenyah Samarinda di Berau Tanjung Redeb, Kalimantan Timur. Situs cagar budaya bersejarah yang sarat dengan nilai tradisi leluhur, arsitektur arca dan bangunan tradisional yang otentik. Dilengkapi pemandu wisata budaya, museum informasi sejarah, dan pertunjukan seni berkala.",Budaya,Desa Adat,Berau Tanjung Redeb,15000,4.4,90.0,"{'lat': 2.165744, 'lng': 117.45871}",2.165744,117.45871,Kalimantan Timur,budaya,15000.0,4.4,1,1,1,1,0,1,0.8333,budaya|edukasi|fotografi|sejarah
1135,Pulau Kumala Sungai Mahakam Tenggarong,"Pulau Kumala Sungai Mahakam Tenggarong di Kota Samarinda, Kalimantan Timur. Situs cagar budaya bersejarah yang sarat dengan nilai tradisi leluhur, arsitektur arca dan bangunan tradisional yang otentik. Dilengkapi pemandu wisata budaya, museum informasi sejarah, dan pertunjukan seni berkala.",Budaya,Situs Sejarah,Kota Samarinda,15000,4.3,120.0,"{'lat': -0.465079, 'lng': 117.1334}",-0.465079,117.1334,Kalimantan Timur,budaya,15000.0,4.3,1,1,1,1,0,1,0.8333,alam|budaya|edukasi|fotografi|sejarah
1136,Kawasan Cagar Budaya IKN Sepaku,"Kawasan Cagar Budaya IKN Sepaku di Kutai Barat Sendawar, Kalimantan Timur. Destinasi wisata sejarah dan kearifan lokal yang memperlihatkan warisan peradaban masa lampau melalui koleksi artefak berharga. Tempat ideal untuk belajar mengenai perjuangan bangsa dan filosofi adat masyarakat.",Budaya,Situs Sejarah,Kutai Barat Sendawar,15000,4.4,60.0,"{'lat': -0.266182, 'lng': 115.73274}",-0.266182,115.73274,Kalimantan Timur,budaya,15000.0,4.4,1,1,0,0,1,1,0.6667,budaya|edukasi|fotografi|sejarah
1137,Museum Daerah Kutai Kartanegara,"Museum Daerah Kutai Kartanegara di Kutai Timur Sangatta, Kalimantan Timur. Kompleks bangunan bersejarah dan desa adat yang mempertahankan adat istiadat turun-temurun dengan ramah. Wisatawan dapat menyaksikan kerajinan tangan tradisional dan berinteraksi langsung dengan warga setempat.",Budaya,Museum,Kutai Timur Sangatta,5000,4.4,120.0,"{'lat': 0.523591, 'lng': 117.5184}",0.523591,117.5184,Kalimantan Timur,budaya,5000.0,4.4,1,1,1,1,1,1,1.0,budaya|edukasi|fotografi|sejarah
1138,Desa Tenun Samarinda Seberang Sarung Samarinda,"Desa Tenun Samarinda Seberang Sarung Samarinda di Kota Balikpapan, Kalimantan Timur. Destinasi wisata sejarah dan kearifan lokal yang memperlihatkan warisan peradaban masa lampau melalui koleksi artefak berharga. Tempat ideal untuk belajar mengenai perjuangan bangsa dan filosofi adat masyarakat.",Budaya,Desa Adat,Kota Balikpapan,25000,4.6,120.0,"{'lat': -1.297757, 'lng': 116.819112}",-1.297757,116.819112,Kalimantan Timur,budaya,25000.0,4.6,1,1,1,1,0,1,0.8333,budaya|edukasi|fotografi|sejarah
1139,Ladang Budaya (Ladaya) Tenggarong,"Ladang Budaya (Ladaya) Tenggarong di Mahakam Ulu Ujoh Bilang, Kalimantan Timur. Kompleks bangunan bersejarah dan desa adat yang mempertahankan adat istiadat turun-temurun dengan ramah. Wisatawan dapat menyaksikan kerajinan tangan tradisional dan berinteraksi langsung dengan warga setempat.",Budaya,Situs Sejarah,Mahakam Ulu Ujoh Bilang,15000,4.8,90.0,"{'lat': 0.735721, 'lng': 115.291165}",0.735721,115.291165,Kalimantan Timur,budaya,15000.0,4.8,1,1,0,0,0,1,0.5,budaya|edukasi|fotografi|sejarah
1140,Caribbean Island Waterpark Balikpapan,"Caribbean Island Waterpark Balikpapan di Penajam Paser Utara (IKN), Kalimantan Timur. Kawasan rekreasi bertema dengan wahana pemacu adrenalin, kolam renang bergelombang, serta taman bermain anak yang aman. Dilengkapi staf pengawas keselamatan dan berbagai tenant kuliner lezat.",Taman Hiburan,Waterpark,Penajam Paser Utara (IKN),100000,4.6,120.0,"{'lat': -1.310861, 'lng': 116.686809}",-1.310861,116.686809,Kalimantan Timur,hiburan,100000.0,4.6,1,1,1,1,1,1,1.0,edukasi|fotografi|rekreasi_keluarga
1141,Mahakam Lampion Garden (MLG) Samarinda,"Mahakam Lampion Garden (MLG) Samarinda di Mahakam Ulu Ujoh Bilang, Kalimantan Timur. Taman rekreasi modern keluarga yang menghadirkan beragam wahana permainan seru, atraksi air, serta pertunjukan tematik interaktif. Memiliki fasilitas lengkap seperti food court, musala yang nyaman, toilet bersih, dan area parkir luas.",Taman Hiburan,Taman Rekreasi,Mahakam Ulu Ujoh Bilang,50000,4.8,240.0,"{'lat': 0.711135, 'lng': 115.289612}",0.711135,115.289612,Kalimantan Timur,hiburan,50000.0,4.8,1,1,1,1,1,1,1.0,edukasi|fotografi|rekreasi_keluarga
1142,Taman Rekreasi Lembah Hijau Samarinda,"Taman Rekreasi Lembah Hijau Samarinda di Mahakam Ulu Ujoh Bilang, Kalimantan Timur. Destinasi hiburan terpadu dengan spot swafoto kekinian yang estetik, wahana edukasi anak, dan ruang terbuka hijau yang ramah keluarga. Menjadi tempat favorit untuk berekreasi bersama anak-anak di akhir pekan.",Taman Hiburan,Taman Rekreasi,Mahakam Ulu Ujoh Bilang,100000,4.6,180.0,"{'lat': 0.695117, 'lng': 115.28832}",0.695117,115.28832,Kalimantan Timur,hiburan,100000.0,4.6,1,1,1,1,1,1,1.0,edukasi|fotografi|rekreasi_keluarga
1143,Bontang Kuala Perkampungan Terapung Atas Laut,"Bontang Kuala Perkampungan Terapung Atas Laut di Paser Tanah Grogot, Kalimantan Timur. Destinasi hiburan terpadu dengan spot swafoto kekinian yang estetik, wahana edukasi anak, dan ruang terbuka hijau yang ramah keluarga. Menjadi tempat favorit untuk berekreasi bersama anak-anak di akhir pekan.",Taman Hiburan,Taman Rekreasi,Paser Tanah Grogot,50000,4.6,120.0,"{'lat': -1.898352, 'lng': 116.167477}",-1.898352,116.167477,Kalimantan Timur,hiburan,50000.0,4.6,1,1,1,1,1,1,1.0,edukasi|fotografi|rekreasi_keluarga
1144,Pasar Kebun Sayur Pusat Batu Mulia Balikpapan,"Pasar Kebun Sayur Pusat Batu Mulia Balikpapan di Kutai Timur Sangatta, Kalimantan Timur. Pusat perbelanjaan dan pasar tradisional khas daerah yang menjual aneka kerajinan tangan, kain tenun atau batik, serta camilan oleh-oleh lokal. Tempat bertemunya tawar-menawar yang hangat dengan harga terjangkau.",Pusat Perbelanjaan,Pasar Tradisional,Kutai Timur Sangatta,0,4.3,120.0,"{'lat': 0.525821, 'lng': 117.535019}",0.525821,117.535019,Kalimantan Timur,belanja,0.0,4.3,1,1,1,0,1,0,0.6667,belanja|budaya|kuliner
1145,Sentra Sarung Samarinda Seberang,"Sentra Sarung Samarinda Seberang di Berau Tanjung Redeb, Kalimantan Timur. Sentra kuliner dan suvenir ikonik yang menyediakan aneka buah tangan khas Nusantara berkualitas tinggi. Dilengkapi area parkir kendaraan wisata, gerai anjungan tunai mandiri (ATM), dan mushola.",Pusat Perbelanjaan,Sentra Kerajinan,Berau Tanjung Redeb,0,4.3,120.0,"{'lat': 2.117491, 'lng': 117.489325}",2.117491,117.489325,Kalimantan Timur,belanja,0.0,4.3,1,1,1,1,1,0,0.8333,belanja|budaya|kuliner
1146,Pasar Citra Niaga Samarinda Kerajinan Dayak,"Pasar Citra Niaga Samarinda Kerajinan Dayak di Kutai Timur Sangatta, Kalimantan Timur. Kawasan pertokoan dan pasar seni yang menyajikan ragam cinderamata unik karya perajin lokal dari berbagai penjuru daerah. Selalu ramai dikunjungi wisatawan yang ingin membawa kenang-kenangan autentik.",Pusat Perbelanjaan,Pasar Tradisional,Kutai Timur Sangatta,0,4.8,120.0,"{'lat': 0.563248, 'lng': 117.586973}",0.563248,117.586973,Kalimantan Timur,belanja,0.0,4.8,1,1,1,1,1,0,0.8333,belanja|budaya|kuliner
1147,E-Walk Balikpapan Superblock,"E-Walk Balikpapan Superblock di Kota Balikpapan, Kalimantan Timur. Pusat perbelanjaan dan pasar tradisional khas daerah yang menjual aneka kerajinan tangan, kain tenun atau batik, serta camilan oleh-oleh lokal. Tempat bertemunya tawar-menawar yang hangat dengan harga terjangkau.",Pusat Perbelanjaan,Pasar Tradisional,Kota Balikpapan,0,4.3,90.0,"{'lat': -1.265576, 'lng': 116.84601}",-1.265576,116.84601,Kalimantan Timur,belanja,0.0,4.3,1,1,1,1,1,1,1.0,belanja|budaya|kuliner
1148,Masjid Islamic Center Samarinda Masjid Terbesar Kedua Asia Tenggara,"Masjid Islamic Center Samarinda Masjid Terbesar Kedua Asia Tenggara di Penajam Paser Utara (IKN), Kalimantan Timur. Tempat ibadah cagar budaya dengan ornamen seni pahat antik dan sejarah pendirian yang menginspirasi. Terbuka bagi pengunjung yang ingin berdoa maupun mengagumi keindahan karya arsitektur Nusantara.",Tempat Ibadah,Masjid,Penajam Paser Utara (IKN),0,4.7,45.0,"{'lat': -1.263627, 'lng': 116.733833}",-1.263627,116.733833,Kalimantan Timur,religi,0.0,4.7,1,1,1,1,1,1,1.0,budaya|religi|sejarah
1149,Masjid Agung At-Taqwa Balikpapan,"Masjid Agung At-Taqwa Balikpapan di Berau Tanjung Redeb, Kalimantan Timur. Ikon wisata religi yang terkenal dengan kedamaian suasananya, toleransi antarwarga, serta kubah atau menara yang menjulang indah. Menjadi tempat ziarah sekaligus edukasi spiritual bagi masyarakat luas.",Tempat Ibadah,Masjid,Berau Tanjung Redeb,0,4.2,90.0,"{'lat': 2.189933, 'lng': 117.518895}",2.189933,117.518895,Kalimantan Timur,religi,0.0,4.2,1,1,1,1,1,1,1.0,budaya|religi|sejarah
1150,Masjid Jami Aji Amir Hasanuddin Tenggarong 1874,"Masjid Jami Aji Amir Hasanuddin Tenggarong 1874 di Mahakam Ulu Ujoh Bilang, Kalimantan Timur. Bangunan keagamaan bersejarah dengan arsitektur megah dan penuh nilai filosofis spiritual tinggi. Menyediakan sarana ibadah yang bersih dan khusyuk, pelataran yang teduh dan asri, serta toilet wudhu yang terawat.",Tempat Ibadah,Masjid,Mahakam Ulu Ujoh Bilang,0,4.5,45.0,"{'lat': 0.730554, 'lng': 115.301881}",0.730554,115.301881,Kalimantan Timur,religi,0.0,4.5,1,1,1,1,1,0,0.8333,budaya|religi|sejarah
1151,Pantai Amal Baru & Lama Tarakan,"Pantai Amal Baru & Lama Tarakan di Kota Tarakan, Kalimantan Utara. Pantai eksotis dengan air laut jernih dan deretan pohon kelapa yang rindang. Menjadi lokasi favorit wisatawan untuk bersantai, bermain air bersama keluarga, berswafoto, serta menikmati kelapa muda segar di tepi pantai.",Pantai,Pantai,Kota Tarakan,20000,4.8,150.0,"{'lat': 3.288263, 'lng': 117.597373}",3.288263,117.597373,Kalimantan Utara,bahari,20000.0,4.8,1,1,1,1,1,0,0.8333,berenang|fotografi|kuliner|pantai|rekreasi_keluarga
1152,Pantai Batu Lamapu Sebatik Nunukan Perbatasan,"Pantai Batu Lamapu Sebatik Nunukan Perbatasan di Kota Tarakan, Kalimantan Utara. Pantai eksotis dengan air laut jernih dan deretan pohon kelapa yang rindang. Menjadi lokasi favorit wisatawan untuk bersantai, bermain air bersama keluarga, berswafoto, serta menikmati kelapa muda segar di tepi pantai.",Pantai,Pantai,Kota Tarakan,5000,4.6,180.0,"{'lat': 3.314325, 'lng': 117.659838}",3.314325,117.659838,Kalimantan Utara,bahari,5000.0,4.6,1,1,1,1,0,0,0.6667,berenang|fotografi|kuliner|pantai|rekreasi_keluarga
1153,Pantai Ecing Nunukan,"Pantai Ecing Nunukan di Nunukan, Kalimantan Utara. Pantai eksotis dengan air laut jernih dan deretan pohon kelapa yang rindang. Menjadi lokasi favorit wisatawan untuk bersantai, bermain air bersama keluarga, berswafoto, serta menikmati kelapa muda segar di tepi pantai.",Pantai,Pantai,Nunukan,10000,4.6,120.0,"{'lat': 4.152342, 'lng': 117.672207}",4.152342,117.672207,Kalimantan Utara,bahari,10000.0,4.6,1,1,1,1,1,1,1.0,berenang|fotografi|kuliner|pantai|rekreasi_keluarga
1154,Pantai Kayu Angin Sebatik,"Pantai Kayu Angin Sebatik di Malinau, Kalimantan Utara. Pantai eksotis dengan air laut jernih dan deretan pohon kelapa yang rindang. Menjadi lokasi favorit wisatawan untuk bersantai, bermain air bersama keluarga, berswafoto, serta menikmati kelapa muda segar di tepi pantai.",Pantai,Pantai,Malinau,20000,4.7,180.0,"{'lat': 3.5479, 'lng': 116.593771}",3.5479,116.593771,Kalimantan Utara,bahari,20000.0,4.7,1,1,1,1,0,0,0.6667,berenang|fotografi|kuliner|pantai|rekreasi_keluarga
1155,Pantai Marina Tarakan,"Pantai Marina Tarakan di Bulungan Tanjung Selor, Kalimantan Utara. Pantai eksotis dengan air laut jernih dan deretan pohon kelapa yang rindang. Menjadi lokasi favorit wisatawan untuk bersantai, bermain air bersama keluarga, berswafoto, serta menikmati kelapa muda segar di tepi pantai.",Pantai,Pantai,Bulungan Tanjung Selor,5000,4.3,240.0,"{'lat': 2.867795, 'lng': 117.358865}",2.867795,117.358865,Kalimantan Utara,bahari,5000.0,4.3,1,1,1,1,0,1,0.8333,berenang|fotografi|kuliner|pantai|rekreasi_keluarga
1156,Pantai Mamburungan Tarakan,"Pantai Mamburungan Tarakan di Kota Tarakan, Kalimantan Utara. Kawasan pantai dengan keindahan garis pantai memanjang, batuan karang yang menawan, serta angin sepoi-sepoi yang menyegarkan. Sangat cocok untuk aktivitas rekreasi, jalan santai di tepi air, dan piknik sore hari.",Pantai,Pantai,Kota Tarakan,20000,4.2,150.0,"{'lat': 3.331881, 'lng': 117.626158}",3.331881,117.626158,Kalimantan Utara,bahari,20000.0,4.2,1,1,1,1,0,0,0.6667,berenang|fotografi|kuliner|pantai|rekreasi_keluarga
1157,Pantai Tanah Kuning Bulungan Pasir Putih,"Pantai Tanah Kuning Bulungan Pasir Putih di Kota Tarakan, Kalimantan Utara. Pantai eksotis dengan air laut jernih dan deretan pohon kelapa yang rindang. Menjadi lokasi favorit wisatawan untuk bersantai, bermain air bersama keluarga, berswafoto, serta menikmati kelapa muda segar di tepi pantai.",Pantai,Pantai,Kota Tarakan,10000,4.6,120.0,"{'lat': 3.289945, 'lng': 117.62246}",3.289945,117.62246,Kalimantan Utara,bahari,10000.0,4.6,1,1,1,1,1,0,0.8333,berenang|fotografi|kuliner|pantai|rekreasi_keluarga
1158,Pantai Kelapa Bulungan,"Pantai Kelapa Bulungan di Tana Tidung Tideng Pale, Kalimantan Utara. Destinasi wisata pesisir dengan hamparan pasir bersih, deburan ombak yang menenangkan, serta panorama matahari terbenam yang memukau. Dilengkapi fasilitas warung makan seafood lokal, area parkir, toilet umum, dan persewaan payung pantai.",Pantai,Pantai,Tana Tidung Tideng Pale,5000,4.7,150.0,"{'lat': 3.52119, 'lng': 117.269767}",3.52119,117.269767,Kalimantan Utara,bahari,5000.0,4.7,1,1,1,1,0,0,0.6667,berenang|fotografi|kuliner|pantai|rekreasi_keluarga
1159,Pantai Sei Taiwan Sebatik Dua Negara,"Pantai Sei Taiwan Sebatik Dua Negara di Tana Tidung Tideng Pale, Kalimantan Utara. Pantai eksotis dengan air laut jernih dan deretan pohon kelapa yang rindang. Menjadi lokasi favorit wisatawan untuk bersantai, bermain air bersama keluarga, berswafoto, serta menikmati kelapa muda segar di tepi pantai.",Pantai,Pantai,Tana Tidung Tideng Pale,5000,4.4,150.0,"{'lat': 3.541564, 'lng': 117.269514}",3.541564,117.269514,Kalimantan Utara,bahari,5000.0,4.4,1,1,1,1,1,1,1.0,berenang|fotografi|kuliner|pantai|rekreasi_keluarga
1160,Pantai Binalatung Tarakan,"Pantai Binalatung Tarakan di Tana Tidung Tideng Pale, Kalimantan Utara. Pantai eksotis dengan air laut jernih dan deretan pohon kelapa yang rindang. Menjadi lokasi favorit wisatawan untuk bersantai, bermain air bersama keluarga, berswafoto, serta menikmati kelapa muda segar di tepi pantai.",Pantai,Pantai,Tana Tidung Tideng Pale,20000,4.4,180.0,"{'lat': 3.519503, 'lng': 117.249125}",3.519503,117.249125,Kalimantan Utara,bahari,20000.0,4.4,1,1,1,1,0,1,0.8333,berenang|fotografi|kuliner|pantai|rekreasi_keluarga
1161,Pantai Simangkadu Nunukan,"Pantai Simangkadu Nunukan di Bulungan Tanjung Selor, Kalimantan Utara. Destinasi wisata pesisir dengan hamparan pasir bersih, deburan ombak yang menenangkan, serta panorama matahari terbenam yang memukau. Dilengkapi fasilitas warung makan seafood lokal, area parkir, toilet umum, dan persewaan payung pantai.",Pantai,Pantai,Bulungan Tanjung Selor,5000,4.3,120.0,"{'lat': 2.877445, 'lng': 117.357808}",2.877445,117.357808,Kalimantan Utara,bahari,5000.0,4.3,1,1,1,1,0,1,0.8333,berenang|fotografi|kuliner|pantai|rekreasi_keluarga
1162,Pantai Gusung Tarakan Pulau Pasir,"Pantai Gusung Tarakan Pulau Pasir di Tana Tidung Tideng Pale, Kalimantan Utara. Kawasan pantai dengan keindahan garis pantai memanjang, batuan karang yang menawan, serta angin sepoi-sepoi yang menyegarkan. Sangat cocok untuk aktivitas rekreasi, jalan santai di tepi air, dan piknik sore hari.",Pantai,Pantai,Tana Tidung Tideng Pale,30000,4.7,240.0,"{'lat': 3.571391, 'lng': 117.22892}",3.571391,117.22892,Kalimantan Utara,bahari,30000.0,4.7,1,1,1,1,1,0,0.8333,berenang|fotografi|kuliner|pantai|rekreasi_keluarga
1163,Pantai Nipah Sebatik,"Pantai Nipah Sebatik di Nunukan, Kalimantan Utara. Kawasan pantai dengan keindahan garis pantai memanjang, batuan karang yang menawan, serta angin sepoi-sepoi yang menyegarkan. Sangat cocok untuk aktivitas rekreasi, jalan santai di tepi air, dan piknik sore hari.",Pantai,Pantai,Nunukan,20000,4.5,150.0,"{'lat': 4.116457, 'lng': 117.665574}",4.116457,117.665574,Kalimantan Utara,bahari,20000.0,4.5,1,1,1,1,0,0,0.6667,berenang|fotografi|kuliner|pantai|rekreasi_keluarga
1164,Pantai Tanjung Harapan Tana Tidung,"Pantai Tanjung Harapan Tana Tidung di Nunukan, Kalimantan Utara. Destinasi wisata pesisir dengan hamparan pasir bersih, deburan ombak yang menenangkan, serta panorama matahari terbenam yang memukau. Dilengkapi fasilitas warung makan seafood lokal, area parkir, toilet umum, dan persewaan payung pantai.",Pantai,Pantai,Nunukan,30000,4.5,240.0,"{'lat': 4.154638, 'lng': 117.695833}",4.154638,117.695833,Kalimantan Utara,bahari,30000.0,4.5,1,1,1,1,0,1,0.8333,berenang|fotografi|kuliner|pantai|rekreasi_keluarga
1165,Gunung Rian Tana Tidung Air Terjun Batu Raksasa,"Gunung Rian Tana Tidung Air Terjun Batu Raksasa di Nunukan, Kalimantan Utara. Kawasan dataran tinggi dan lereng gunung yang asri dengan pemandangan perbukitan hijau dan kawah eksotis. Sangat ideal untuk petualangan alam terbuka, hiking santai, perkemahan keluarga, dan melepas penat.",Gunung,Gunung,Nunukan,35000,4.4,240.0,"{'lat': 4.101545, 'lng': 117.685137}",4.101545,117.685137,Kalimantan Utara,alam,35000.0,4.4,1,1,1,1,0,0,0.6667,alam|camping|fotografi|gunung|hiking
1166,Bukit Kasih Sayang Bulungan,"Bukit Kasih Sayang Bulungan di Malinau, Kalimantan Utara. Destinasi wisata pegunungan berhawa sejuk dengan jalur pendakian yang menantang dan panorama lautan awan yang spektakuler saat fajar. Tersedia pos peristirahatan, warung logistik pendaki, area perkemahan, dan pemandu lokal.",Gunung,Perbukitan,Malinau,15000,4.4,360.0,"{'lat': 3.575403, 'lng': 116.615209}",3.575403,116.615209,Kalimantan Utara,alam,15000.0,4.4,1,1,1,1,0,0,0.6667,camping|fotografi|gunung|hiking
1167,Bukit Teletubbies Tanjung Selor,"Bukit Teletubbies Tanjung Selor di Malinau, Kalimantan Utara. Puncak bukit dan pegunungan dengan pemandangan lanskap hijau membentang sejauh mata memandang. Menawarkan pengalaman menikmati golden sunrise, udara bersih bebas polusi, dan spot foto alam yang memesona.",Gunung,Perbukitan,Malinau,50000,4.5,240.0,"{'lat': 3.575884, 'lng': 116.617816}",3.575884,116.617816,Kalimantan Utara,alam,50000.0,4.5,1,1,1,1,0,0,0.6667,camping|fotografi|gunung|hiking
1168,Gunung Putih Tanjung Palas Situs Bersejarah,"Gunung Putih Tanjung Palas Situs Bersejarah di Kota Tarakan, Kalimantan Utara. Kawasan dataran tinggi dan lereng gunung yang asri dengan pemandangan perbukitan hijau dan kawah eksotis. Sangat ideal untuk petualangan alam terbuka, hiking santai, perkemahan keluarga, dan melepas penat.",Gunung,Gunung,Kota Tarakan,20000,4.6,300.0,"{'lat': 3.264132, 'lng': 117.602104}",3.264132,117.602104,Kalimantan Utara,alam,20000.0,4.6,1,1,1,1,0,0,0.6667,camping|fotografi|gunung|hiking
1169,Puncak Bukit Cinta Nunukan,"Puncak Bukit Cinta Nunukan di Bulungan Tanjung Selor, Kalimantan Utara. Puncak bukit dan pegunungan dengan pemandangan lanskap hijau membentang sejauh mata memandang. Menawarkan pengalaman menikmati golden sunrise, udara bersih bebas polusi, dan spot foto alam yang memesona.",Gunung,Perbukitan,Bulungan Tanjung Selor,50000,4.7,240.0,"{'lat': 2.813271, 'lng': 117.33087}",2.813271,117.33087,Kalimantan Utara,alam,50000.0,4.7,1,1,1,1,1,0,0.8333,camping|fotografi|gunung|hiking
1170,Bukit Padan Sebatik,"Bukit Padan Sebatik di Tana Tidung Tideng Pale, Kalimantan Utara. Destinasi wisata pegunungan berhawa sejuk dengan jalur pendakian yang menantang dan panorama lautan awan yang spektakuler saat fajar. Tersedia pos peristirahatan, warung logistik pendaki, area perkemahan, dan pemandu lokal.",Gunung,Perbukitan,Tana Tidung Tideng Pale,20000,4.7,300.0,"{'lat': 3.524787, 'lng': 117.285866}",3.524787,117.285866,Kalimantan Utara,alam,20000.0,4.7,1,1,1,0,0,1,0.6667,camping|fotografi|gunung|hiking
1171,Bukit Tempayan Malinau,"Bukit Tempayan Malinau di Malinau, Kalimantan Utara. Destinasi wisata pegunungan berhawa sejuk dengan jalur pendakian yang menantang dan panorama lautan awan yang spektakuler saat fajar. Tersedia pos peristirahatan, warung logistik pendaki, area perkemahan, dan pemandu lokal.",Gunung,Perbukitan,Malinau,50000,4.7,300.0,"{'lat': 3.612258, 'lng': 116.619797}",3.612258,116.619797,Kalimantan Utara,alam,50000.0,4.7,1,1,1,1,0,0,0.6667,camping|fotografi|gunung|hiking
1172,Puncak Perbatasan RI-Malaysia Sebatik,"Puncak Perbatasan RI-Malaysia Sebatik di Tana Tidung Tideng Pale, Kalimantan Utara. Kawasan dataran tinggi dan lereng gunung yang asri dengan pemandangan perbukitan hijau dan kawah eksotis. Sangat ideal untuk petualangan alam terbuka, hiking santai, perkemahan keluarga, dan melepas penat.",Gunung,Perbukitan,Tana Tidung Tideng Pale,50000,4.3,180.0,"{'lat': 3.580976, 'lng': 117.220439}",3.580976,117.220439,Kalimantan Utara,alam,50000.0,4.3,1,1,1,1,1,1,1.0,camping|fotografi|gunung|hiking
1173,Gunung Belumut Kaltara,"Gunung Belumut Kaltara di Bulungan Tanjung Selor, Kalimantan Utara. Puncak bukit dan pegunungan dengan pemandangan lanskap hijau membentang sejauh mata memandang. Menawarkan pengalaman menikmati golden sunrise, udara bersih bebas polusi, dan spot foto alam yang memesona.",Gunung,Gunung,Bulungan Tanjung Selor,10000,4.3,300.0,"{'lat': 2.825434, 'lng': 117.362362}",2.825434,117.362362,Kalimantan Utara,alam,10000.0,4.3,1,1,1,1,1,0,0.8333,camping|fotografi|gunung|hiking
1174,Bukit Salembatu Bulungan,"Bukit Salembatu Bulungan di Malinau, Kalimantan Utara. Kawasan dataran tinggi dan lereng gunung yang asri dengan pemandangan perbukitan hijau dan kawah eksotis. Sangat ideal untuk petualangan alam terbuka, hiking santai, perkemahan keluarga, dan melepas penat.",Gunung,Perbukitan,Malinau,15000,4.8,300.0,"{'lat': 3.600962, 'lng': 116.596805}",3.600962,116.596805,Kalimantan Utara,alam,15000.0,4.8,1,1,1,1,1,0,0.8333,camping|fotografi|gunung|hiking
1175,Taman Nasional Kayan Mentarang Hutan Primer Terluas Kaltara,"Taman Nasional Kayan Mentarang Hutan Primer Terluas Kaltara di Tana Tidung Tideng Pale, Kalimantan Utara. Objek wisata alam dengan formasi tebing batuan alami, gua karst purba, serta telaga yang jernih dan tenang. Suasana alam yang tenang memberikan kesegaran pikiran bagi pengunjung yang mencintai ketenangan alam.",Cagar Alam,Taman Nasional,Tana Tidung Tideng Pale,10000,4.9,180.0,"{'lat': 3.567386, 'lng': 117.282868}",3.567386,117.282868,Kalimantan Utara,alam,10000.0,4.9,1,1,1,1,0,1,0.8333,edukasi|fotografi|hiking|rekreasi_keluarga
1176,Kawasan Konservasi Mangrove & Bekantan (KKMB) Tarakan,"Kawasan Konservasi Mangrove & Bekantan (KKMB) Tarakan di Tana Tidung Tideng Pale, Kalimantan Utara. Objek wisata alam dengan formasi tebing batuan alami, gua karst purba, serta telaga yang jernih dan tenang. Suasana alam yang tenang memberikan kesegaran pikiran bagi pengunjung yang mencintai ketenangan alam.",Cagar Alam,Taman Nasional,Tana Tidung Tideng Pale,15000,4.6,90.0,"{'lat': 3.51175, 'lng': 117.257932}",3.51175,117.257932,Kalimantan Utara,alam,15000.0,4.6,1,1,1,0,1,1,0.8333,edukasi|fotografi|hiking|rekreasi_keluarga
1177,Air Terjun Semolon Sumber Air Panas Alami Malinau,"Air Terjun Semolon Sumber Air Panas Alami Malinau di Kota Tarakan, Kalimantan Utara. Wisata alam edukatif berbalut udara segar hutan tropis, aliran sungai yang jernih, serta air terjun bertingkat yang menyejukkan. Pilihan utama untuk riset keanekaragaman hayati dan ekowisata ramah lingkungan.",Cagar Alam,Air Terjun,Kota Tarakan,25000,4.3,120.0,"{'lat': 3.275215, 'lng': 117.658463}",3.275215,117.658463,Kalimantan Utara,alam,25000.0,4.3,1,1,1,1,0,1,0.8333,alam|edukasi|fotografi|hiking|rekreasi_keluarga
1178,Air Terjun Sianak Tana Tidung,"Air Terjun Sianak Tana Tidung di Nunukan, Kalimantan Utara. Kawasan konservasi alam yang asri dan terlindungi dengan keanekaragaman flora dan fauna tropis endemik. Dilengkapi jalur trekking kayu yang tertata rapi, gazebo istirahat, pusat informasi lingkungan, dan toilet pengunjung.",Cagar Alam,Air Terjun,Nunukan,20000,4.5,120.0,"{'lat': 4.15565, 'lng': 117.658768}",4.15565,117.658768,Kalimantan Utara,alam,20000.0,4.5,1,1,1,0,0,1,0.6667,alam|edukasi|fotografi|hiking|rekreasi_keluarga
1179,Sungai Kayan Arung Jeram,"Sungai Kayan Arung Jeram di Malinau, Kalimantan Utara. Wisata alam edukatif berbalut udara segar hutan tropis, aliran sungai yang jernih, serta air terjun bertingkat yang menyejukkan. Pilihan utama untuk riset keanekaragaman hayati dan ekowisata ramah lingkungan.",Cagar Alam,Taman Nasional,Malinau,30000,4.9,150.0,"{'lat': 3.599038, 'lng': 116.663632}",3.599038,116.663632,Kalimantan Utara,alam,30000.0,4.9,1,1,1,1,0,1,0.8333,alam|edukasi|fotografi|hiking|rekreasi_keluarga
1180,Gua Karst Gunung Putih Tanjung Palas,"Gua Karst Gunung Putih Tanjung Palas di Kota Tarakan, Kalimantan Utara. Wisata alam edukatif berbalut udara segar hutan tropis, aliran sungai yang jernih, serta air terjun bertingkat yang menyejukkan. Pilihan utama untuk riset keanekaragaman hayati dan ekowisata ramah lingkungan.",Cagar Alam,Gua,Kota Tarakan,15000,4.2,120.0,"{'lat': 3.281481, 'lng': 117.602828}",3.281481,117.602828,Kalimantan Utara,alam,15000.0,4.2,1,1,1,0,0,1,0.6667,edukasi|fotografi|hiking|rekreasi_keluarga
1181,Air Terjun Martin Billa Malinau,"Air Terjun Martin Billa Malinau di Nunukan, Kalimantan Utara. Kawasan konservasi alam yang asri dan terlindungi dengan keanekaragaman flora dan fauna tropis endemik. Dilengkapi jalur trekking kayu yang tertata rapi, gazebo istirahat, pusat informasi lingkungan, dan toilet pengunjung.",Cagar Alam,Air Terjun,Nunukan,20000,4.2,120.0,"{'lat': 4.163988, 'lng': 117.70088}",4.163988,117.70088,Kalimantan Utara,alam,20000.0,4.2,1,1,1,1,0,1,0.8333,alam|edukasi|fotografi|hiking|rekreasi_keluarga
1182,Danau Buatan Persemaian Tarakan,"Danau Buatan Persemaian Tarakan di Malinau, Kalimantan Utara. Objek wisata alam dengan formasi tebing batuan alami, gua karst purba, serta telaga yang jernih dan tenang. Suasana alam yang tenang memberikan kesegaran pikiran bagi pengunjung yang mencintai ketenangan alam.",Cagar Alam,Danau,Malinau,20000,4.7,90.0,"{'lat': 3.571097, 'lng': 116.641713}",3.571097,116.641713,Kalimantan Utara,alam,20000.0,4.7,1,1,1,1,0,1,0.8333,alam|edukasi|fotografi|hiking|rekreasi_keluarga
1183,Museum Kesultanan Bulungan Tanjung Palas,"Museum Kesultanan Bulungan Tanjung Palas di Bulungan Tanjung Selor, Kalimantan Utara. Kompleks bangunan bersejarah dan desa adat yang mempertahankan adat istiadat turun-temurun dengan ramah. Wisatawan dapat menyaksikan kerajinan tangan tradisional dan berinteraksi langsung dengan warga setempat.",Budaya,Museum,Bulungan Tanjung Selor,15000,4.7,60.0,"{'lat': 2.820689, 'lng': 117.398567}",2.820689,117.398567,Kalimantan Utara,budaya,15000.0,4.7,1,1,1,1,0,1,0.8333,budaya|edukasi|fotografi|sejarah
1184,Rumah Adat Baloy Mayo Adat Tidung Tarakan,"Rumah Adat Baloy Mayo Adat Tidung Tarakan di Nunukan, Kalimantan Utara. Kompleks bangunan bersejarah dan desa adat yang mempertahankan adat istiadat turun-temurun dengan ramah. Wisatawan dapat menyaksikan kerajinan tangan tradisional dan berinteraksi langsung dengan warga setempat.",Budaya,Situs Sejarah,Nunukan,5000,4.3,120.0,"{'lat': 4.170518, 'lng': 117.640839}",4.170518,117.640839,Kalimantan Utara,budaya,5000.0,4.3,1,1,1,1,0,1,0.8333,budaya|edukasi|fotografi|sejarah
1185,Desa Wisata Setulang Malinau Hutan Adat Tane Olen,"Desa Wisata Setulang Malinau Hutan Adat Tane Olen di Kota Tarakan, Kalimantan Utara. Destinasi wisata sejarah dan kearifan lokal yang memperlihatkan warisan peradaban masa lampau melalui koleksi artefak berharga. Tempat ideal untuk belajar mengenai perjuangan bangsa dan filosofi adat masyarakat.",Budaya,Desa Adat,Kota Tarakan,10000,4.9,60.0,"{'lat': 3.310098, 'lng': 117.641647}",3.310098,117.641647,Kalimantan Utara,budaya,10000.0,4.9,1,1,0,1,1,1,0.8333,budaya|edukasi|fotografi|sejarah
1186,Tugu Dwikora Nunukan Sejarah Konfrontasi,"Tugu Dwikora Nunukan Sejarah Konfrontasi di Malinau, Kalimantan Utara. Situs cagar budaya bersejarah yang sarat dengan nilai tradisi leluhur, arsitektur arca dan bangunan tradisional yang otentik. Dilengkapi pemandu wisata budaya, museum informasi sejarah, dan pertunjukan seni berkala.",Budaya,Situs Sejarah,Malinau,10000,4.8,90.0,"{'lat': 3.603532, 'lng': 116.605751}",3.603532,116.605751,Kalimantan Utara,budaya,10000.0,4.8,1,1,1,0,0,1,0.6667,budaya|edukasi|fotografi|sejarah
1187,Monumen Perang Dunia II Tarakan Peninggalan Australia-Jepang,"Monumen Perang Dunia II Tarakan Peninggalan Australia-Jepang di Tana Tidung Tideng Pale, Kalimantan Utara. Situs cagar budaya bersejarah yang sarat dengan nilai tradisi leluhur, arsitektur arca dan bangunan tradisional yang otentik. Dilengkapi pemandu wisata budaya, museum informasi sejarah, dan pertunjukan seni berkala.",Budaya,Situs Sejarah,Tana Tidung Tideng Pale,10000,4.9,120.0,"{'lat': 3.524802, 'lng': 117.278988}",3.524802,117.278988,Kalimantan Utara,budaya,10000.0,4.9,1,1,1,0,0,1,0.6667,budaya|edukasi|fotografi|sejarah
1188,Desa Budaya Pulau Sapi Malinau Dayak Lundayeh,"Desa Budaya Pulau Sapi Malinau Dayak Lundayeh di Bulungan Tanjung Selor, Kalimantan Utara. Situs cagar budaya bersejarah yang sarat dengan nilai tradisi leluhur, arsitektur arca dan bangunan tradisional yang otentik. Dilengkapi pemandu wisata budaya, museum informasi sejarah, dan pertunjukan seni berkala.",Budaya,Desa Adat,Bulungan Tanjung Selor,25000,4.5,60.0,"{'lat': 2.824219, 'lng': 117.358236}",2.824219,117.358236,Kalimantan Utara,budaya,25000.0,4.5,1,1,0,0,1,1,0.6667,budaya|edukasi|fotografi|sejarah
1189,Museum Roemah Boendar Tarakan,"Museum Roemah Boendar Tarakan di Bulungan Tanjung Selor, Kalimantan Utara. Situs cagar budaya bersejarah yang sarat dengan nilai tradisi leluhur, arsitektur arca dan bangunan tradisional yang otentik. Dilengkapi pemandu wisata budaya, museum informasi sejarah, dan pertunjukan seni berkala.",Budaya,Museum,Bulungan Tanjung Selor,25000,4.4,120.0,"{'lat': 2.887631, 'lng': 117.334719}",2.887631,117.334719,Kalimantan Utara,budaya,25000.0,4.4,1,1,1,0,0,1,0.6667,budaya|edukasi|fotografi|sejarah
1190,Taman Berlabuh Tarakan Tepi Laut,"Taman Berlabuh Tarakan Tepi Laut di Nunukan, Kalimantan Utara. Taman rekreasi modern keluarga yang menghadirkan beragam wahana permainan seru, atraksi air, serta pertunjukan tematik interaktif. Memiliki fasilitas lengkap seperti food court, musala yang nyaman, toilet bersih, dan area parkir luas.",Taman Hiburan,Taman Rekreasi,Nunukan,200000,4.2,150.0,"{'lat': 4.159425, 'lng': 117.687776}",4.159425,117.687776,Kalimantan Utara,hiburan,200000.0,4.2,1,1,1,1,1,1,1.0,edukasi|fotografi|rekreasi_keluarga
1191,Taman Oval Ladang Tarakan,"Taman Oval Ladang Tarakan di Kota Tarakan, Kalimantan Utara. Taman rekreasi modern keluarga yang menghadirkan beragam wahana permainan seru, atraksi air, serta pertunjukan tematik interaktif. Memiliki fasilitas lengkap seperti food court, musala yang nyaman, toilet bersih, dan area parkir luas.",Taman Hiburan,Taman Rekreasi,Kota Tarakan,200000,4.2,120.0,"{'lat': 3.321609, 'lng': 117.614713}",3.321609,117.614713,Kalimantan Utara,hiburan,200000.0,4.2,1,1,1,1,1,1,1.0,edukasi|fotografi|rekreasi_keluarga
1192,Waterpark Malinau Kota,"Waterpark Malinau Kota di Tana Tidung Tideng Pale, Kalimantan Utara. Taman rekreasi modern keluarga yang menghadirkan beragam wahana permainan seru, atraksi air, serta pertunjukan tematik interaktif. Memiliki fasilitas lengkap seperti food court, musala yang nyaman, toilet bersih, dan area parkir luas.",Taman Hiburan,Waterpark,Tana Tidung Tideng Pale,200000,4.3,150.0,"{'lat': 3.55339, 'lng': 117.27546}",3.55339,117.27546,Kalimantan Utara,hiburan,200000.0,4.3,1,1,1,1,1,1,1.0,edukasi|fotografi|rekreasi_keluarga
1193,Taman Cendrawasih Tanjung Selor,"Taman Cendrawasih Tanjung Selor di Tana Tidung Tideng Pale, Kalimantan Utara. Destinasi hiburan terpadu dengan spot swafoto kekinian yang estetik, wahana edukasi anak, dan ruang terbuka hijau yang ramah keluarga. Menjadi tempat favorit untuk berekreasi bersama anak-anak di akhir pekan.",Taman Hiburan,Taman Rekreasi,Tana Tidung Tideng Pale,100000,4.4,180.0,"{'lat': 3.548434, 'lng': 117.255028}",3.548434,117.255028,Kalimantan Utara,hiburan,100000.0,4.4,1,1,1,1,1,1,1.0,edukasi|fotografi|rekreasi_keluarga
1194,Pasar Gusher Tarakan Pusat Kepiting Kenari,"Pasar Gusher Tarakan Pusat Kepiting Kenari di Nunukan, Kalimantan Utara. Kawasan pertokoan dan pasar seni yang menyajikan ragam cinderamata unik karya perajin lokal dari berbagai penjuru daerah. Selalu ramai dikunjungi wisatawan yang ingin membawa kenang-kenangan autentik.",Pusat Perbelanjaan,Pasar Tradisional,Nunukan,0,4.6,120.0,"{'lat': 4.131613, 'lng': 117.646205}",4.131613,117.646205,Kalimantan Utara,belanja,0.0,4.6,1,1,1,0,1,1,0.8333,belanja|budaya|kuliner
1195,Sentra Tenun Batik Kaltara Lundayeh Malinau,"Sentra Tenun Batik Kaltara Lundayeh Malinau di Tana Tidung Tideng Pale, Kalimantan Utara. Pusat perbelanjaan dan pasar tradisional khas daerah yang menjual aneka kerajinan tangan, kain tenun atau batik, serta camilan oleh-oleh lokal. Tempat bertemunya tawar-menawar yang hangat dengan harga terjangkau.",Pusat Perbelanjaan,Sentra Kerajinan,Tana Tidung Tideng Pale,0,4.8,60.0,"{'lat': 3.518225, 'lng': 117.233739}",3.518225,117.233739,Kalimantan Utara,belanja,0.0,4.8,1,1,1,1,1,0,0.8333,belanja|budaya|kuliner
1196,Pasar Inpres Tanjung Selor,"Pasar Inpres Tanjung Selor di Malinau, Kalimantan Utara. Kawasan pertokoan dan pasar seni yang menyajikan ragam cinderamata unik karya perajin lokal dari berbagai penjuru daerah. Selalu ramai dikunjungi wisatawan yang ingin membawa kenang-kenangan autentik.",Pusat Perbelanjaan,Pasar Tradisional,Malinau,0,4.6,60.0,"{'lat': 3.577471, 'lng': 116.60509}",3.577471,116.60509,Kalimantan Utara,belanja,0.0,4.6,1,1,1,0,1,1,0.8333,belanja|budaya|kuliner
1197,Sentra Kerajinan Manik Dayak Malinau,"Sentra Kerajinan Manik Dayak Malinau di Tana Tidung Tideng Pale, Kalimantan Utara. Pusat perbelanjaan dan pasar tradisional khas daerah yang menjual aneka kerajinan tangan, kain tenun atau batik, serta camilan oleh-oleh lokal. Tempat bertemunya tawar-menawar yang hangat dengan harga terjangkau.",Pusat Perbelanjaan,Sentra Kerajinan,Tana Tidung Tideng Pale,0,4.4,60.0,"{'lat': 3.575823, 'lng': 117.218993}",3.575823,117.218993,Kalimantan Utara,belanja,0.0,4.4,1,1,1,0,1,1,0.8333,belanja|budaya|kuliner
1198,Masjid Agung Baitul Izzah Islamic Center Tarakan,"Masjid Agung Baitul Izzah Islamic Center Tarakan di Malinau, Kalimantan Utara. Bangunan keagamaan bersejarah dengan arsitektur megah dan penuh nilai filosofis spiritual tinggi. Menyediakan sarana ibadah yang bersih dan khusyuk, pelataran yang teduh dan asri, serta toilet wudhu yang terawat.",Tempat Ibadah,Masjid,Malinau,0,4.3,60.0,"{'lat': 3.571885, 'lng': 116.642556}",3.571885,116.642556,Kalimantan Utara,religi,0.0,4.3,1,1,1,1,1,1,1.0,budaya|religi|sejarah
1199,Masjid Kasimuddin Peninggalan Sultan Bulungan Tanjung Palas,"Masjid Kasimuddin Peninggalan Sultan Bulungan Tanjung Palas di Bulungan Tanjung Selor, Kalimantan Utara. Ikon wisata religi yang terkenal dengan kedamaian suasananya, toleransi antarwarga, serta kubah atau menara yang menjulang indah. Menjadi tempat ziarah sekaligus edukasi spiritual bagi masyarakat luas.",Tempat Ibadah,Masjid,Bulungan Tanjung Selor,0,4.4,90.0,"{'lat': 2.824245, 'lng': 117.369138}",2.824245,117.369138,Kalimantan Utara,religi,0.0,4.4,1,1,0,1,1,1,0.8333,budaya|religi|sejarah
1200,Gereja Katedral Santa Maria Immaculata Tarakan,"Gereja Katedral Santa Maria Immaculata Tarakan di Malinau, Kalimantan Utara. Ikon wisata religi yang terkenal dengan kedamaian suasananya, toleransi antarwarga, serta kubah atau menara yang menjulang indah. Menjadi tempat ziarah sekaligus edukasi spiritual bagi masyarakat luas.",Tempat Ibadah,Gereja,Malinau,0,4.7,45.0,"{'lat': 3.567425, 'lng': 116.658705}",3.567425,116.658705,Kalimantan Utara,religi,0.0,4.7,1,1,1,1,1,1,1.0,budaya|religi|sejarah
1201,Pantai Malalayang Manado,"Pantai Malalayang Manado di Kota Bitung, Sulawesi Utara. Destinasi wisata pesisir dengan hamparan pasir bersih, deburan ombak yang menenangkan, serta panorama matahari terbenam yang memukau. Dilengkapi fasilitas warung makan seafood lokal, area parkir, toilet umum, dan persewaan payung pantai.",Pantai,Pantai,Kota Bitung,30000,4.3,120.0,"{'lat': 1.474631, 'lng': 125.204858}",1.474631,125.204858,Sulawesi Utara,bahari,30000.0,4.3,1,1,1,1,1,0,0.8333,berenang|fotografi|kuliner|pantai|rekreasi_keluarga
1202,Pantai Paal Likupang DPSP Pasir Putih,"Pantai Paal Likupang DPSP Pasir Putih di Bolaang Mongondow Kotamobagu, Sulawesi Utara. Kawasan pantai dengan keindahan garis pantai memanjang, batuan karang yang menawan, serta angin sepoi-sepoi yang menyegarkan. Sangat cocok untuk aktivitas rekreasi, jalan santai di tepi air, dan piknik sore hari.",Pantai,Pantai,Bolaang Mongondow Kotamobagu,20000,4.3,120.0,"{'lat': 0.705122, 'lng': 124.312436}",0.705122,124.312436,Sulawesi Utara,bahari,20000.0,4.3,1,1,1,1,0,1,0.8333,berenang|fotografi|kuliner|pantai|rekreasi_keluarga
1203,Pantai Pulisan Likupang Tebing Karang,"Pantai Pulisan Likupang Tebing Karang di Kepulauan Sitaro Ondong, Sulawesi Utara. Pantai eksotis dengan air laut jernih dan deretan pohon kelapa yang rindang. Menjadi lokasi favorit wisatawan untuk bersantai, bermain air bersama keluarga, berswafoto, serta menikmati kelapa muda segar di tepi pantai.",Pantai,Pantai,Kepulauan Sitaro Ondong,10000,4.4,240.0,"{'lat': 2.704873, 'lng': 125.385844}",2.704873,125.385844,Sulawesi Utara,bahari,10000.0,4.4,1,1,1,1,0,0,0.6667,bahari|berenang|fotografi|kuliner|pantai|rekreasi_keluarga|snorkeling
1204,Pantai Batu Angus Bitung Selat Lembeh,"Pantai Batu Angus Bitung Selat Lembeh di Kota Manado, Sulawesi Utara. Kawasan pantai dengan keindahan garis pantai memanjang, batuan karang yang menawan, serta angin sepoi-sepoi yang menyegarkan. Sangat cocok untuk aktivitas rekreasi, jalan santai di tepi air, dan piknik sore hari.",Pantai,Pantai,Kota Manado,30000,4.7,150.0,"{'lat': 1.490274, 'lng': 124.835216}",1.490274,124.835216,Sulawesi Utara,bahari,30000.0,4.7,1,1,1,1,1,0,0.8333,berenang|fotografi|kuliner|pantai|rekreasi_keluarga
1205,Pantai Firdaus Kema Minut,"Pantai Firdaus Kema Minut di Kepulauan Sitaro Ondong, Sulawesi Utara. Destinasi wisata pesisir dengan hamparan pasir bersih, deburan ombak yang menenangkan, serta panorama matahari terbenam yang memukau. Dilengkapi fasilitas warung makan seafood lokal, area parkir, toilet umum, dan persewaan payung pantai.",Pantai,Pantai,Kepulauan Sitaro Ondong,20000,4.5,240.0,"{'lat': 2.737247, 'lng': 125.4031}",2.737247,125.4031,Sulawesi Utara,bahari,20000.0,4.5,1,1,1,1,0,0,0.6667,berenang|fotografi|kuliner|pantai|rekreasi_keluarga
1206,Pantai Kanada Bitung,"Pantai Kanada Bitung di Minahasa Selatan Amurang, Sulawesi Utara. Destinasi wisata pesisir dengan hamparan pasir bersih, deburan ombak yang menenangkan, serta panorama matahari terbenam yang memukau. Dilengkapi fasilitas warung makan seafood lokal, area parkir, toilet umum, dan persewaan payung pantai.",Pantai,Pantai,Minahasa Selatan Amurang,30000,4.5,120.0,"{'lat': 1.18953, 'lng': 124.58218}",1.18953,124.58218,Sulawesi Utara,bahari,30000.0,4.5,1,1,1,1,0,0,0.6667,berenang|fotografi|kuliner|pantai|rekreasi_keluarga
1207,Pantai Lakban Ratatotok Mitra Ekowisata Emas,"Pantai Lakban Ratatotok Mitra Ekowisata Emas di Kota Manado, Sulawesi Utara. Destinasi wisata pesisir dengan hamparan pasir bersih, deburan ombak yang menenangkan, serta panorama matahari terbenam yang memukau. Dilengkapi fasilitas warung makan seafood lokal, area parkir, toilet umum, dan persewaan payung pantai.",Pantai,Pantai,Kota Manado,20000,4.4,120.0,"{'lat': 1.502848, 'lng': 124.831092}",1.502848,124.831092,Sulawesi Utara,bahari,20000.0,4.4,1,1,1,1,1,0,0.8333,berenang|fotografi|kuliner|pantai|rekreasi_keluarga
1208,Pantai Moat Bolmong,"Pantai Moat Bolmong di Kepulauan Sangihe Tahuna, Sulawesi Utara. Destinasi wisata pesisir dengan hamparan pasir bersih, deburan ombak yang menenangkan, serta panorama matahari terbenam yang memukau. Dilengkapi fasilitas warung makan seafood lokal, area parkir, toilet umum, dan persewaan payung pantai.",Pantai,Pantai,Kepulauan Sangihe Tahuna,10000,4.6,240.0,"{'lat': 3.644646, 'lng': 125.522292}",3.644646,125.522292,Sulawesi Utara,bahari,10000.0,4.6,1,1,1,1,1,1,1.0,berenang|fotografi|kuliner|pantai|rekreasi_keluarga
1209,Pantai Paniki Siau Sitaro,"Pantai Paniki Siau Sitaro di Minahasa Utara Airmadidi, Sulawesi Utara. Kawasan pantai dengan keindahan garis pantai memanjang, batuan karang yang menawan, serta angin sepoi-sepoi yang menyegarkan. Sangat cocok untuk aktivitas rekreasi, jalan santai di tepi air, dan piknik sore hari.",Pantai,Pantai,Minahasa Utara Airmadidi,10000,4.5,120.0,"{'lat': 1.451207, 'lng': 124.976986}",1.451207,124.976986,Sulawesi Utara,bahari,10000.0,4.5,1,1,1,1,0,1,0.8333,berenang|fotografi|kuliner|pantai|rekreasi_keluarga
1210,Pantai Batu Lubang Pulau Lembeh,"Pantai Batu Lubang Pulau Lembeh di Kota Manado, Sulawesi Utara. Destinasi wisata pesisir dengan hamparan pasir bersih, deburan ombak yang menenangkan, serta panorama matahari terbenam yang memukau. Dilengkapi fasilitas warung makan seafood lokal, area parkir, toilet umum, dan persewaan payung pantai.",Pantai,Pantai,Kota Manado,5000,4.8,180.0,"{'lat': 1.491117, 'lng': 124.832297}",1.491117,124.832297,Sulawesi Utara,bahari,5000.0,4.8,1,1,1,1,1,1,1.0,berenang|fotografi|kuliner|pantai|rekreasi_keluarga
1211,Pantai Serena Lembeh,"Pantai Serena Lembeh di Kota Manado, Sulawesi Utara. Pantai eksotis dengan air laut jernih dan deretan pohon kelapa yang rindang. Menjadi lokasi favorit wisatawan untuk bersantai, bermain air bersama keluarga, berswafoto, serta menikmati kelapa muda segar di tepi pantai.",Pantai,Pantai,Kota Manado,10000,4.2,150.0,"{'lat': 1.440702, 'lng': 124.869095}",1.440702,124.869095,Sulawesi Utara,bahari,10000.0,4.2,1,1,1,1,0,0,0.6667,berenang|fotografi|kuliner|pantai|rekreasi_keluarga
1212,Pantai Pall Likupang Timur,"Pantai Pall Likupang Timur di Kepulauan Talaud Melonguane, Sulawesi Utara. Pantai eksotis dengan air laut jernih dan deretan pohon kelapa yang rindang. Menjadi lokasi favorit wisatawan untuk bersantai, bermain air bersama keluarga, berswafoto, serta menikmati kelapa muda segar di tepi pantai.",Pantai,Pantai,Kepulauan Talaud Melonguane,20000,4.4,150.0,"{'lat': 3.960998, 'lng': 126.726485}",3.960998,126.726485,Sulawesi Utara,bahari,20000.0,4.4,1,1,1,1,1,1,1.0,berenang|fotografi|kuliner|pantai|rekreasi_keluarga
1213,Pantai Boulevard Amurang Minsel,"Pantai Boulevard Amurang Minsel di Minahasa Utara Airmadidi, Sulawesi Utara. Kawasan pantai dengan keindahan garis pantai memanjang, batuan karang yang menawan, serta angin sepoi-sepoi yang menyegarkan. Sangat cocok untuk aktivitas rekreasi, jalan santai di tepi air, dan piknik sore hari.",Pantai,Pantai,Minahasa Utara Airmadidi,20000,4.7,240.0,"{'lat': 1.432585, 'lng': 124.967261}",1.432585,124.967261,Sulawesi Utara,bahari,20000.0,4.7,1,1,1,1,1,0,0.8333,berenang|fotografi|kuliner|pantai|rekreasi_keluarga
1214,Pantai Ria Manado,"Pantai Ria Manado di Kota Manado, Sulawesi Utara. Destinasi wisata pesisir dengan hamparan pasir bersih, deburan ombak yang menenangkan, serta panorama matahari terbenam yang memukau. Dilengkapi fasilitas warung makan seafood lokal, area parkir, toilet umum, dan persewaan payung pantai.",Pantai,Pantai,Kota Manado,5000,4.4,150.0,"{'lat': 1.447271, 'lng': 124.872593}",1.447271,124.872593,Sulawesi Utara,bahari,5000.0,4.4,1,1,1,1,0,0,0.6667,berenang|fotografi|kuliner|pantai|rekreasi_keluarga
1215,Gunung Lokon Tomohon Kawah Aktif Tompaluan,"Gunung Lokon Tomohon Kawah Aktif Tompaluan di Minahasa Tondano, Sulawesi Utara. Kawasan dataran tinggi dan lereng gunung yang asri dengan pemandangan perbukitan hijau dan kawah eksotis. Sangat ideal untuk petualangan alam terbuka, hiking santai, perkemahan keluarga, dan melepas penat.",Gunung,Gunung,Minahasa Tondano,50000,4.6,300.0,"{'lat': 1.335859, 'lng': 124.913044}",1.335859,124.913044,Sulawesi Utara,alam,50000.0,4.6,1,1,1,0,1,0,0.6667,camping|fotografi|gunung|hiking
1216,Gunung Mahawu Kawah Hijau Tomohon,"Gunung Mahawu Kawah Hijau Tomohon di Kota Bitung, Sulawesi Utara. Kawasan dataran tinggi dan lereng gunung yang asri dengan pemandangan perbukitan hijau dan kawah eksotis. Sangat ideal untuk petualangan alam terbuka, hiking santai, perkemahan keluarga, dan melepas penat.",Gunung,Gunung,Kota Bitung,15000,4.5,360.0,"{'lat': 1.407355, 'lng': 125.170205}",1.407355,125.170205,Sulawesi Utara,alam,15000.0,4.5,1,1,1,0,0,1,0.6667,camping|fotografi|gunung|hiking
1217,Gunung Klabat Puncak Tertinggi Sulut (1.995 mdpl),"Gunung Klabat Puncak Tertinggi Sulut (1.995 mdpl) di Kota Tomohon, Sulawesi Utara. Puncak bukit dan pegunungan dengan pemandangan lanskap hijau membentang sejauh mata memandang. Menawarkan pengalaman menikmati golden sunrise, udara bersih bebas polusi, dan spot foto alam yang memesona.",Gunung,Gunung,Kota Tomohon,10000,4.9,360.0,"{'lat': 1.363079, 'lng': 124.848407}",1.363079,124.848407,Sulawesi Utara,alam,10000.0,4.9,1,1,1,1,0,0,0.6667,camping|fotografi|gunung|hiking
1218,Gunung Soputan Letusan Eksotis,"Gunung Soputan Letusan Eksotis di Minahasa Utara Airmadidi, Sulawesi Utara. Destinasi wisata pegunungan berhawa sejuk dengan jalur pendakian yang menantang dan panorama lautan awan yang spektakuler saat fajar. Tersedia pos peristirahatan, warung logistik pendaki, area perkemahan, dan pemandu lokal.",Gunung,Gunung,Minahasa Utara Airmadidi,25000,4.5,300.0,"{'lat': 1.381074, 'lng': 124.973018}",1.381074,124.973018,Sulawesi Utara,alam,25000.0,4.5,1,1,1,0,0,1,0.6667,camping|fotografi|gunung|hiking
1219,Bukit Kasih Kanonang Monumen 5 Agama,"Bukit Kasih Kanonang Monumen 5 Agama di Kota Manado, Sulawesi Utara. Destinasi wisata pegunungan berhawa sejuk dengan jalur pendakian yang menantang dan panorama lautan awan yang spektakuler saat fajar. Tersedia pos peristirahatan, warung logistik pendaki, area perkemahan, dan pemandu lokal.",Gunung,Perbukitan,Kota Manado,15000,4.3,180.0,"{'lat': 1.461638, 'lng': 124.821262}",1.461638,124.821262,Sulawesi Utara,alam,15000.0,4.3,1,1,1,1,1,0,0.8333,camping|fotografi|gunung|hiking
1220,Puncak Bukit Doa Mahawu Kelong Tomohon,"Puncak Bukit Doa Mahawu Kelong Tomohon di Minahasa Utara Airmadidi, Sulawesi Utara. Destinasi wisata pegunungan berhawa sejuk dengan jalur pendakian yang menantang dan panorama lautan awan yang spektakuler saat fajar. Tersedia pos peristirahatan, warung logistik pendaki, area perkemahan, dan pemandu lokal.",Gunung,Perbukitan,Minahasa Utara Airmadidi,10000,4.5,300.0,"{'lat': 1.420835, 'lng': 124.994371}",1.420835,124.994371,Sulawesi Utara,alam,10000.0,4.5,1,1,1,1,0,1,0.8333,camping|fotografi|gunung|hiking
1221,Puncak Tetempangan Koha Manado Paralayang,"Puncak Tetempangan Koha Manado Paralayang di Kepulauan Talaud Melonguane, Sulawesi Utara. Destinasi wisata pegunungan berhawa sejuk dengan jalur pendakian yang menantang dan panorama lautan awan yang spektakuler saat fajar. Tersedia pos peristirahatan, warung logistik pendaki, area perkemahan, dan pemandu lokal.",Gunung,Perbukitan,Kepulauan Talaud Melonguane,20000,4.3,300.0,"{'lat': 4.023218, 'lng': 126.663654}",4.023218,126.663654,Sulawesi Utara,alam,20000.0,4.3,1,1,1,1,1,1,1.0,camping|fotografi|gunung|hiking
1222,Bukit Tetetana Kumelembuai Tomohon Bunga,"Bukit Tetetana Kumelembuai Tomohon Bunga di Kepulauan Talaud Melonguane, Sulawesi Utara. Kawasan dataran tinggi dan lereng gunung yang asri dengan pemandangan perbukitan hijau dan kawah eksotis. Sangat ideal untuk petualangan alam terbuka, hiking santai, perkemahan keluarga, dan melepas penat.",Gunung,Perbukitan,Kepulauan Talaud Melonguane,25000,4.7,240.0,"{'lat': 4.000017, 'lng': 126.685158}",4.000017,126.685158,Sulawesi Utara,alam,25000.0,4.7,1,1,1,1,0,1,0.8333,camping|fotografi|gunung|hiking
1223,Gunung Karangetang Sitaro Gunung Api Aktif,"Gunung Karangetang Sitaro Gunung Api Aktif di Kota Manado, Sulawesi Utara. Puncak bukit dan pegunungan dengan pemandangan lanskap hijau membentang sejauh mata memandang. Menawarkan pengalaman menikmati golden sunrise, udara bersih bebas polusi, dan spot foto alam yang memesona.",Gunung,Gunung,Kota Manado,15000,4.2,360.0,"{'lat': 1.475086, 'lng': 124.842274}",1.475086,124.842274,Sulawesi Utara,alam,15000.0,4.2,1,1,1,1,1,0,0.8333,bahari|camping|fotografi|gunung|hiking|snorkeling
1224,Gunung Awu Sangihe,"Gunung Awu Sangihe di Kepulauan Talaud Melonguane, Sulawesi Utara. Destinasi wisata pegunungan berhawa sejuk dengan jalur pendakian yang menantang dan panorama lautan awan yang spektakuler saat fajar. Tersedia pos peristirahatan, warung logistik pendaki, area perkemahan, dan pemandu lokal.",Gunung,Gunung,Kepulauan Talaud Melonguane,50000,4.3,240.0,"{'lat': 3.972123, 'lng': 126.697048}",3.972123,126.697048,Sulawesi Utara,alam,50000.0,4.3,1,1,1,1,1,1,1.0,camping|fotografi|gunung|hiking
1225,Taman Nasional Bunaken Surga Terumbu Karang Segitiga Karang Dunia,"Taman Nasional Bunaken Surga Terumbu Karang Segitiga Karang Dunia di Minahasa Selatan Amurang, Sulawesi Utara. Kawasan konservasi alam yang asri dan terlindungi dengan keanekaragaman flora dan fauna tropis endemik. Dilengkapi jalur trekking kayu yang tertata rapi, gazebo istirahat, pusat informasi lingkungan, dan toilet pengunjung.",Cagar Alam,Taman Nasional,Minahasa Selatan Amurang,30000,4.7,180.0,"{'lat': 1.156184, 'lng': 124.603793}",1.156184,124.603793,Sulawesi Utara,alam,30000.0,4.7,1,1,1,0,0,1,0.6667,bahari|edukasi|fotografi|hiking|rekreasi_keluarga|snorkeling
1226,Pulau Siladen Taman Laut Pasir Putih,"Pulau Siladen Taman Laut Pasir Putih di Kepulauan Talaud Melonguane, Sulawesi Utara. Objek wisata alam dengan formasi tebing batuan alami, gua karst purba, serta telaga yang jernih dan tenang. Suasana alam yang tenang memberikan kesegaran pikiran bagi pengunjung yang mencintai ketenangan alam.",Cagar Alam,Taman Nasional,Kepulauan Talaud Melonguane,25000,4.5,120.0,"{'lat': 4.028476, 'lng': 126.694472}",4.028476,126.694472,Sulawesi Utara,alam,25000.0,4.5,1,1,1,1,1,1,1.0,edukasi|fotografi|hiking|rekreasi_keluarga
1227,Selat Lembeh Muck Diving Ibukota Nudibranchia Dunia,"Selat Lembeh Muck Diving Ibukota Nudibranchia Dunia di Minahasa Utara Airmadidi, Sulawesi Utara. Wisata alam edukatif berbalut udara segar hutan tropis, aliran sungai yang jernih, serta air terjun bertingkat yang menyejukkan. Pilihan utama untuk riset keanekaragaman hayati dan ekowisata ramah lingkungan.",Cagar Alam,Taman Nasional,Minahasa Utara Airmadidi,10000,4.2,120.0,"{'lat': 1.422052, 'lng': 125.022852}",1.422052,125.022852,Sulawesi Utara,alam,10000.0,4.2,1,1,1,1,1,1,1.0,bahari|edukasi|fotografi|hiking|rekreasi_keluarga|snorkeling
1228,Danau Linow Tomohon Tiga Warna Belerang,"Danau Linow Tomohon Tiga Warna Belerang di Minahasa Tondano, Sulawesi Utara. Kawasan konservasi alam yang asri dan terlindungi dengan keanekaragaman flora dan fauna tropis endemik. Dilengkapi jalur trekking kayu yang tertata rapi, gazebo istirahat, pusat informasi lingkungan, dan toilet pengunjung.",Cagar Alam,Danau,Minahasa Tondano,10000,4.9,150.0,"{'lat': 1.322516, 'lng': 124.883673}",1.322516,124.883673,Sulawesi Utara,alam,10000.0,4.9,1,1,1,1,0,1,0.8333,alam|edukasi|fotografi|hiking|rekreasi_keluarga
1229,Danau Tondano Danau Vulkanik Terluas Sulut,"Danau Tondano Danau Vulkanik Terluas Sulut di Kepulauan Sangihe Tahuna, Sulawesi Utara. Objek wisata alam dengan formasi tebing batuan alami, gua karst purba, serta telaga yang jernih dan tenang. Suasana alam yang tenang memberikan kesegaran pikiran bagi pengunjung yang mencintai ketenangan alam.",Cagar Alam,Danau,Kepulauan Sangihe Tahuna,10000,4.3,120.0,"{'lat': 3.599109, 'lng': 125.489066}",3.599109,125.489066,Sulawesi Utara,alam,10000.0,4.3,1,1,1,1,0,1,0.8333,alam|edukasi|fotografi|hiking|rekreasi_keluarga
1230,Taman Wisata Alam Batu Putih Tangkoko Tarsius Spektrum,"Taman Wisata Alam Batu Putih Tangkoko Tarsius Spektrum di Kepulauan Sitaro Ondong, Sulawesi Utara. Objek wisata alam dengan formasi tebing batuan alami, gua karst purba, serta telaga yang jernih dan tenang. Suasana alam yang tenang memberikan kesegaran pikiran bagi pengunjung yang mencintai ketenangan alam.",Cagar Alam,Taman Nasional,Kepulauan Sitaro Ondong,25000,4.4,90.0,"{'lat': 2.731161, 'lng': 125.380482}",2.731161,125.380482,Sulawesi Utara,alam,25000.0,4.4,1,1,1,1,0,1,0.8333,edukasi|fotografi|hiking|rekreasi_keluarga
1231,Air Terjun Ratahan Telu Minahasa,"Air Terjun Ratahan Telu Minahasa di Bolaang Mongondow Kotamobagu, Sulawesi Utara. Wisata alam edukatif berbalut udara segar hutan tropis, aliran sungai yang jernih, serta air terjun bertingkat yang menyejukkan. Pilihan utama untuk riset keanekaragaman hayati dan ekowisata ramah lingkungan.",Cagar Alam,Air Terjun,Bolaang Mongondow Kotamobagu,30000,4.4,180.0,"{'lat': 0.71623, 'lng': 124.309423}",0.71623,124.309423,Sulawesi Utara,alam,30000.0,4.4,1,1,1,1,1,1,1.0,alam|edukasi|fotografi|hiking|rekreasi_keluarga
1232,Air Terjun Kima Atas Manado,"Air Terjun Kima Atas Manado di Kota Bitung, Sulawesi Utara. Objek wisata alam dengan formasi tebing batuan alami, gua karst purba, serta telaga yang jernih dan tenang. Suasana alam yang tenang memberikan kesegaran pikiran bagi pengunjung yang mencintai ketenangan alam.",Cagar Alam,Air Terjun,Kota Bitung,25000,4.9,150.0,"{'lat': 1.425092, 'lng': 125.146679}",1.425092,125.146679,Sulawesi Utara,alam,25000.0,4.9,1,1,1,0,1,1,0.8333,alam|edukasi|fotografi|hiking|rekreasi_keluarga
1233,Waruga Airmadidi Makam Kuno Megalitikum Leluhur Minahasa,"Waruga Airmadidi Makam Kuno Megalitikum Leluhur Minahasa di Kepulauan Sangihe Tahuna, Sulawesi Utara. Situs cagar budaya bersejarah yang sarat dengan nilai tradisi leluhur, arsitektur arca dan bangunan tradisional yang otentik. Dilengkapi pemandu wisata budaya, museum informasi sejarah, dan pertunjukan seni berkala.",Budaya,Situs Sejarah,Kepulauan Sangihe Tahuna,25000,4.2,60.0,"{'lat': 3.581265, 'lng': 125.523247}",3.581265,125.523247,Sulawesi Utara,budaya,25000.0,4.2,1,1,0,0,0,1,0.5,budaya|edukasi|fotografi|sejarah
1234,Monumen Yesus Memberkati Manado Tertinggi Ke-4 Dunia,"Monumen Yesus Memberkati Manado Tertinggi Ke-4 Dunia di Minahasa Utara Airmadidi, Sulawesi Utara. Destinasi wisata sejarah dan kearifan lokal yang memperlihatkan warisan peradaban masa lampau melalui koleksi artefak berharga. Tempat ideal untuk belajar mengenai perjuangan bangsa dan filosofi adat masyarakat.",Budaya,Situs Sejarah,Minahasa Utara Airmadidi,20000,4.3,90.0,"{'lat': 1.382538, 'lng': 124.974358}",1.382538,124.974358,Sulawesi Utara,budaya,20000.0,4.3,1,1,1,1,1,1,1.0,budaya|edukasi|fotografi|sejarah
1235,Museum Negeri Provinsi Sulawesi Utara,"Museum Negeri Provinsi Sulawesi Utara di Kepulauan Sitaro Ondong, Sulawesi Utara. Situs cagar budaya bersejarah yang sarat dengan nilai tradisi leluhur, arsitektur arca dan bangunan tradisional yang otentik. Dilengkapi pemandu wisata budaya, museum informasi sejarah, dan pertunjukan seni berkala.",Budaya,Museum,Kepulauan Sitaro Ondong,5000,4.8,90.0,"{'lat': 2.70203, 'lng': 125.374422}",2.70203,125.374422,Sulawesi Utara,budaya,5000.0,4.8,1,1,1,0,0,1,0.6667,budaya|edukasi|fotografi|sejarah
1236,Kampung Cina Ban Hin Kiong Manado,"Kampung Cina Ban Hin Kiong Manado di Kepulauan Sangihe Tahuna, Sulawesi Utara. Destinasi wisata sejarah dan kearifan lokal yang memperlihatkan warisan peradaban masa lampau melalui koleksi artefak berharga. Tempat ideal untuk belajar mengenai perjuangan bangsa dan filosofi adat masyarakat.",Budaya,Desa Adat,Kepulauan Sangihe Tahuna,20000,4.3,90.0,"{'lat': 3.62505, 'lng': 125.477011}",3.62505,125.477011,Sulawesi Utara,budaya,20000.0,4.3,1,1,0,0,0,1,0.5,budaya|edukasi|fotografi|sejarah
1237,Benteng Moraya Tondano Perang Minahasa,"Benteng Moraya Tondano Perang Minahasa di Minahasa Tondano, Sulawesi Utara. Destinasi wisata sejarah dan kearifan lokal yang memperlihatkan warisan peradaban masa lampau melalui koleksi artefak berharga. Tempat ideal untuk belajar mengenai perjuangan bangsa dan filosofi adat masyarakat.",Budaya,Benteng,Minahasa Tondano,5000,4.8,60.0,"{'lat': 1.311217, 'lng': 124.902315}",1.311217,124.902315,Sulawesi Utara,budaya,5000.0,4.8,1,1,1,1,0,1,0.8333,budaya|edukasi|fotografi|sejarah
1238,Desa Wisata Bunga Tomohon,"Desa Wisata Bunga Tomohon di Kota Manado, Sulawesi Utara. Kompleks bangunan bersejarah dan desa adat yang mempertahankan adat istiadat turun-temurun dengan ramah. Wisatawan dapat menyaksikan kerajinan tangan tradisional dan berinteraksi langsung dengan warga setempat.",Budaya,Desa Adat,Kota Manado,20000,4.6,90.0,"{'lat': 1.451719, 'lng': 124.803935}",1.451719,124.803935,Sulawesi Utara,budaya,20000.0,4.6,1,1,0,0,0,1,0.5,budaya|edukasi|fotografi|sejarah
1239,Desa Adat Pulisan Likupang,"Desa Adat Pulisan Likupang di Minahasa Tondano, Sulawesi Utara. Situs cagar budaya bersejarah yang sarat dengan nilai tradisi leluhur, arsitektur arca dan bangunan tradisional yang otentik. Dilengkapi pemandu wisata budaya, museum informasi sejarah, dan pertunjukan seni berkala.",Budaya,Desa Adat,Minahasa Tondano,20000,4.8,120.0,"{'lat': 1.266537, 'lng': 124.946602}",1.266537,124.946602,Sulawesi Utara,budaya,20000.0,4.8,1,1,1,0,1,1,0.8333,budaya|edukasi|fotografi|sejarah
1240,CitraLand Waterpark Manado,"CitraLand Waterpark Manado di Kepulauan Sangihe Tahuna, Sulawesi Utara. Taman rekreasi modern keluarga yang menghadirkan beragam wahana permainan seru, atraksi air, serta pertunjukan tematik interaktif. Memiliki fasilitas lengkap seperti food court, musala yang nyaman, toilet bersih, dan area parkir luas.",Taman Hiburan,Waterpark,Kepulauan Sangihe Tahuna,75000,4.6,150.0,"{'lat': 3.584095, 'lng': 125.532131}",3.584095,125.532131,Sulawesi Utara,hiburan,75000.0,4.6,1,1,1,1,1,1,1.0,edukasi|fotografi|rekreasi_keluarga
1241,Taman Kesatuan Bangsa (TKB) Manado,"Taman Kesatuan Bangsa (TKB) Manado di Minahasa Selatan Amurang, Sulawesi Utara. Destinasi hiburan terpadu dengan spot swafoto kekinian yang estetik, wahana edukasi anak, dan ruang terbuka hijau yang ramah keluarga. Menjadi tempat favorit untuk berekreasi bersama anak-anak di akhir pekan.",Taman Hiburan,Taman Rekreasi,Minahasa Selatan Amurang,100000,4.4,240.0,"{'lat': 1.171242, 'lng': 124.560228}",1.171242,124.560228,Sulawesi Utara,hiburan,100000.0,4.4,1,1,1,1,1,1,1.0,edukasi|fotografi|rekreasi_keluarga
1242,Tuur Ma'asering Tomohon Hutan Aren Nira,"Tuur Ma'asering Tomohon Hutan Aren Nira di Kota Tomohon, Sulawesi Utara. Kawasan rekreasi bertema dengan wahana pemacu adrenalin, kolam renang bergelombang, serta taman bermain anak yang aman. Dilengkapi staf pengawas keselamatan dan berbagai tenant kuliner lezat.",Taman Hiburan,Taman Rekreasi,Kota Tomohon,35000,4.5,120.0,"{'lat': 1.358008, 'lng': 124.845625}",1.358008,124.845625,Sulawesi Utara,hiburan,35000.0,4.5,1,1,1,1,1,1,1.0,edukasi|fotografi|rekreasi_keluarga
1243,Manado Skyline Tetempangan,"Manado Skyline Tetempangan di Kepulauan Sitaro Ondong, Sulawesi Utara. Taman rekreasi modern keluarga yang menghadirkan beragam wahana permainan seru, atraksi air, serta pertunjukan tematik interaktif. Memiliki fasilitas lengkap seperti food court, musala yang nyaman, toilet bersih, dan area parkir luas.",Taman Hiburan,Taman Rekreasi,Kepulauan Sitaro Ondong,75000,4.7,120.0,"{'lat': 2.746737, 'lng': 125.409321}",2.746737,125.409321,Sulawesi Utara,hiburan,75000.0,4.7,1,1,1,1,1,1,1.0,edukasi|fotografi|rekreasi_keluarga
1244,Pasar Beriman Tomohon Pasar Tradisional Ikonik,"Pasar Beriman Tomohon Pasar Tradisional Ikonik di Kepulauan Sangihe Tahuna, Sulawesi Utara. Pusat perbelanjaan dan pasar tradisional khas daerah yang menjual aneka kerajinan tangan, kain tenun atau batik, serta camilan oleh-oleh lokal. Tempat bertemunya tawar-menawar yang hangat dengan harga terjangkau.",Pusat Perbelanjaan,Pasar Tradisional,Kepulauan Sangihe Tahuna,0,4.9,90.0,"{'lat': 3.64842, 'lng': 125.534706}",3.64842,125.534706,Sulawesi Utara,belanja,0.0,4.9,1,1,1,1,1,1,1.0,belanja|budaya|kuliner
1245,Sentra Klappertaart Christine Manado,"Sentra Klappertaart Christine Manado di Kepulauan Talaud Melonguane, Sulawesi Utara. Kawasan pertokoan dan pasar seni yang menyajikan ragam cinderamata unik karya perajin lokal dari berbagai penjuru daerah. Selalu ramai dikunjungi wisatawan yang ingin membawa kenang-kenangan autentik.",Pusat Perbelanjaan,Sentra Kerajinan,Kepulauan Talaud Melonguane,0,4.9,60.0,"{'lat': 3.981024, 'lng': 126.717783}",3.981024,126.717783,Sulawesi Utara,belanja,0.0,4.9,1,1,1,1,1,1,1.0,belanja|budaya|kuliner
1246,Manado Town Square (Mantos),"Manado Town Square (Mantos) di Kepulauan Sitaro Ondong, Sulawesi Utara. Kawasan pertokoan dan pasar seni yang menyajikan ragam cinderamata unik karya perajin lokal dari berbagai penjuru daerah. Selalu ramai dikunjungi wisatawan yang ingin membawa kenang-kenangan autentik.",Pusat Perbelanjaan,Pasar Tradisional,Kepulauan Sitaro Ondong,0,4.5,90.0,"{'lat': 2.701096, 'lng': 125.37749}",2.701096,125.37749,Sulawesi Utara,belanja,0.0,4.5,1,1,1,1,1,0,0.8333,belanja|budaya|kuliner
1247,Sentra Ikan Cakalang Fufu Flamboyan,"Sentra Ikan Cakalang Fufu Flamboyan di Bolaang Mongondow Kotamobagu, Sulawesi Utara. Kawasan pertokoan dan pasar seni yang menyajikan ragam cinderamata unik karya perajin lokal dari berbagai penjuru daerah. Selalu ramai dikunjungi wisatawan yang ingin membawa kenang-kenangan autentik.",Pusat Perbelanjaan,Sentra Kerajinan,Bolaang Mongondow Kotamobagu,0,4.5,120.0,"{'lat': 0.723505, 'lng': 124.304547}",0.723505,124.304547,Sulawesi Utara,belanja,0.0,4.5,1,1,1,1,1,0,0.8333,belanja|budaya|kuliner
1248,Klenteng Ban Hin Kiong Tertua di Manado 1686,"Klenteng Ban Hin Kiong Tertua di Manado 1686 di Kota Bitung, Sulawesi Utara. Bangunan keagamaan bersejarah dengan arsitektur megah dan penuh nilai filosofis spiritual tinggi. Menyediakan sarana ibadah yang bersih dan khusyuk, pelataran yang teduh dan asri, serta toilet wudhu yang terawat.",Tempat Ibadah,Vihara,Kota Bitung,0,4.6,90.0,"{'lat': 1.429104, 'lng': 125.164156}",1.429104,125.164156,Sulawesi Utara,religi,0.0,4.6,1,1,1,1,1,1,1.0,budaya|religi|sejarah
1249,Gereja Sentrum Manado Peninggalan Belanda,"Gereja Sentrum Manado Peninggalan Belanda di Minahasa Tondano, Sulawesi Utara. Ikon wisata religi yang terkenal dengan kedamaian suasananya, toleransi antarwarga, serta kubah atau menara yang menjulang indah. Menjadi tempat ziarah sekaligus edukasi spiritual bagi masyarakat luas.",Tempat Ibadah,Gereja,Minahasa Tondano,0,4.7,90.0,"{'lat': 1.29648, 'lng': 124.909531}",1.29648,124.909531,Sulawesi Utara,religi,0.0,4.7,1,1,1,1,1,1,1.0,budaya|religi|sejarah
1250,Masjid Raya Ahmad Yani Manado,"Masjid Raya Ahmad Yani Manado di Kota Tomohon, Sulawesi Utara. Bangunan keagamaan bersejarah dengan arsitektur megah dan penuh nilai filosofis spiritual tinggi. Menyediakan sarana ibadah yang bersih dan khusyuk, pelataran yang teduh dan asri, serta toilet wudhu yang terawat.",Tempat Ibadah,Masjid,Kota Tomohon,0,4.8,60.0,"{'lat': 1.29407, 'lng': 124.814065}",1.29407,124.814065,Sulawesi Utara,religi,0.0,4.8,1,1,1,1,1,0,0.8333,budaya|religi|sejarah
1251,Pantai Botubarani Hiu Paus (Whale Shark) Jinak,"Pantai Botubarani Hiu Paus (Whale Shark) Jinak di Pohuwato Marisa, Gorontalo. Kawasan pantai dengan keindahan garis pantai memanjang, batuan karang yang menawan, serta angin sepoi-sepoi yang menyegarkan. Sangat cocok untuk aktivitas rekreasi, jalan santai di tepi air, dan piknik sore hari.",Pantai,Pantai,Pohuwato Marisa,30000,4.8,180.0,"{'lat': 0.44487, 'lng': 121.916102}",0.44487,121.916102,Gorontalo,bahari,30000.0,4.8,1,1,1,1,1,1,1.0,berenang|fotografi|kuliner|pantai|rekreasi_keluarga
1252,Pantai Olele Taman Laut Koral Salvador Dali,"Pantai Olele Taman Laut Koral Salvador Dali di Gorontalo Limboto, Gorontalo. Kawasan pantai dengan keindahan garis pantai memanjang, batuan karang yang menawan, serta angin sepoi-sepoi yang menyegarkan. Sangat cocok untuk aktivitas rekreasi, jalan santai di tepi air, dan piknik sore hari.",Pantai,Pantai,Gorontalo Limboto,5000,4.3,120.0,"{'lat': 0.66186, 'lng': 123.022929}",0.66186,123.022929,Gorontalo,bahari,5000.0,4.3,1,1,1,1,1,0,0.8333,berenang|fotografi|kuliner|pantai|rekreasi_keluarga
1253,Pantai Bolihutuo Boalemo Pantai Pasir Putih,"Pantai Bolihutuo Boalemo Pantai Pasir Putih di Gorontalo Utara Kwandang, Gorontalo. Kawasan pantai dengan keindahan garis pantai memanjang, batuan karang yang menawan, serta angin sepoi-sepoi yang menyegarkan. Sangat cocok untuk aktivitas rekreasi, jalan santai di tepi air, dan piknik sore hari.",Pantai,Pantai,Gorontalo Utara Kwandang,25000,4.3,240.0,"{'lat': 0.853295, 'lng': 122.909906}",0.853295,122.909906,Gorontalo,bahari,25000.0,4.3,1,1,1,1,0,0,0.6667,berenang|fotografi|kuliner|pantai|rekreasi_keluarga
1254,Pantai Kurenai Bone Bolango,"Pantai Kurenai Bone Bolango di Kota Gorontalo, Gorontalo. Destinasi wisata pesisir dengan hamparan pasir bersih, deburan ombak yang menenangkan, serta panorama matahari terbenam yang memukau. Dilengkapi fasilitas warung makan seafood lokal, area parkir, toilet umum, dan persewaan payung pantai.",Pantai,Pantai,Kota Gorontalo,10000,4.9,240.0,"{'lat': 0.526692, 'lng': 123.050451}",0.526692,123.050451,Gorontalo,bahari,10000.0,4.9,1,1,1,1,0,0,0.6667,berenang|fotografi|kuliner|pantai|rekreasi_keluarga
1255,Pantai Monano Gorontalo Utara,"Pantai Monano Gorontalo Utara di Gorontalo Utara Kwandang, Gorontalo. Destinasi wisata pesisir dengan hamparan pasir bersih, deburan ombak yang menenangkan, serta panorama matahari terbenam yang memukau. Dilengkapi fasilitas warung makan seafood lokal, area parkir, toilet umum, dan persewaan payung pantai.",Pantai,Pantai,Gorontalo Utara Kwandang,20000,4.8,240.0,"{'lat': 0.803255, 'lng': 122.937409}",0.803255,122.937409,Gorontalo,bahari,20000.0,4.8,1,1,1,1,1,1,1.0,berenang|fotografi|kuliner|pantai|rekreasi_keluarga
1256,Pantai Minanga Atinggola,"Pantai Minanga Atinggola di Boalemo Tilamuta, Gorontalo. Pantai eksotis dengan air laut jernih dan deretan pohon kelapa yang rindang. Menjadi lokasi favorit wisatawan untuk bersantai, bermain air bersama keluarga, berswafoto, serta menikmati kelapa muda segar di tepi pantai.",Pantai,Pantai,Boalemo Tilamuta,30000,4.6,180.0,"{'lat': 0.650605, 'lng': 122.314709}",0.650605,122.314709,Gorontalo,bahari,30000.0,4.6,1,1,1,1,1,0,0.8333,berenang|fotografi|kuliner|pantai|rekreasi_keluarga
1257,Pantai Biluhu Timur Tebing Karang,"Pantai Biluhu Timur Tebing Karang di Gorontalo Utara Kwandang, Gorontalo. Kawasan pantai dengan keindahan garis pantai memanjang, batuan karang yang menawan, serta angin sepoi-sepoi yang menyegarkan. Sangat cocok untuk aktivitas rekreasi, jalan santai di tepi air, dan piknik sore hari.",Pantai,Pantai,Gorontalo Utara Kwandang,5000,4.4,180.0,"{'lat': 0.866025, 'lng': 122.862614}",0.866025,122.862614,Gorontalo,bahari,5000.0,4.4,1,1,1,1,1,1,1.0,bahari|berenang|fotografi|kuliner|pantai|rekreasi_keluarga|snorkeling
1258,Pantai Dulamayo Teluk Tomini,"Pantai Dulamayo Teluk Tomini di Boalemo Tilamuta, Gorontalo. Destinasi wisata pesisir dengan hamparan pasir bersih, deburan ombak yang menenangkan, serta panorama matahari terbenam yang memukau. Dilengkapi fasilitas warung makan seafood lokal, area parkir, toilet umum, dan persewaan payung pantai.",Pantai,Pantai,Boalemo Tilamuta,20000,4.5,240.0,"{'lat': 0.636807, 'lng': 122.370033}",0.636807,122.370033,Gorontalo,bahari,20000.0,4.5,1,1,1,1,1,0,0.8333,berenang|fotografi|kuliner|pantai|rekreasi_keluarga
1259,Pantai Libuo Pohuwato,"Pantai Libuo Pohuwato di Boalemo Tilamuta, Gorontalo. Kawasan pantai dengan keindahan garis pantai memanjang, batuan karang yang menawan, serta angin sepoi-sepoi yang menyegarkan. Sangat cocok untuk aktivitas rekreasi, jalan santai di tepi air, dan piknik sore hari.",Pantai,Pantai,Boalemo Tilamuta,20000,4.4,240.0,"{'lat': 0.614126, 'lng': 122.367855}",0.614126,122.367855,Gorontalo,bahari,20000.0,4.4,1,1,1,1,0,1,0.8333,berenang|fotografi|kuliner|pantai|rekreasi_keluarga
1260,Pantai Pohe Kota Gorontalo Tangga 2000,"Pantai Pohe Kota Gorontalo Tangga 2000 di Boalemo Tilamuta, Gorontalo. Kawasan pantai dengan keindahan garis pantai memanjang, batuan karang yang menawan, serta angin sepoi-sepoi yang menyegarkan. Sangat cocok untuk aktivitas rekreasi, jalan santai di tepi air, dan piknik sore hari.",Pantai,Pantai,Boalemo Tilamuta,5000,4.4,120.0,"{'lat': 0.651382, 'lng': 122.328292}",0.651382,122.328292,Gorontalo,bahari,5000.0,4.4,1,1,1,1,0,0,0.6667,berenang|fotografi|kuliner|pantai|rekreasi_keluarga
1261,Pantai Lahilote Legenda Telapak Kaki,"Pantai Lahilote Legenda Telapak Kaki di Pohuwato Marisa, Gorontalo. Destinasi wisata pesisir dengan hamparan pasir bersih, deburan ombak yang menenangkan, serta panorama matahari terbenam yang memukau. Dilengkapi fasilitas warung makan seafood lokal, area parkir, toilet umum, dan persewaan payung pantai.",Pantai,Pantai,Pohuwato Marisa,25000,4.4,180.0,"{'lat': 0.470974, 'lng': 121.966633}",0.470974,121.966633,Gorontalo,bahari,25000.0,4.4,1,1,1,1,0,0,0.6667,berenang|fotografi|kuliner|pantai|rekreasi_keluarga
1262,Pantai Pasir Putih Leato,"Pantai Pasir Putih Leato di Boalemo Tilamuta, Gorontalo. Kawasan pantai dengan keindahan garis pantai memanjang, batuan karang yang menawan, serta angin sepoi-sepoi yang menyegarkan. Sangat cocok untuk aktivitas rekreasi, jalan santai di tepi air, dan piknik sore hari.",Pantai,Pantai,Boalemo Tilamuta,10000,4.2,120.0,"{'lat': 0.610923, 'lng': 122.354903}",0.610923,122.354903,Gorontalo,bahari,10000.0,4.2,1,1,1,1,0,1,0.8333,berenang|fotografi|kuliner|pantai|rekreasi_keluarga
1263,Pantai Dulupi Boalemo,"Pantai Dulupi Boalemo di Gorontalo Utara Kwandang, Gorontalo. Destinasi wisata pesisir dengan hamparan pasir bersih, deburan ombak yang menenangkan, serta panorama matahari terbenam yang memukau. Dilengkapi fasilitas warung makan seafood lokal, area parkir, toilet umum, dan persewaan payung pantai.",Pantai,Pantai,Gorontalo Utara Kwandang,30000,4.7,150.0,"{'lat': 0.803744, 'lng': 122.896297}",0.803744,122.896297,Gorontalo,bahari,30000.0,4.7,1,1,1,1,1,0,0.8333,berenang|fotografi|kuliner|pantai|rekreasi_keluarga
1264,Pantai Molingkapoto Kwandang,"Pantai Molingkapoto Kwandang di Boalemo Tilamuta, Gorontalo. Kawasan pantai dengan keindahan garis pantai memanjang, batuan karang yang menawan, serta angin sepoi-sepoi yang menyegarkan. Sangat cocok untuk aktivitas rekreasi, jalan santai di tepi air, dan piknik sore hari.",Pantai,Pantai,Boalemo Tilamuta,30000,4.8,180.0,"{'lat': 0.625506, 'lng': 122.360537}",0.625506,122.360537,Gorontalo,bahari,30000.0,4.8,1,1,1,1,0,0,0.6667,berenang|fotografi|kuliner|pantai|rekreasi_keluarga
1265,Puncak Dulamayo Negeri di Atas Awan Gorontalo,"Puncak Dulamayo Negeri di Atas Awan Gorontalo di Gorontalo Utara Kwandang, Gorontalo. Puncak bukit dan pegunungan dengan pemandangan lanskap hijau membentang sejauh mata memandang. Menawarkan pengalaman menikmati golden sunrise, udara bersih bebas polusi, dan spot foto alam yang memesona.",Gunung,Perbukitan,Gorontalo Utara Kwandang,35000,4.3,180.0,"{'lat': 0.804802, 'lng': 122.861851}",0.804802,122.861851,Gorontalo,alam,35000.0,4.3,1,1,1,1,0,0,0.6667,camping|fotografi|gunung|hiking
1266,Puncak Hutan Pinus Motilango,"Puncak Hutan Pinus Motilango di Boalemo Tilamuta, Gorontalo. Destinasi wisata pegunungan berhawa sejuk dengan jalur pendakian yang menantang dan panorama lautan awan yang spektakuler saat fajar. Tersedia pos peristirahatan, warung logistik pendaki, area perkemahan, dan pemandu lokal.",Gunung,Perbukitan,Boalemo Tilamuta,10000,4.9,300.0,"{'lat': 0.63096, 'lng': 122.30775}",0.63096,122.30775,Gorontalo,alam,10000.0,4.9,1,1,1,0,0,0,0.5,camping|fotografi|gunung|hiking
1267,Bukit Arang Lonuo Bone Bolango Paralayang,"Bukit Arang Lonuo Bone Bolango Paralayang di Bone Bolango Suwawa, Gorontalo. Puncak bukit dan pegunungan dengan pemandangan lanskap hijau membentang sejauh mata memandang. Menawarkan pengalaman menikmati golden sunrise, udara bersih bebas polusi, dan spot foto alam yang memesona.",Gunung,Perbukitan,Bone Bolango Suwawa,10000,4.5,360.0,"{'lat': 0.499186, 'lng': 123.220037}",0.499186,123.220037,Gorontalo,alam,10000.0,4.5,1,1,1,1,1,0,0.8333,camping|fotografi|gunung|hiking
1268,Gunung Tabongo Gorontalo,"Gunung Tabongo Gorontalo di Gorontalo Utara Kwandang, Gorontalo. Puncak bukit dan pegunungan dengan pemandangan lanskap hijau membentang sejauh mata memandang. Menawarkan pengalaman menikmati golden sunrise, udara bersih bebas polusi, dan spot foto alam yang memesona.",Gunung,Gunung,Gorontalo Utara Kwandang,15000,4.2,180.0,"{'lat': 0.806188, 'lng': 122.8839}",0.806188,122.8839,Gorontalo,alam,15000.0,4.2,1,1,1,1,0,1,0.8333,camping|fotografi|gunung|hiking
1269,Bukit Layang Kota Gorontalo Panorama,"Bukit Layang Kota Gorontalo Panorama di Pohuwato Marisa, Gorontalo. Destinasi wisata pegunungan berhawa sejuk dengan jalur pendakian yang menantang dan panorama lautan awan yang spektakuler saat fajar. Tersedia pos peristirahatan, warung logistik pendaki, area perkemahan, dan pemandu lokal.",Gunung,Perbukitan,Pohuwato Marisa,50000,4.6,180.0,"{'lat': 0.453719, 'lng': 121.905971}",0.453719,121.905971,Gorontalo,alam,50000.0,4.6,1,1,1,1,0,1,0.8333,camping|fotografi|gunung|hiking
1270,Puncak Gunung Boliyohuto,"Puncak Gunung Boliyohuto di Boalemo Tilamuta, Gorontalo. Destinasi wisata pegunungan berhawa sejuk dengan jalur pendakian yang menantang dan panorama lautan awan yang spektakuler saat fajar. Tersedia pos peristirahatan, warung logistik pendaki, area perkemahan, dan pemandu lokal.",Gunung,Gunung,Boalemo Tilamuta,20000,4.3,240.0,"{'lat': 0.670877, 'lng': 122.310605}",0.670877,122.310605,Gorontalo,alam,20000.0,4.3,1,1,1,0,0,1,0.6667,camping|fotografi|gunung|hiking
1271,Bukit Proklamasi Gorontalo,"Bukit Proklamasi Gorontalo di Gorontalo Limboto, Gorontalo. Puncak bukit dan pegunungan dengan pemandangan lanskap hijau membentang sejauh mata memandang. Menawarkan pengalaman menikmati golden sunrise, udara bersih bebas polusi, dan spot foto alam yang memesona.",Gunung,Perbukitan,Gorontalo Limboto,25000,4.5,180.0,"{'lat': 0.668488, 'lng': 122.964707}",0.668488,122.964707,Gorontalo,alam,25000.0,4.5,1,1,1,1,1,0,0.8333,camping|fotografi|gunung|hiking
1272,Puncak Merah Putih Kwandang,"Puncak Merah Putih Kwandang di Pohuwato Marisa, Gorontalo. Destinasi wisata pegunungan berhawa sejuk dengan jalur pendakian yang menantang dan panorama lautan awan yang spektakuler saat fajar. Tersedia pos peristirahatan, warung logistik pendaki, area perkemahan, dan pemandu lokal.",Gunung,Perbukitan,Pohuwato Marisa,25000,4.5,300.0,"{'lat': 0.474721, 'lng': 121.928185}",0.474721,121.928185,Gorontalo,alam,25000.0,4.5,1,1,1,0,1,1,0.8333,camping|fotografi|gunung|hiking
1273,Bukit Tihengo Boalemo,"Bukit Tihengo Boalemo di Boalemo Tilamuta, Gorontalo. Destinasi wisata pegunungan berhawa sejuk dengan jalur pendakian yang menantang dan panorama lautan awan yang spektakuler saat fajar. Tersedia pos peristirahatan, warung logistik pendaki, area perkemahan, dan pemandu lokal.",Gunung,Perbukitan,Boalemo Tilamuta,35000,4.6,240.0,"{'lat': 0.68695, 'lng': 122.301532}",0.68695,122.301532,Gorontalo,alam,35000.0,4.6,1,1,1,1,0,1,0.8333,camping|fotografi|gunung|hiking
1274,Puncak Karang Ilomata,"Puncak Karang Ilomata di Kota Gorontalo, Gorontalo. Puncak bukit dan pegunungan dengan pemandangan lanskap hijau membentang sejauh mata memandang. Menawarkan pengalaman menikmati golden sunrise, udara bersih bebas polusi, dan spot foto alam yang memesona.",Gunung,Perbukitan,Kota Gorontalo,20000,4.3,360.0,"{'lat': 0.537399, 'lng': 123.076566}",0.537399,123.076566,Gorontalo,alam,20000.0,4.3,1,1,1,0,0,1,0.6667,bahari|camping|fotografi|gunung|hiking|snorkeling
1275,Pulau Saronde Gorontalo Utara Maladewa Sulawesi,"Pulau Saronde Gorontalo Utara Maladewa Sulawesi di Boalemo Tilamuta, Gorontalo. Wisata alam edukatif berbalut udara segar hutan tropis, aliran sungai yang jernih, serta air terjun bertingkat yang menyejukkan. Pilihan utama untuk riset keanekaragaman hayati dan ekowisata ramah lingkungan.",Cagar Alam,Taman Nasional,Boalemo Tilamuta,10000,4.6,180.0,"{'lat': 0.675547, 'lng': 122.329252}",0.675547,122.329252,Gorontalo,alam,10000.0,4.6,1,1,1,1,1,1,1.0,edukasi|fotografi|hiking|rekreasi_keluarga
1276,Danau Limboto Danau Alami Gorontalo,"Danau Limboto Danau Alami Gorontalo di Kota Gorontalo, Gorontalo. Kawasan konservasi alam yang asri dan terlindungi dengan keanekaragaman flora dan fauna tropis endemik. Dilengkapi jalur trekking kayu yang tertata rapi, gazebo istirahat, pusat informasi lingkungan, dan toilet pengunjung.",Cagar Alam,Danau,Kota Gorontalo,25000,4.2,90.0,"{'lat': 0.57953, 'lng': 123.05924}",0.57953,123.05924,Gorontalo,alam,25000.0,4.2,1,1,1,1,0,1,0.8333,alam|edukasi|fotografi|hiking|rekreasi_keluarga
1277,Taman Laut Olele Karang Karpet,"Taman Laut Olele Karang Karpet di Gorontalo Limboto, Gorontalo. Kawasan konservasi alam yang asri dan terlindungi dengan keanekaragaman flora dan fauna tropis endemik. Dilengkapi jalur trekking kayu yang tertata rapi, gazebo istirahat, pusat informasi lingkungan, dan toilet pengunjung.",Cagar Alam,Taman Nasional,Gorontalo Limboto,15000,4.7,150.0,"{'lat': 0.608173, 'lng': 122.962925}",0.608173,122.962925,Gorontalo,alam,15000.0,4.7,1,1,1,1,0,1,0.8333,bahari|edukasi|fotografi|hiking|rekreasi_keluarga|snorkeling
1278,Air Terjun Hiyaliyo Da'a Gorontalo Utara,"Air Terjun Hiyaliyo Da'a Gorontalo Utara di Bone Bolango Suwawa, Gorontalo. Objek wisata alam dengan formasi tebing batuan alami, gua karst purba, serta telaga yang jernih dan tenang. Suasana alam yang tenang memberikan kesegaran pikiran bagi pengunjung yang mencintai ketenangan alam.",Cagar Alam,Air Terjun,Bone Bolango Suwawa,20000,4.5,180.0,"{'lat': 0.518787, 'lng': 123.144172}",0.518787,123.144172,Gorontalo,alam,20000.0,4.5,1,1,1,1,1,1,1.0,alam|edukasi|fotografi|hiking|rekreasi_keluarga
1279,Pemandian Air Panas Lombongo Suwawa,"Pemandian Air Panas Lombongo Suwawa di Gorontalo Utara Kwandang, Gorontalo. Kawasan konservasi alam yang asri dan terlindungi dengan keanekaragaman flora dan fauna tropis endemik. Dilengkapi jalur trekking kayu yang tertata rapi, gazebo istirahat, pusat informasi lingkungan, dan toilet pengunjung.",Cagar Alam,Taman Nasional,Gorontalo Utara Kwandang,30000,4.5,120.0,"{'lat': 0.838231, 'lng': 122.890847}",0.838231,122.890847,Gorontalo,alam,30000.0,4.5,1,1,1,1,1,1,1.0,edukasi|fotografi|hiking|rekreasi_keluarga
1280,Air Terjun Dulamayo Asri,"Air Terjun Dulamayo Asri di Boalemo Tilamuta, Gorontalo. Wisata alam edukatif berbalut udara segar hutan tropis, aliran sungai yang jernih, serta air terjun bertingkat yang menyejukkan. Pilihan utama untuk riset keanekaragaman hayati dan ekowisata ramah lingkungan.",Cagar Alam,Air Terjun,Boalemo Tilamuta,10000,4.8,180.0,"{'lat': 0.685702, 'lng': 122.357894}",0.685702,122.357894,Gorontalo,alam,10000.0,4.8,1,1,1,1,0,1,0.8333,alam|edukasi|fotografi|hiking|rekreasi_keluarga
1281,Desa Terapung Torosiaje Suku Bajo Pohuwato,"Desa Terapung Torosiaje Suku Bajo Pohuwato di Kota Gorontalo, Gorontalo. Kawasan konservasi alam yang asri dan terlindungi dengan keanekaragaman flora dan fauna tropis endemik. Dilengkapi jalur trekking kayu yang tertata rapi, gazebo istirahat, pusat informasi lingkungan, dan toilet pengunjung.",Cagar Alam,Taman Nasional,Kota Gorontalo,10000,4.6,180.0,"{'lat': 0.507473, 'lng': 123.056315}",0.507473,123.056315,Gorontalo,alam,10000.0,4.6,1,1,1,0,0,1,0.6667,edukasi|fotografi|hiking|rekreasi_keluarga
1282,Pulau Cinta Boalemo Resort Hati Mengapung,"Pulau Cinta Boalemo Resort Hati Mengapung di Kota Gorontalo, Gorontalo. Kawasan konservasi alam yang asri dan terlindungi dengan keanekaragaman flora dan fauna tropis endemik. Dilengkapi jalur trekking kayu yang tertata rapi, gazebo istirahat, pusat informasi lingkungan, dan toilet pengunjung.",Cagar Alam,Taman Nasional,Kota Gorontalo,30000,4.2,150.0,"{'lat': 0.52965, 'lng': 123.047429}",0.52965,123.047429,Gorontalo,alam,30000.0,4.2,1,1,1,1,1,1,1.0,edukasi|fotografi|hiking|rekreasi_keluarga
1283,Benteng Otanaha Peninggalan Abad ke-16 Kerajaan Ilahudu,"Benteng Otanaha Peninggalan Abad ke-16 Kerajaan Ilahudu di Bone Bolango Suwawa, Gorontalo. Situs cagar budaya bersejarah yang sarat dengan nilai tradisi leluhur, arsitektur arca dan bangunan tradisional yang otentik. Dilengkapi pemandu wisata budaya, museum informasi sejarah, dan pertunjukan seni berkala.",Budaya,Benteng,Bone Bolango Suwawa,15000,4.4,90.0,"{'lat': 0.572336, 'lng': 123.216231}",0.572336,123.216231,Gorontalo,budaya,15000.0,4.4,1,1,1,1,0,1,0.8333,budaya|edukasi|fotografi|sejarah
1284,Rumah Adat Dulohupa Gorontalo Arsitektur Tradisional,"Rumah Adat Dulohupa Gorontalo Arsitektur Tradisional di Boalemo Tilamuta, Gorontalo. Destinasi wisata sejarah dan kearifan lokal yang memperlihatkan warisan peradaban masa lampau melalui koleksi artefak berharga. Tempat ideal untuk belajar mengenai perjuangan bangsa dan filosofi adat masyarakat.",Budaya,Situs Sejarah,Boalemo Tilamuta,5000,4.8,120.0,"{'lat': 0.661582, 'lng': 122.298856}",0.661582,122.298856,Gorontalo,budaya,5000.0,4.8,1,1,0,1,0,1,0.6667,budaya|edukasi|fotografi|sejarah
1285,Museum Purbakala Popalo Gorontalo,"Museum Purbakala Popalo Gorontalo di Boalemo Tilamuta, Gorontalo. Destinasi wisata sejarah dan kearifan lokal yang memperlihatkan warisan peradaban masa lampau melalui koleksi artefak berharga. Tempat ideal untuk belajar mengenai perjuangan bangsa dan filosofi adat masyarakat.",Budaya,Museum,Boalemo Tilamuta,25000,4.2,90.0,"{'lat': 0.654516, 'lng': 122.318354}",0.654516,122.318354,Gorontalo,budaya,25000.0,4.2,1,1,1,1,1,1,1.0,budaya|edukasi|fotografi|sejarah
1286,Desa Adat Bongo Desa Religi Bubohu,"Desa Adat Bongo Desa Religi Bubohu di Bone Bolango Suwawa, Gorontalo. Situs cagar budaya bersejarah yang sarat dengan nilai tradisi leluhur, arsitektur arca dan bangunan tradisional yang otentik. Dilengkapi pemandu wisata budaya, museum informasi sejarah, dan pertunjukan seni berkala.",Budaya,Desa Adat,Bone Bolango Suwawa,15000,4.3,60.0,"{'lat': 0.570672, 'lng': 123.153013}",0.570672,123.153013,Gorontalo,budaya,15000.0,4.3,1,1,0,0,0,1,0.5,budaya|edukasi|fotografi|sejarah
1287,Benteng Ulanta Suwawa Bone Bolango,"Benteng Ulanta Suwawa Bone Bolango di Gorontalo Limboto, Gorontalo. Situs cagar budaya bersejarah yang sarat dengan nilai tradisi leluhur, arsitektur arca dan bangunan tradisional yang otentik. Dilengkapi pemandu wisata budaya, museum informasi sejarah, dan pertunjukan seni berkala.",Budaya,Benteng,Gorontalo Limboto,20000,4.5,60.0,"{'lat': 0.619129, 'lng': 122.998308}",0.619129,122.998308,Gorontalo,budaya,20000.0,4.5,1,1,0,1,0,1,0.6667,budaya|edukasi|fotografi|sejarah
1288,Pendaratan Amfibi Soekarno Danau Limboto,"Pendaratan Amfibi Soekarno Danau Limboto di Gorontalo Utara Kwandang, Gorontalo. Situs cagar budaya bersejarah yang sarat dengan nilai tradisi leluhur, arsitektur arca dan bangunan tradisional yang otentik. Dilengkapi pemandu wisata budaya, museum informasi sejarah, dan pertunjukan seni berkala.",Budaya,Situs Sejarah,Gorontalo Utara Kwandang,5000,4.6,60.0,"{'lat': 0.86553, 'lng': 122.939165}",0.86553,122.939165,Gorontalo,budaya,5000.0,4.6,1,1,0,0,0,1,0.5,alam|budaya|edukasi|fotografi|sejarah
1289,Rumah Adat Gobel Tapa,"Rumah Adat Gobel Tapa di Gorontalo Utara Kwandang, Gorontalo. Situs cagar budaya bersejarah yang sarat dengan nilai tradisi leluhur, arsitektur arca dan bangunan tradisional yang otentik. Dilengkapi pemandu wisata budaya, museum informasi sejarah, dan pertunjukan seni berkala.",Budaya,Situs Sejarah,Gorontalo Utara Kwandang,20000,4.6,120.0,"{'lat': 0.848334, 'lng': 122.92333}",0.848334,122.92333,Gorontalo,budaya,20000.0,4.6,1,1,1,1,0,1,0.8333,budaya|edukasi|fotografi|sejarah
1290,Menara Keagungan Limboto Menara Eiffel Gorontalo,"Menara Keagungan Limboto Menara Eiffel Gorontalo di Kota Gorontalo, Gorontalo. Kawasan rekreasi bertema dengan wahana pemacu adrenalin, kolam renang bergelombang, serta taman bermain anak yang aman. Dilengkapi staf pengawas keselamatan dan berbagai tenant kuliner lezat.",Taman Hiburan,Taman Rekreasi,Kota Gorontalo,150000,4.8,240.0,"{'lat': 0.529047, 'lng': 123.02864}",0.529047,123.02864,Gorontalo,hiburan,150000.0,4.8,1,1,1,1,1,1,1.0,edukasi|fotografi|rekreasi_keluarga
1291,Taman Kota Gorontalo Taruna Remaja,"Taman Kota Gorontalo Taruna Remaja di Boalemo Tilamuta, Gorontalo. Destinasi hiburan terpadu dengan spot swafoto kekinian yang estetik, wahana edukasi anak, dan ruang terbuka hijau yang ramah keluarga. Menjadi tempat favorit untuk berekreasi bersama anak-anak di akhir pekan.",Taman Hiburan,Taman Rekreasi,Boalemo Tilamuta,150000,4.9,240.0,"{'lat': 0.61979, 'lng': 122.335507}",0.61979,122.335507,Gorontalo,hiburan,150000.0,4.9,1,1,1,1,1,1,1.0,edukasi|fotografi|rekreasi_keluarga
1292,Pemandian Kolam Potanga,"Pemandian Kolam Potanga di Bone Bolango Suwawa, Gorontalo. Destinasi hiburan terpadu dengan spot swafoto kekinian yang estetik, wahana edukasi anak, dan ruang terbuka hijau yang ramah keluarga. Menjadi tempat favorit untuk berekreasi bersama anak-anak di akhir pekan.",Taman Hiburan,Taman Rekreasi,Bone Bolango Suwawa,50000,4.3,180.0,"{'lat': 0.519053, 'lng': 123.201769}",0.519053,123.201769,Gorontalo,hiburan,50000.0,4.3,1,1,1,1,1,1,1.0,edukasi|fotografi|rekreasi_keluarga
1293,Waterpark Karsa Utama Gorontalo,"Waterpark Karsa Utama Gorontalo di Pohuwato Marisa, Gorontalo. Taman rekreasi modern keluarga yang menghadirkan beragam wahana permainan seru, atraksi air, serta pertunjukan tematik interaktif. Memiliki fasilitas lengkap seperti food court, musala yang nyaman, toilet bersih, dan area parkir luas.",Taman Hiburan,Waterpark,Pohuwato Marisa,50000,4.5,120.0,"{'lat': 0.466911, 'lng': 121.921541}",0.466911,121.921541,Gorontalo,hiburan,50000.0,4.5,1,1,1,1,1,1,1.0,edukasi|fotografi|rekreasi_keluarga
1294,Sentra Kain Tenun Karawo Tradisional Gorontalo,"Sentra Kain Tenun Karawo Tradisional Gorontalo di Pohuwato Marisa, Gorontalo. Pusat perbelanjaan dan pasar tradisional khas daerah yang menjual aneka kerajinan tangan, kain tenun atau batik, serta camilan oleh-oleh lokal. Tempat bertemunya tawar-menawar yang hangat dengan harga terjangkau.",Pusat Perbelanjaan,Sentra Kerajinan,Pohuwato Marisa,0,4.2,120.0,"{'lat': 0.487741, 'lng': 121.898121}",0.487741,121.898121,Gorontalo,belanja,0.0,4.2,1,1,1,1,1,0,0.8333,belanja|budaya|kuliner
1295,Sentra Kue Pia Gorontalo Sinar Terang,"Sentra Kue Pia Gorontalo Sinar Terang di Gorontalo Limboto, Gorontalo. Kawasan pertokoan dan pasar seni yang menyajikan ragam cinderamata unik karya perajin lokal dari berbagai penjuru daerah. Selalu ramai dikunjungi wisatawan yang ingin membawa kenang-kenangan autentik.",Pusat Perbelanjaan,Sentra Kerajinan,Gorontalo Limboto,0,4.7,90.0,"{'lat': 0.632312, 'lng': 122.970536}",0.632312,122.970536,Gorontalo,belanja,0.0,4.7,1,1,1,1,1,0,0.8333,belanja|budaya|kuliner
1296,Pasar Sentral Kota Gorontalo,"Pasar Sentral Kota Gorontalo di Kota Gorontalo, Gorontalo. Sentra kuliner dan suvenir ikonik yang menyediakan aneka buah tangan khas Nusantara berkualitas tinggi. Dilengkapi area parkir kendaraan wisata, gerai anjungan tunai mandiri (ATM), dan mushola.",Pusat Perbelanjaan,Sentra Kerajinan,Kota Gorontalo,0,4.5,90.0,"{'lat': 0.543861, 'lng': 123.08993}",0.543861,123.08993,Gorontalo,belanja,0.0,4.5,1,1,1,1,1,1,1.0,belanja|budaya|kuliner
1297,Sentra Kopi Pinogu Organik Organisasi,"Sentra Kopi Pinogu Organik Organisasi di Pohuwato Marisa, Gorontalo. Sentra kuliner dan suvenir ikonik yang menyediakan aneka buah tangan khas Nusantara berkualitas tinggi. Dilengkapi area parkir kendaraan wisata, gerai anjungan tunai mandiri (ATM), dan mushola.",Pusat Perbelanjaan,Sentra Kerajinan,Pohuwato Marisa,0,4.5,60.0,"{'lat': 0.451077, 'lng': 121.955702}",0.451077,121.955702,Gorontalo,belanja,0.0,4.5,1,1,1,1,1,1,1.0,belanja|budaya|kuliner
1298,Masjid Walima Emas Desa Bubohu Puncak Bukit,"Masjid Walima Emas Desa Bubohu Puncak Bukit di Bone Bolango Suwawa, Gorontalo. Ikon wisata religi yang terkenal dengan kedamaian suasananya, toleransi antarwarga, serta kubah atau menara yang menjulang indah. Menjadi tempat ziarah sekaligus edukasi spiritual bagi masyarakat luas.",Tempat Ibadah,Masjid,Bone Bolango Suwawa,0,4.3,45.0,"{'lat': 0.56942, 'lng': 123.189479}",0.56942,123.189479,Gorontalo,religi,0.0,4.3,1,1,1,1,1,1,1.0,budaya|religi|sejarah
1299,Masjid Agung Baiturrahim Kota Gorontalo,"Masjid Agung Baiturrahim Kota Gorontalo di Pohuwato Marisa, Gorontalo. Bangunan keagamaan bersejarah dengan arsitektur megah dan penuh nilai filosofis spiritual tinggi. Menyediakan sarana ibadah yang bersih dan khusyuk, pelataran yang teduh dan asri, serta toilet wudhu yang terawat.",Tempat Ibadah,Masjid,Pohuwato Marisa,0,4.4,60.0,"{'lat': 0.429245, 'lng': 121.964828}",0.429245,121.964828,Gorontalo,religi,0.0,4.4,1,1,1,1,1,1,1.0,budaya|religi|sejarah
1300,Masjid Hunto Sultan Amai 1495 Masehi Tertua,"Masjid Hunto Sultan Amai 1495 Masehi Tertua di Gorontalo Utara Kwandang, Gorontalo. Ikon wisata religi yang terkenal dengan kedamaian suasananya, toleransi antarwarga, serta kubah atau menara yang menjulang indah. Menjadi tempat ziarah sekaligus edukasi spiritual bagi masyarakat luas.",Tempat Ibadah,Masjid,Gorontalo Utara Kwandang,0,4.3,60.0,"{'lat': 0.821457, 'lng': 122.869466}",0.821457,122.869466,Gorontalo,religi,0.0,4.3,1,1,0,1,1,0,0.6667,budaya|religi|sejarah
1301,Pantai Tanjung Karang Donggala Pasir Putih Diving,"Pantai Tanjung Karang Donggala Pasir Putih Diving di Banggai Kepulauan Salakan, Sulawesi Tengah. Destinasi wisata pesisir dengan hamparan pasir bersih, deburan ombak yang menenangkan, serta panorama matahari terbenam yang memukau. Dilengkapi fasilitas warung makan seafood lokal, area parkir, toilet umum, dan persewaan payung pantai.",Pantai,Pantai,Banggai Kepulauan Salakan,20000,4.6,180.0,"{'lat': -1.338832, 'lng': 123.153399}",-1.338832,123.153399,Sulawesi Tengah,bahari,20000.0,4.6,1,1,1,1,0,0,0.6667,bahari|berenang|fotografi|kuliner|pantai|rekreasi_keluarga|snorkeling
1302,Pantai Talise Teluk Palu,"Pantai Talise Teluk Palu di Toli-Toli, Sulawesi Tengah. Kawasan pantai dengan keindahan garis pantai memanjang, batuan karang yang menawan, serta angin sepoi-sepoi yang menyegarkan. Sangat cocok untuk aktivitas rekreasi, jalan santai di tepi air, dan piknik sore hari.",Pantai,Pantai,Toli-Toli,10000,4.8,150.0,"{'lat': 1.067542, 'lng': 120.792215}",1.067542,120.792215,Sulawesi Tengah,bahari,10000.0,4.8,1,1,1,1,0,1,0.8333,berenang|fotografi|kuliner|pantai|rekreasi_keluarga
1303,Pantai Danau Paisu Pok Banggai Air Kaca Sebening Cermin,"Pantai Danau Paisu Pok Banggai Air Kaca Sebening Cermin di Sigi Biromaru, Sulawesi Tengah. Destinasi wisata pesisir dengan hamparan pasir bersih, deburan ombak yang menenangkan, serta panorama matahari terbenam yang memukau. Dilengkapi fasilitas warung makan seafood lokal, area parkir, toilet umum, dan persewaan payung pantai.",Pantai,Pantai,Sigi Biromaru,5000,4.5,120.0,"{'lat': -1.148511, 'lng': 119.918735}",-1.148511,119.918735,Sulawesi Tengah,bahari,5000.0,4.5,1,1,1,1,0,1,0.8333,alam|berenang|fotografi|kuliner|pantai|rekreasi_keluarga
1304,Pantai Kadidiri Kepulauan Togean,"Pantai Kadidiri Kepulauan Togean di Toli-Toli, Sulawesi Tengah. Destinasi wisata pesisir dengan hamparan pasir bersih, deburan ombak yang menenangkan, serta panorama matahari terbenam yang memukau. Dilengkapi fasilitas warung makan seafood lokal, area parkir, toilet umum, dan persewaan payung pantai.",Pantai,Pantai,Toli-Toli,25000,4.3,180.0,"{'lat': 1.039318, 'lng': 120.795801}",1.039318,120.795801,Sulawesi Tengah,bahari,25000.0,4.3,1,1,1,1,1,1,1.0,berenang|fotografi|kuliner|pantai|rekreasi_keluarga
1305,Pantai Sera Donggala,"Pantai Sera Donggala di Banggai Luwuk, Sulawesi Tengah. Destinasi wisata pesisir dengan hamparan pasir bersih, deburan ombak yang menenangkan, serta panorama matahari terbenam yang memukau. Dilengkapi fasilitas warung makan seafood lokal, area parkir, toilet umum, dan persewaan payung pantai.",Pantai,Pantai,Banggai Luwuk,10000,4.6,240.0,"{'lat': -0.957635, 'lng': 122.774731}",-0.957635,122.774731,Sulawesi Tengah,bahari,10000.0,4.6,1,1,1,1,0,0,0.6667,berenang|fotografi|kuliner|pantai|rekreasi_keluarga
1306,Pantai Kilo Lima Luwuk Banggai,"Pantai Kilo Lima Luwuk Banggai di Toli-Toli, Sulawesi Tengah. Destinasi wisata pesisir dengan hamparan pasir bersih, deburan ombak yang menenangkan, serta panorama matahari terbenam yang memukau. Dilengkapi fasilitas warung makan seafood lokal, area parkir, toilet umum, dan persewaan payung pantai.",Pantai,Pantai,Toli-Toli,15000,4.2,120.0,"{'lat': 1.044252, 'lng': 120.833168}",1.044252,120.833168,Sulawesi Tengah,bahari,15000.0,4.2,1,1,1,1,0,1,0.8333,berenang|fotografi|kuliner|pantai|rekreasi_keluarga
1307,Pantai Boneoge Donggala,"Pantai Boneoge Donggala di Banggai Kepulauan Salakan, Sulawesi Tengah. Pantai eksotis dengan air laut jernih dan deretan pohon kelapa yang rindang. Menjadi lokasi favorit wisatawan untuk bersantai, bermain air bersama keluarga, berswafoto, serta menikmati kelapa muda segar di tepi pantai.",Pantai,Pantai,Banggai Kepulauan Salakan,30000,4.5,150.0,"{'lat': -1.335159, 'lng': 123.151126}",-1.335159,123.151126,Sulawesi Tengah,bahari,30000.0,4.5,1,1,1,1,1,0,0.8333,berenang|fotografi|kuliner|pantai|rekreasi_keluarga
1308,Pantai Prince John Dive Resort Donggala,"Pantai Prince John Dive Resort Donggala di Parigi Moutong, Sulawesi Tengah. Pantai eksotis dengan air laut jernih dan deretan pohon kelapa yang rindang. Menjadi lokasi favorit wisatawan untuk bersantai, bermain air bersama keluarga, berswafoto, serta menikmati kelapa muda segar di tepi pantai.",Pantai,Pantai,Parigi Moutong,5000,4.9,240.0,"{'lat': -0.830128, 'lng': 120.179717}",-0.830128,120.179717,Sulawesi Tengah,bahari,5000.0,4.9,1,1,1,1,0,1,0.8333,berenang|fotografi|kuliner|pantai|rekreasi_keluarga
1309,Pantai Malenge Togean Ubur-Ubur,"Pantai Malenge Togean Ubur-Ubur di Banggai Kepulauan Salakan, Sulawesi Tengah. Kawasan pantai dengan keindahan garis pantai memanjang, batuan karang yang menawan, serta angin sepoi-sepoi yang menyegarkan. Sangat cocok untuk aktivitas rekreasi, jalan santai di tepi air, dan piknik sore hari.",Pantai,Pantai,Banggai Kepulauan Salakan,5000,4.7,240.0,"{'lat': -1.302799, 'lng': 123.140358}",-1.302799,123.140358,Sulawesi Tengah,bahari,5000.0,4.7,1,1,1,1,0,1,0.8333,berenang|fotografi|kuliner|pantai|rekreasi_keluarga
1310,Pantai Kaliburu Donggala,"Pantai Kaliburu Donggala di Tojo Una-Una Ampana (Togean), Sulawesi Tengah. Kawasan pantai dengan keindahan garis pantai memanjang, batuan karang yang menawan, serta angin sepoi-sepoi yang menyegarkan. Sangat cocok untuk aktivitas rekreasi, jalan santai di tepi air, dan piknik sore hari.",Pantai,Pantai,Tojo Una-Una Ampana (Togean),5000,4.6,150.0,"{'lat': -0.868895, 'lng': 121.580314}",-0.868895,121.580314,Sulawesi Tengah,bahari,5000.0,4.6,1,1,1,1,0,1,0.8333,berenang|fotografi|kuliner|pantai|rekreasi_keluarga
1311,Pantai Sabang Toli-Toli,"Pantai Sabang Toli-Toli di Tojo Una-Una Ampana (Togean), Sulawesi Tengah. Pantai eksotis dengan air laut jernih dan deretan pohon kelapa yang rindang. Menjadi lokasi favorit wisatawan untuk bersantai, bermain air bersama keluarga, berswafoto, serta menikmati kelapa muda segar di tepi pantai.",Pantai,Pantai,Tojo Una-Una Ampana (Togean),30000,4.7,240.0,"{'lat': -0.844679, 'lng': 121.584699}",-0.844679,121.584699,Sulawesi Tengah,bahari,30000.0,4.7,1,1,1,1,1,1,1.0,berenang|fotografi|kuliner|pantai|rekreasi_keluarga
1312,Pantai Enu Donggala,"Pantai Enu Donggala di Kota Palu, Sulawesi Tengah. Pantai eksotis dengan air laut jernih dan deretan pohon kelapa yang rindang. Menjadi lokasi favorit wisatawan untuk bersantai, bermain air bersama keluarga, berswafoto, serta menikmati kelapa muda segar di tepi pantai.",Pantai,Pantai,Kota Palu,15000,4.9,120.0,"{'lat': -0.919413, 'lng': 119.832219}",-0.919413,119.832219,Sulawesi Tengah,bahari,15000.0,4.9,1,1,1,1,0,0,0.6667,berenang|fotografi|kuliner|pantai|rekreasi_keluarga
1313,Pantai Kayubura Parigi Teluk Tomini,"Pantai Kayubura Parigi Teluk Tomini di Sigi Biromaru, Sulawesi Tengah. Pantai eksotis dengan air laut jernih dan deretan pohon kelapa yang rindang. Menjadi lokasi favorit wisatawan untuk bersantai, bermain air bersama keluarga, berswafoto, serta menikmati kelapa muda segar di tepi pantai.",Pantai,Pantai,Sigi Biromaru,25000,4.9,120.0,"{'lat': -1.148574, 'lng': 119.963115}",-1.148574,119.963115,Sulawesi Tengah,bahari,25000.0,4.9,1,1,1,1,1,1,1.0,berenang|fotografi|kuliner|pantai|rekreasi_keluarga
1314,Pantai Matindok Banggai,"Pantai Matindok Banggai di Parigi Moutong, Sulawesi Tengah. Pantai eksotis dengan air laut jernih dan deretan pohon kelapa yang rindang. Menjadi lokasi favorit wisatawan untuk bersantai, bermain air bersama keluarga, berswafoto, serta menikmati kelapa muda segar di tepi pantai.",Pantai,Pantai,Parigi Moutong,10000,4.4,180.0,"{'lat': -0.855042, 'lng': 120.221591}",-0.855042,120.221591,Sulawesi Tengah,bahari,10000.0,4.4,1,1,1,1,0,1,0.8333,berenang|fotografi|kuliner|pantai|rekreasi_keluarga
1315,Puncak Matantimali Sigi Tempat Paralayang Terbaik Asia Tenggara,"Puncak Matantimali Sigi Tempat Paralayang Terbaik Asia Tenggara di Tojo Una-Una Ampana (Togean), Sulawesi Tengah. Puncak bukit dan pegunungan dengan pemandangan lanskap hijau membentang sejauh mata memandang. Menawarkan pengalaman menikmati golden sunrise, udara bersih bebas polusi, dan spot foto alam yang memesona.",Gunung,Perbukitan,Tojo Una-Una Ampana (Togean),15000,4.3,240.0,"{'lat': -0.851036, 'lng': 121.611158}",-0.851036,121.611158,Sulawesi Tengah,alam,15000.0,4.3,1,1,1,1,1,1,1.0,camping|fotografi|gunung|hiking
1316,Gunung Gawalise Palu Puncak Salena,"Gunung Gawalise Palu Puncak Salena di Toli-Toli, Sulawesi Tengah. Kawasan dataran tinggi dan lereng gunung yang asri dengan pemandangan perbukitan hijau dan kawah eksotis. Sangat ideal untuk petualangan alam terbuka, hiking santai, perkemahan keluarga, dan melepas penat.",Gunung,Gunung,Toli-Toli,25000,4.4,300.0,"{'lat': 1.047604, 'lng': 120.848638}",1.047604,120.848638,Sulawesi Tengah,alam,25000.0,4.4,1,1,1,0,0,1,0.6667,camping|fotografi|gunung|hiking
1317,Gunung Nokilalaki Lore Lindu (2.355 mdpl),"Gunung Nokilalaki Lore Lindu (2.355 mdpl) di Tojo Una-Una Ampana (Togean), Sulawesi Tengah. Kawasan dataran tinggi dan lereng gunung yang asri dengan pemandangan perbukitan hijau dan kawah eksotis. Sangat ideal untuk petualangan alam terbuka, hiking santai, perkemahan keluarga, dan melepas penat.",Gunung,Gunung,Tojo Una-Una Ampana (Togean),15000,4.2,300.0,"{'lat': -0.831079, 'lng': 121.5988}",-0.831079,121.5988,Sulawesi Tengah,alam,15000.0,4.2,1,1,1,0,1,1,0.8333,camping|fotografi|gunung|hiking
1318,Gunung Sojol Donggala,"Gunung Sojol Donggala di Banggai Luwuk, Sulawesi Tengah. Kawasan dataran tinggi dan lereng gunung yang asri dengan pemandangan perbukitan hijau dan kawah eksotis. Sangat ideal untuk petualangan alam terbuka, hiking santai, perkemahan keluarga, dan melepas penat.",Gunung,Gunung,Banggai Luwuk,10000,4.2,360.0,"{'lat': -0.926598, 'lng': 122.77106}",-0.926598,122.77106,Sulawesi Tengah,alam,10000.0,4.2,1,1,1,0,1,1,0.8333,camping|fotografi|gunung|hiking
1319,Bukit Salena Palu Sunset,"Bukit Salena Palu Sunset di Morowali Bungku, Sulawesi Tengah. Puncak bukit dan pegunungan dengan pemandangan lanskap hijau membentang sejauh mata memandang. Menawarkan pengalaman menikmati golden sunrise, udara bersih bebas polusi, dan spot foto alam yang memesona.",Gunung,Perbukitan,Morowali Bungku,15000,4.6,360.0,"{'lat': -2.500117, 'lng': 121.954651}",-2.500117,121.954651,Sulawesi Tengah,alam,15000.0,4.6,1,1,1,0,0,0,0.5,camping|fotografi|gunung|hiking
1320,Bukit Keles Luwuk Kota Air Berbintang,"Bukit Keles Luwuk Kota Air Berbintang di Poso, Sulawesi Tengah. Puncak bukit dan pegunungan dengan pemandangan lanskap hijau membentang sejauh mata memandang. Menawarkan pengalaman menikmati golden sunrise, udara bersih bebas polusi, dan spot foto alam yang memesona.",Gunung,Perbukitan,Poso,10000,4.2,360.0,"{'lat': -1.422614, 'lng': 120.776038}",-1.422614,120.776038,Sulawesi Tengah,alam,10000.0,4.2,1,1,1,0,0,1,0.6667,camping|fotografi|gunung|hiking
1321,Puncak Bukit Teletubbies Luwuk Banggai,"Puncak Bukit Teletubbies Luwuk Banggai di Banggai Luwuk, Sulawesi Tengah. Kawasan dataran tinggi dan lereng gunung yang asri dengan pemandangan perbukitan hijau dan kawah eksotis. Sangat ideal untuk petualangan alam terbuka, hiking santai, perkemahan keluarga, dan melepas penat.",Gunung,Perbukitan,Banggai Luwuk,20000,4.4,180.0,"{'lat': -0.986008, 'lng': 122.754318}",-0.986008,122.754318,Sulawesi Tengah,alam,20000.0,4.4,1,1,1,0,1,0,0.6667,camping|fotografi|gunung|hiking
1322,Puncak Doda Sigi Hills,"Puncak Doda Sigi Hills di Banggai Kepulauan Salakan, Sulawesi Tengah. Puncak bukit dan pegunungan dengan pemandangan lanskap hijau membentang sejauh mata memandang. Menawarkan pengalaman menikmati golden sunrise, udara bersih bebas polusi, dan spot foto alam yang memesona.",Gunung,Perbukitan,Banggai Kepulauan Salakan,15000,4.2,360.0,"{'lat': -1.326482, 'lng': 123.133157}",-1.326482,123.133157,Sulawesi Tengah,alam,15000.0,4.2,1,1,1,0,1,0,0.6667,camping|fotografi|gunung|hiking
1323,Gunung Tinombala Toli-Toli,"Gunung Tinombala Toli-Toli di Banggai Luwuk, Sulawesi Tengah. Destinasi wisata pegunungan berhawa sejuk dengan jalur pendakian yang menantang dan panorama lautan awan yang spektakuler saat fajar. Tersedia pos peristirahatan, warung logistik pendaki, area perkemahan, dan pemandu lokal.",Gunung,Gunung,Banggai Luwuk,20000,4.6,300.0,"{'lat': -0.958071, 'lng': 122.815633}",-0.958071,122.815633,Sulawesi Tengah,alam,20000.0,4.6,1,1,1,1,1,0,0.8333,camping|fotografi|gunung|hiking
1324,Puncak Padamarari Morowali,"Puncak Padamarari Morowali di Toli-Toli, Sulawesi Tengah. Puncak bukit dan pegunungan dengan pemandangan lanskap hijau membentang sejauh mata memandang. Menawarkan pengalaman menikmati golden sunrise, udara bersih bebas polusi, dan spot foto alam yang memesona.",Gunung,Perbukitan,Toli-Toli,15000,4.6,240.0,"{'lat': 1.039553, 'lng': 120.831366}",1.039553,120.831366,Sulawesi Tengah,alam,15000.0,4.6,1,1,1,1,0,0,0.6667,camping|fotografi|gunung|hiking
1325,Taman Nasional Kepulauan Togean Cagar Biosfer UNESCO,"Taman Nasional Kepulauan Togean Cagar Biosfer UNESCO di Poso, Sulawesi Tengah. Wisata alam edukatif berbalut udara segar hutan tropis, aliran sungai yang jernih, serta air terjun bertingkat yang menyejukkan. Pilihan utama untuk riset keanekaragaman hayati dan ekowisata ramah lingkungan.",Cagar Alam,Taman Nasional,Poso,30000,4.4,180.0,"{'lat': -1.394667, 'lng': 120.760266}",-1.394667,120.760266,Sulawesi Tengah,alam,30000.0,4.4,1,1,1,0,0,1,0.6667,edukasi|fotografi|hiking|rekreasi_keluarga
1326,Danau Poso Danau Terbesar Ketiga Indonesia Berpasir Kuning,"Danau Poso Danau Terbesar Ketiga Indonesia Berpasir Kuning di Banggai Kepulauan Salakan, Sulawesi Tengah. Wisata alam edukatif berbalut udara segar hutan tropis, aliran sungai yang jernih, serta air terjun bertingkat yang menyejukkan. Pilihan utama untuk riset keanekaragaman hayati dan ekowisata ramah lingkungan.",Cagar Alam,Danau,Banggai Kepulauan Salakan,20000,4.9,150.0,"{'lat': -1.317769, 'lng': 123.167005}",-1.317769,123.167005,Sulawesi Tengah,alam,20000.0,4.9,1,1,1,1,1,1,1.0,alam|edukasi|fotografi|hiking|rekreasi_keluarga
1327,Danau Paisu Pok Banggai Kepulauan Danau Kaca Biru,"Danau Paisu Pok Banggai Kepulauan Danau Kaca Biru di Donggala, Sulawesi Tengah. Kawasan konservasi alam yang asri dan terlindungi dengan keanekaragaman flora dan fauna tropis endemik. Dilengkapi jalur trekking kayu yang tertata rapi, gazebo istirahat, pusat informasi lingkungan, dan toilet pengunjung.",Cagar Alam,Danau,Donggala,10000,4.8,90.0,"{'lat': -0.686397, 'lng': 119.783005}",-0.686397,119.783005,Sulawesi Tengah,alam,10000.0,4.8,1,1,1,1,0,1,0.8333,alam|edukasi|fotografi|hiking|rekreasi_keluarga
1328,Taman Nasional Lore Lindu Habitat Fauna Endemik Maleo Anoa,"Taman Nasional Lore Lindu Habitat Fauna Endemik Maleo Anoa di Donggala, Sulawesi Tengah. Wisata alam edukatif berbalut udara segar hutan tropis, aliran sungai yang jernih, serta air terjun bertingkat yang menyejukkan. Pilihan utama untuk riset keanekaragaman hayati dan ekowisata ramah lingkungan.",Cagar Alam,Taman Nasional,Donggala,15000,4.6,90.0,"{'lat': -0.703888, 'lng': 119.750977}",-0.703888,119.750977,Sulawesi Tengah,alam,15000.0,4.6,1,1,1,0,1,1,0.8333,edukasi|fotografi|hiking|rekreasi_keluarga
1329,Air Terjun Saluopa Poso 12 Tingkat Bertangga Batu,"Air Terjun Saluopa Poso 12 Tingkat Bertangga Batu di Tojo Una-Una Ampana (Togean), Sulawesi Tengah. Kawasan konservasi alam yang asri dan terlindungi dengan keanekaragaman flora dan fauna tropis endemik. Dilengkapi jalur trekking kayu yang tertata rapi, gazebo istirahat, pusat informasi lingkungan, dan toilet pengunjung.",Cagar Alam,Air Terjun,Tojo Una-Una Ampana (Togean),30000,4.9,90.0,"{'lat': -0.869675, 'lng': 121.63774}",-0.869675,121.63774,Sulawesi Tengah,alam,30000.0,4.9,1,1,1,0,1,1,0.8333,alam|edukasi|fotografi|hiking|rekreasi_keluarga
1330,Air Terjun Piala Luwuk Air Hijau Zamrud Alami,"Air Terjun Piala Luwuk Air Hijau Zamrud Alami di Kota Palu, Sulawesi Tengah. Objek wisata alam dengan formasi tebing batuan alami, gua karst purba, serta telaga yang jernih dan tenang. Suasana alam yang tenang memberikan kesegaran pikiran bagi pengunjung yang mencintai ketenangan alam.",Cagar Alam,Air Terjun,Kota Palu,10000,4.6,180.0,"{'lat': -0.88801, 'lng': 119.819979}",-0.88801,119.819979,Sulawesi Tengah,alam,10000.0,4.6,1,1,1,0,0,1,0.6667,alam|edukasi|fotografi|hiking|rekreasi_keluarga
1331,Gua Karst Pulau Malenge Danau Ubur-Ubur,"Gua Karst Pulau Malenge Danau Ubur-Ubur di Toli-Toli, Sulawesi Tengah. Objek wisata alam dengan formasi tebing batuan alami, gua karst purba, serta telaga yang jernih dan tenang. Suasana alam yang tenang memberikan kesegaran pikiran bagi pengunjung yang mencintai ketenangan alam.",Cagar Alam,Danau,Toli-Toli,10000,4.5,120.0,"{'lat': 1.052538, 'lng': 120.830653}",1.052538,120.830653,Sulawesi Tengah,alam,10000.0,4.5,1,1,1,1,0,1,0.8333,alam|edukasi|fotografi|hiking|rekreasi_keluarga
1332,Gua Latea Poso Kuburan Batu Purba,"Gua Latea Poso Kuburan Batu Purba di Kota Palu, Sulawesi Tengah. Objek wisata alam dengan formasi tebing batuan alami, gua karst purba, serta telaga yang jernih dan tenang. Suasana alam yang tenang memberikan kesegaran pikiran bagi pengunjung yang mencintai ketenangan alam.",Cagar Alam,Gua,Kota Palu,15000,4.6,150.0,"{'lat': -0.922117, 'lng': 119.847354}",-0.922117,119.847354,Sulawesi Tengah,alam,15000.0,4.6,1,1,1,1,0,1,0.8333,edukasi|fotografi|hiking|rekreasi_keluarga
1333,Situs Megalitikum Lembah Bada Patung Batu Purba Lore Lindu,"Situs Megalitikum Lembah Bada Patung Batu Purba Lore Lindu di Morowali Bungku, Sulawesi Tengah. Situs cagar budaya bersejarah yang sarat dengan nilai tradisi leluhur, arsitektur arca dan bangunan tradisional yang otentik. Dilengkapi pemandu wisata budaya, museum informasi sejarah, dan pertunjukan seni berkala.",Budaya,Situs Sejarah,Morowali Bungku,5000,4.3,60.0,"{'lat': -2.484504, 'lng': 121.965022}",-2.484504,121.965022,Sulawesi Tengah,budaya,5000.0,4.3,1,1,1,0,0,1,0.6667,budaya|edukasi|fotografi|sejarah
1334,Museum Sulawesi Tengah Palu,"Museum Sulawesi Tengah Palu di Morowali Bungku, Sulawesi Tengah. Situs cagar budaya bersejarah yang sarat dengan nilai tradisi leluhur, arsitektur arca dan bangunan tradisional yang otentik. Dilengkapi pemandu wisata budaya, museum informasi sejarah, dan pertunjukan seni berkala.",Budaya,Museum,Morowali Bungku,25000,4.9,90.0,"{'lat': -2.506957, 'lng': 121.947899}",-2.506957,121.947899,Sulawesi Tengah,budaya,25000.0,4.9,1,1,1,0,0,1,0.6667,budaya|edukasi|fotografi|sejarah
1335,Rumah Adat Souraja Banua Mbaso Palu Rumah Raja,"Rumah Adat Souraja Banua Mbaso Palu Rumah Raja di Morowali Bungku, Sulawesi Tengah. Kompleks bangunan bersejarah dan desa adat yang mempertahankan adat istiadat turun-temurun dengan ramah. Wisatawan dapat menyaksikan kerajinan tangan tradisional dan berinteraksi langsung dengan warga setempat.",Budaya,Situs Sejarah,Morowali Bungku,25000,4.6,120.0,"{'lat': -2.508576, 'lng': 121.928794}",-2.508576,121.928794,Sulawesi Tengah,budaya,25000.0,4.6,1,1,1,1,0,1,0.8333,budaya|edukasi|fotografi|sejarah
1336,Tugu Perdamaian Nosarara Nosabatutu Palu,"Tugu Perdamaian Nosarara Nosabatutu Palu di Tojo Una-Una Ampana (Togean), Sulawesi Tengah. Kompleks bangunan bersejarah dan desa adat yang mempertahankan adat istiadat turun-temurun dengan ramah. Wisatawan dapat menyaksikan kerajinan tangan tradisional dan berinteraksi langsung dengan warga setempat.",Budaya,Situs Sejarah,Tojo Una-Una Ampana (Togean),10000,4.5,60.0,"{'lat': -0.895, 'lng': 121.578433}",-0.895,121.578433,Sulawesi Tengah,budaya,10000.0,4.5,1,1,1,1,0,1,0.8333,budaya|edukasi|fotografi|sejarah
1337,Keraton Banggai Kesultanan Luwuk,"Keraton Banggai Kesultanan Luwuk di Parigi Moutong, Sulawesi Tengah. Kompleks bangunan bersejarah dan desa adat yang mempertahankan adat istiadat turun-temurun dengan ramah. Wisatawan dapat menyaksikan kerajinan tangan tradisional dan berinteraksi langsung dengan warga setempat.",Budaya,Keraton,Parigi Moutong,25000,4.9,90.0,"{'lat': -0.833497, 'lng': 120.196703}",-0.833497,120.196703,Sulawesi Tengah,budaya,25000.0,4.9,1,1,0,0,1,1,0.6667,budaya|edukasi|fotografi|sejarah
1338,Pusat Kerajinan Tenun Donggala Sutra Asli,"Pusat Kerajinan Tenun Donggala Sutra Asli di Parigi Moutong, Sulawesi Tengah. Destinasi wisata sejarah dan kearifan lokal yang memperlihatkan warisan peradaban masa lampau melalui koleksi artefak berharga. Tempat ideal untuk belajar mengenai perjuangan bangsa dan filosofi adat masyarakat.",Budaya,Situs Sejarah,Parigi Moutong,10000,4.2,90.0,"{'lat': -0.819583, 'lng': 120.208379}",-0.819583,120.208379,Sulawesi Tengah,budaya,10000.0,4.2,1,1,0,0,0,1,0.5,budaya|edukasi|fotografi|sejarah
1339,Desa Adat Mantikole Sigi,"Desa Adat Mantikole Sigi di Kota Palu, Sulawesi Tengah. Destinasi wisata sejarah dan kearifan lokal yang memperlihatkan warisan peradaban masa lampau melalui koleksi artefak berharga. Tempat ideal untuk belajar mengenai perjuangan bangsa dan filosofi adat masyarakat.",Budaya,Desa Adat,Kota Palu,25000,4.9,60.0,"{'lat': -0.937273, 'lng': 119.845334}",-0.937273,119.845334,Sulawesi Tengah,budaya,25000.0,4.9,1,1,1,1,1,1,1.0,budaya|edukasi|fotografi|sejarah
1340,Palu Grand Mall Tepi Teluk,"Palu Grand Mall Tepi Teluk di Parigi Moutong, Sulawesi Tengah. Kawasan rekreasi bertema dengan wahana pemacu adrenalin, kolam renang bergelombang, serta taman bermain anak yang aman. Dilengkapi staf pengawas keselamatan dan berbagai tenant kuliner lezat.",Taman Hiburan,Taman Rekreasi,Parigi Moutong,75000,4.5,180.0,"{'lat': -0.834548, 'lng': 120.22184}",-0.834548,120.22184,Sulawesi Tengah,hiburan,75000.0,4.5,1,1,1,1,1,1,1.0,edukasi|fotografi|rekreasi_keluarga
1341,Taipa Beach Resort Palu Waterboom,"Taipa Beach Resort Palu Waterboom di Banggai Luwuk, Sulawesi Tengah. Kawasan rekreasi bertema dengan wahana pemacu adrenalin, kolam renang bergelombang, serta taman bermain anak yang aman. Dilengkapi staf pengawas keselamatan dan berbagai tenant kuliner lezat.",Taman Hiburan,Waterpark,Banggai Luwuk,50000,4.4,180.0,"{'lat': -0.947996, 'lng': 122.784344}",-0.947996,122.784344,Sulawesi Tengah,hiburan,50000.0,4.4,1,1,1,1,1,1,1.0,edukasi|fotografi|rekreasi_keluarga
1342,Taman Nasional Hutan Kota Kaombona Palu,"Taman Nasional Hutan Kota Kaombona Palu di Donggala, Sulawesi Tengah. Kawasan rekreasi bertema dengan wahana pemacu adrenalin, kolam renang bergelombang, serta taman bermain anak yang aman. Dilengkapi staf pengawas keselamatan dan berbagai tenant kuliner lezat.",Taman Hiburan,Taman Rekreasi,Donggala,200000,4.4,180.0,"{'lat': -0.665763, 'lng': 119.737143}",-0.665763,119.737143,Sulawesi Tengah,hiburan,200000.0,4.4,1,1,1,1,1,1,1.0,edukasi|fotografi|rekreasi_keluarga
1343,Taman GOR Palu Kuliner Malam,"Taman GOR Palu Kuliner Malam di Donggala, Sulawesi Tengah. Destinasi hiburan terpadu dengan spot swafoto kekinian yang estetik, wahana edukasi anak, dan ruang terbuka hijau yang ramah keluarga. Menjadi tempat favorit untuk berekreasi bersama anak-anak di akhir pekan.",Taman Hiburan,Taman Rekreasi,Donggala,200000,4.9,240.0,"{'lat': -0.699066, 'lng': 119.741514}",-0.699066,119.741514,Sulawesi Tengah,hiburan,200000.0,4.9,1,1,1,1,1,1,1.0,edukasi|fotografi|rekreasi_keluarga
1344,Pasar Tradisional Manonda Palu,"Pasar Tradisional Manonda Palu di Kota Palu, Sulawesi Tengah. Kawasan pertokoan dan pasar seni yang menyajikan ragam cinderamata unik karya perajin lokal dari berbagai penjuru daerah. Selalu ramai dikunjungi wisatawan yang ingin membawa kenang-kenangan autentik.",Pusat Perbelanjaan,Pasar Tradisional,Kota Palu,0,4.6,60.0,"{'lat': -0.891533, 'lng': 119.80773}",-0.891533,119.80773,Sulawesi Tengah,belanja,0.0,4.6,1,1,1,0,1,1,0.8333,belanja|budaya|kuliner
1345,Sentra Bawang Goreng Palu Sri Rejeki,"Sentra Bawang Goreng Palu Sri Rejeki di Sigi Biromaru, Sulawesi Tengah. Pusat perbelanjaan dan pasar tradisional khas daerah yang menjual aneka kerajinan tangan, kain tenun atau batik, serta camilan oleh-oleh lokal. Tempat bertemunya tawar-menawar yang hangat dengan harga terjangkau.",Pusat Perbelanjaan,Sentra Kerajinan,Sigi Biromaru,0,4.8,60.0,"{'lat': -1.162152, 'lng': 119.959398}",-1.162152,119.959398,Sulawesi Tengah,belanja,0.0,4.8,1,1,1,0,1,1,0.8333,belanja|budaya|kuliner
1346,Sentra Tenun Donggala Sutera Buatan Tangan,"Sentra Tenun Donggala Sutera Buatan Tangan di Banggai Luwuk, Sulawesi Tengah. Sentra kuliner dan suvenir ikonik yang menyediakan aneka buah tangan khas Nusantara berkualitas tinggi. Dilengkapi area parkir kendaraan wisata, gerai anjungan tunai mandiri (ATM), dan mushola.",Pusat Perbelanjaan,Sentra Kerajinan,Banggai Luwuk,0,4.9,120.0,"{'lat': -0.971464, 'lng': 122.796521}",-0.971464,122.796521,Sulawesi Tengah,belanja,0.0,4.9,1,1,1,0,1,0,0.6667,belanja|budaya|kuliner
1347,Pusat Kerajinan Kayu Hitam Eboni Palu,"Pusat Kerajinan Kayu Hitam Eboni Palu di Kota Palu, Sulawesi Tengah. Pusat perbelanjaan dan pasar tradisional khas daerah yang menjual aneka kerajinan tangan, kain tenun atau batik, serta camilan oleh-oleh lokal. Tempat bertemunya tawar-menawar yang hangat dengan harga terjangkau.",Pusat Perbelanjaan,Pasar Tradisional,Kota Palu,0,4.5,60.0,"{'lat': -0.878261, 'lng': 119.866681}",-0.878261,119.866681,Sulawesi Tengah,belanja,0.0,4.5,1,1,1,1,1,0,0.8333,belanja|budaya|kuliner
1348,Masjid Terapung Arkam Babu Rahman Teluk Palu Saksi Tsunami,"Masjid Terapung Arkam Babu Rahman Teluk Palu Saksi Tsunami di Morowali Bungku, Sulawesi Tengah. Ikon wisata religi yang terkenal dengan kedamaian suasananya, toleransi antarwarga, serta kubah atau menara yang menjulang indah. Menjadi tempat ziarah sekaligus edukasi spiritual bagi masyarakat luas.",Tempat Ibadah,Masjid,Morowali Bungku,0,4.2,90.0,"{'lat': -2.445434, 'lng': 121.98379}",-2.445434,121.98379,Sulawesi Tengah,religi,0.0,4.2,1,1,0,1,1,1,0.8333,budaya|religi|sejarah
1349,Masjid Agung Baiturrahim Lolu Palu,"Masjid Agung Baiturrahim Lolu Palu di Toli-Toli, Sulawesi Tengah. Ikon wisata religi yang terkenal dengan kedamaian suasananya, toleransi antarwarga, serta kubah atau menara yang menjulang indah. Menjadi tempat ziarah sekaligus edukasi spiritual bagi masyarakat luas.",Tempat Ibadah,Masjid,Toli-Toli,0,4.2,45.0,"{'lat': 0.999131, 'lng': 120.837768}",0.999131,120.837768,Sulawesi Tengah,religi,0.0,4.2,1,1,0,1,1,0,0.6667,budaya|religi|sejarah
1350,Gereja Tua Imanuel Poso 1900-an,"Gereja Tua Imanuel Poso 1900-an di Tojo Una-Una Ampana (Togean), Sulawesi Tengah. Ikon wisata religi yang terkenal dengan kedamaian suasananya, toleransi antarwarga, serta kubah atau menara yang menjulang indah. Menjadi tempat ziarah sekaligus edukasi spiritual bagi masyarakat luas.",Tempat Ibadah,Gereja,Tojo Una-Una Ampana (Togean),0,4.5,45.0,"{'lat': -0.896043, 'lng': 121.627692}",-0.896043,121.627692,Sulawesi Tengah,religi,0.0,4.5,1,1,1,1,1,1,1.0,budaya|religi|sejarah
1351,Pantai Manakarra Mamuju Tepi Landmark Kota,"Pantai Manakarra Mamuju Tepi Landmark Kota di Mamuju, Sulawesi Barat. Kawasan pantai dengan keindahan garis pantai memanjang, batuan karang yang menawan, serta angin sepoi-sepoi yang menyegarkan. Sangat cocok untuk aktivitas rekreasi, jalan santai di tepi air, dan piknik sore hari.",Pantai,Pantai,Mamuju,20000,4.5,120.0,"{'lat': -2.70076, 'lng': 118.907072}",-2.70076,118.907072,Sulawesi Barat,bahari,20000.0,4.5,1,1,1,1,0,1,0.8333,berenang|fotografi|kuliner|pantai|rekreasi_keluarga
1352,Pantai Karampuang Pulau Karst Terumbu Karang,"Pantai Karampuang Pulau Karst Terumbu Karang di Mamasa, Sulawesi Barat. Pantai eksotis dengan air laut jernih dan deretan pohon kelapa yang rindang. Menjadi lokasi favorit wisatawan untuk bersantai, bermain air bersama keluarga, berswafoto, serta menikmati kelapa muda segar di tepi pantai.",Pantai,Pantai,Mamasa,10000,4.2,180.0,"{'lat': -2.999004, 'lng': 119.345959}",-2.999004,119.345959,Sulawesi Barat,bahari,10000.0,4.2,1,1,1,1,0,1,0.8333,bahari|berenang|fotografi|kuliner|pantai|rekreasi_keluarga|snorkeling
1353,Pantai Mampie Polman Konservasi Penyu Laut,"Pantai Mampie Polman Konservasi Penyu Laut di Majene, Sulawesi Barat. Destinasi wisata pesisir dengan hamparan pasir bersih, deburan ombak yang menenangkan, serta panorama matahari terbenam yang memukau. Dilengkapi fasilitas warung makan seafood lokal, area parkir, toilet umum, dan persewaan payung pantai.",Pantai,Pantai,Majene,30000,4.9,150.0,"{'lat': -3.546043, 'lng': 118.981289}",-3.546043,118.981289,Sulawesi Barat,bahari,30000.0,4.9,1,1,1,1,0,0,0.6667,berenang|fotografi|kuliner|pantai|rekreasi_keluarga
1354,Pantai Palippis Majene Tebing Karang Gua Kelelawar,"Pantai Palippis Majene Tebing Karang Gua Kelelawar di Pasangkayu, Sulawesi Barat. Pantai eksotis dengan air laut jernih dan deretan pohon kelapa yang rindang. Menjadi lokasi favorit wisatawan untuk bersantai, bermain air bersama keluarga, berswafoto, serta menikmati kelapa muda segar di tepi pantai.",Pantai,Pantai,Pasangkayu,25000,4.4,120.0,"{'lat': -1.195132, 'lng': 119.376178}",-1.195132,119.376178,Sulawesi Barat,bahari,25000.0,4.4,1,1,1,1,0,0,0.6667,bahari|berenang|fotografi|kuliner|pantai|rekreasi_keluarga|snorkeling
1355,Pantai Dato Majene Pasir Putih Tangga Karang,"Pantai Dato Majene Pasir Putih Tangga Karang di Mamuju, Sulawesi Barat. Destinasi wisata pesisir dengan hamparan pasir bersih, deburan ombak yang menenangkan, serta panorama matahari terbenam yang memukau. Dilengkapi fasilitas warung makan seafood lokal, area parkir, toilet umum, dan persewaan payung pantai.",Pantai,Pantai,Mamuju,25000,4.6,120.0,"{'lat': -2.713131, 'lng': 118.853952}",-2.713131,118.853952,Sulawesi Barat,bahari,25000.0,4.6,1,1,1,1,0,0,0.6667,bahari|berenang|fotografi|kuliner|pantai|rekreasi_keluarga|snorkeling
1356,Pantai Gonda Mangrove Park Polman Snorkeling,"Pantai Gonda Mangrove Park Polman Snorkeling di Polewali Mandar (Polman), Sulawesi Barat. Kawasan pantai dengan keindahan garis pantai memanjang, batuan karang yang menawan, serta angin sepoi-sepoi yang menyegarkan. Sangat cocok untuk aktivitas rekreasi, jalan santai di tepi air, dan piknik sore hari.",Pantai,Pantai,Polewali Mandar (Polman),15000,4.6,240.0,"{'lat': -3.430057, 'lng': 119.295103}",-3.430057,119.295103,Sulawesi Barat,bahari,15000.0,4.6,1,1,1,1,0,1,0.8333,bahari|berenang|fotografi|kuliner|pantai|rekreasi_keluarga|snorkeling
1357,Pantai Barane Majene Sunset Nelayan,"Pantai Barane Majene Sunset Nelayan di Pasangkayu, Sulawesi Barat. Pantai eksotis dengan air laut jernih dan deretan pohon kelapa yang rindang. Menjadi lokasi favorit wisatawan untuk bersantai, bermain air bersama keluarga, berswafoto, serta menikmati kelapa muda segar di tepi pantai.",Pantai,Pantai,Pasangkayu,25000,4.5,180.0,"{'lat': -1.210671, 'lng': 119.349746}",-1.210671,119.349746,Sulawesi Barat,bahari,25000.0,4.5,1,1,1,1,1,1,1.0,berenang|fotografi|kuliner|pantai|rekreasi_keluarga
1358,Pantai Koa-Koa Pasangkayu Pasir Halus,"Pantai Koa-Koa Pasangkayu Pasir Halus di Majene, Sulawesi Barat. Pantai eksotis dengan air laut jernih dan deretan pohon kelapa yang rindang. Menjadi lokasi favorit wisatawan untuk bersantai, bermain air bersama keluarga, berswafoto, serta menikmati kelapa muda segar di tepi pantai.",Pantai,Pantai,Majene,15000,4.2,120.0,"{'lat': -3.501955, 'lng': 118.973322}",-3.501955,118.973322,Sulawesi Barat,bahari,15000.0,4.2,1,1,1,1,0,0,0.6667,berenang|fotografi|kuliner|pantai|rekreasi_keluarga
1359,Pantai Lombang-Lombang Mamuju,"Pantai Lombang-Lombang Mamuju di Polewali Mandar (Polman), Sulawesi Barat. Destinasi wisata pesisir dengan hamparan pasir bersih, deburan ombak yang menenangkan, serta panorama matahari terbenam yang memukau. Dilengkapi fasilitas warung makan seafood lokal, area parkir, toilet umum, dan persewaan payung pantai.",Pantai,Pantai,Polewali Mandar (Polman),10000,4.7,120.0,"{'lat': -3.402258, 'lng': 119.298051}",-3.402258,119.298051,Sulawesi Barat,bahari,10000.0,4.7,1,1,1,1,0,1,0.8333,berenang|fotografi|kuliner|pantai|rekreasi_keluarga
1360,Pantai Tanjung Buku Polman Hutan Bakau,"Pantai Tanjung Buku Polman Hutan Bakau di Pasangkayu, Sulawesi Barat. Pantai eksotis dengan air laut jernih dan deretan pohon kelapa yang rindang. Menjadi lokasi favorit wisatawan untuk bersantai, bermain air bersama keluarga, berswafoto, serta menikmati kelapa muda segar di tepi pantai.",Pantai,Pantai,Pasangkayu,5000,4.7,120.0,"{'lat': -1.178192, 'lng': 119.3755}",-1.178192,119.3755,Sulawesi Barat,bahari,5000.0,4.7,1,1,1,1,0,1,0.8333,berenang|fotografi|kuliner|pantai|rekreasi_keluarga
1361,Pantai Babampongi Mamuju Tengah,"Pantai Babampongi Mamuju Tengah di Pasangkayu, Sulawesi Barat. Destinasi wisata pesisir dengan hamparan pasir bersih, deburan ombak yang menenangkan, serta panorama matahari terbenam yang memukau. Dilengkapi fasilitas warung makan seafood lokal, area parkir, toilet umum, dan persewaan payung pantai.",Pantai,Pantai,Pasangkayu,10000,4.6,120.0,"{'lat': -1.216853, 'lng': 119.370814}",-1.216853,119.370814,Sulawesi Barat,bahari,10000.0,4.6,1,1,1,1,0,1,0.8333,berenang|fotografi|kuliner|pantai|rekreasi_keluarga
1362,Pantai Labuang Majene Perahu Sandeq,"Pantai Labuang Majene Perahu Sandeq di Mamuju Tengah Tobadak, Sulawesi Barat. Destinasi wisata pesisir dengan hamparan pasir bersih, deburan ombak yang menenangkan, serta panorama matahari terbenam yang memukau. Dilengkapi fasilitas warung makan seafood lokal, area parkir, toilet umum, dan persewaan payung pantai.",Pantai,Pantai,Mamuju Tengah Tobadak,15000,4.5,120.0,"{'lat': -2.087973, 'lng': 119.294521}",-2.087973,119.294521,Sulawesi Barat,bahari,15000.0,4.5,1,1,1,1,0,1,0.8333,berenang|fotografi|kuliner|pantai|rekreasi_keluarga
1363,Pantai Batu Raja Pasangkayu,"Pantai Batu Raja Pasangkayu di Mamasa, Sulawesi Barat. Destinasi wisata pesisir dengan hamparan pasir bersih, deburan ombak yang menenangkan, serta panorama matahari terbenam yang memukau. Dilengkapi fasilitas warung makan seafood lokal, area parkir, toilet umum, dan persewaan payung pantai.",Pantai,Pantai,Mamasa,20000,4.2,240.0,"{'lat': -2.991006, 'lng': 119.391951}",-2.991006,119.391951,Sulawesi Barat,bahari,20000.0,4.2,1,1,1,1,0,0,0.6667,berenang|fotografi|kuliner|pantai|rekreasi_keluarga
1364,Pantai Belang-Belang Mamuju,"Pantai Belang-Belang Mamuju di Mamuju Tengah Tobadak, Sulawesi Barat. Pantai eksotis dengan air laut jernih dan deretan pohon kelapa yang rindang. Menjadi lokasi favorit wisatawan untuk bersantai, bermain air bersama keluarga, berswafoto, serta menikmati kelapa muda segar di tepi pantai.",Pantai,Pantai,Mamuju Tengah Tobadak,25000,4.4,120.0,"{'lat': -2.129981, 'lng': 119.316107}",-2.129981,119.316107,Sulawesi Barat,bahari,25000.0,4.4,1,1,1,1,0,1,0.8333,berenang|fotografi|kuliner|pantai|rekreasi_keluarga
1365,Gunung Gandang Dewata Puncak Tertinggi Sulbar (3.074 mdpl) Sakral,"Gunung Gandang Dewata Puncak Tertinggi Sulbar (3.074 mdpl) Sakral di Pasangkayu, Sulawesi Barat. Destinasi wisata pegunungan berhawa sejuk dengan jalur pendakian yang menantang dan panorama lautan awan yang spektakuler saat fajar. Tersedia pos peristirahatan, warung logistik pendaki, area perkemahan, dan pemandu lokal.",Gunung,Gunung,Pasangkayu,20000,4.8,180.0,"{'lat': -1.151016, 'lng': 119.354843}",-1.151016,119.354843,Sulawesi Barat,alam,20000.0,4.8,1,1,1,0,0,0,0.5,camping|fotografi|gunung|hiking
1366,Puncak Bukit Anjoro Mamuju Landmark Mamuju City,"Puncak Bukit Anjoro Mamuju Landmark Mamuju City di Mamuju, Sulawesi Barat. Kawasan dataran tinggi dan lereng gunung yang asri dengan pemandangan perbukitan hijau dan kawah eksotis. Sangat ideal untuk petualangan alam terbuka, hiking santai, perkemahan keluarga, dan melepas penat.",Gunung,Perbukitan,Mamuju,35000,4.2,180.0,"{'lat': -2.659002, 'lng': 118.918767}",-2.659002,118.918767,Sulawesi Barat,alam,35000.0,4.2,1,1,1,0,0,0,0.5,camping|fotografi|gunung|hiking
1367,Puncak Buntu Liarra Mamasa Negeri di Atas Awan Bidadari,"Puncak Buntu Liarra Mamasa Negeri di Atas Awan Bidadari di Mamasa, Sulawesi Barat. Puncak bukit dan pegunungan dengan pemandangan lanskap hijau membentang sejauh mata memandang. Menawarkan pengalaman menikmati golden sunrise, udara bersih bebas polusi, dan spot foto alam yang memesona.",Gunung,Perbukitan,Mamasa,20000,4.7,240.0,"{'lat': -2.971616, 'lng': 119.365908}",-2.971616,119.365908,Sulawesi Barat,alam,20000.0,4.7,1,1,1,0,0,1,0.6667,camping|fotografi|gunung|hiking
1368,Bukit Buttu Macca Majene,"Bukit Buttu Macca Majene di Mamasa, Sulawesi Barat. Kawasan dataran tinggi dan lereng gunung yang asri dengan pemandangan perbukitan hijau dan kawah eksotis. Sangat ideal untuk petualangan alam terbuka, hiking santai, perkemahan keluarga, dan melepas penat.",Gunung,Perbukitan,Mamasa,35000,4.5,360.0,"{'lat': -2.954173, 'lng': 119.34941}",-2.954173,119.34941,Sulawesi Barat,alam,35000.0,4.5,1,1,1,1,0,1,0.8333,camping|fotografi|gunung|hiking
1369,Puncak Mambulilling Mamasa Dingin Sejuk,"Puncak Mambulilling Mamasa Dingin Sejuk di Polewali Mandar (Polman), Sulawesi Barat. Kawasan dataran tinggi dan lereng gunung yang asri dengan pemandangan perbukitan hijau dan kawah eksotis. Sangat ideal untuk petualangan alam terbuka, hiking santai, perkemahan keluarga, dan melepas penat.",Gunung,Perbukitan,Polewali Mandar (Polman),20000,4.6,240.0,"{'lat': -3.455677, 'lng': 119.350351}",-3.455677,119.350351,Sulawesi Barat,alam,20000.0,4.6,1,1,1,1,0,1,0.8333,camping|fotografi|gunung|hiking
1370,Puncak Salubarana Mamuju,"Puncak Salubarana Mamuju di Pasangkayu, Sulawesi Barat. Destinasi wisata pegunungan berhawa sejuk dengan jalur pendakian yang menantang dan panorama lautan awan yang spektakuler saat fajar. Tersedia pos peristirahatan, warung logistik pendaki, area perkemahan, dan pemandu lokal.",Gunung,Perbukitan,Pasangkayu,25000,4.9,300.0,"{'lat': -1.21495, 'lng': 119.354431}",-1.21495,119.354431,Sulawesi Barat,alam,25000.0,4.9,1,1,1,0,0,1,0.6667,camping|fotografi|gunung|hiking
1371,Bukit Senayan Pasangkayu,"Bukit Senayan Pasangkayu di Mamuju, Sulawesi Barat. Kawasan dataran tinggi dan lereng gunung yang asri dengan pemandangan perbukitan hijau dan kawah eksotis. Sangat ideal untuk petualangan alam terbuka, hiking santai, perkemahan keluarga, dan melepas penat.",Gunung,Perbukitan,Mamuju,15000,4.3,300.0,"{'lat': -2.700357, 'lng': 118.907053}",-2.700357,118.907053,Sulawesi Barat,alam,15000.0,4.3,1,1,1,1,0,1,0.8333,camping|fotografi|gunung|hiking
1372,Puncak Rura Mamasa Lembah Hijau,"Puncak Rura Mamasa Lembah Hijau di Majene, Sulawesi Barat. Puncak bukit dan pegunungan dengan pemandangan lanskap hijau membentang sejauh mata memandang. Menawarkan pengalaman menikmati golden sunrise, udara bersih bebas polusi, dan spot foto alam yang memesona.",Gunung,Perbukitan,Majene,25000,4.3,180.0,"{'lat': -3.517433, 'lng': 118.978693}",-3.517433,118.978693,Sulawesi Barat,alam,25000.0,4.3,1,1,1,1,0,1,0.8333,camping|fotografi|gunung|hiking
1373,Bukit Teletubbies Polman,"Bukit Teletubbies Polman di Majene, Sulawesi Barat. Puncak bukit dan pegunungan dengan pemandangan lanskap hijau membentang sejauh mata memandang. Menawarkan pengalaman menikmati golden sunrise, udara bersih bebas polusi, dan spot foto alam yang memesona.",Gunung,Perbukitan,Majene,10000,4.6,360.0,"{'lat': -3.549267, 'lng': 119.003908}",-3.549267,119.003908,Sulawesi Barat,alam,10000.0,4.6,1,1,1,0,0,0,0.5,camping|fotografi|gunung|hiking
1374,Puncak Pass Majene Panorama Selat Makassar,"Puncak Pass Majene Panorama Selat Makassar di Mamasa, Sulawesi Barat. Kawasan dataran tinggi dan lereng gunung yang asri dengan pemandangan perbukitan hijau dan kawah eksotis. Sangat ideal untuk petualangan alam terbuka, hiking santai, perkemahan keluarga, dan melepas penat.",Gunung,Perbukitan,Mamasa,50000,4.8,180.0,"{'lat': -2.988744, 'lng': 119.373646}",-2.988744,119.373646,Sulawesi Barat,alam,50000.0,4.8,1,1,1,0,0,0,0.5,camping|fotografi|gunung|hiking
1375,Pulau Karampuang Sumur Tiga Rasa & Terumbu Karang,"Pulau Karampuang Sumur Tiga Rasa & Terumbu Karang di Polewali Mandar (Polman), Sulawesi Barat. Kawasan konservasi alam yang asri dan terlindungi dengan keanekaragaman flora dan fauna tropis endemik. Dilengkapi jalur trekking kayu yang tertata rapi, gazebo istirahat, pusat informasi lingkungan, dan toilet pengunjung.",Cagar Alam,Taman Nasional,Polewali Mandar (Polman),20000,4.6,120.0,"{'lat': -3.471221, 'lng': 119.341999}",-3.471221,119.341999,Sulawesi Barat,alam,20000.0,4.6,1,1,1,0,1,1,0.8333,bahari|edukasi|fotografi|hiking|rekreasi_keluarga|snorkeling
1376,Air Terjun Tamasapi Mamuju Hutan Lindung,"Air Terjun Tamasapi Mamuju Hutan Lindung di Pasangkayu, Sulawesi Barat. Objek wisata alam dengan formasi tebing batuan alami, gua karst purba, serta telaga yang jernih dan tenang. Suasana alam yang tenang memberikan kesegaran pikiran bagi pengunjung yang mencintai ketenangan alam.",Cagar Alam,Air Terjun,Pasangkayu,10000,4.3,180.0,"{'lat': -1.188574, 'lng': 119.360904}",-1.188574,119.360904,Sulawesi Barat,alam,10000.0,4.3,1,1,1,1,0,1,0.8333,alam|edukasi|fotografi|hiking|rekreasi_keluarga
1377,Liawan Waterfall Air Terjun Bertingkat Mamasa,"Liawan Waterfall Air Terjun Bertingkat Mamasa di Pasangkayu, Sulawesi Barat. Wisata alam edukatif berbalut udara segar hutan tropis, aliran sungai yang jernih, serta air terjun bertingkat yang menyejukkan. Pilihan utama untuk riset keanekaragaman hayati dan ekowisata ramah lingkungan.",Cagar Alam,Air Terjun,Pasangkayu,25000,4.6,120.0,"{'lat': -1.144029, 'lng': 119.369481}",-1.144029,119.369481,Sulawesi Barat,alam,25000.0,4.6,1,1,1,1,1,1,1.0,alam|edukasi|fotografi|hiking|rekreasi_keluarga
1378,Permandian Air Panas Limbong Lopi Polman,"Permandian Air Panas Limbong Lopi Polman di Polewali Mandar (Polman), Sulawesi Barat. Kawasan konservasi alam yang asri dan terlindungi dengan keanekaragaman flora dan fauna tropis endemik. Dilengkapi jalur trekking kayu yang tertata rapi, gazebo istirahat, pusat informasi lingkungan, dan toilet pengunjung.",Cagar Alam,Taman Nasional,Polewali Mandar (Polman),20000,4.6,90.0,"{'lat': -3.454242, 'lng': 119.365917}",-3.454242,119.365917,Sulawesi Barat,alam,20000.0,4.6,1,1,1,1,0,1,0.8333,edukasi|fotografi|hiking|rekreasi_keluarga
1379,Gua Purba Kalumpang Arkeologi Prasejarah,"Gua Purba Kalumpang Arkeologi Prasejarah di Majene, Sulawesi Barat. Objek wisata alam dengan formasi tebing batuan alami, gua karst purba, serta telaga yang jernih dan tenang. Suasana alam yang tenang memberikan kesegaran pikiran bagi pengunjung yang mencintai ketenangan alam.",Cagar Alam,Gua,Majene,20000,4.7,150.0,"{'lat': -3.527613, 'lng': 118.929788}",-3.527613,118.929788,Sulawesi Barat,alam,20000.0,4.7,1,1,1,0,1,1,0.8333,edukasi|fotografi|hiking|rekreasi_keluarga
1380,Air Terjun Indo Rannuang Polman,"Air Terjun Indo Rannuang Polman di Mamuju, Sulawesi Barat. Kawasan konservasi alam yang asri dan terlindungi dengan keanekaragaman flora dan fauna tropis endemik. Dilengkapi jalur trekking kayu yang tertata rapi, gazebo istirahat, pusat informasi lingkungan, dan toilet pengunjung.",Cagar Alam,Air Terjun,Mamuju,20000,4.7,150.0,"{'lat': -2.657075, 'lng': 118.848687}",-2.657075,118.848687,Sulawesi Barat,alam,20000.0,4.7,1,1,1,1,0,1,0.8333,alam|edukasi|fotografi|hiking|rekreasi_keluarga
1381,Rawa Mangrove Pasangkayu Ekowisata,"Rawa Mangrove Pasangkayu Ekowisata di Mamuju Tengah Tobadak, Sulawesi Barat. Wisata alam edukatif berbalut udara segar hutan tropis, aliran sungai yang jernih, serta air terjun bertingkat yang menyejukkan. Pilihan utama untuk riset keanekaragaman hayati dan ekowisata ramah lingkungan.",Cagar Alam,Taman Nasional,Mamuju Tengah Tobadak,20000,4.9,120.0,"{'lat': -2.13929, 'lng': 119.26296}",-2.13929,119.26296,Sulawesi Barat,alam,20000.0,4.9,1,1,1,0,1,1,0.8333,edukasi|fotografi|hiking|rekreasi_keluarga
1382,Danau Mampie Surga Burung Air,"Danau Mampie Surga Burung Air di Mamuju, Sulawesi Barat. Kawasan konservasi alam yang asri dan terlindungi dengan keanekaragaman flora dan fauna tropis endemik. Dilengkapi jalur trekking kayu yang tertata rapi, gazebo istirahat, pusat informasi lingkungan, dan toilet pengunjung.",Cagar Alam,Danau,Mamuju,20000,4.3,180.0,"{'lat': -2.696684, 'lng': 118.896526}",-2.696684,118.896526,Sulawesi Barat,alam,20000.0,4.3,1,1,1,0,1,1,0.8333,alam|edukasi|fotografi|hiking|rekreasi_keluarga
1383,Perahu Tradisional Sandeq Mandar Tercepat Dunia Tanpa Mesin,"Perahu Tradisional Sandeq Mandar Tercepat Dunia Tanpa Mesin di Pasangkayu, Sulawesi Barat. Kompleks bangunan bersejarah dan desa adat yang mempertahankan adat istiadat turun-temurun dengan ramah. Wisatawan dapat menyaksikan kerajinan tangan tradisional dan berinteraksi langsung dengan warga setempat.",Budaya,Situs Sejarah,Pasangkayu,10000,4.4,60.0,"{'lat': -1.202537, 'lng': 119.366294}",-1.202537,119.366294,Sulawesi Barat,budaya,10000.0,4.4,1,1,1,0,1,1,0.8333,budaya|edukasi|fotografi|sejarah
1384,Rumah Adat Boyang Mandar Somba Majene,"Rumah Adat Boyang Mandar Somba Majene di Majene, Sulawesi Barat. Kompleks bangunan bersejarah dan desa adat yang mempertahankan adat istiadat turun-temurun dengan ramah. Wisatawan dapat menyaksikan kerajinan tangan tradisional dan berinteraksi langsung dengan warga setempat.",Budaya,Situs Sejarah,Majene,20000,4.7,60.0,"{'lat': -3.55856, 'lng': 118.967238}",-3.55856,118.967238,Sulawesi Barat,budaya,20000.0,4.7,1,1,1,0,1,1,0.8333,budaya|edukasi|fotografi|sejarah
1385,Rumah Tradisional Adat Banua Sibatang Mamasa Tanduk Kerbau,"Rumah Tradisional Adat Banua Sibatang Mamasa Tanduk Kerbau di Mamuju, Sulawesi Barat. Situs cagar budaya bersejarah yang sarat dengan nilai tradisi leluhur, arsitektur arca dan bangunan tradisional yang otentik. Dilengkapi pemandu wisata budaya, museum informasi sejarah, dan pertunjukan seni berkala.",Budaya,Situs Sejarah,Mamuju,15000,4.2,120.0,"{'lat': -2.698076, 'lng': 118.868296}",-2.698076,118.868296,Sulawesi Barat,budaya,15000.0,4.2,1,1,1,0,0,1,0.6667,budaya|edukasi|fotografi|sejarah
1386,Museum Mandar Majene Peninggalan Kerajaan Balanipa,"Museum Mandar Majene Peninggalan Kerajaan Balanipa di Pasangkayu, Sulawesi Barat. Destinasi wisata sejarah dan kearifan lokal yang memperlihatkan warisan peradaban masa lampau melalui koleksi artefak berharga. Tempat ideal untuk belajar mengenai perjuangan bangsa dan filosofi adat masyarakat.",Budaya,Museum,Pasangkayu,15000,4.7,120.0,"{'lat': -1.182417, 'lng': 119.345658}",-1.182417,119.345658,Sulawesi Barat,budaya,15000.0,4.7,1,1,0,1,0,1,0.6667,budaya|edukasi|fotografi|sejarah
1387,Makam Raja-Raja Banggae Majene Bukit Karst,"Makam Raja-Raja Banggae Majene Bukit Karst di Mamuju Tengah Tobadak, Sulawesi Barat. Kompleks bangunan bersejarah dan desa adat yang mempertahankan adat istiadat turun-temurun dengan ramah. Wisatawan dapat menyaksikan kerajinan tangan tradisional dan berinteraksi langsung dengan warga setempat.",Budaya,Situs Sejarah,Mamuju Tengah Tobadak,15000,4.7,90.0,"{'lat': -2.138024, 'lng': 119.308557}",-2.138024,119.308557,Sulawesi Barat,budaya,15000.0,4.7,1,1,1,1,0,1,0.8333,budaya|edukasi|fotografi|sejarah
1388,Sentra Tenun Sutra Mandar Saqbe Tinambung Polman,"Sentra Tenun Sutra Mandar Saqbe Tinambung Polman di Pasangkayu, Sulawesi Barat. Situs cagar budaya bersejarah yang sarat dengan nilai tradisi leluhur, arsitektur arca dan bangunan tradisional yang otentik. Dilengkapi pemandu wisata budaya, museum informasi sejarah, dan pertunjukan seni berkala.",Budaya,Situs Sejarah,Pasangkayu,15000,4.4,120.0,"{'lat': -1.220807, 'lng': 119.356164}",-1.220807,119.356164,Sulawesi Barat,budaya,15000.0,4.4,1,1,0,0,0,1,0.5,budaya|edukasi|fotografi|sejarah
1389,Desa Budaya Ballapeu Mamasa Tarian Tradisional,"Desa Budaya Ballapeu Mamasa Tarian Tradisional di Mamuju Tengah Tobadak, Sulawesi Barat. Destinasi wisata sejarah dan kearifan lokal yang memperlihatkan warisan peradaban masa lampau melalui koleksi artefak berharga. Tempat ideal untuk belajar mengenai perjuangan bangsa dan filosofi adat masyarakat.",Budaya,Desa Adat,Mamuju Tengah Tobadak,25000,4.7,60.0,"{'lat': -2.082739, 'lng': 119.319363}",-2.082739,119.319363,Sulawesi Barat,budaya,25000.0,4.7,1,1,1,0,1,1,0.8333,budaya|edukasi|fotografi|sejarah
1390,Taman Kota Surowako Mamuju,"Taman Kota Surowako Mamuju di Majene, Sulawesi Barat. Kawasan rekreasi bertema dengan wahana pemacu adrenalin, kolam renang bergelombang, serta taman bermain anak yang aman. Dilengkapi staf pengawas keselamatan dan berbagai tenant kuliner lezat.",Taman Hiburan,Taman Rekreasi,Majene,35000,4.3,150.0,"{'lat': -3.542813, 'lng': 119.006526}",-3.542813,119.006526,Sulawesi Barat,hiburan,35000.0,4.3,1,1,1,1,1,1,1.0,edukasi|fotografi|rekreasi_keluarga
1391,Waterpark Polewali Mandar Bahari Manding,"Waterpark Polewali Mandar Bahari Manding di Pasangkayu, Sulawesi Barat. Kawasan rekreasi bertema dengan wahana pemacu adrenalin, kolam renang bergelombang, serta taman bermain anak yang aman. Dilengkapi staf pengawas keselamatan dan berbagai tenant kuliner lezat.",Taman Hiburan,Waterpark,Pasangkayu,150000,4.8,120.0,"{'lat': -1.18302, 'lng': 119.372655}",-1.18302,119.372655,Sulawesi Barat,hiburan,150000.0,4.8,1,1,1,1,1,1,1.0,edukasi|fotografi|rekreasi_keluarga
1392,Anjungan Pantai Manakarra Landmark Raksasa,"Anjungan Pantai Manakarra Landmark Raksasa di Majene, Sulawesi Barat. Destinasi hiburan terpadu dengan spot swafoto kekinian yang estetik, wahana edukasi anak, dan ruang terbuka hijau yang ramah keluarga. Menjadi tempat favorit untuk berekreasi bersama anak-anak di akhir pekan.",Taman Hiburan,Taman Rekreasi,Majene,200000,4.9,180.0,"{'lat': -3.509444, 'lng': 118.975268}",-3.509444,118.975268,Sulawesi Barat,hiburan,200000.0,4.9,1,1,1,1,1,1,1.0,edukasi|fotografi|rekreasi_keluarga
1393,Taman Bunga Mamasa Agrowisata,"Taman Bunga Mamasa Agrowisata di Majene, Sulawesi Barat. Destinasi hiburan terpadu dengan spot swafoto kekinian yang estetik, wahana edukasi anak, dan ruang terbuka hijau yang ramah keluarga. Menjadi tempat favorit untuk berekreasi bersama anak-anak di akhir pekan.",Taman Hiburan,Taman Rekreasi,Majene,50000,4.7,150.0,"{'lat': -3.557698, 'lng': 118.972719}",-3.557698,118.972719,Sulawesi Barat,hiburan,50000.0,4.7,1,1,1,1,1,1,1.0,edukasi|fotografi|rekreasi_keluarga
1394,Pasar Sentral Pekkabata Polman,"Pasar Sentral Pekkabata Polman di Mamuju, Sulawesi Barat. Pusat perbelanjaan dan pasar tradisional khas daerah yang menjual aneka kerajinan tangan, kain tenun atau batik, serta camilan oleh-oleh lokal. Tempat bertemunya tawar-menawar yang hangat dengan harga terjangkau.",Pusat Perbelanjaan,Sentra Kerajinan,Mamuju,0,4.3,120.0,"{'lat': -2.700329, 'lng': 118.872885}",-2.700329,118.872885,Sulawesi Barat,belanja,0.0,4.3,1,1,1,1,1,1,1.0,belanja|budaya|kuliner
1395,Sentra Tenun Saqbe Mandar Tinambung,"Sentra Tenun Saqbe Mandar Tinambung di Mamuju, Sulawesi Barat. Kawasan pertokoan dan pasar seni yang menyajikan ragam cinderamata unik karya perajin lokal dari berbagai penjuru daerah. Selalu ramai dikunjungi wisatawan yang ingin membawa kenang-kenangan autentik.",Pusat Perbelanjaan,Sentra Kerajinan,Mamuju,0,4.3,90.0,"{'lat': -2.686006, 'lng': 118.854075}",-2.686006,118.854075,Sulawesi Barat,belanja,0.0,4.3,1,1,1,1,1,0,0.8333,belanja|budaya|kuliner
1396,Sentra Kopi Arabika Mamasa Asli Pegunungan,"Sentra Kopi Arabika Mamasa Asli Pegunungan di Majene, Sulawesi Barat. Pusat perbelanjaan dan pasar tradisional khas daerah yang menjual aneka kerajinan tangan, kain tenun atau batik, serta camilan oleh-oleh lokal. Tempat bertemunya tawar-menawar yang hangat dengan harga terjangkau.",Pusat Perbelanjaan,Sentra Kerajinan,Majene,0,4.4,120.0,"{'lat': -3.510396, 'lng': 118.945081}",-3.510396,118.945081,Sulawesi Barat,belanja,0.0,4.4,1,1,1,1,1,0,0.8333,belanja|budaya|kuliner
1397,Pusat Kuliner Jepa dan Ikan Terbang Majene,"Pusat Kuliner Jepa dan Ikan Terbang Majene di Mamasa, Sulawesi Barat. Sentra kuliner dan suvenir ikonik yang menyediakan aneka buah tangan khas Nusantara berkualitas tinggi. Dilengkapi area parkir kendaraan wisata, gerai anjungan tunai mandiri (ATM), dan mushola.",Pusat Perbelanjaan,Pasar Tradisional,Mamasa,0,4.6,90.0,"{'lat': -2.95992, 'lng': 119.354351}",-2.95992,119.354351,Sulawesi Barat,belanja,0.0,4.6,1,1,1,0,1,0,0.6667,belanja|budaya|kuliner
1398,Masjid Raya Suhada Mamuju Arsitektur Modern Megah,"Masjid Raya Suhada Mamuju Arsitektur Modern Megah di Polewali Mandar (Polman), Sulawesi Barat. Bangunan keagamaan bersejarah dengan arsitektur megah dan penuh nilai filosofis spiritual tinggi. Menyediakan sarana ibadah yang bersih dan khusyuk, pelataran yang teduh dan asri, serta toilet wudhu yang terawat.",Tempat Ibadah,Masjid,Polewali Mandar (Polman),0,4.9,90.0,"{'lat': -3.439618, 'lng': 119.37196}",-3.439618,119.37196,Sulawesi Barat,religi,0.0,4.9,1,1,1,1,1,1,1.0,budaya|religi|sejarah
1399,Masjid Imam Lapeo Campalagian Ulama Karismatik Mandar,"Masjid Imam Lapeo Campalagian Ulama Karismatik Mandar di Mamuju, Sulawesi Barat. Tempat ibadah cagar budaya dengan ornamen seni pahat antik dan sejarah pendirian yang menginspirasi. Terbuka bagi pengunjung yang ingin berdoa maupun mengagumi keindahan karya arsitektur Nusantara.",Tempat Ibadah,Masjid,Mamuju,0,4.6,90.0,"{'lat': -2.717559, 'lng': 118.857363}",-2.717559,118.857363,Sulawesi Barat,religi,0.0,4.6,1,1,1,1,1,1,1.0,budaya|religi|sejarah
1400,Gereja Tua Mamasa Klasik Kayu Rante-Buda,"Gereja Tua Mamasa Klasik Kayu Rante-Buda di Mamuju, Sulawesi Barat. Tempat ibadah cagar budaya dengan ornamen seni pahat antik dan sejarah pendirian yang menginspirasi. Terbuka bagi pengunjung yang ingin berdoa maupun mengagumi keindahan karya arsitektur Nusantara.",Tempat Ibadah,Gereja,Mamuju,0,4.8,45.0,"{'lat': -2.708688, 'lng': 118.850426}",-2.708688,118.850426,Sulawesi Barat,religi,0.0,4.8,1,1,0,1,1,0,0.6667,budaya|religi|sejarah
1401,Pantai Losari Makassar Ikon Pisang Epe & Sunset,"Pantai Losari Makassar Ikon Pisang Epe & Sunset di Kota Palopo, Sulawesi Selatan. Destinasi wisata pesisir dengan hamparan pasir bersih, deburan ombak yang menenangkan, serta panorama matahari terbenam yang memukau. Dilengkapi fasilitas warung makan seafood lokal, area parkir, toilet umum, dan persewaan payung pantai.",Pantai,Pantai,Kota Palopo,20000,4.8,180.0,"{'lat': -2.993308, 'lng': 120.197745}",-2.993308,120.197745,Sulawesi Selatan,bahari,20000.0,4.8,1,1,1,1,0,1,0.8333,berenang|fotografi|kuliner|pantai|rekreasi_keluarga
1402,Pantai Bira Tanjung Bira Pasir Selembut Tepung Bulukumba,"Pantai Bira Tanjung Bira Pasir Selembut Tepung Bulukumba di Kota Palopo, Sulawesi Selatan. Destinasi wisata pesisir dengan hamparan pasir bersih, deburan ombak yang menenangkan, serta panorama matahari terbenam yang memukau. Dilengkapi fasilitas warung makan seafood lokal, area parkir, toilet umum, dan persewaan payung pantai.",Pantai,Pantai,Kota Palopo,15000,4.3,120.0,"{'lat': -2.977541, 'lng': 120.164922}",-2.977541,120.164922,Sulawesi Selatan,bahari,15000.0,4.3,1,1,1,1,1,0,0.8333,berenang|fotografi|kuliner|pantai|rekreasi_keluarga
1403,Pantai Bara Bulukumba Tepi Tebing Karang Sunyi,"Pantai Bara Bulukumba Tepi Tebing Karang Sunyi di Kota Parepare, Sulawesi Selatan. Pantai eksotis dengan air laut jernih dan deretan pohon kelapa yang rindang. Menjadi lokasi favorit wisatawan untuk bersantai, bermain air bersama keluarga, berswafoto, serta menikmati kelapa muda segar di tepi pantai.",Pantai,Pantai,Kota Parepare,20000,4.8,180.0,"{'lat': -4.020788, 'lng': 119.62601}",-4.020788,119.62601,Sulawesi Selatan,bahari,20000.0,4.8,1,1,1,1,1,1,1.0,bahari|berenang|fotografi|kuliner|pantai|rekreasi_keluarga|snorkeling
1404,Pantai Marina Bantaeng Kawasan Rekreasi Pantai,"Pantai Marina Bantaeng Kawasan Rekreasi Pantai di Bone Watampone, Sulawesi Selatan. Destinasi wisata pesisir dengan hamparan pasir bersih, deburan ombak yang menenangkan, serta panorama matahari terbenam yang memukau. Dilengkapi fasilitas warung makan seafood lokal, area parkir, toilet umum, dan persewaan payung pantai.",Pantai,Pantai,Bone Watampone,25000,4.3,150.0,"{'lat': -4.515403, 'lng': 120.323865}",-4.515403,120.323865,Sulawesi Selatan,bahari,25000.0,4.3,1,1,1,1,0,0,0.6667,berenang|fotografi|kuliner|pantai|rekreasi_keluarga
1405,Pantai Akkarena Makassar Kafe Tepi Laut,"Pantai Akkarena Makassar Kafe Tepi Laut di Bulukumba, Sulawesi Selatan. Destinasi wisata pesisir dengan hamparan pasir bersih, deburan ombak yang menenangkan, serta panorama matahari terbenam yang memukau. Dilengkapi fasilitas warung makan seafood lokal, area parkir, toilet umum, dan persewaan payung pantai.",Pantai,Pantai,Bulukumba,20000,4.4,180.0,"{'lat': -5.538048, 'lng': 120.19035}",-5.538048,120.19035,Sulawesi Selatan,bahari,20000.0,4.4,1,1,1,1,0,0,0.6667,berenang|fotografi|kuliner|pantai|rekreasi_keluarga
1406,Pantai Liang Kareta Kepulauan Selayar Pasir Murni,"Pantai Liang Kareta Kepulauan Selayar Pasir Murni di Tana Toraja Makale, Sulawesi Selatan. Pantai eksotis dengan air laut jernih dan deretan pohon kelapa yang rindang. Menjadi lokasi favorit wisatawan untuk bersantai, bermain air bersama keluarga, berswafoto, serta menikmati kelapa muda segar di tepi pantai.",Pantai,Pantai,Tana Toraja Makale,25000,4.8,180.0,"{'lat': -3.136137, 'lng': 119.868114}",-3.136137,119.868114,Sulawesi Selatan,bahari,25000.0,4.8,1,1,1,1,0,1,0.8333,berenang|fotografi|kuliner|pantai|rekreasi_keluarga
1407,Pantai Kuri Caddi Maros Pesisir Asri,"Pantai Kuri Caddi Maros Pesisir Asri di Maros, Sulawesi Selatan. Kawasan pantai dengan keindahan garis pantai memanjang, batuan karang yang menawan, serta angin sepoi-sepoi yang menyegarkan. Sangat cocok untuk aktivitas rekreasi, jalan santai di tepi air, dan piknik sore hari.",Pantai,Pantai,Maros,30000,4.5,240.0,"{'lat': -4.963719, 'lng': 119.530055}",-4.963719,119.530055,Sulawesi Selatan,bahari,30000.0,4.5,1,1,1,1,0,1,0.8333,berenang|fotografi|kuliner|pantai|rekreasi_keluarga
1408,Pantai Galesong Takalar Resor Waterboom,"Pantai Galesong Takalar Resor Waterboom di Kepulauan Selayar Benteng, Sulawesi Selatan. Pantai eksotis dengan air laut jernih dan deretan pohon kelapa yang rindang. Menjadi lokasi favorit wisatawan untuk bersantai, bermain air bersama keluarga, berswafoto, serta menikmati kelapa muda segar di tepi pantai.",Pantai,Pantai,Kepulauan Selayar Benteng,10000,4.3,180.0,"{'lat': -6.131551, 'lng': 120.504488}",-6.131551,120.504488,Sulawesi Selatan,bahari,10000.0,4.3,1,1,1,1,0,0,0.6667,berenang|fotografi|kuliner|pantai|rekreasi_keluarga
1409,Pantai Lemo-Lemo Bulukumba Pembuatan Perahu Pinisi,"Pantai Lemo-Lemo Bulukumba Pembuatan Perahu Pinisi di Kota Parepare, Sulawesi Selatan. Kawasan pantai dengan keindahan garis pantai memanjang, batuan karang yang menawan, serta angin sepoi-sepoi yang menyegarkan. Sangat cocok untuk aktivitas rekreasi, jalan santai di tepi air, dan piknik sore hari.",Pantai,Pantai,Kota Parepare,15000,4.3,150.0,"{'lat': -4.043154, 'lng': 119.668436}",-4.043154,119.668436,Sulawesi Selatan,bahari,15000.0,4.3,1,1,1,1,0,0,0.6667,berenang|fotografi|kuliner|pantai|rekreasi_keluarga
1410,Pantai Apparalang Bulukumba Tebing Mirip Raja Ampat,"Pantai Apparalang Bulukumba Tebing Mirip Raja Ampat di Kota Makassar, Sulawesi Selatan. Kawasan pantai dengan keindahan garis pantai memanjang, batuan karang yang menawan, serta angin sepoi-sepoi yang menyegarkan. Sangat cocok untuk aktivitas rekreasi, jalan santai di tepi air, dan piknik sore hari.",Pantai,Pantai,Kota Makassar,10000,4.2,120.0,"{'lat': -5.143527, 'lng': 119.433396}",-5.143527,119.433396,Sulawesi Selatan,bahari,10000.0,4.2,1,1,1,1,0,0,0.6667,berenang|fotografi|kuliner|pantai|rekreasi_keluarga
1411,Pantai Ujung Genteng Bone,"Pantai Ujung Genteng Bone di Toraja Utara Rantepao, Sulawesi Selatan. Kawasan pantai dengan keindahan garis pantai memanjang, batuan karang yang menawan, serta angin sepoi-sepoi yang menyegarkan. Sangat cocok untuk aktivitas rekreasi, jalan santai di tepi air, dan piknik sore hari.",Pantai,Pantai,Toraja Utara Rantepao,15000,4.5,180.0,"{'lat': -2.967631, 'lng': 119.925792}",-2.967631,119.925792,Sulawesi Selatan,bahari,15000.0,4.5,1,1,1,1,0,0,0.6667,berenang|fotografi|kuliner|pantai|rekreasi_keluarga
1412,Pantai Baloiya Selayar Gua Karang,"Pantai Baloiya Selayar Gua Karang di Tana Toraja Makale, Sulawesi Selatan. Pantai eksotis dengan air laut jernih dan deretan pohon kelapa yang rindang. Menjadi lokasi favorit wisatawan untuk bersantai, bermain air bersama keluarga, berswafoto, serta menikmati kelapa muda segar di tepi pantai.",Pantai,Pantai,Tana Toraja Makale,5000,4.3,240.0,"{'lat': -3.129906, 'lng': 119.863008}",-3.129906,119.863008,Sulawesi Selatan,bahari,5000.0,4.3,1,1,1,1,0,0,0.6667,bahari|berenang|fotografi|kuliner|pantai|rekreasi_keluarga|snorkeling
1413,Pantai Mattirotasi Parepare,"Pantai Mattirotasi Parepare di Bone Watampone, Sulawesi Selatan. Destinasi wisata pesisir dengan hamparan pasir bersih, deburan ombak yang menenangkan, serta panorama matahari terbenam yang memukau. Dilengkapi fasilitas warung makan seafood lokal, area parkir, toilet umum, dan persewaan payung pantai.",Pantai,Pantai,Bone Watampone,30000,4.3,180.0,"{'lat': -4.562355, 'lng': 120.298976}",-4.562355,120.298976,Sulawesi Selatan,bahari,30000.0,4.3,1,1,1,1,1,0,0.8333,berenang|fotografi|kuliner|pantai|rekreasi_keluarga
1414,Pantai Lowita Pinrang,"Pantai Lowita Pinrang di Tana Toraja Makale, Sulawesi Selatan. Kawasan pantai dengan keindahan garis pantai memanjang, batuan karang yang menawan, serta angin sepoi-sepoi yang menyegarkan. Sangat cocok untuk aktivitas rekreasi, jalan santai di tepi air, dan piknik sore hari.",Pantai,Pantai,Tana Toraja Makale,15000,4.6,240.0,"{'lat': -3.134052, 'lng': 119.839238}",-3.134052,119.839238,Sulawesi Selatan,bahari,15000.0,4.6,1,1,1,1,1,1,1.0,berenang|fotografi|kuliner|pantai|rekreasi_keluarga
1415,Gunung Bawakaraeng Malino Gowa Sakral,"Gunung Bawakaraeng Malino Gowa Sakral di Kota Palopo, Sulawesi Selatan. Kawasan dataran tinggi dan lereng gunung yang asri dengan pemandangan perbukitan hijau dan kawah eksotis. Sangat ideal untuk petualangan alam terbuka, hiking santai, perkemahan keluarga, dan melepas penat.",Gunung,Gunung,Kota Palopo,10000,4.8,180.0,"{'lat': -3.028573, 'lng': 120.210435}",-3.028573,120.210435,Sulawesi Selatan,alam,10000.0,4.8,1,1,1,1,0,1,0.8333,camping|fotografi|gunung|hiking
1416,Gunung Latimojong Puncak Rante Mario Tertinggi Sulawesi (3.478 mdpl),"Gunung Latimojong Puncak Rante Mario Tertinggi Sulawesi (3.478 mdpl) di Bone Watampone, Sulawesi Selatan. Destinasi wisata pegunungan berhawa sejuk dengan jalur pendakian yang menantang dan panorama lautan awan yang spektakuler saat fajar. Tersedia pos peristirahatan, warung logistik pendaki, area perkemahan, dan pemandu lokal.",Gunung,Gunung,Bone Watampone,10000,4.2,240.0,"{'lat': -4.52041, 'lng': 120.346906}",-4.52041,120.346906,Sulawesi Selatan,alam,10000.0,4.2,1,1,1,1,1,0,0.8333,camping|fotografi|gunung|hiking
1417,Puncak Lolai Toraja Utara Negeri di Atas Awan Tongkonan,"Puncak Lolai Toraja Utara Negeri di Atas Awan Tongkonan di Kota Palopo, Sulawesi Selatan. Puncak bukit dan pegunungan dengan pemandangan lanskap hijau membentang sejauh mata memandang. Menawarkan pengalaman menikmati golden sunrise, udara bersih bebas polusi, dan spot foto alam yang memesona.",Gunung,Perbukitan,Kota Palopo,25000,4.4,360.0,"{'lat': -3.018846, 'lng': 120.193009}",-3.018846,120.193009,Sulawesi Selatan,alam,25000.0,4.4,1,1,1,0,1,0,0.6667,camping|fotografi|gunung|hiking
1418,Gunung Sesean Toraja Pemandangan Awan Megah,"Gunung Sesean Toraja Pemandangan Awan Megah di Kepulauan Selayar Benteng, Sulawesi Selatan. Destinasi wisata pegunungan berhawa sejuk dengan jalur pendakian yang menantang dan panorama lautan awan yang spektakuler saat fajar. Tersedia pos peristirahatan, warung logistik pendaki, area perkemahan, dan pemandu lokal.",Gunung,Gunung,Kepulauan Selayar Benteng,15000,4.2,360.0,"{'lat': -6.115396, 'lng': 120.534563}",-6.115396,120.534563,Sulawesi Selatan,alam,15000.0,4.2,1,1,1,1,1,1,1.0,camping|fotografi|gunung|hiking
1419,Malino Highlands Perkebunan Teh Dingin Sejuk,"Malino Highlands Perkebunan Teh Dingin Sejuk di Kota Parepare, Sulawesi Selatan. Kawasan dataran tinggi dan lereng gunung yang asri dengan pemandangan perbukitan hijau dan kawah eksotis. Sangat ideal untuk petualangan alam terbuka, hiking santai, perkemahan keluarga, dan melepas penat.",Gunung,Perbukitan,Kota Parepare,35000,4.8,240.0,"{'lat': -4.053595, 'lng': 119.648339}",-4.053595,119.648339,Sulawesi Selatan,alam,35000.0,4.8,1,1,1,0,0,1,0.6667,camping|fotografi|gunung|hiking
1420,Bukit Ollon Toraja Lembah Swiss Sabana Domba,"Bukit Ollon Toraja Lembah Swiss Sabana Domba di Bone Watampone, Sulawesi Selatan. Kawasan dataran tinggi dan lereng gunung yang asri dengan pemandangan perbukitan hijau dan kawah eksotis. Sangat ideal untuk petualangan alam terbuka, hiking santai, perkemahan keluarga, dan melepas penat.",Gunung,Perbukitan,Bone Watampone,20000,4.9,360.0,"{'lat': -4.503069, 'lng': 120.343955}",-4.503069,120.343955,Sulawesi Selatan,alam,20000.0,4.9,1,1,1,0,0,0,0.5,camping|fotografi|gunung|hiking
1421,Puncak Pabbentengang Maros Karst Purba,"Puncak Pabbentengang Maros Karst Purba di Tana Toraja Makale, Sulawesi Selatan. Puncak bukit dan pegunungan dengan pemandangan lanskap hijau membentang sejauh mata memandang. Menawarkan pengalaman menikmati golden sunrise, udara bersih bebas polusi, dan spot foto alam yang memesona.",Gunung,Perbukitan,Tana Toraja Makale,20000,4.8,360.0,"{'lat': -3.132277, 'lng': 119.835689}",-3.132277,119.835689,Sulawesi Selatan,alam,20000.0,4.8,1,1,1,0,0,0,0.5,camping|fotografi|gunung|hiking
1422,Gunung Bulusaraung Pangkep Tracking Karst,"Gunung Bulusaraung Pangkep Tracking Karst di Kota Parepare, Sulawesi Selatan. Puncak bukit dan pegunungan dengan pemandangan lanskap hijau membentang sejauh mata memandang. Menawarkan pengalaman menikmati golden sunrise, udara bersih bebas polusi, dan spot foto alam yang memesona.",Gunung,Gunung,Kota Parepare,20000,4.8,240.0,"{'lat': -3.980195, 'lng': 119.646149}",-3.980195,119.646149,Sulawesi Selatan,alam,20000.0,4.8,1,1,1,1,1,1,1.0,camping|fotografi|gunung|hiking
1423,Puncak Tinggimoncong Gowa,"Puncak Tinggimoncong Gowa di Bulukumba, Sulawesi Selatan. Destinasi wisata pegunungan berhawa sejuk dengan jalur pendakian yang menantang dan panorama lautan awan yang spektakuler saat fajar. Tersedia pos peristirahatan, warung logistik pendaki, area perkemahan, dan pemandu lokal.",Gunung,Perbukitan,Bulukumba,20000,4.5,360.0,"{'lat': -5.535022, 'lng': 120.162317}",-5.535022,120.162317,Sulawesi Selatan,alam,20000.0,4.5,1,1,1,1,0,1,0.8333,camping|fotografi|gunung|hiking
1424,Puncak Biringkanaya Makassar,"Puncak Biringkanaya Makassar di Kota Palopo, Sulawesi Selatan. Destinasi wisata pegunungan berhawa sejuk dengan jalur pendakian yang menantang dan panorama lautan awan yang spektakuler saat fajar. Tersedia pos peristirahatan, warung logistik pendaki, area perkemahan, dan pemandu lokal.",Gunung,Perbukitan,Kota Palopo,25000,4.8,300.0,"{'lat': -3.001602, 'lng': 120.220122}",-3.001602,120.220122,Sulawesi Selatan,alam,25000.0,4.8,1,1,1,0,1,0,0.6667,camping|fotografi|gunung|hiking
1425,Taman Nasional Bantimurung Maros Kerajaan Kupu-Kupu Dunia,"Taman Nasional Bantimurung Maros Kerajaan Kupu-Kupu Dunia di Kota Palopo, Sulawesi Selatan. Objek wisata alam dengan formasi tebing batuan alami, gua karst purba, serta telaga yang jernih dan tenang. Suasana alam yang tenang memberikan kesegaran pikiran bagi pengunjung yang mencintai ketenangan alam.",Cagar Alam,Taman Nasional,Kota Palopo,25000,4.5,120.0,"{'lat': -2.969018, 'lng': 120.180081}",-2.969018,120.180081,Sulawesi Selatan,alam,25000.0,4.5,1,1,1,0,1,1,0.8333,edukasi|fotografi|hiking|rekreasi_keluarga
1426,Rammang-Rammang Maros Kawasan Karst Terbesar Kedua di Dunia,"Rammang-Rammang Maros Kawasan Karst Terbesar Kedua di Dunia di Kota Makassar, Sulawesi Selatan. Objek wisata alam dengan formasi tebing batuan alami, gua karst purba, serta telaga yang jernih dan tenang. Suasana alam yang tenang memberikan kesegaran pikiran bagi pengunjung yang mencintai ketenangan alam.",Cagar Alam,Taman Nasional,Kota Makassar,20000,4.4,90.0,"{'lat': -5.11187, 'lng': 119.441764}",-5.11187,119.441764,Sulawesi Selatan,alam,20000.0,4.4,1,1,1,0,0,1,0.6667,edukasi|fotografi|hiking|rekreasi_keluarga
1427,Taman Laut Nasional Taka Bonerate Atol Terbesar Ketiga Dunia Selayar,"Taman Laut Nasional Taka Bonerate Atol Terbesar Ketiga Dunia Selayar di Kota Makassar, Sulawesi Selatan. Objek wisata alam dengan formasi tebing batuan alami, gua karst purba, serta telaga yang jernih dan tenang. Suasana alam yang tenang memberikan kesegaran pikiran bagi pengunjung yang mencintai ketenangan alam.",Cagar Alam,Taman Nasional,Kota Makassar,20000,4.3,90.0,"{'lat': -5.125265, 'lng': 119.419363}",-5.125265,119.419363,Sulawesi Selatan,alam,20000.0,4.3,1,1,1,0,0,1,0.6667,edukasi|fotografi|hiking|rekreasi_keluarga
1428,Danau Tempe Wajo Rumah Terapung Tradisional,"Danau Tempe Wajo Rumah Terapung Tradisional di Kepulauan Selayar Benteng, Sulawesi Selatan. Kawasan konservasi alam yang asri dan terlindungi dengan keanekaragaman flora dan fauna tropis endemik. Dilengkapi jalur trekking kayu yang tertata rapi, gazebo istirahat, pusat informasi lingkungan, dan toilet pengunjung.",Cagar Alam,Danau,Kepulauan Selayar Benteng,25000,4.5,150.0,"{'lat': -6.077883, 'lng': 120.543752}",-6.077883,120.543752,Sulawesi Selatan,alam,25000.0,4.5,1,1,1,1,0,1,0.8333,alam|edukasi|fotografi|hiking|rekreasi_keluarga
1429,Gua Leang-Leang Maros Lukisan Dinding Prasejarah Tertua Dunia (45.000 Tahun),"Gua Leang-Leang Maros Lukisan Dinding Prasejarah Tertua Dunia (45.000 Tahun) di Kota Makassar, Sulawesi Selatan. Objek wisata alam dengan formasi tebing batuan alami, gua karst purba, serta telaga yang jernih dan tenang. Suasana alam yang tenang memberikan kesegaran pikiran bagi pengunjung yang mencintai ketenangan alam.",Cagar Alam,Gua,Kota Makassar,10000,4.2,90.0,"{'lat': -5.170451, 'lng': 119.451367}",-5.170451,119.451367,Sulawesi Selatan,alam,10000.0,4.2,1,1,1,0,0,1,0.6667,edukasi|fotografi|hiking|rekreasi_keluarga
1430,Air Terjun Bantimurung Tirai Raksasa,"Air Terjun Bantimurung Tirai Raksasa di Gowa Sungguminasa, Sulawesi Selatan. Objek wisata alam dengan formasi tebing batuan alami, gua karst purba, serta telaga yang jernih dan tenang. Suasana alam yang tenang memberikan kesegaran pikiran bagi pengunjung yang mencintai ketenangan alam.",Cagar Alam,Air Terjun,Gowa Sungguminasa,20000,4.2,120.0,"{'lat': -5.201208, 'lng': 119.422556}",-5.201208,119.422556,Sulawesi Selatan,alam,20000.0,4.2,1,1,1,1,0,1,0.8333,alam|edukasi|fotografi|hiking|rekreasi_keluarga
1431,Air Terjun Ketemu Jodoh Malino,"Air Terjun Ketemu Jodoh Malino di Kepulauan Selayar Benteng, Sulawesi Selatan. Objek wisata alam dengan formasi tebing batuan alami, gua karst purba, serta telaga yang jernih dan tenang. Suasana alam yang tenang memberikan kesegaran pikiran bagi pengunjung yang mencintai ketenangan alam.",Cagar Alam,Air Terjun,Kepulauan Selayar Benteng,25000,4.8,120.0,"{'lat': -6.134903, 'lng': 120.486591}",-6.134903,120.486591,Sulawesi Selatan,alam,25000.0,4.8,1,1,1,1,1,1,1.0,alam|edukasi|fotografi|hiking|rekreasi_keluarga
1432,Danau Matano Luwu Timur Danau Terdalam Se-Asia Tenggara,"Danau Matano Luwu Timur Danau Terdalam Se-Asia Tenggara di Maros, Sulawesi Selatan. Objek wisata alam dengan formasi tebing batuan alami, gua karst purba, serta telaga yang jernih dan tenang. Suasana alam yang tenang memberikan kesegaran pikiran bagi pengunjung yang mencintai ketenangan alam.",Cagar Alam,Danau,Maros,25000,4.2,90.0,"{'lat': -5.033878, 'lng': 119.567061}",-5.033878,119.567061,Sulawesi Selatan,alam,25000.0,4.2,1,1,1,1,1,1,1.0,alam|edukasi|fotografi|hiking|rekreasi_keluarga
1433,Kete Kesu Toraja Desa Adat Tongkonan & Makam Tebing Pahat,"Kete Kesu Toraja Desa Adat Tongkonan & Makam Tebing Pahat di Kota Palopo, Sulawesi Selatan. Destinasi wisata sejarah dan kearifan lokal yang memperlihatkan warisan peradaban masa lampau melalui koleksi artefak berharga. Tempat ideal untuk belajar mengenai perjuangan bangsa dan filosofi adat masyarakat.",Budaya,Desa Adat,Kota Palopo,20000,4.5,120.0,"{'lat': -3.022352, 'lng': 120.21427}",-3.022352,120.21427,Sulawesi Selatan,budaya,20000.0,4.5,1,1,1,1,1,1,1.0,budaya|edukasi|fotografi|sejarah
1434,Londa Toraja Makam Gua Gantung Pahat Peti Mati Kuno,"Londa Toraja Makam Gua Gantung Pahat Peti Mati Kuno di Maros, Sulawesi Selatan. Kompleks bangunan bersejarah dan desa adat yang mempertahankan adat istiadat turun-temurun dengan ramah. Wisatawan dapat menyaksikan kerajinan tangan tradisional dan berinteraksi langsung dengan warga setempat.",Budaya,Situs Sejarah,Maros,5000,4.6,120.0,"{'lat': -5.015828, 'lng': 119.563412}",-5.015828,119.563412,Sulawesi Selatan,budaya,5000.0,4.6,1,1,1,0,0,1,0.6667,budaya|edukasi|fotografi|sejarah
1435,Desa Tanah Beru Bulukumba Pusat Pembuatan Kapal Pinisi Warisan UNESCO,"Desa Tanah Beru Bulukumba Pusat Pembuatan Kapal Pinisi Warisan UNESCO di Gowa Sungguminasa, Sulawesi Selatan. Kompleks bangunan bersejarah dan desa adat yang mempertahankan adat istiadat turun-temurun dengan ramah. Wisatawan dapat menyaksikan kerajinan tangan tradisional dan berinteraksi langsung dengan warga setempat.",Budaya,Desa Adat,Gowa Sungguminasa,20000,4.6,120.0,"{'lat': -5.162649, 'lng': 119.45488}",-5.162649,119.45488,Sulawesi Selatan,budaya,20000.0,4.6,1,1,1,0,1,1,0.8333,budaya|edukasi|fotografi|sejarah
1436,Benteng Rotterdam Fort Rotterdam Makassar 1673,"Benteng Rotterdam Fort Rotterdam Makassar 1673 di Bone Watampone, Sulawesi Selatan. Situs cagar budaya bersejarah yang sarat dengan nilai tradisi leluhur, arsitektur arca dan bangunan tradisional yang otentik. Dilengkapi pemandu wisata budaya, museum informasi sejarah, dan pertunjukan seni berkala.",Budaya,Benteng,Bone Watampone,25000,4.3,90.0,"{'lat': -4.515095, 'lng': 120.352817}",-4.515095,120.352817,Sulawesi Selatan,budaya,25000.0,4.3,1,1,1,0,1,1,0.8333,budaya|edukasi|fotografi|sejarah
1437,Benteng Somba Opu Peninggalan Kejayaan Kesultanan Gowa,"Benteng Somba Opu Peninggalan Kejayaan Kesultanan Gowa di Kota Parepare, Sulawesi Selatan. Situs cagar budaya bersejarah yang sarat dengan nilai tradisi leluhur, arsitektur arca dan bangunan tradisional yang otentik. Dilengkapi pemandu wisata budaya, museum informasi sejarah, dan pertunjukan seni berkala.",Budaya,Benteng,Kota Parepare,5000,4.6,90.0,"{'lat': -4.020933, 'lng': 119.631445}",-4.020933,119.631445,Sulawesi Selatan,budaya,5000.0,4.6,1,1,1,1,0,1,0.8333,budaya|edukasi|fotografi|sejarah
1438,Istana Balla Lompoa Museum Pusaka Emas Kerajaan Gowa,"Istana Balla Lompoa Museum Pusaka Emas Kerajaan Gowa di Kota Palopo, Sulawesi Selatan. Situs cagar budaya bersejarah yang sarat dengan nilai tradisi leluhur, arsitektur arca dan bangunan tradisional yang otentik. Dilengkapi pemandu wisata budaya, museum informasi sejarah, dan pertunjukan seni berkala.",Budaya,Museum,Kota Palopo,20000,4.5,60.0,"{'lat': -3.02096, 'lng': 120.224586}",-3.02096,120.224586,Sulawesi Selatan,budaya,20000.0,4.5,1,1,1,1,0,1,0.8333,budaya|edukasi|fotografi|sejarah
1439,Kompleks Makam Raja-Raja Tallo Makassar,"Kompleks Makam Raja-Raja Tallo Makassar di Toraja Utara Rantepao, Sulawesi Selatan. Destinasi wisata sejarah dan kearifan lokal yang memperlihatkan warisan peradaban masa lampau melalui koleksi artefak berharga. Tempat ideal untuk belajar mengenai perjuangan bangsa dan filosofi adat masyarakat.",Budaya,Situs Sejarah,Toraja Utara Rantepao,5000,4.9,90.0,"{'lat': -2.939528, 'lng': 119.920847}",-2.939528,119.920847,Sulawesi Selatan,budaya,5000.0,4.9,1,1,1,0,0,1,0.6667,budaya|edukasi|fotografi|sejarah
1440,Trans Studio Mall Makassar Theme Park,"Trans Studio Mall Makassar Theme Park di Kota Palopo, Sulawesi Selatan. Kawasan rekreasi bertema dengan wahana pemacu adrenalin, kolam renang bergelombang, serta taman bermain anak yang aman. Dilengkapi staf pengawas keselamatan dan berbagai tenant kuliner lezat.",Taman Hiburan,Taman Rekreasi,Kota Palopo,100000,4.2,180.0,"{'lat': -3.008785, 'lng': 120.200625}",-3.008785,120.200625,Sulawesi Selatan,hiburan,100000.0,4.2,1,1,1,1,1,1,1.0,edukasi|fotografi|rekreasi_keluarga
1441,Bugis Waterpark Adventure Makassar,"Bugis Waterpark Adventure Makassar di Toraja Utara Rantepao, Sulawesi Selatan. Kawasan rekreasi bertema dengan wahana pemacu adrenalin, kolam renang bergelombang, serta taman bermain anak yang aman. Dilengkapi staf pengawas keselamatan dan berbagai tenant kuliner lezat.",Taman Hiburan,Waterpark,Toraja Utara Rantepao,100000,4.9,180.0,"{'lat': -2.989962, 'lng': 119.904993}",-2.989962,119.904993,Sulawesi Selatan,hiburan,100000.0,4.9,1,1,1,1,1,1,1.0,edukasi|fotografi|rekreasi_keluarga
1442,Pantai Pasir Putih CPI Sunset Quay,"Pantai Pasir Putih CPI Sunset Quay di Kepulauan Selayar Benteng, Sulawesi Selatan. Destinasi hiburan terpadu dengan spot swafoto kekinian yang estetik, wahana edukasi anak, dan ruang terbuka hijau yang ramah keluarga. Menjadi tempat favorit untuk berekreasi bersama anak-anak di akhir pekan.",Taman Hiburan,Taman Rekreasi,Kepulauan Selayar Benteng,100000,4.3,120.0,"{'lat': -6.137841, 'lng': 120.51361}",-6.137841,120.51361,Sulawesi Selatan,hiburan,100000.0,4.3,1,1,1,1,1,1,1.0,edukasi|fotografi|rekreasi_keluarga
1443,Taman Gajah Makassar Ruang Publik,"Taman Gajah Makassar Ruang Publik di Kepulauan Selayar Benteng, Sulawesi Selatan. Taman rekreasi modern keluarga yang menghadirkan beragam wahana permainan seru, atraksi air, serta pertunjukan tematik interaktif. Memiliki fasilitas lengkap seperti food court, musala yang nyaman, toilet bersih, dan area parkir luas.",Taman Hiburan,Taman Rekreasi,Kepulauan Selayar Benteng,35000,4.4,120.0,"{'lat': -6.10076, 'lng': 120.506755}",-6.10076,120.506755,Sulawesi Selatan,hiburan,35000.0,4.4,1,1,1,1,1,1,1.0,edukasi|fotografi|rekreasi_keluarga
1444,Pasar Butung Makassar Pusat Grosir Tekstil,"Pasar Butung Makassar Pusat Grosir Tekstil di Maros, Sulawesi Selatan. Sentra kuliner dan suvenir ikonik yang menyediakan aneka buah tangan khas Nusantara berkualitas tinggi. Dilengkapi area parkir kendaraan wisata, gerai anjungan tunai mandiri (ATM), dan mushola.",Pusat Perbelanjaan,Pasar Tradisional,Maros,0,4.3,60.0,"{'lat': -5.024211, 'lng': 119.59628}",-5.024211,119.59628,Sulawesi Selatan,belanja,0.0,4.3,1,1,1,1,1,1,1.0,belanja|budaya|kuliner
1445,Sentra Minyak Tawon Somba Opu,"Sentra Minyak Tawon Somba Opu di Kota Makassar, Sulawesi Selatan. Pusat perbelanjaan dan pasar tradisional khas daerah yang menjual aneka kerajinan tangan, kain tenun atau batik, serta camilan oleh-oleh lokal. Tempat bertemunya tawar-menawar yang hangat dengan harga terjangkau.",Pusat Perbelanjaan,Sentra Kerajinan,Kota Makassar,0,4.8,90.0,"{'lat': -5.145733, 'lng': 119.403889}",-5.145733,119.403889,Sulawesi Selatan,belanja,0.0,4.8,1,1,1,0,1,0,0.6667,belanja|budaya|kuliner
1446,Sentra Kain Sutera Sengkang Wajo,"Sentra Kain Sutera Sengkang Wajo di Tana Toraja Makale, Sulawesi Selatan. Sentra kuliner dan suvenir ikonik yang menyediakan aneka buah tangan khas Nusantara berkualitas tinggi. Dilengkapi area parkir kendaraan wisata, gerai anjungan tunai mandiri (ATM), dan mushola.",Pusat Perbelanjaan,Sentra Kerajinan,Tana Toraja Makale,0,4.6,120.0,"{'lat': -3.116462, 'lng': 119.900458}",-3.116462,119.900458,Sulawesi Selatan,belanja,0.0,4.6,1,1,1,1,1,0,0.8333,belanja|budaya|kuliner
1447,Sentra Kopi Arabika Toraja Asli Rantepao,"Sentra Kopi Arabika Toraja Asli Rantepao di Bulukumba, Sulawesi Selatan. Kawasan pertokoan dan pasar seni yang menyajikan ragam cinderamata unik karya perajin lokal dari berbagai penjuru daerah. Selalu ramai dikunjungi wisatawan yang ingin membawa kenang-kenangan autentik.",Pusat Perbelanjaan,Sentra Kerajinan,Bulukumba,0,4.5,120.0,"{'lat': -5.537982, 'lng': 120.171321}",-5.537982,120.171321,Sulawesi Selatan,belanja,0.0,4.5,1,1,1,0,1,1,0.8333,belanja|budaya|kuliner
1448,Masjid 99 Kubah CPI Makassar Karya Ridwan Kamil Megah,"Masjid 99 Kubah CPI Makassar Karya Ridwan Kamil Megah di Bulukumba, Sulawesi Selatan. Tempat ibadah cagar budaya dengan ornamen seni pahat antik dan sejarah pendirian yang menginspirasi. Terbuka bagi pengunjung yang ingin berdoa maupun mengagumi keindahan karya arsitektur Nusantara.",Tempat Ibadah,Masjid,Bulukumba,0,4.7,90.0,"{'lat': -5.552231, 'lng': 120.176849}",-5.552231,120.176849,Sulawesi Selatan,religi,0.0,4.7,1,1,1,1,1,1,1.0,budaya|religi|sejarah
1449,Masjid Terapung Amirul Mukminin Pantai Losari,"Masjid Terapung Amirul Mukminin Pantai Losari di Kepulauan Selayar Benteng, Sulawesi Selatan. Ikon wisata religi yang terkenal dengan kedamaian suasananya, toleransi antarwarga, serta kubah atau menara yang menjulang indah. Menjadi tempat ziarah sekaligus edukasi spiritual bagi masyarakat luas.",Tempat Ibadah,Masjid,Kepulauan Selayar Benteng,0,4.9,45.0,"{'lat': -6.143561, 'lng': 120.533907}",-6.143561,120.533907,Sulawesi Selatan,religi,0.0,4.9,1,1,1,1,1,0,0.8333,budaya|religi|sejarah
1450,Masjid Raya Makassar Arsitektur Timur Tengah,"Masjid Raya Makassar Arsitektur Timur Tengah di Kepulauan Selayar Benteng, Sulawesi Selatan. Bangunan keagamaan bersejarah dengan arsitektur megah dan penuh nilai filosofis spiritual tinggi. Menyediakan sarana ibadah yang bersih dan khusyuk, pelataran yang teduh dan asri, serta toilet wudhu yang terawat.",Tempat Ibadah,Masjid,Kepulauan Selayar Benteng,0,4.6,90.0,"{'lat': -6.151336, 'lng': 120.554858}",-6.151336,120.554858,Sulawesi Selatan,religi,0.0,4.6,1,1,0,1,1,0,0.6667,budaya|religi|sejarah
1451,Pantai Nirwana Baubau Tiga Warna Pasir Mutiara,"Pantai Nirwana Baubau Tiga Warna Pasir Mutiara di Kolaka, Sulawesi Tenggara. Destinasi wisata pesisir dengan hamparan pasir bersih, deburan ombak yang menenangkan, serta panorama matahari terbenam yang memukau. Dilengkapi fasilitas warung makan seafood lokal, area parkir, toilet umum, dan persewaan payung pantai.",Pantai,Pantai,Kolaka,25000,4.9,150.0,"{'lat': -4.053313, 'lng': 121.567577}",-4.053313,121.567577,Sulawesi Tenggara,bahari,25000.0,4.9,1,1,1,1,0,1,0.8333,berenang|fotografi|kuliner|pantai|rekreasi_keluarga
1452,Pantai Nambo Kendari Pasir Landai Pohon Kelapa,"Pantai Nambo Kendari Pasir Landai Pohon Kelapa di Buton Pasarwajo, Sulawesi Tenggara. Pantai eksotis dengan air laut jernih dan deretan pohon kelapa yang rindang. Menjadi lokasi favorit wisatawan untuk bersantai, bermain air bersama keluarga, berswafoto, serta menikmati kelapa muda segar di tepi pantai.",Pantai,Pantai,Buton Pasarwajo,10000,4.6,180.0,"{'lat': -5.188618, 'lng': 122.843606}",-5.188618,122.843606,Sulawesi Tenggara,bahari,10000.0,4.6,1,1,1,1,0,0,0.6667,berenang|fotografi|kuliner|pantai|rekreasi_keluarga
1453,Pantai Toronipa Kendari Wisata Keluarga,"Pantai Toronipa Kendari Wisata Keluarga di Kota Baubau Buton, Sulawesi Tenggara. Kawasan pantai dengan keindahan garis pantai memanjang, batuan karang yang menawan, serta angin sepoi-sepoi yang menyegarkan. Sangat cocok untuk aktivitas rekreasi, jalan santai di tepi air, dan piknik sore hari.",Pantai,Pantai,Kota Baubau Buton,15000,4.5,120.0,"{'lat': -5.45674, 'lng': 122.592261}",-5.45674,122.592261,Sulawesi Tenggara,bahari,15000.0,4.5,1,1,1,1,0,1,0.8333,berenang|fotografi|kuliner|pantai|rekreasi_keluarga
1454,Pantai Sawa Konawe Utara Pasir Putih Bersih,"Pantai Sawa Konawe Utara Pasir Putih Bersih di Kolaka, Sulawesi Tenggara. Pantai eksotis dengan air laut jernih dan deretan pohon kelapa yang rindang. Menjadi lokasi favorit wisatawan untuk bersantai, bermain air bersama keluarga, berswafoto, serta menikmati kelapa muda segar di tepi pantai.",Pantai,Pantai,Kolaka,5000,4.4,240.0,"{'lat': -4.067601, 'lng': 121.581035}",-4.067601,121.581035,Sulawesi Tenggara,bahari,5000.0,4.4,1,1,1,1,0,1,0.8333,berenang|fotografi|kuliner|pantai|rekreasi_keluarga
1455,Pantai Kamali Baubau Patung Naga Megah,"Pantai Kamali Baubau Patung Naga Megah di Wakatobi Wangi-Wangi, Sulawesi Tenggara. Destinasi wisata pesisir dengan hamparan pasir bersih, deburan ombak yang menenangkan, serta panorama matahari terbenam yang memukau. Dilengkapi fasilitas warung makan seafood lokal, area parkir, toilet umum, dan persewaan payung pantai.",Pantai,Pantai,Wakatobi Wangi-Wangi,30000,4.9,150.0,"{'lat': -5.308318, 'lng': 123.620633}",-5.308318,123.620633,Sulawesi Tenggara,bahari,30000.0,4.9,1,1,1,1,0,0,0.6667,berenang|fotografi|kuliner|pantai|rekreasi_keluarga
1456,Pantai Lakeba Baubau Dermaga Kayu Romantis,"Pantai Lakeba Baubau Dermaga Kayu Romantis di Buton Pasarwajo, Sulawesi Tenggara. Destinasi wisata pesisir dengan hamparan pasir bersih, deburan ombak yang menenangkan, serta panorama matahari terbenam yang memukau. Dilengkapi fasilitas warung makan seafood lokal, area parkir, toilet umum, dan persewaan payung pantai.",Pantai,Pantai,Buton Pasarwajo,25000,4.4,150.0,"{'lat': -5.189385, 'lng': 122.867664}",-5.189385,122.867664,Sulawesi Tenggara,bahari,25000.0,4.4,1,1,1,1,0,0,0.6667,berenang|fotografi|kuliner|pantai|rekreasi_keluarga
1457,Pantai Huntete Tomia Wakatobi Karang Luas,"Pantai Huntete Tomia Wakatobi Karang Luas di Buton Pasarwajo, Sulawesi Tenggara. Kawasan pantai dengan keindahan garis pantai memanjang, batuan karang yang menawan, serta angin sepoi-sepoi yang menyegarkan. Sangat cocok untuk aktivitas rekreasi, jalan santai di tepi air, dan piknik sore hari.",Pantai,Pantai,Buton Pasarwajo,10000,4.9,240.0,"{'lat': -5.200477, 'lng': 122.870887}",-5.200477,122.870887,Sulawesi Tenggara,bahari,10000.0,4.9,1,1,1,1,0,0,0.6667,bahari|berenang|fotografi|kuliner|pantai|rekreasi_keluarga|snorkeling
1458,Pantai Hoga Pulau Hoga Surga Penyelam Dunia,"Pantai Hoga Pulau Hoga Surga Penyelam Dunia di Kota Kendari, Sulawesi Tenggara. Kawasan pantai dengan keindahan garis pantai memanjang, batuan karang yang menawan, serta angin sepoi-sepoi yang menyegarkan. Sangat cocok untuk aktivitas rekreasi, jalan santai di tepi air, dan piknik sore hari.",Pantai,Pantai,Kota Kendari,20000,4.8,240.0,"{'lat': -3.977699, 'lng': 122.491862}",-3.977699,122.491862,Sulawesi Tenggara,bahari,20000.0,4.8,1,1,1,1,0,0,0.6667,berenang|fotografi|kuliner|pantai|rekreasi_keluarga
1459,Pantai Cemara Wangi-Wangi Wakatobi,"Pantai Cemara Wangi-Wangi Wakatobi di Wakatobi Wangi-Wangi, Sulawesi Tenggara. Kawasan pantai dengan keindahan garis pantai memanjang, batuan karang yang menawan, serta angin sepoi-sepoi yang menyegarkan. Sangat cocok untuk aktivitas rekreasi, jalan santai di tepi air, dan piknik sore hari.",Pantai,Pantai,Wakatobi Wangi-Wangi,25000,4.5,150.0,"{'lat': -5.314941, 'lng': 123.585755}",-5.314941,123.585755,Sulawesi Tenggara,bahari,25000.0,4.5,1,1,1,1,1,1,1.0,berenang|fotografi|kuliner|pantai|rekreasi_keluarga
1460,Pantai Meleura Muna Danau Karst Tepi Laut,"Pantai Meleura Muna Danau Karst Tepi Laut di Kota Kendari, Sulawesi Tenggara. Kawasan pantai dengan keindahan garis pantai memanjang, batuan karang yang menawan, serta angin sepoi-sepoi yang menyegarkan. Sangat cocok untuk aktivitas rekreasi, jalan santai di tepi air, dan piknik sore hari.",Pantai,Pantai,Kota Kendari,20000,4.6,120.0,"{'lat': -3.97131, 'lng': 122.517439}",-3.97131,122.517439,Sulawesi Tenggara,bahari,20000.0,4.6,1,1,1,1,1,1,1.0,alam|berenang|fotografi|kuliner|pantai|rekreasi_keluarga
1461,Pantai Walengkabola Muna Pasir Putih Halus,"Pantai Walengkabola Muna Pasir Putih Halus di Wakatobi Wangi-Wangi, Sulawesi Tenggara. Destinasi wisata pesisir dengan hamparan pasir bersih, deburan ombak yang menenangkan, serta panorama matahari terbenam yang memukau. Dilengkapi fasilitas warung makan seafood lokal, area parkir, toilet umum, dan persewaan payung pantai.",Pantai,Pantai,Wakatobi Wangi-Wangi,20000,4.7,240.0,"{'lat': -5.342459, 'lng': 123.612591}",-5.342459,123.612591,Sulawesi Tenggara,bahari,20000.0,4.7,1,1,1,1,1,1,1.0,berenang|fotografi|kuliner|pantai|rekreasi_keluarga
1462,Pantai Taipa Konawe Utara Tempat Bertelur Maleo,"Pantai Taipa Konawe Utara Tempat Bertelur Maleo di Muna Raha, Sulawesi Tenggara. Destinasi wisata pesisir dengan hamparan pasir bersih, deburan ombak yang menenangkan, serta panorama matahari terbenam yang memukau. Dilengkapi fasilitas warung makan seafood lokal, area parkir, toilet umum, dan persewaan payung pantai.",Pantai,Pantai,Muna Raha,15000,4.4,120.0,"{'lat': -4.816352, 'lng': 122.691979}",-4.816352,122.691979,Sulawesi Tenggara,bahari,15000.0,4.4,1,1,1,1,0,1,0.8333,berenang|fotografi|kuliner|pantai|rekreasi_keluarga
1463,Pantai Mandra Kolaka Sunset Tepi Kota,"Pantai Mandra Kolaka Sunset Tepi Kota di Bombana Rumbia, Sulawesi Tenggara. Kawasan pantai dengan keindahan garis pantai memanjang, batuan karang yang menawan, serta angin sepoi-sepoi yang menyegarkan. Sangat cocok untuk aktivitas rekreasi, jalan santai di tepi air, dan piknik sore hari.",Pantai,Pantai,Bombana Rumbia,5000,4.7,180.0,"{'lat': -4.789551, 'lng': 121.818131}",-4.789551,121.818131,Sulawesi Tenggara,bahari,5000.0,4.7,1,1,1,1,1,1,1.0,berenang|fotografi|kuliner|pantai|rekreasi_keluarga
1464,Pantai Kayu Angin Kolaka,"Pantai Kayu Angin Kolaka di Buton Pasarwajo, Sulawesi Tenggara. Kawasan pantai dengan keindahan garis pantai memanjang, batuan karang yang menawan, serta angin sepoi-sepoi yang menyegarkan. Sangat cocok untuk aktivitas rekreasi, jalan santai di tepi air, dan piknik sore hari.",Pantai,Pantai,Buton Pasarwajo,20000,4.8,120.0,"{'lat': -5.204018, 'lng': 122.815296}",-5.204018,122.815296,Sulawesi Tenggara,bahari,20000.0,4.8,1,1,1,1,1,0,0.8333,berenang|fotografi|kuliner|pantai|rekreasi_keluarga
1465,Puncak Sorawolio Baubau Hutan Pinus Sejuk,"Puncak Sorawolio Baubau Hutan Pinus Sejuk di Kota Baubau Buton, Sulawesi Tenggara. Puncak bukit dan pegunungan dengan pemandangan lanskap hijau membentang sejauh mata memandang. Menawarkan pengalaman menikmati golden sunrise, udara bersih bebas polusi, dan spot foto alam yang memesona.",Gunung,Perbukitan,Kota Baubau Buton,10000,4.9,360.0,"{'lat': -5.502122, 'lng': 122.605774}",-5.502122,122.605774,Sulawesi Tenggara,alam,10000.0,4.9,1,1,1,0,1,1,0.8333,camping|fotografi|gunung|hiking
1466,Puncak Oheo Konawe Utara Panorama Alam,"Puncak Oheo Konawe Utara Panorama Alam di Bombana Rumbia, Sulawesi Tenggara. Kawasan dataran tinggi dan lereng gunung yang asri dengan pemandangan perbukitan hijau dan kawah eksotis. Sangat ideal untuk petualangan alam terbuka, hiking santai, perkemahan keluarga, dan melepas penat.",Gunung,Perbukitan,Bombana Rumbia,20000,4.2,240.0,"{'lat': -4.746353, 'lng': 121.801611}",-4.746353,121.801611,Sulawesi Tenggara,alam,20000.0,4.2,1,1,1,1,1,0,0.8333,camping|fotografi|gunung|hiking
1467,Puncak Popalia Ranomeeto Konservasi,"Puncak Popalia Ranomeeto Konservasi di Buton Pasarwajo, Sulawesi Tenggara. Puncak bukit dan pegunungan dengan pemandangan lanskap hijau membentang sejauh mata memandang. Menawarkan pengalaman menikmati golden sunrise, udara bersih bebas polusi, dan spot foto alam yang memesona.",Gunung,Perbukitan,Buton Pasarwajo,10000,4.9,180.0,"{'lat': -5.173134, 'lng': 122.860964}",-5.173134,122.860964,Sulawesi Tenggara,alam,10000.0,4.9,1,1,1,0,0,1,0.6667,camping|fotografi|gunung|hiking
1468,Puncak Kahianga Tomia Wakatobi Sunset Menakjubkan,"Puncak Kahianga Tomia Wakatobi Sunset Menakjubkan di Wakatobi Wangi-Wangi, Sulawesi Tenggara. Kawasan dataran tinggi dan lereng gunung yang asri dengan pemandangan perbukitan hijau dan kawah eksotis. Sangat ideal untuk petualangan alam terbuka, hiking santai, perkemahan keluarga, dan melepas penat.",Gunung,Perbukitan,Wakatobi Wangi-Wangi,10000,4.7,300.0,"{'lat': -5.341165, 'lng': 123.59242}",-5.341165,123.59242,Sulawesi Tenggara,alam,10000.0,4.7,1,1,1,0,1,1,0.8333,camping|fotografi|gunung|hiking
1469,Puncak Amarilis Kendari,"Puncak Amarilis Kendari di Buton Pasarwajo, Sulawesi Tenggara. Kawasan dataran tinggi dan lereng gunung yang asri dengan pemandangan perbukitan hijau dan kawah eksotis. Sangat ideal untuk petualangan alam terbuka, hiking santai, perkemahan keluarga, dan melepas penat.",Gunung,Perbukitan,Buton Pasarwajo,50000,4.8,360.0,"{'lat': -5.177399, 'lng': 122.794434}",-5.177399,122.794434,Sulawesi Tenggara,alam,50000.0,4.8,1,1,1,1,0,1,0.8333,camping|fotografi|gunung|hiking
1470,Bukit Teletubbies Bombana Rumbia Sabana,"Bukit Teletubbies Bombana Rumbia Sabana di Konawe Utara Wanggudu, Sulawesi Tenggara. Destinasi wisata pegunungan berhawa sejuk dengan jalur pendakian yang menantang dan panorama lautan awan yang spektakuler saat fajar. Tersedia pos peristirahatan, warung logistik pendaki, area perkemahan, dan pemandu lokal.",Gunung,Perbukitan,Konawe Utara Wanggudu,10000,4.4,360.0,"{'lat': -3.399878, 'lng': 122.201617}",-3.399878,122.201617,Sulawesi Tenggara,alam,10000.0,4.4,1,1,1,0,0,1,0.6667,camping|fotografi|gunung|hiking
1471,Puncak Mengkudu Kolaka,"Puncak Mengkudu Kolaka di Muna Raha, Sulawesi Tenggara. Kawasan dataran tinggi dan lereng gunung yang asri dengan pemandangan perbukitan hijau dan kawah eksotis. Sangat ideal untuk petualangan alam terbuka, hiking santai, perkemahan keluarga, dan melepas penat.",Gunung,Perbukitan,Muna Raha,10000,4.6,300.0,"{'lat': -4.876163, 'lng': 122.736446}",-4.876163,122.736446,Sulawesi Tenggara,alam,10000.0,4.6,1,1,1,0,0,1,0.6667,camping|fotografi|gunung|hiking
1472,Puncak Tirawuta Kolaka Timur,"Puncak Tirawuta Kolaka Timur di Konawe Selatan Andoolo, Sulawesi Tenggara. Destinasi wisata pegunungan berhawa sejuk dengan jalur pendakian yang menantang dan panorama lautan awan yang spektakuler saat fajar. Tersedia pos peristirahatan, warung logistik pendaki, area perkemahan, dan pemandu lokal.",Gunung,Perbukitan,Konawe Selatan Andoolo,25000,4.3,180.0,"{'lat': -4.317597, 'lng': 122.255295}",-4.317597,122.255295,Sulawesi Tenggara,alam,25000.0,4.3,1,1,1,0,0,0,0.5,camping|fotografi|gunung|hiking
1473,Bukit Palelat Wakatobi,"Bukit Palelat Wakatobi di Kota Kendari, Sulawesi Tenggara. Kawasan dataran tinggi dan lereng gunung yang asri dengan pemandangan perbukitan hijau dan kawah eksotis. Sangat ideal untuk petualangan alam terbuka, hiking santai, perkemahan keluarga, dan melepas penat.",Gunung,Perbukitan,Kota Kendari,15000,4.2,240.0,"{'lat': -3.98837, 'lng': 122.474209}",-3.98837,122.474209,Sulawesi Tenggara,alam,15000.0,4.2,1,1,1,0,0,1,0.6667,camping|fotografi|gunung|hiking
1474,Puncak Labengki Blue Lagoon View,"Puncak Labengki Blue Lagoon View di Kota Baubau Buton, Sulawesi Tenggara. Puncak bukit dan pegunungan dengan pemandangan lanskap hijau membentang sejauh mata memandang. Menawarkan pengalaman menikmati golden sunrise, udara bersih bebas polusi, dan spot foto alam yang memesona.",Gunung,Perbukitan,Kota Baubau Buton,50000,4.5,240.0,"{'lat': -5.486961, 'lng': 122.626985}",-5.486961,122.626985,Sulawesi Tenggara,alam,50000.0,4.5,1,1,1,0,1,0,0.6667,camping|fotografi|gunung|hiking
1475,Taman Nasional Wakatobi Pusat Keanekaragaman Karang Dunia (Coral Triangle),"Taman Nasional Wakatobi Pusat Keanekaragaman Karang Dunia (Coral Triangle) di Konawe Utara Wanggudu, Sulawesi Tenggara. Kawasan konservasi alam yang asri dan terlindungi dengan keanekaragaman flora dan fauna tropis endemik. Dilengkapi jalur trekking kayu yang tertata rapi, gazebo istirahat, pusat informasi lingkungan, dan toilet pengunjung.",Cagar Alam,Taman Nasional,Konawe Utara Wanggudu,15000,4.5,150.0,"{'lat': -3.428766, 'lng': 122.168543}",-3.428766,122.168543,Sulawesi Tenggara,alam,15000.0,4.5,1,1,1,0,0,1,0.6667,bahari|edukasi|fotografi|hiking|rekreasi_keluarga|snorkeling
1476,Pulau Labengki Raja Ampat Sulawesi Tenggara Mini,"Pulau Labengki Raja Ampat Sulawesi Tenggara Mini di Bombana Rumbia, Sulawesi Tenggara. Wisata alam edukatif berbalut udara segar hutan tropis, aliran sungai yang jernih, serta air terjun bertingkat yang menyejukkan. Pilihan utama untuk riset keanekaragaman hayati dan ekowisata ramah lingkungan.",Cagar Alam,Taman Nasional,Bombana Rumbia,25000,4.7,150.0,"{'lat': -4.734195, 'lng': 121.814464}",-4.734195,121.814464,Sulawesi Tenggara,alam,25000.0,4.7,1,1,1,1,0,1,0.8333,edukasi|fotografi|hiking|rekreasi_keluarga
1477,Danau Ubur-Ubur Lohia Muna Tanpa Sengat,"Danau Ubur-Ubur Lohia Muna Tanpa Sengat di Kota Baubau Buton, Sulawesi Tenggara. Kawasan konservasi alam yang asri dan terlindungi dengan keanekaragaman flora dan fauna tropis endemik. Dilengkapi jalur trekking kayu yang tertata rapi, gazebo istirahat, pusat informasi lingkungan, dan toilet pengunjung.",Cagar Alam,Danau,Kota Baubau Buton,15000,4.2,180.0,"{'lat': -5.44034, 'lng': 122.614963}",-5.44034,122.614963,Sulawesi Tenggara,alam,15000.0,4.2,1,1,1,1,0,1,0.8333,alam|edukasi|fotografi|hiking|rekreasi_keluarga
1478,Gua Liang Kabori Muna Lukisan Karst Tertua Layang-Layang Kuno,"Gua Liang Kabori Muna Lukisan Karst Tertua Layang-Layang Kuno di Konawe Utara Wanggudu, Sulawesi Tenggara. Objek wisata alam dengan formasi tebing batuan alami, gua karst purba, serta telaga yang jernih dan tenang. Suasana alam yang tenang memberikan kesegaran pikiran bagi pengunjung yang mencintai ketenangan alam.",Cagar Alam,Gua,Konawe Utara Wanggudu,20000,4.5,150.0,"{'lat': -3.383825, 'lng': 122.171054}",-3.383825,122.171054,Sulawesi Tenggara,alam,20000.0,4.5,1,1,1,1,0,1,0.8333,edukasi|fotografi|hiking|rekreasi_keluarga
1479,Air Terjun Moramo Konsel Bertingkat 127 Undakan Batu Marmer,"Air Terjun Moramo Konsel Bertingkat 127 Undakan Batu Marmer di Konawe Unaaha, Sulawesi Tenggara. Kawasan konservasi alam yang asri dan terlindungi dengan keanekaragaman flora dan fauna tropis endemik. Dilengkapi jalur trekking kayu yang tertata rapi, gazebo istirahat, pusat informasi lingkungan, dan toilet pengunjung.",Cagar Alam,Air Terjun,Konawe Unaaha,30000,4.5,150.0,"{'lat': -3.847249, 'lng': 122.031516}",-3.847249,122.031516,Sulawesi Tenggara,alam,30000.0,4.5,1,1,1,1,0,1,0.8333,alam|edukasi|fotografi|hiking|rekreasi_keluarga
1480,Sungai Tamborasi Kolaka Sungai Terpendek Kedua di Dunia (20 meter),"Sungai Tamborasi Kolaka Sungai Terpendek Kedua di Dunia (20 meter) di Kota Baubau Buton, Sulawesi Tenggara. Wisata alam edukatif berbalut udara segar hutan tropis, aliran sungai yang jernih, serta air terjun bertingkat yang menyejukkan. Pilihan utama untuk riset keanekaragaman hayati dan ekowisata ramah lingkungan.",Cagar Alam,Taman Nasional,Kota Baubau Buton,15000,4.9,120.0,"{'lat': -5.497476, 'lng': 122.612667}",-5.497476,122.612667,Sulawesi Tenggara,alam,15000.0,4.9,1,1,1,1,0,1,0.8333,alam|edukasi|fotografi|hiking|rekreasi_keluarga
1481,Gua Moko Muna Kolam Alami Air Tawar Jernih,"Gua Moko Muna Kolam Alami Air Tawar Jernih di Muna Raha, Sulawesi Tenggara. Objek wisata alam dengan formasi tebing batuan alami, gua karst purba, serta telaga yang jernih dan tenang. Suasana alam yang tenang memberikan kesegaran pikiran bagi pengunjung yang mencintai ketenangan alam.",Cagar Alam,Gua,Muna Raha,10000,4.7,90.0,"{'lat': -4.859767, 'lng': 122.723771}",-4.859767,122.723771,Sulawesi Tenggara,alam,10000.0,4.7,1,1,1,0,1,1,0.8333,edukasi|fotografi|hiking|rekreasi_keluarga
1482,Pulau Sombori Teluk Karst Spektakuler,"Pulau Sombori Teluk Karst Spektakuler di Konawe Utara Wanggudu, Sulawesi Tenggara. Wisata alam edukatif berbalut udara segar hutan tropis, aliran sungai yang jernih, serta air terjun bertingkat yang menyejukkan. Pilihan utama untuk riset keanekaragaman hayati dan ekowisata ramah lingkungan.",Cagar Alam,Taman Nasional,Konawe Utara Wanggudu,20000,4.3,120.0,"{'lat': -3.4273, 'lng': 122.18134}",-3.4273,122.18134,Sulawesi Tenggara,alam,20000.0,4.3,1,1,1,0,0,1,0.6667,edukasi|fotografi|hiking|rekreasi_keluarga
1483,Benteng Keraton Buton Benteng Terluas di Dunia Rekor Guinness World Records,"Benteng Keraton Buton Benteng Terluas di Dunia Rekor Guinness World Records di Konawe Selatan Andoolo, Sulawesi Tenggara. Kompleks bangunan bersejarah dan desa adat yang mempertahankan adat istiadat turun-temurun dengan ramah. Wisatawan dapat menyaksikan kerajinan tangan tradisional dan berinteraksi langsung dengan warga setempat.",Budaya,Keraton,Konawe Selatan Andoolo,25000,4.9,120.0,"{'lat': -4.358407, 'lng': 122.21174}",-4.358407,122.21174,Sulawesi Tenggara,budaya,25000.0,4.9,1,1,1,1,0,1,0.8333,budaya|edukasi|fotografi|sejarah
1484,Istana Malige Rumah Adat Buton Kayu Tanpa Paku,"Istana Malige Rumah Adat Buton Kayu Tanpa Paku di Buton Pasarwajo, Sulawesi Tenggara. Kompleks bangunan bersejarah dan desa adat yang mempertahankan adat istiadat turun-temurun dengan ramah. Wisatawan dapat menyaksikan kerajinan tangan tradisional dan berinteraksi langsung dengan warga setempat.",Budaya,Keraton,Buton Pasarwajo,25000,4.7,90.0,"{'lat': -5.187213, 'lng': 122.85117}",-5.187213,122.85117,Sulawesi Tenggara,budaya,25000.0,4.7,1,1,1,0,1,1,0.8333,budaya|edukasi|fotografi|sejarah
1485,Museum Negeri Bharugano Wuna Muna,"Museum Negeri Bharugano Wuna Muna di Konawe Selatan Andoolo, Sulawesi Tenggara. Destinasi wisata sejarah dan kearifan lokal yang memperlihatkan warisan peradaban masa lampau melalui koleksi artefak berharga. Tempat ideal untuk belajar mengenai perjuangan bangsa dan filosofi adat masyarakat.",Budaya,Museum,Konawe Selatan Andoolo,25000,4.3,90.0,"{'lat': -4.354556, 'lng': 122.28478}",-4.354556,122.28478,Sulawesi Tenggara,budaya,25000.0,4.3,1,1,1,1,0,1,0.8333,budaya|edukasi|fotografi|sejarah
1486,Perkampungan Bajo Mola Wakatobi Rumah di Atas Karang,"Perkampungan Bajo Mola Wakatobi Rumah di Atas Karang di Konawe Selatan Andoolo, Sulawesi Tenggara. Situs cagar budaya bersejarah yang sarat dengan nilai tradisi leluhur, arsitektur arca dan bangunan tradisional yang otentik. Dilengkapi pemandu wisata budaya, museum informasi sejarah, dan pertunjukan seni berkala.",Budaya,Situs Sejarah,Konawe Selatan Andoolo,15000,4.5,120.0,"{'lat': -4.371016, 'lng': 122.250976}",-4.371016,122.250976,Sulawesi Tenggara,budaya,15000.0,4.5,1,1,0,0,1,1,0.6667,bahari|budaya|edukasi|fotografi|sejarah|snorkeling
1487,Batu Popaua Tempat Pelantikan Raja-Raja Buton,"Batu Popaua Tempat Pelantikan Raja-Raja Buton di Bombana Rumbia, Sulawesi Tenggara. Destinasi wisata sejarah dan kearifan lokal yang memperlihatkan warisan peradaban masa lampau melalui koleksi artefak berharga. Tempat ideal untuk belajar mengenai perjuangan bangsa dan filosofi adat masyarakat.",Budaya,Situs Sejarah,Bombana Rumbia,10000,4.7,90.0,"{'lat': -4.712374, 'lng': 121.818042}",-4.712374,121.818042,Sulawesi Tenggara,budaya,10000.0,4.7,1,1,0,0,0,1,0.5,budaya|edukasi|fotografi|sejarah
1488,Tari Tradisional Lulo Massal Kendari,"Tari Tradisional Lulo Massal Kendari di Kota Baubau Buton, Sulawesi Tenggara. Situs cagar budaya bersejarah yang sarat dengan nilai tradisi leluhur, arsitektur arca dan bangunan tradisional yang otentik. Dilengkapi pemandu wisata budaya, museum informasi sejarah, dan pertunjukan seni berkala.",Budaya,Situs Sejarah,Kota Baubau Buton,5000,4.4,60.0,"{'lat': -5.436064, 'lng': 122.584103}",-5.436064,122.584103,Sulawesi Tenggara,budaya,5000.0,4.4,1,1,1,1,0,1,0.8333,budaya|edukasi|fotografi|sejarah
1489,Desa Wisata Tenun Masalili Muna,"Desa Wisata Tenun Masalili Muna di Buton Pasarwajo, Sulawesi Tenggara. Destinasi wisata sejarah dan kearifan lokal yang memperlihatkan warisan peradaban masa lampau melalui koleksi artefak berharga. Tempat ideal untuk belajar mengenai perjuangan bangsa dan filosofi adat masyarakat.",Budaya,Desa Adat,Buton Pasarwajo,5000,4.9,60.0,"{'lat': -5.162272, 'lng': 122.855349}",-5.162272,122.855349,Sulawesi Tenggara,budaya,5000.0,4.9,1,1,0,1,0,1,0.6667,budaya|edukasi|fotografi|sejarah
1490,Kendari Water Sports Anjungan Teluk Kendari,"Kendari Water Sports Anjungan Teluk Kendari di Konawe Unaaha, Sulawesi Tenggara. Taman rekreasi modern keluarga yang menghadirkan beragam wahana permainan seru, atraksi air, serta pertunjukan tematik interaktif. Memiliki fasilitas lengkap seperti food court, musala yang nyaman, toilet bersih, dan area parkir luas.",Taman Hiburan,Waterpark,Konawe Unaaha,100000,4.9,150.0,"{'lat': -3.889701, 'lng': 122.047784}",-3.889701,122.047784,Sulawesi Tenggara,hiburan,100000.0,4.9,1,1,1,1,1,1,1.0,edukasi|fotografi|rekreasi_keluarga
1491,CitraLand Waterpark Kendari,"CitraLand Waterpark Kendari di Muna Raha, Sulawesi Tenggara. Destinasi hiburan terpadu dengan spot swafoto kekinian yang estetik, wahana edukasi anak, dan ruang terbuka hijau yang ramah keluarga. Menjadi tempat favorit untuk berekreasi bersama anak-anak di akhir pekan.",Taman Hiburan,Waterpark,Muna Raha,50000,4.8,180.0,"{'lat': -4.858994, 'lng': 122.702169}",-4.858994,122.702169,Sulawesi Tenggara,hiburan,50000.0,4.8,1,1,1,1,1,1,1.0,edukasi|fotografi|rekreasi_keluarga
1492,Taman Kota Kendari Jogging Track,"Taman Kota Kendari Jogging Track di Konawe Utara Wanggudu, Sulawesi Tenggara. Destinasi hiburan terpadu dengan spot swafoto kekinian yang estetik, wahana edukasi anak, dan ruang terbuka hijau yang ramah keluarga. Menjadi tempat favorit untuk berekreasi bersama anak-anak di akhir pekan.",Taman Hiburan,Taman Rekreasi,Konawe Utara Wanggudu,100000,4.8,120.0,"{'lat': -3.374417, 'lng': 122.20173}",-3.374417,122.20173,Sulawesi Tenggara,hiburan,100000.0,4.8,1,1,1,1,1,1,1.0,edukasi|fotografi|rekreasi_keluarga
1493,Jembatan Teluk Kendari Bahteramas Megah,"Jembatan Teluk Kendari Bahteramas Megah di Wakatobi Wangi-Wangi, Sulawesi Tenggara. Kawasan rekreasi bertema dengan wahana pemacu adrenalin, kolam renang bergelombang, serta taman bermain anak yang aman. Dilengkapi staf pengawas keselamatan dan berbagai tenant kuliner lezat.",Taman Hiburan,Taman Rekreasi,Wakatobi Wangi-Wangi,150000,4.2,150.0,"{'lat': -5.317635, 'lng': 123.602534}",-5.317635,123.602534,Sulawesi Tenggara,hiburan,150000.0,4.2,1,1,1,1,1,1,1.0,edukasi|fotografi|rekreasi_keluarga
1494,Pusat Kerajinan Perak Kendari Kendari Filigree,"Pusat Kerajinan Perak Kendari Kendari Filigree di Kolaka, Sulawesi Tenggara. Kawasan pertokoan dan pasar seni yang menyajikan ragam cinderamata unik karya perajin lokal dari berbagai penjuru daerah. Selalu ramai dikunjungi wisatawan yang ingin membawa kenang-kenangan autentik.",Pusat Perbelanjaan,Pasar Tradisional,Kolaka,0,4.7,90.0,"{'lat': -4.075747, 'lng': 121.578813}",-4.075747,121.578813,Sulawesi Tenggara,belanja,0.0,4.7,1,1,1,1,1,1,1.0,belanja|budaya|kuliner
1495,Sentra Tenun Buton & Muna Masalili,"Sentra Tenun Buton & Muna Masalili di Konawe Selatan Andoolo, Sulawesi Tenggara. Sentra kuliner dan suvenir ikonik yang menyediakan aneka buah tangan khas Nusantara berkualitas tinggi. Dilengkapi area parkir kendaraan wisata, gerai anjungan tunai mandiri (ATM), dan mushola.",Pusat Perbelanjaan,Sentra Kerajinan,Konawe Selatan Andoolo,0,4.5,60.0,"{'lat': -4.313165, 'lng': 122.283167}",-4.313165,122.283167,Sulawesi Tenggara,belanja,0.0,4.5,1,1,1,0,1,0,0.6667,belanja|budaya|kuliner
1496,Pasar Sentral Kota Kendari,"Pasar Sentral Kota Kendari di Muna Raha, Sulawesi Tenggara. Pusat perbelanjaan dan pasar tradisional khas daerah yang menjual aneka kerajinan tangan, kain tenun atau batik, serta camilan oleh-oleh lokal. Tempat bertemunya tawar-menawar yang hangat dengan harga terjangkau.",Pusat Perbelanjaan,Sentra Kerajinan,Muna Raha,0,4.4,90.0,"{'lat': -4.855168, 'lng': 122.703867}",-4.855168,122.703867,Sulawesi Tenggara,belanja,0.0,4.4,1,1,1,0,1,0,0.6667,belanja|budaya|kuliner
1497,Sentra Kopi Rumbia Bombana,"Sentra Kopi Rumbia Bombana di Bombana Rumbia, Sulawesi Tenggara. Pusat perbelanjaan dan pasar tradisional khas daerah yang menjual aneka kerajinan tangan, kain tenun atau batik, serta camilan oleh-oleh lokal. Tempat bertemunya tawar-menawar yang hangat dengan harga terjangkau.",Pusat Perbelanjaan,Sentra Kerajinan,Bombana Rumbia,0,4.8,60.0,"{'lat': -4.724298, 'lng': 121.796086}",-4.724298,121.796086,Sulawesi Tenggara,belanja,0.0,4.8,1,1,1,0,1,1,0.8333,belanja|budaya|kuliner
1498,Masjid Al-Alam Masjid Terapung Tengah Teluk Kendari,"Masjid Al-Alam Masjid Terapung Tengah Teluk Kendari di Kota Baubau Buton, Sulawesi Tenggara. Tempat ibadah cagar budaya dengan ornamen seni pahat antik dan sejarah pendirian yang menginspirasi. Terbuka bagi pengunjung yang ingin berdoa maupun mengagumi keindahan karya arsitektur Nusantara.",Tempat Ibadah,Masjid,Kota Baubau Buton,0,4.7,90.0,"{'lat': -5.498186, 'lng': 122.624498}",-5.498186,122.624498,Sulawesi Tenggara,religi,0.0,4.7,1,1,0,1,1,1,0.8333,budaya|religi|sejarah
1499,Masjid Agung Keraton Buton,"Masjid Agung Keraton Buton di Buton Pasarwajo, Sulawesi Tenggara. Tempat ibadah cagar budaya dengan ornamen seni pahat antik dan sejarah pendirian yang menginspirasi. Terbuka bagi pengunjung yang ingin berdoa maupun mengagumi keindahan karya arsitektur Nusantara.",Tempat Ibadah,Masjid,Buton Pasarwajo,0,4.7,45.0,"{'lat': -5.142416, 'lng': 122.794278}",-5.142416,122.794278,Sulawesi Tenggara,religi,0.0,4.7,1,1,1,1,1,1,1.0,budaya|religi|sejarah
1500,Masjid Raya Alkautsar Kendari,"Masjid Raya Alkautsar Kendari di Kota Baubau Buton, Sulawesi Tenggara. Bangunan keagamaan bersejarah dengan arsitektur megah dan penuh nilai filosofis spiritual tinggi. Menyediakan sarana ibadah yang bersih dan khusyuk, pelataran yang teduh dan asri, serta toilet wudhu yang terawat.",Tempat Ibadah,Masjid,Kota Baubau Buton,0,4.8,60.0,"{'lat': -5.505773, 'lng': 122.612305}",-5.505773,122.612305,Sulawesi Tenggara,religi,0.0,4.8,1,1,1,1,1,0,0.8333,budaya|religi|sejarah
1501,Pantai Pasir Panjang Ngurbloat Kei Pasir Terhalus di Dunia,"Pantai Pasir Panjang Ngurbloat Kei Pasir Terhalus di Dunia di Kepulauan Aru Dobo, Maluku. Kawasan pantai dengan keindahan garis pantai memanjang, batuan karang yang menawan, serta angin sepoi-sepoi yang menyegarkan. Sangat cocok untuk aktivitas rekreasi, jalan santai di tepi air, dan piknik sore hari.",Pantai,Pantai,Kepulauan Aru Dobo,20000,4.7,240.0,"{'lat': -5.739271, 'lng': 134.224991}",-5.739271,134.224991,Maluku,bahari,20000.0,4.7,1,1,1,1,0,1,0.8333,berenang|fotografi|kuliner|pantai|rekreasi_keluarga
1502,Pantai Pintu Kota Ambon Karang Berlubang Tebing Laut,"Pantai Pintu Kota Ambon Karang Berlubang Tebing Laut di Kota Tual, Maluku. Destinasi wisata pesisir dengan hamparan pasir bersih, deburan ombak yang menenangkan, serta panorama matahari terbenam yang memukau. Dilengkapi fasilitas warung makan seafood lokal, area parkir, toilet umum, dan persewaan payung pantai.",Pantai,Pantai,Kota Tual,20000,4.8,120.0,"{'lat': -5.644111, 'lng': 132.77284}",-5.644111,132.77284,Maluku,bahari,20000.0,4.8,1,1,1,1,0,1,0.8333,bahari|berenang|fotografi|kuliner|pantai|rekreasi_keluarga|snorkeling
1503,Pantai Natsepa Ambon Ikon Rujak Buah Natsepa,"Pantai Natsepa Ambon Ikon Rujak Buah Natsepa di Seram Bagian Timur Bula, Maluku. Destinasi wisata pesisir dengan hamparan pasir bersih, deburan ombak yang menenangkan, serta panorama matahari terbenam yang memukau. Dilengkapi fasilitas warung makan seafood lokal, area parkir, toilet umum, dan persewaan payung pantai.",Pantai,Pantai,Seram Bagian Timur Bula,25000,4.9,240.0,"{'lat': -3.033395, 'lng': 130.480627}",-3.033395,130.480627,Maluku,bahari,25000.0,4.9,1,1,1,1,0,0,0.6667,berenang|fotografi|kuliner|pantai|rekreasi_keluarga
1504,Pantai Liang Ambon (Pantai Hunimua) Air Sebening Kaca,"Pantai Liang Ambon (Pantai Hunimua) Air Sebening Kaca di Seram Bagian Timur Bula, Maluku. Pantai eksotis dengan air laut jernih dan deretan pohon kelapa yang rindang. Menjadi lokasi favorit wisatawan untuk bersantai, bermain air bersama keluarga, berswafoto, serta menikmati kelapa muda segar di tepi pantai.",Pantai,Pantai,Seram Bagian Timur Bula,5000,4.7,180.0,"{'lat': -3.020568, 'lng': 130.49682}",-3.020568,130.49682,Maluku,bahari,5000.0,4.7,1,1,1,1,0,0,0.6667,berenang|fotografi|kuliner|pantai|rekreasi_keluarga
1505,Pantai Ora Pulau Seram Surga Maladewa Indonesia,"Pantai Ora Pulau Seram Surga Maladewa Indonesia di Maluku Tengah Masohi Banda, Maluku. Pantai eksotis dengan air laut jernih dan deretan pohon kelapa yang rindang. Menjadi lokasi favorit wisatawan untuk bersantai, bermain air bersama keluarga, berswafoto, serta menikmati kelapa muda segar di tepi pantai.",Pantai,Pantai,Maluku Tengah Masohi Banda,10000,4.6,180.0,"{'lat': -3.264466, 'lng': 128.95342}",-3.264466,128.95342,Maluku,bahari,10000.0,4.6,1,1,1,1,0,0,0.6667,berenang|fotografi|kuliner|pantai|rekreasi_keluarga
1506,Pantai Bair Tual Raja Ampat Maluku,"Pantai Bair Tual Raja Ampat Maluku di Maluku Barat Daya Tiakur, Maluku. Destinasi wisata pesisir dengan hamparan pasir bersih, deburan ombak yang menenangkan, serta panorama matahari terbenam yang memukau. Dilengkapi fasilitas warung makan seafood lokal, area parkir, toilet umum, dan persewaan payung pantai.",Pantai,Pantai,Maluku Barat Daya Tiakur,15000,4.2,240.0,"{'lat': -8.139121, 'lng': 127.957662}",-8.139121,127.957662,Maluku,bahari,15000.0,4.2,1,1,1,1,0,1,0.8333,berenang|fotografi|kuliner|pantai|rekreasi_keluarga
1507,Pantai Ngurtafur Pulau Warbal Pasir Timbul 2 km Burung Pelikan,"Pantai Ngurtafur Pulau Warbal Pasir Timbul 2 km Burung Pelikan di Kepulauan Aru Dobo, Maluku. Pantai eksotis dengan air laut jernih dan deretan pohon kelapa yang rindang. Menjadi lokasi favorit wisatawan untuk bersantai, bermain air bersama keluarga, berswafoto, serta menikmati kelapa muda segar di tepi pantai.",Pantai,Pantai,Kepulauan Aru Dobo,20000,4.8,180.0,"{'lat': -5.779916, 'lng': 134.188272}",-5.779916,134.188272,Maluku,bahari,20000.0,4.8,1,1,1,1,1,1,1.0,berenang|fotografi|kuliner|pantai|rekreasi_keluarga
1508,Pantai Hukurila Ambon Tebing Gua Karang,"Pantai Hukurila Ambon Tebing Gua Karang di Seram Bagian Timur Bula, Maluku. Destinasi wisata pesisir dengan hamparan pasir bersih, deburan ombak yang menenangkan, serta panorama matahari terbenam yang memukau. Dilengkapi fasilitas warung makan seafood lokal, area parkir, toilet umum, dan persewaan payung pantai.",Pantai,Pantai,Seram Bagian Timur Bula,30000,4.9,120.0,"{'lat': -3.070472, 'lng': 130.526046}",-3.070472,130.526046,Maluku,bahari,30000.0,4.9,1,1,1,1,0,0,0.6667,bahari|berenang|fotografi|kuliner|pantai|rekreasi_keluarga|snorkeling
1509,Pantai Santai Ambon Snorkeling,"Pantai Santai Ambon Snorkeling di Kepulauan Aru Dobo, Maluku. Pantai eksotis dengan air laut jernih dan deretan pohon kelapa yang rindang. Menjadi lokasi favorit wisatawan untuk bersantai, bermain air bersama keluarga, berswafoto, serta menikmati kelapa muda segar di tepi pantai.",Pantai,Pantai,Kepulauan Aru Dobo,5000,4.8,120.0,"{'lat': -5.741252, 'lng': 134.234605}",-5.741252,134.234605,Maluku,bahari,5000.0,4.8,1,1,1,1,1,1,1.0,bahari|berenang|fotografi|kuliner|pantai|rekreasi_keluarga|snorkeling
1510,Pantai Namalatu Ambon Batu Kerikil Alami,"Pantai Namalatu Ambon Batu Kerikil Alami di Maluku Barat Daya Tiakur, Maluku. Pantai eksotis dengan air laut jernih dan deretan pohon kelapa yang rindang. Menjadi lokasi favorit wisatawan untuk bersantai, bermain air bersama keluarga, berswafoto, serta menikmati kelapa muda segar di tepi pantai.",Pantai,Pantai,Maluku Barat Daya Tiakur,30000,4.6,120.0,"{'lat': -8.156198, 'lng': 127.911791}",-8.156198,127.911791,Maluku,bahari,30000.0,4.6,1,1,1,1,1,1,1.0,berenang|fotografi|kuliner|pantai|rekreasi_keluarga
1511,Pantai Jikumerasa Pulau Buru,"Pantai Jikumerasa Pulau Buru di Kepulauan Aru Dobo, Maluku. Pantai eksotis dengan air laut jernih dan deretan pohon kelapa yang rindang. Menjadi lokasi favorit wisatawan untuk bersantai, bermain air bersama keluarga, berswafoto, serta menikmati kelapa muda segar di tepi pantai.",Pantai,Pantai,Kepulauan Aru Dobo,25000,4.5,120.0,"{'lat': -5.744328, 'lng': 134.256293}",-5.744328,134.256293,Maluku,bahari,25000.0,4.5,1,1,1,1,0,0,0.6667,berenang|fotografi|kuliner|pantai|rekreasi_keluarga
1512,Pantai Kisar MBD Karang Mutiara,"Pantai Kisar MBD Karang Mutiara di Maluku Tenggara Langgur Kei, Maluku. Kawasan pantai dengan keindahan garis pantai memanjang, batuan karang yang menawan, serta angin sepoi-sepoi yang menyegarkan. Sangat cocok untuk aktivitas rekreasi, jalan santai di tepi air, dan piknik sore hari.",Pantai,Pantai,Maluku Tenggara Langgur Kei,30000,4.4,180.0,"{'lat': -5.631862, 'lng': 132.715283}",-5.631862,132.715283,Maluku,bahari,30000.0,4.4,1,1,1,1,1,1,1.0,bahari|berenang|fotografi|kuliner|pantai|rekreasi_keluarga|snorkeling
1513,Pantai Kurom Tanimbar,"Pantai Kurom Tanimbar di Kota Tual, Maluku. Destinasi wisata pesisir dengan hamparan pasir bersih, deburan ombak yang menenangkan, serta panorama matahari terbenam yang memukau. Dilengkapi fasilitas warung makan seafood lokal, area parkir, toilet umum, dan persewaan payung pantai.",Pantai,Pantai,Kota Tual,15000,4.2,240.0,"{'lat': -5.60052, 'lng': 132.764257}",-5.60052,132.764257,Maluku,bahari,15000.0,4.2,1,1,1,1,0,0,0.6667,berenang|fotografi|kuliner|pantai|rekreasi_keluarga
1514,Pantai Ohoidertawun Kei Pasir Surut Luas,"Pantai Ohoidertawun Kei Pasir Surut Luas di Kota Tual, Maluku. Destinasi wisata pesisir dengan hamparan pasir bersih, deburan ombak yang menenangkan, serta panorama matahari terbenam yang memukau. Dilengkapi fasilitas warung makan seafood lokal, area parkir, toilet umum, dan persewaan payung pantai.",Pantai,Pantai,Kota Tual,25000,4.7,120.0,"{'lat': -5.662919, 'lng': 132.731364}",-5.662919,132.731364,Maluku,bahari,25000.0,4.7,1,1,1,1,0,1,0.8333,berenang|fotografi|kuliner|pantai|rekreasi_keluarga
1515,Gunung Api Banda Kepulauan Banda Snorkeling Kawah Bawah Laut,"Gunung Api Banda Kepulauan Banda Snorkeling Kawah Bawah Laut di Kota Ambon, Maluku. Kawasan dataran tinggi dan lereng gunung yang asri dengan pemandangan perbukitan hijau dan kawah eksotis. Sangat ideal untuk petualangan alam terbuka, hiking santai, perkemahan keluarga, dan melepas penat.",Gunung,Gunung,Kota Ambon,50000,4.9,360.0,"{'lat': -3.717715, 'lng': 128.190311}",-3.717715,128.190311,Maluku,alam,50000.0,4.9,1,1,1,1,0,0,0.6667,bahari|camping|fotografi|gunung|hiking|snorkeling
1516,Gunung Binaiya Puncak Tertinggi Maluku (3.027 mdpl) Pulau Seram,"Gunung Binaiya Puncak Tertinggi Maluku (3.027 mdpl) Pulau Seram di Buru Namlea, Maluku. Destinasi wisata pegunungan berhawa sejuk dengan jalur pendakian yang menantang dan panorama lautan awan yang spektakuler saat fajar. Tersedia pos peristirahatan, warung logistik pendaki, area perkemahan, dan pemandu lokal.",Gunung,Gunung,Buru Namlea,20000,4.7,360.0,"{'lat': -3.245387, 'lng': 127.070736}",-3.245387,127.070736,Maluku,alam,20000.0,4.7,1,1,1,1,1,0,0.8333,camping|fotografi|gunung|hiking
1517,Bukit Karang Tebing Hatumete Seram,"Bukit Karang Tebing Hatumete Seram di Seram Bagian Timur Bula, Maluku. Kawasan dataran tinggi dan lereng gunung yang asri dengan pemandangan perbukitan hijau dan kawah eksotis. Sangat ideal untuk petualangan alam terbuka, hiking santai, perkemahan keluarga, dan melepas penat.",Gunung,Perbukitan,Seram Bagian Timur Bula,20000,4.8,180.0,"{'lat': -3.034182, 'lng': 130.513839}",-3.034182,130.513839,Maluku,alam,20000.0,4.8,1,1,1,1,1,1,1.0,bahari|camping|fotografi|gunung|hiking|snorkeling
1518,Puncak Bukit Martha Christina Tiahahu Ambon,"Puncak Bukit Martha Christina Tiahahu Ambon di Seram Bagian Timur Bula, Maluku. Puncak bukit dan pegunungan dengan pemandangan lanskap hijau membentang sejauh mata memandang. Menawarkan pengalaman menikmati golden sunrise, udara bersih bebas polusi, dan spot foto alam yang memesona.",Gunung,Perbukitan,Seram Bagian Timur Bula,15000,4.7,300.0,"{'lat': -3.045094, 'lng': 130.487624}",-3.045094,130.487624,Maluku,alam,15000.0,4.7,1,1,1,1,0,0,0.6667,camping|fotografi|gunung|hiking
1519,Gunung Salahutu Ambon,"Gunung Salahutu Ambon di Seram Bagian Barat Piru, Maluku. Puncak bukit dan pegunungan dengan pemandangan lanskap hijau membentang sejauh mata memandang. Menawarkan pengalaman menikmati golden sunrise, udara bersih bebas polusi, dan spot foto alam yang memesona.",Gunung,Gunung,Seram Bagian Barat Piru,35000,4.7,360.0,"{'lat': -3.110828, 'lng': 128.256795}",-3.110828,128.256795,Maluku,alam,35000.0,4.7,1,1,1,1,0,1,0.8333,camping|fotografi|gunung|hiking
1520,Bukit Masbait Kei Puncak Ziarah Katolik Salib Kristus,"Bukit Masbait Kei Puncak Ziarah Katolik Salib Kristus di Kepulauan Aru Dobo, Maluku. Puncak bukit dan pegunungan dengan pemandangan lanskap hijau membentang sejauh mata memandang. Menawarkan pengalaman menikmati golden sunrise, udara bersih bebas polusi, dan spot foto alam yang memesona.",Gunung,Perbukitan,Kepulauan Aru Dobo,15000,4.8,240.0,"{'lat': -5.745485, 'lng': 134.215961}",-5.745485,134.215961,Maluku,alam,15000.0,4.8,1,1,1,1,1,0,0.8333,camping|fotografi|gunung|hiking
1521,Puncak Laworkawu Tanimbar,"Puncak Laworkawu Tanimbar di Maluku Tengah Masohi Banda, Maluku. Destinasi wisata pegunungan berhawa sejuk dengan jalur pendakian yang menantang dan panorama lautan awan yang spektakuler saat fajar. Tersedia pos peristirahatan, warung logistik pendaki, area perkemahan, dan pemandu lokal.",Gunung,Perbukitan,Maluku Tengah Masohi Banda,35000,4.6,240.0,"{'lat': -3.312536, 'lng': 128.98937}",-3.312536,128.98937,Maluku,alam,35000.0,4.6,1,1,1,1,1,1,1.0,camping|fotografi|gunung|hiking
1522,Gunung Gamalama Buru,"Gunung Gamalama Buru di Kepulauan Tanimbar Saumlaki, Maluku. Puncak bukit dan pegunungan dengan pemandangan lanskap hijau membentang sejauh mata memandang. Menawarkan pengalaman menikmati golden sunrise, udara bersih bebas polusi, dan spot foto alam yang memesona.",Gunung,Gunung,Kepulauan Tanimbar Saumlaki,15000,4.8,300.0,"{'lat': -7.979294, 'lng': 131.288162}",-7.979294,131.288162,Maluku,alam,15000.0,4.8,1,1,1,1,1,1,1.0,camping|fotografi|gunung|hiking
1523,Bukit Paralayang Batu Gong Ambon,"Bukit Paralayang Batu Gong Ambon di Kota Ambon, Maluku. Destinasi wisata pegunungan berhawa sejuk dengan jalur pendakian yang menantang dan panorama lautan awan yang spektakuler saat fajar. Tersedia pos peristirahatan, warung logistik pendaki, area perkemahan, dan pemandu lokal.",Gunung,Perbukitan,Kota Ambon,50000,4.7,360.0,"{'lat': -3.680452, 'lng': 128.19205}",-3.680452,128.19205,Maluku,alam,50000.0,4.7,1,1,1,1,0,0,0.6667,camping|fotografi|gunung|hiking
1524,Puncak Sirimau Ambon,"Puncak Sirimau Ambon di Maluku Barat Daya Tiakur, Maluku. Destinasi wisata pegunungan berhawa sejuk dengan jalur pendakian yang menantang dan panorama lautan awan yang spektakuler saat fajar. Tersedia pos peristirahatan, warung logistik pendaki, area perkemahan, dan pemandu lokal.",Gunung,Perbukitan,Maluku Barat Daya Tiakur,15000,4.8,300.0,"{'lat': -8.123909, 'lng': 127.945956}",-8.123909,127.945956,Maluku,alam,15000.0,4.8,1,1,1,1,0,0,0.6667,camping|fotografi|gunung|hiking
1525,Kepulauan Banda Neira Kepulauan Rempah Bersejarah Pala & Cengkih Dunia,"Kepulauan Banda Neira Kepulauan Rempah Bersejarah Pala & Cengkih Dunia di Kota Ambon, Maluku. Wisata alam edukatif berbalut udara segar hutan tropis, aliran sungai yang jernih, serta air terjun bertingkat yang menyejukkan. Pilihan utama untuk riset keanekaragaman hayati dan ekowisata ramah lingkungan.",Cagar Alam,Taman Nasional,Kota Ambon,25000,4.8,180.0,"{'lat': -3.721618, 'lng': 128.213982}",-3.721618,128.213982,Maluku,alam,25000.0,4.8,1,1,1,0,0,1,0.6667,edukasi|fotografi|hiking|rekreasi_keluarga
1526,Taman Bawah Laut Banda Neira Terumbu Karang Sehat,"Taman Bawah Laut Banda Neira Terumbu Karang Sehat di Kota Ambon, Maluku. Kawasan konservasi alam yang asri dan terlindungi dengan keanekaragaman flora dan fauna tropis endemik. Dilengkapi jalur trekking kayu yang tertata rapi, gazebo istirahat, pusat informasi lingkungan, dan toilet pengunjung.",Cagar Alam,Taman Nasional,Kota Ambon,30000,4.3,180.0,"{'lat': -3.717465, 'lng': 128.190176}",-3.717465,128.190176,Maluku,alam,30000.0,4.3,1,1,1,0,0,1,0.6667,bahari|edukasi|fotografi|hiking|rekreasi_keluarga|snorkeling
1527,Danau Rana Pulau Buru Danau Suci Terbesar Maluku,"Danau Rana Pulau Buru Danau Suci Terbesar Maluku di Kota Ambon, Maluku. Objek wisata alam dengan formasi tebing batuan alami, gua karst purba, serta telaga yang jernih dan tenang. Suasana alam yang tenang memberikan kesegaran pikiran bagi pengunjung yang mencintai ketenangan alam.",Cagar Alam,Danau,Kota Ambon,10000,4.7,90.0,"{'lat': -3.689856, 'lng': 128.179153}",-3.689856,128.179153,Maluku,alam,10000.0,4.7,1,1,1,1,1,1,1.0,alam|edukasi|fotografi|hiking|rekreasi_keluarga
1528,Gua Hawang Kei Kolam Air Tawar Sebening Kristal,"Gua Hawang Kei Kolam Air Tawar Sebening Kristal di Kota Ambon, Maluku. Wisata alam edukatif berbalut udara segar hutan tropis, aliran sungai yang jernih, serta air terjun bertingkat yang menyejukkan. Pilihan utama untuk riset keanekaragaman hayati dan ekowisata ramah lingkungan.",Cagar Alam,Gua,Kota Ambon,15000,4.4,180.0,"{'lat': -3.704253, 'lng': 128.182307}",-3.704253,128.182307,Maluku,alam,15000.0,4.4,1,1,1,1,0,1,0.8333,edukasi|fotografi|hiking|rekreasi_keluarga
1529,Taman Nasional Manusela Cagar Biosfer Satwa Burung Kakatua Seram,"Taman Nasional Manusela Cagar Biosfer Satwa Burung Kakatua Seram di Kepulauan Aru Dobo, Maluku. Wisata alam edukatif berbalut udara segar hutan tropis, aliran sungai yang jernih, serta air terjun bertingkat yang menyejukkan. Pilihan utama untuk riset keanekaragaman hayati dan ekowisata ramah lingkungan.",Cagar Alam,Taman Nasional,Kepulauan Aru Dobo,15000,4.7,120.0,"{'lat': -5.752226, 'lng': 134.233723}",-5.752226,134.233723,Maluku,alam,15000.0,4.7,1,1,1,0,0,1,0.6667,edukasi|fotografi|hiking|rekreasi_keluarga
1530,Air Terjun Wae Sai Seram Barat,"Air Terjun Wae Sai Seram Barat di Seram Bagian Barat Piru, Maluku. Kawasan konservasi alam yang asri dan terlindungi dengan keanekaragaman flora dan fauna tropis endemik. Dilengkapi jalur trekking kayu yang tertata rapi, gazebo istirahat, pusat informasi lingkungan, dan toilet pengunjung.",Cagar Alam,Air Terjun,Seram Bagian Barat Piru,30000,4.9,120.0,"{'lat': -3.077092, 'lng': 128.246735}",-3.077092,128.246735,Maluku,alam,30000.0,4.9,1,1,1,1,0,1,0.8333,alam|edukasi|fotografi|hiking|rekreasi_keluarga
1531,Air Terjun Haturessy Maluku Tengah,"Air Terjun Haturessy Maluku Tengah di Kota Ambon, Maluku. Wisata alam edukatif berbalut udara segar hutan tropis, aliran sungai yang jernih, serta air terjun bertingkat yang menyejukkan. Pilihan utama untuk riset keanekaragaman hayati dan ekowisata ramah lingkungan.",Cagar Alam,Air Terjun,Kota Ambon,20000,4.4,120.0,"{'lat': -3.726507, 'lng': 128.189721}",-3.726507,128.189721,Maluku,alam,20000.0,4.4,1,1,1,1,0,1,0.8333,alam|edukasi|fotografi|hiking|rekreasi_keluarga
1532,Gua Luvat Kertayasa Lukisan Prasejarah Manusia Purba Kei,"Gua Luvat Kertayasa Lukisan Prasejarah Manusia Purba Kei di Kota Tual, Maluku. Kawasan konservasi alam yang asri dan terlindungi dengan keanekaragaman flora dan fauna tropis endemik. Dilengkapi jalur trekking kayu yang tertata rapi, gazebo istirahat, pusat informasi lingkungan, dan toilet pengunjung.",Cagar Alam,Gua,Kota Tual,25000,4.9,180.0,"{'lat': -5.613411, 'lng': 132.764562}",-5.613411,132.764562,Maluku,alam,25000.0,4.9,1,1,1,1,1,1,1.0,edukasi|fotografi|hiking|rekreasi_keluarga
1533,Benteng Belgica Banda Neira Benteng Segilima VOC Abad Ke-17 Uang Rp 1.000,"Benteng Belgica Banda Neira Benteng Segilima VOC Abad Ke-17 Uang Rp 1.000 di Kota Tual, Maluku. Destinasi wisata sejarah dan kearifan lokal yang memperlihatkan warisan peradaban masa lampau melalui koleksi artefak berharga. Tempat ideal untuk belajar mengenai perjuangan bangsa dan filosofi adat masyarakat.",Budaya,Benteng,Kota Tual,25000,4.2,90.0,"{'lat': -5.602631, 'lng': 132.752987}",-5.602631,132.752987,Maluku,budaya,25000.0,4.2,1,1,1,0,1,1,0.8333,budaya|edukasi|fotografi|sejarah
1534,Benteng Nassau Banda Neira,"Benteng Nassau Banda Neira di Kepulauan Tanimbar Saumlaki, Maluku. Kompleks bangunan bersejarah dan desa adat yang mempertahankan adat istiadat turun-temurun dengan ramah. Wisatawan dapat menyaksikan kerajinan tangan tradisional dan berinteraksi langsung dengan warga setempat.",Budaya,Benteng,Kepulauan Tanimbar Saumlaki,5000,4.7,90.0,"{'lat': -7.957035, 'lng': 131.318012}",-7.957035,131.318012,Maluku,budaya,5000.0,4.7,1,1,1,1,0,1,0.8333,budaya|edukasi|fotografi|sejarah
1535,Rumah Pengasingan Bung Hatta & Sutan Sjahrir Banda Neira,"Rumah Pengasingan Bung Hatta & Sutan Sjahrir Banda Neira di Kepulauan Aru Dobo, Maluku. Situs cagar budaya bersejarah yang sarat dengan nilai tradisi leluhur, arsitektur arca dan bangunan tradisional yang otentik. Dilengkapi pemandu wisata budaya, museum informasi sejarah, dan pertunjukan seni berkala.",Budaya,Situs Sejarah,Kepulauan Aru Dobo,15000,4.3,120.0,"{'lat': -5.727006, 'lng': 134.18499}",-5.727006,134.18499,Maluku,budaya,15000.0,4.3,1,1,1,1,0,1,0.8333,budaya|edukasi|fotografi|sejarah
1536,Museum Siwalima Ambon Koleksi Etnografi Seni Maluku,"Museum Siwalima Ambon Koleksi Etnografi Seni Maluku di Buru Namlea, Maluku. Kompleks bangunan bersejarah dan desa adat yang mempertahankan adat istiadat turun-temurun dengan ramah. Wisatawan dapat menyaksikan kerajinan tangan tradisional dan berinteraksi langsung dengan warga setempat.",Budaya,Museum,Buru Namlea,15000,4.3,90.0,"{'lat': -3.270555, 'lng': 127.081907}",-3.270555,127.081907,Maluku,budaya,15000.0,4.3,1,1,1,1,1,1,1.0,budaya|edukasi|fotografi|sejarah
1537,Benteng Duurstede Pulau Saparua Markas Kapitan Pattimura,"Benteng Duurstede Pulau Saparua Markas Kapitan Pattimura di Kota Ambon, Maluku. Destinasi wisata sejarah dan kearifan lokal yang memperlihatkan warisan peradaban masa lampau melalui koleksi artefak berharga. Tempat ideal untuk belajar mengenai perjuangan bangsa dan filosofi adat masyarakat.",Budaya,Benteng,Kota Ambon,15000,4.6,120.0,"{'lat': -3.6752, 'lng': 128.201958}",-3.6752,128.201958,Maluku,budaya,15000.0,4.6,1,1,1,1,0,1,0.8333,budaya|edukasi|fotografi|sejarah
1538,Benteng Amsterdam Hila Leihitu Ambon Tertua 1642,"Benteng Amsterdam Hila Leihitu Ambon Tertua 1642 di Kota Tual, Maluku. Destinasi wisata sejarah dan kearifan lokal yang memperlihatkan warisan peradaban masa lampau melalui koleksi artefak berharga. Tempat ideal untuk belajar mengenai perjuangan bangsa dan filosofi adat masyarakat.",Budaya,Benteng,Kota Tual,10000,4.4,120.0,"{'lat': -5.651276, 'lng': 132.71286}",-5.651276,132.71286,Maluku,budaya,10000.0,4.4,1,1,0,1,0,1,0.6667,budaya|edukasi|fotografi|sejarah
1539,Gong Perdamaian Dunia Ambon Simbol Persaudaraan Pela Gandong,"Gong Perdamaian Dunia Ambon Simbol Persaudaraan Pela Gandong di Seram Bagian Timur Bula, Maluku. Kompleks bangunan bersejarah dan desa adat yang mempertahankan adat istiadat turun-temurun dengan ramah. Wisatawan dapat menyaksikan kerajinan tangan tradisional dan berinteraksi langsung dengan warga setempat.",Budaya,Situs Sejarah,Seram Bagian Timur Bula,10000,4.6,90.0,"{'lat': -3.032896, 'lng': 130.484533}",-3.032896,130.484533,Maluku,budaya,10000.0,4.6,1,1,1,0,1,1,0.8333,budaya|edukasi|fotografi|sejarah
1540,Taman Pattimura Kota Ambon Ruang Terbuka Hijau,"Taman Pattimura Kota Ambon Ruang Terbuka Hijau di Seram Bagian Timur Bula, Maluku. Kawasan rekreasi bertema dengan wahana pemacu adrenalin, kolam renang bergelombang, serta taman bermain anak yang aman. Dilengkapi staf pengawas keselamatan dan berbagai tenant kuliner lezat.",Taman Hiburan,Taman Rekreasi,Seram Bagian Timur Bula,75000,4.8,180.0,"{'lat': -3.034393, 'lng': 130.471722}",-3.034393,130.471722,Maluku,hiburan,75000.0,4.8,1,1,1,1,1,1,1.0,edukasi|fotografi|rekreasi_keluarga
1541,Ambon City Center (ACC) Passo,"Ambon City Center (ACC) Passo di Kota Ambon, Maluku. Kawasan rekreasi bertema dengan wahana pemacu adrenalin, kolam renang bergelombang, serta taman bermain anak yang aman. Dilengkapi staf pengawas keselamatan dan berbagai tenant kuliner lezat.",Taman Hiburan,Taman Rekreasi,Kota Ambon,150000,4.6,150.0,"{'lat': -3.717167, 'lng': 128.209474}",-3.717167,128.209474,Maluku,hiburan,150000.0,4.6,1,1,1,1,1,1,1.0,edukasi|fotografi|rekreasi_keluarga
1542,Taman Makam Pahlawan Kapitan Pattimura,"Taman Makam Pahlawan Kapitan Pattimura di Kota Ambon, Maluku. Kawasan rekreasi bertema dengan wahana pemacu adrenalin, kolam renang bergelombang, serta taman bermain anak yang aman. Dilengkapi staf pengawas keselamatan dan berbagai tenant kuliner lezat.",Taman Hiburan,Taman Rekreasi,Kota Ambon,150000,4.8,240.0,"{'lat': -3.734435, 'lng': 128.170533}",-3.734435,128.170533,Maluku,hiburan,150000.0,4.8,1,1,1,1,1,1,1.0,edukasi|fotografi|rekreasi_keluarga
1543,Waterpark Victoria Ambon,"Waterpark Victoria Ambon di Kepulauan Tanimbar Saumlaki, Maluku. Kawasan rekreasi bertema dengan wahana pemacu adrenalin, kolam renang bergelombang, serta taman bermain anak yang aman. Dilengkapi staf pengawas keselamatan dan berbagai tenant kuliner lezat.",Taman Hiburan,Waterpark,Kepulauan Tanimbar Saumlaki,200000,4.4,180.0,"{'lat': -7.9513, 'lng': 131.337792}",-7.9513,131.337792,Maluku,hiburan,200000.0,4.4,1,1,1,1,1,1,1.0,edukasi|fotografi|rekreasi_keluarga
1544,Pasar Mardika Ambon Pasar Ikan Segar Cakalang,"Pasar Mardika Ambon Pasar Ikan Segar Cakalang di Seram Bagian Barat Piru, Maluku. Pusat perbelanjaan dan pasar tradisional khas daerah yang menjual aneka kerajinan tangan, kain tenun atau batik, serta camilan oleh-oleh lokal. Tempat bertemunya tawar-menawar yang hangat dengan harga terjangkau.",Pusat Perbelanjaan,Pasar Tradisional,Seram Bagian Barat Piru,0,4.9,120.0,"{'lat': -3.093351, 'lng': 128.279233}",-3.093351,128.279233,Maluku,belanja,0.0,4.9,1,1,1,1,1,0,0.8333,belanja|budaya|kuliner
1545,Sentra Minyak Kayu Putih Asli Namlea Buru,"Sentra Minyak Kayu Putih Asli Namlea Buru di Maluku Tenggara Langgur Kei, Maluku. Pusat perbelanjaan dan pasar tradisional khas daerah yang menjual aneka kerajinan tangan, kain tenun atau batik, serta camilan oleh-oleh lokal. Tempat bertemunya tawar-menawar yang hangat dengan harga terjangkau.",Pusat Perbelanjaan,Sentra Kerajinan,Maluku Tenggara Langgur Kei,0,4.3,90.0,"{'lat': -5.66798, 'lng': 132.72369}",-5.66798,132.72369,Maluku,belanja,0.0,4.3,1,1,1,0,1,0,0.6667,belanja|budaya|kuliner
1546,Pusat Kerajinan Besi Putih Morotai-Ambon,"Pusat Kerajinan Besi Putih Morotai-Ambon di Maluku Tenggara Langgur Kei, Maluku. Pusat perbelanjaan dan pasar tradisional khas daerah yang menjual aneka kerajinan tangan, kain tenun atau batik, serta camilan oleh-oleh lokal. Tempat bertemunya tawar-menawar yang hangat dengan harga terjangkau.",Pusat Perbelanjaan,Pasar Tradisional,Maluku Tenggara Langgur Kei,0,4.3,120.0,"{'lat': -5.684435, 'lng': 132.755541}",-5.684435,132.755541,Maluku,belanja,0.0,4.3,1,1,1,0,1,0,0.6667,belanja|budaya|kuliner
1547,Sentra Kacang Kenari Banda Neira & Halua Kenari,"Sentra Kacang Kenari Banda Neira & Halua Kenari di Kota Ambon, Maluku. Pusat perbelanjaan dan pasar tradisional khas daerah yang menjual aneka kerajinan tangan, kain tenun atau batik, serta camilan oleh-oleh lokal. Tempat bertemunya tawar-menawar yang hangat dengan harga terjangkau.",Pusat Perbelanjaan,Sentra Kerajinan,Kota Ambon,0,4.5,120.0,"{'lat': -3.662384, 'lng': 128.213904}",-3.662384,128.213904,Maluku,belanja,0.0,4.5,1,1,1,0,1,0,0.6667,belanja|budaya|kuliner
1548,Masjid Tua Wapauwe Kaitetu Tertua di Maluku Sejak 1414 Masehi,"Masjid Tua Wapauwe Kaitetu Tertua di Maluku Sejak 1414 Masehi di Maluku Tengah Masohi Banda, Maluku. Tempat ibadah cagar budaya dengan ornamen seni pahat antik dan sejarah pendirian yang menginspirasi. Terbuka bagi pengunjung yang ingin berdoa maupun mengagumi keindahan karya arsitektur Nusantara.",Tempat Ibadah,Masjid,Maluku Tengah Masohi Banda,0,4.3,60.0,"{'lat': -3.279888, 'lng': 128.986162}",-3.279888,128.986162,Maluku,religi,0.0,4.3,1,1,1,1,1,1,1.0,budaya|religi|sejarah
1549,Gereja Maranatha Ambon Pusat GPM,"Gereja Maranatha Ambon Pusat GPM di Kota Tual, Maluku. Tempat ibadah cagar budaya dengan ornamen seni pahat antik dan sejarah pendirian yang menginspirasi. Terbuka bagi pengunjung yang ingin berdoa maupun mengagumi keindahan karya arsitektur Nusantara.",Tempat Ibadah,Gereja,Kota Tual,0,4.2,60.0,"{'lat': -5.630282, 'lng': 132.716356}",-5.630282,132.716356,Maluku,religi,0.0,4.2,1,1,1,1,1,0,0.8333,budaya|religi|sejarah
1550,Gereja Katedral Santo Fransiskus Xaverius Ambon,"Gereja Katedral Santo Fransiskus Xaverius Ambon di Maluku Barat Daya Tiakur, Maluku. Tempat ibadah cagar budaya dengan ornamen seni pahat antik dan sejarah pendirian yang menginspirasi. Terbuka bagi pengunjung yang ingin berdoa maupun mengagumi keindahan karya arsitektur Nusantara.",Tempat Ibadah,Gereja,Maluku Barat Daya Tiakur,0,4.5,45.0,"{'lat': -8.126218, 'lng': 127.924615}",-8.126218,127.924615,Maluku,religi,0.0,4.5,1,1,1,1,1,0,0.8333,budaya|religi|sejarah
1551,Pantai Sulamadaha Ternate Air Laut Kaca Berenang Perahu Terapung,"Pantai Sulamadaha Ternate Air Laut Kaca Berenang Perahu Terapung di Pulau Morotai Daruba, Maluku Utara. Kawasan pantai dengan keindahan garis pantai memanjang, batuan karang yang menawan, serta angin sepoi-sepoi yang menyegarkan. Sangat cocok untuk aktivitas rekreasi, jalan santai di tepi air, dan piknik sore hari.",Pantai,Pantai,Pulau Morotai Daruba,15000,4.3,150.0,"{'lat': 2.08835, 'lng': 128.264561}",2.08835,128.264561,Maluku Utara,bahari,15000.0,4.3,1,1,1,1,1,0,0.8333,berenang|fotografi|kuliner|pantai|rekreasi_keluarga
1552,Pantai Jikomalamo Ternate Surga Snorkeling Diving Terumbu Karang,"Pantai Jikomalamo Ternate Surga Snorkeling Diving Terumbu Karang di Halmahera Selatan Labuha Bacan, Maluku Utara. Destinasi wisata pesisir dengan hamparan pasir bersih, deburan ombak yang menenangkan, serta panorama matahari terbenam yang memukau. Dilengkapi fasilitas warung makan seafood lokal, area parkir, toilet umum, dan persewaan payung pantai.",Pantai,Pantai,Halmahera Selatan Labuha Bacan,5000,4.5,150.0,"{'lat': -0.601049, 'lng': 127.501805}",-0.601049,127.501805,Maluku Utara,bahari,5000.0,4.5,1,1,1,1,0,1,0.8333,bahari|berenang|fotografi|kuliner|pantai|rekreasi_keluarga|snorkeling
1553,Pantai Dodola Morotai Pulau Pasir Putih Menyambung Pasang Surut,"Pantai Dodola Morotai Pulau Pasir Putih Menyambung Pasang Surut di Halmahera Selatan Labuha Bacan, Maluku Utara. Destinasi wisata pesisir dengan hamparan pasir bersih, deburan ombak yang menenangkan, serta panorama matahari terbenam yang memukau. Dilengkapi fasilitas warung makan seafood lokal, area parkir, toilet umum, dan persewaan payung pantai.",Pantai,Pantai,Halmahera Selatan Labuha Bacan,5000,4.7,120.0,"{'lat': -0.636158, 'lng': 127.502955}",-0.636158,127.502955,Maluku Utara,bahari,5000.0,4.7,1,1,1,1,0,0,0.6667,berenang|fotografi|kuliner|pantai|rekreasi_keluarga
1554,Pantai Batu Angus Ternate Lahar Bekas Letusan Gunung Gamalama,"Pantai Batu Angus Ternate Lahar Bekas Letusan Gunung Gamalama di Pulau Morotai Daruba, Maluku Utara. Pantai eksotis dengan air laut jernih dan deretan pohon kelapa yang rindang. Menjadi lokasi favorit wisatawan untuk bersantai, bermain air bersama keluarga, berswafoto, serta menikmati kelapa muda segar di tepi pantai.",Pantai,Pantai,Pulau Morotai Daruba,25000,4.5,240.0,"{'lat': 2.048083, 'lng': 128.25129}",2.048083,128.25129,Maluku Utara,bahari,25000.0,4.5,1,1,1,1,0,1,0.8333,berenang|fotografi|kuliner|pantai|rekreasi_keluarga
1555,Pantai Kastela Ternate Tempat Pembunuhan Sultan Khairun Portugis,"Pantai Kastela Ternate Tempat Pembunuhan Sultan Khairun Portugis di Kepulauan Sula Sanana, Maluku Utara. Destinasi wisata pesisir dengan hamparan pasir bersih, deburan ombak yang menenangkan, serta panorama matahari terbenam yang memukau. Dilengkapi fasilitas warung makan seafood lokal, area parkir, toilet umum, dan persewaan payung pantai.",Pantai,Pantai,Kepulauan Sula Sanana,20000,4.5,240.0,"{'lat': -1.971109, 'lng': 125.952222}",-1.971109,125.952222,Maluku Utara,bahari,20000.0,4.5,1,1,1,1,0,0,0.6667,berenang|fotografi|kuliner|pantai|rekreasi_keluarga
1556,Pantai Bobanehena Jailolo Pasir Hitam Belerang Hangat,"Pantai Bobanehena Jailolo Pasir Hitam Belerang Hangat di Kepulauan Sula Sanana, Maluku Utara. Kawasan pantai dengan keindahan garis pantai memanjang, batuan karang yang menawan, serta angin sepoi-sepoi yang menyegarkan. Sangat cocok untuk aktivitas rekreasi, jalan santai di tepi air, dan piknik sore hari.",Pantai,Pantai,Kepulauan Sula Sanana,15000,4.9,180.0,"{'lat': -2.018341, 'lng': 125.99379}",-2.018341,125.99379,Maluku Utara,bahari,15000.0,4.9,1,1,1,1,0,1,0.8333,berenang|fotografi|kuliner|pantai|rekreasi_keluarga
1557,Pantai Kupa-Kupa Tobelo Karang Tropis Teduh,"Pantai Kupa-Kupa Tobelo Karang Tropis Teduh di Pulau Taliabu Bobong, Maluku Utara. Destinasi wisata pesisir dengan hamparan pasir bersih, deburan ombak yang menenangkan, serta panorama matahari terbenam yang memukau. Dilengkapi fasilitas warung makan seafood lokal, area parkir, toilet umum, dan persewaan payung pantai.",Pantai,Pantai,Pulau Taliabu Bobong,25000,4.6,240.0,"{'lat': -1.853378, 'lng': 124.465323}",-1.853378,124.465323,Maluku Utara,bahari,25000.0,4.6,1,1,1,1,1,1,1.0,bahari|berenang|fotografi|kuliner|pantai|rekreasi_keluarga|snorkeling
1558,Pantai Luari Halmahera Utara Sunrise Pasir Bersih,"Pantai Luari Halmahera Utara Sunrise Pasir Bersih di Halmahera Tengah Weda, Maluku Utara. Destinasi wisata pesisir dengan hamparan pasir bersih, deburan ombak yang menenangkan, serta panorama matahari terbenam yang memukau. Dilengkapi fasilitas warung makan seafood lokal, area parkir, toilet umum, dan persewaan payung pantai.",Pantai,Pantai,Halmahera Tengah Weda,25000,4.9,240.0,"{'lat': 0.449006, 'lng': 127.902237}",0.449006,127.902237,Maluku Utara,bahari,25000.0,4.9,1,1,1,1,0,1,0.8333,berenang|fotografi|kuliner|pantai|rekreasi_keluarga
1559,Pantai Tugulufa Tidore Tepi Selat Pulau,"Pantai Tugulufa Tidore Tepi Selat Pulau di Halmahera Timur Maba, Maluku Utara. Destinasi wisata pesisir dengan hamparan pasir bersih, deburan ombak yang menenangkan, serta panorama matahari terbenam yang memukau. Dilengkapi fasilitas warung makan seafood lokal, area parkir, toilet umum, dan persewaan payung pantai.",Pantai,Pantai,Halmahera Timur Maba,20000,4.7,150.0,"{'lat': 0.713838, 'lng': 128.267565}",0.713838,128.267565,Maluku Utara,bahari,20000.0,4.7,1,1,1,1,1,1,1.0,berenang|fotografi|kuliner|pantai|rekreasi_keluarga
1560,Pantai Pastofiri Tidore Gosong Pasir Timbul Laut,"Pantai Pastofiri Tidore Gosong Pasir Timbul Laut di Halmahera Timur Maba, Maluku Utara. Kawasan pantai dengan keindahan garis pantai memanjang, batuan karang yang menawan, serta angin sepoi-sepoi yang menyegarkan. Sangat cocok untuk aktivitas rekreasi, jalan santai di tepi air, dan piknik sore hari.",Pantai,Pantai,Halmahera Timur Maba,15000,4.9,120.0,"{'lat': 0.677057, 'lng': 128.300142}",0.677057,128.300142,Maluku Utara,bahari,15000.0,4.9,1,1,1,1,0,1,0.8333,berenang|fotografi|kuliner|pantai|rekreasi_keluarga
1561,Pantai Tanjung Gorango Morotai Tebing Megah Ombak Surfing,"Pantai Tanjung Gorango Morotai Tebing Megah Ombak Surfing di Halmahera Timur Maba, Maluku Utara. Destinasi wisata pesisir dengan hamparan pasir bersih, deburan ombak yang menenangkan, serta panorama matahari terbenam yang memukau. Dilengkapi fasilitas warung makan seafood lokal, area parkir, toilet umum, dan persewaan payung pantai.",Pantai,Pantai,Halmahera Timur Maba,10000,4.5,240.0,"{'lat': 0.705681, 'lng': 128.272368}",0.705681,128.272368,Maluku Utara,bahari,10000.0,4.5,1,1,1,1,1,1,1.0,berenang|fotografi|kuliner|pantai|rekreasi_keluarga
1562,Pantai Nunuhu Morotai,"Pantai Nunuhu Morotai di Halmahera Barat Jailolo, Maluku Utara. Destinasi wisata pesisir dengan hamparan pasir bersih, deburan ombak yang menenangkan, serta panorama matahari terbenam yang memukau. Dilengkapi fasilitas warung makan seafood lokal, area parkir, toilet umum, dan persewaan payung pantai.",Pantai,Pantai,Halmahera Barat Jailolo,20000,4.8,180.0,"{'lat': 1.039271, 'lng': 127.503237}",1.039271,127.503237,Maluku Utara,bahari,20000.0,4.8,1,1,1,1,1,0,0.8333,berenang|fotografi|kuliner|pantai|rekreasi_keluarga
1563,Pantai Falajawa Boulevard Ternate Berenang Tepi Kota,"Pantai Falajawa Boulevard Ternate Berenang Tepi Kota di Pulau Morotai Daruba, Maluku Utara. Kawasan pantai dengan keindahan garis pantai memanjang, batuan karang yang menawan, serta angin sepoi-sepoi yang menyegarkan. Sangat cocok untuk aktivitas rekreasi, jalan santai di tepi air, dan piknik sore hari.",Pantai,Pantai,Pulau Morotai Daruba,10000,4.6,180.0,"{'lat': 2.078499, 'lng': 128.267589}",2.078499,128.267589,Maluku Utara,bahari,10000.0,4.6,1,1,1,1,0,1,0.8333,berenang|fotografi|kuliner|pantai|rekreasi_keluarga
1564,Pantai Disa Halmahera Timur,"Pantai Disa Halmahera Timur di Kota Ternate, Maluku Utara. Pantai eksotis dengan air laut jernih dan deretan pohon kelapa yang rindang. Menjadi lokasi favorit wisatawan untuk bersantai, bermain air bersama keluarga, berswafoto, serta menikmati kelapa muda segar di tepi pantai.",Pantai,Pantai,Kota Ternate,20000,4.8,120.0,"{'lat': 0.779277, 'lng': 127.360724}",0.779277,127.360724,Maluku Utara,bahari,20000.0,4.8,1,1,1,1,0,0,0.6667,berenang|fotografi|kuliner|pantai|rekreasi_keluarga
1565,Gunung Gamalama Ternate Puncak Stratovolcano Aktif Penghasil Cengkih,"Gunung Gamalama Ternate Puncak Stratovolcano Aktif Penghasil Cengkih di Kepulauan Sula Sanana, Maluku Utara. Kawasan dataran tinggi dan lereng gunung yang asri dengan pemandangan perbukitan hijau dan kawah eksotis. Sangat ideal untuk petualangan alam terbuka, hiking santai, perkemahan keluarga, dan melepas penat.",Gunung,Gunung,Kepulauan Sula Sanana,25000,4.6,180.0,"{'lat': -1.988337, 'lng': 125.954494}",-1.988337,125.954494,Maluku Utara,alam,25000.0,4.6,1,1,1,0,1,0,0.6667,camping|fotografi|gunung|hiking
1566,Gunung Kie Matubu Tidore Puncak Gunung Uang Kertas Rp 1.000,"Gunung Kie Matubu Tidore Puncak Gunung Uang Kertas Rp 1.000 di Kota Ternate, Maluku Utara. Kawasan dataran tinggi dan lereng gunung yang asri dengan pemandangan perbukitan hijau dan kawah eksotis. Sangat ideal untuk petualangan alam terbuka, hiking santai, perkemahan keluarga, dan melepas penat.",Gunung,Gunung,Kota Ternate,25000,4.8,300.0,"{'lat': 0.809904, 'lng': 127.328594}",0.809904,127.328594,Maluku Utara,alam,25000.0,4.8,1,1,1,1,0,0,0.6667,camping|fotografi|gunung|hiking
1567,Gunung Dukono Tobelo Kawah Belerang Vulkanik Aktif,"Gunung Dukono Tobelo Kawah Belerang Vulkanik Aktif di Halmahera Barat Jailolo, Maluku Utara. Destinasi wisata pegunungan berhawa sejuk dengan jalur pendakian yang menantang dan panorama lautan awan yang spektakuler saat fajar. Tersedia pos peristirahatan, warung logistik pendaki, area perkemahan, dan pemandu lokal.",Gunung,Gunung,Halmahera Barat Jailolo,10000,4.3,240.0,"{'lat': 1.066935, 'lng': 127.495212}",1.066935,127.495212,Maluku Utara,alam,10000.0,4.3,1,1,1,0,0,1,0.6667,camping|fotografi|gunung|hiking
1568,Gunung Gamkonora Halmahera Barat Tertinggi di Halmahera,"Gunung Gamkonora Halmahera Barat Tertinggi di Halmahera di Kepulauan Sula Sanana, Maluku Utara. Destinasi wisata pegunungan berhawa sejuk dengan jalur pendakian yang menantang dan panorama lautan awan yang spektakuler saat fajar. Tersedia pos peristirahatan, warung logistik pendaki, area perkemahan, dan pemandu lokal.",Gunung,Gunung,Kepulauan Sula Sanana,10000,4.8,360.0,"{'lat': -2.00241, 'lng': 126.020991}",-2.00241,126.020991,Maluku Utara,alam,10000.0,4.8,1,1,1,0,1,0,0.6667,camping|fotografi|gunung|hiking
1569,Puncak Gunung Ibu Kawah Letusan Berkala,"Puncak Gunung Ibu Kawah Letusan Berkala di Halmahera Utara Tobelo, Maluku Utara. Puncak bukit dan pegunungan dengan pemandangan lanskap hijau membentang sejauh mata memandang. Menawarkan pengalaman menikmati golden sunrise, udara bersih bebas polusi, dan spot foto alam yang memesona.",Gunung,Gunung,Halmahera Utara Tobelo,20000,4.7,360.0,"{'lat': 1.701415, 'lng': 128.01117}",1.701415,128.01117,Maluku Utara,alam,20000.0,4.7,1,1,1,0,0,1,0.6667,camping|fotografi|gunung|hiking
1570,Bukit Ngade Ternate Danau Laguna Berlatar Pulau Tidore,"Bukit Ngade Ternate Danau Laguna Berlatar Pulau Tidore di Pulau Taliabu Bobong, Maluku Utara. Kawasan dataran tinggi dan lereng gunung yang asri dengan pemandangan perbukitan hijau dan kawah eksotis. Sangat ideal untuk petualangan alam terbuka, hiking santai, perkemahan keluarga, dan melepas penat.",Gunung,Perbukitan,Pulau Taliabu Bobong,25000,4.4,240.0,"{'lat': -1.847336, 'lng': 124.505319}",-1.847336,124.505319,Maluku Utara,alam,25000.0,4.4,1,1,1,0,0,0,0.5,alam|camping|fotografi|gunung|hiking
1571,Puncak Cengkeh Afo Ternate Pohon Cengkih Tertua di Dunia,"Puncak Cengkeh Afo Ternate Pohon Cengkih Tertua di Dunia di Halmahera Barat Jailolo, Maluku Utara. Kawasan dataran tinggi dan lereng gunung yang asri dengan pemandangan perbukitan hijau dan kawah eksotis. Sangat ideal untuk petualangan alam terbuka, hiking santai, perkemahan keluarga, dan melepas penat.",Gunung,Perbukitan,Halmahera Barat Jailolo,50000,4.6,300.0,"{'lat': 1.046318, 'lng': 127.472519}",1.046318,127.472519,Maluku Utara,alam,50000.0,4.6,1,1,1,0,1,0,0.6667,camping|fotografi|gunung|hiking
1572,Bukit Sabatai Morotai Pemandangan Pasifik,"Bukit Sabatai Morotai Pemandangan Pasifik di Kepulauan Sula Sanana, Maluku Utara. Kawasan dataran tinggi dan lereng gunung yang asri dengan pemandangan perbukitan hijau dan kawah eksotis. Sangat ideal untuk petualangan alam terbuka, hiking santai, perkemahan keluarga, dan melepas penat.",Gunung,Perbukitan,Kepulauan Sula Sanana,20000,4.7,360.0,"{'lat': -1.977128, 'lng': 126.000212}",-1.977128,126.000212,Maluku Utara,alam,20000.0,4.7,1,1,1,1,0,0,0.6667,camping|fotografi|gunung|hiking
1573,Puncak Rappa Pelangi Tidore,"Puncak Rappa Pelangi Tidore di Halmahera Selatan Labuha Bacan, Maluku Utara. Kawasan dataran tinggi dan lereng gunung yang asri dengan pemandangan perbukitan hijau dan kawah eksotis. Sangat ideal untuk petualangan alam terbuka, hiking santai, perkemahan keluarga, dan melepas penat.",Gunung,Perbukitan,Halmahera Selatan Labuha Bacan,50000,4.6,300.0,"{'lat': -0.636436, 'lng': 127.486641}",-0.636436,127.486641,Maluku Utara,alam,50000.0,4.6,1,1,1,1,0,0,0.6667,camping|fotografi|gunung|hiking
1574,Gunung Sibela Pulau Bacan Cagar Alam Batu Bacan,"Gunung Sibela Pulau Bacan Cagar Alam Batu Bacan di Halmahera Tengah Weda, Maluku Utara. Kawasan dataran tinggi dan lereng gunung yang asri dengan pemandangan perbukitan hijau dan kawah eksotis. Sangat ideal untuk petualangan alam terbuka, hiking santai, perkemahan keluarga, dan melepas penat.",Gunung,Gunung,Halmahera Tengah Weda,25000,4.2,180.0,"{'lat': 0.442862, 'lng': 127.908405}",0.442862,127.908405,Maluku Utara,alam,25000.0,4.2,1,1,1,0,0,1,0.6667,camping|fotografi|gunung|hiking
1575,Danau Tolire Besar & Tolire Kecil Ternate Legenda Buaya Siluman,"Danau Tolire Besar & Tolire Kecil Ternate Legenda Buaya Siluman di Halmahera Utara Tobelo, Maluku Utara. Objek wisata alam dengan formasi tebing batuan alami, gua karst purba, serta telaga yang jernih dan tenang. Suasana alam yang tenang memberikan kesegaran pikiran bagi pengunjung yang mencintai ketenangan alam.",Cagar Alam,Danau,Halmahera Utara Tobelo,20000,4.9,150.0,"{'lat': 1.770083, 'lng': 128.029846}",1.770083,128.029846,Maluku Utara,alam,20000.0,4.9,1,1,1,0,0,1,0.6667,alam|edukasi|fotografi|hiking|rekreasi_keluarga
1576,Danau Laguna Ngade Ikon Pemandangan Ternate,"Danau Laguna Ngade Ikon Pemandangan Ternate di Pulau Morotai Daruba, Maluku Utara. Objek wisata alam dengan formasi tebing batuan alami, gua karst purba, serta telaga yang jernih dan tenang. Suasana alam yang tenang memberikan kesegaran pikiran bagi pengunjung yang mencintai ketenangan alam.",Cagar Alam,Danau,Pulau Morotai Daruba,30000,4.3,120.0,"{'lat': 2.016044, 'lng': 128.250671}",2.016044,128.250671,Maluku Utara,alam,30000.0,4.3,1,1,1,1,0,1,0.8333,alam|edukasi|fotografi|hiking|rekreasi_keluarga
1577,Air Terjun Cunca Kahatola Tebing Karang Jatuh Langsung ke Laut,"Air Terjun Cunca Kahatola Tebing Karang Jatuh Langsung ke Laut di Pulau Morotai Daruba, Maluku Utara. Wisata alam edukatif berbalut udara segar hutan tropis, aliran sungai yang jernih, serta air terjun bertingkat yang menyejukkan. Pilihan utama untuk riset keanekaragaman hayati dan ekowisata ramah lingkungan.",Cagar Alam,Air Terjun,Pulau Morotai Daruba,15000,4.3,180.0,"{'lat': 2.0838, 'lng': 128.292103}",2.0838,128.292103,Maluku Utara,alam,15000.0,4.3,1,1,1,1,1,1,1.0,alam|bahari|edukasi|fotografi|hiking|rekreasi_keluarga|snorkeling
1578,Taman Laut Selat Bacan Habitat Kima Raksasa,"Taman Laut Selat Bacan Habitat Kima Raksasa di Halmahera Tengah Weda, Maluku Utara. Objek wisata alam dengan formasi tebing batuan alami, gua karst purba, serta telaga yang jernih dan tenang. Suasana alam yang tenang memberikan kesegaran pikiran bagi pengunjung yang mencintai ketenangan alam.",Cagar Alam,Taman Nasional,Halmahera Tengah Weda,20000,4.3,120.0,"{'lat': 0.489548, 'lng': 127.888876}",0.489548,127.888876,Maluku Utara,alam,20000.0,4.3,1,1,1,1,0,1,0.8333,edukasi|fotografi|hiking|rekreasi_keluarga
1579,Pulau Kakara Tobelo Asal Tarian Perang Cakalele,"Pulau Kakara Tobelo Asal Tarian Perang Cakalele di Kota Tidore Kepulauan, Maluku Utara. Objek wisata alam dengan formasi tebing batuan alami, gua karst purba, serta telaga yang jernih dan tenang. Suasana alam yang tenang memberikan kesegaran pikiran bagi pengunjung yang mencintai ketenangan alam.",Cagar Alam,Taman Nasional,Kota Tidore Kepulauan,25000,4.2,180.0,"{'lat': 0.705789, 'lng': 127.419157}",0.705789,127.419157,Maluku Utara,alam,25000.0,4.2,1,1,1,0,1,1,0.8333,edukasi|fotografi|hiking|rekreasi_keluarga
1580,Pulau Mitita Morotai Spot Menyelam Hiu Sirip Hitam,"Pulau Mitita Morotai Spot Menyelam Hiu Sirip Hitam di Halmahera Selatan Labuha Bacan, Maluku Utara. Wisata alam edukatif berbalut udara segar hutan tropis, aliran sungai yang jernih, serta air terjun bertingkat yang menyejukkan. Pilihan utama untuk riset keanekaragaman hayati dan ekowisata ramah lingkungan.",Cagar Alam,Taman Nasional,Halmahera Selatan Labuha Bacan,20000,4.8,120.0,"{'lat': -0.642104, 'lng': 127.460683}",-0.642104,127.460683,Maluku Utara,alam,20000.0,4.8,1,1,1,1,0,1,0.8333,edukasi|fotografi|hiking|rekreasi_keluarga
1581,Batu Angus Ternate Hamparan Batu Bekas Lahar Beku 1907,"Batu Angus Ternate Hamparan Batu Bekas Lahar Beku 1907 di Kota Ternate, Maluku Utara. Kawasan konservasi alam yang asri dan terlindungi dengan keanekaragaman flora dan fauna tropis endemik. Dilengkapi jalur trekking kayu yang tertata rapi, gazebo istirahat, pusat informasi lingkungan, dan toilet pengunjung.",Cagar Alam,Taman Nasional,Kota Ternate,15000,4.7,120.0,"{'lat': 0.804722, 'lng': 127.369289}",0.804722,127.369289,Maluku Utara,alam,15000.0,4.7,1,1,1,1,0,1,0.8333,edukasi|fotografi|hiking|rekreasi_keluarga
1582,Air Terjun Roko Halmahera Barat,"Air Terjun Roko Halmahera Barat di Kepulauan Sula Sanana, Maluku Utara. Objek wisata alam dengan formasi tebing batuan alami, gua karst purba, serta telaga yang jernih dan tenang. Suasana alam yang tenang memberikan kesegaran pikiran bagi pengunjung yang mencintai ketenangan alam.",Cagar Alam,Air Terjun,Kepulauan Sula Sanana,30000,4.2,120.0,"{'lat': -2.025473, 'lng': 125.945398}",-2.025473,125.945398,Maluku Utara,alam,30000.0,4.2,1,1,1,0,0,1,0.6667,alam|edukasi|fotografi|hiking|rekreasi_keluarga
1583,Kedaton Kesultanan Ternate Museum Pusaka Mahkota Berambut Emas,"Kedaton Kesultanan Ternate Museum Pusaka Mahkota Berambut Emas di Halmahera Barat Jailolo, Maluku Utara. Situs cagar budaya bersejarah yang sarat dengan nilai tradisi leluhur, arsitektur arca dan bangunan tradisional yang otentik. Dilengkapi pemandu wisata budaya, museum informasi sejarah, dan pertunjukan seni berkala.",Budaya,Museum,Halmahera Barat Jailolo,10000,4.5,90.0,"{'lat': 1.096344, 'lng': 127.500977}",1.096344,127.500977,Maluku Utara,budaya,10000.0,4.5,1,1,1,0,1,1,0.8333,budaya|edukasi|fotografi|sejarah
1584,Kedaton Kesultanan Tidore Peninggalan Sultan Nuku Pahlawan Nasional,"Kedaton Kesultanan Tidore Peninggalan Sultan Nuku Pahlawan Nasional di Kepulauan Sula Sanana, Maluku Utara. Destinasi wisata sejarah dan kearifan lokal yang memperlihatkan warisan peradaban masa lampau melalui koleksi artefak berharga. Tempat ideal untuk belajar mengenai perjuangan bangsa dan filosofi adat masyarakat.",Budaya,Situs Sejarah,Kepulauan Sula Sanana,10000,4.9,60.0,"{'lat': -2.022621, 'lng': 125.971728}",-2.022621,125.971728,Maluku Utara,budaya,10000.0,4.9,1,1,0,1,1,1,0.8333,budaya|edukasi|fotografi|sejarah
1585,Benteng Tolukko Ternate Benteng Portugis Menghadap Gamalama 1540,"Benteng Tolukko Ternate Benteng Portugis Menghadap Gamalama 1540 di Halmahera Tengah Weda, Maluku Utara. Situs cagar budaya bersejarah yang sarat dengan nilai tradisi leluhur, arsitektur arca dan bangunan tradisional yang otentik. Dilengkapi pemandu wisata budaya, museum informasi sejarah, dan pertunjukan seni berkala.",Budaya,Benteng,Halmahera Tengah Weda,20000,4.8,60.0,"{'lat': 0.426687, 'lng': 127.880637}",0.426687,127.880637,Maluku Utara,budaya,20000.0,4.8,1,1,1,1,0,1,0.8333,budaya|edukasi|fotografi|sejarah
1586,Benteng Kalamata Benteng Bastion Portugis Menghadap Tidore,"Benteng Kalamata Benteng Bastion Portugis Menghadap Tidore di Kota Tidore Kepulauan, Maluku Utara. Situs cagar budaya bersejarah yang sarat dengan nilai tradisi leluhur, arsitektur arca dan bangunan tradisional yang otentik. Dilengkapi pemandu wisata budaya, museum informasi sejarah, dan pertunjukan seni berkala.",Budaya,Benteng,Kota Tidore Kepulauan,25000,4.3,60.0,"{'lat': 0.72084, 'lng': 127.400536}",0.72084,127.400536,Maluku Utara,budaya,25000.0,4.3,1,1,0,1,1,1,0.8333,budaya|edukasi|fotografi|sejarah
1587,Benteng Kastela Benteng Tertua Portugis Santo Yohanes Pembaptis,"Benteng Kastela Benteng Tertua Portugis Santo Yohanes Pembaptis di Halmahera Timur Maba, Maluku Utara. Kompleks bangunan bersejarah dan desa adat yang mempertahankan adat istiadat turun-temurun dengan ramah. Wisatawan dapat menyaksikan kerajinan tangan tradisional dan berinteraksi langsung dengan warga setempat.",Budaya,Benteng,Halmahera Timur Maba,10000,4.5,60.0,"{'lat': 0.719975, 'lng': 128.28535}",0.719975,128.28535,Maluku Utara,budaya,10000.0,4.5,1,1,1,0,0,1,0.6667,budaya|edukasi|fotografi|sejarah
1588,Benteng Torre & Benteng Tahula Peninggalan Spanyol di Tidore,"Benteng Torre & Benteng Tahula Peninggalan Spanyol di Tidore di Halmahera Selatan Labuha Bacan, Maluku Utara. Destinasi wisata sejarah dan kearifan lokal yang memperlihatkan warisan peradaban masa lampau melalui koleksi artefak berharga. Tempat ideal untuk belajar mengenai perjuangan bangsa dan filosofi adat masyarakat.",Budaya,Benteng,Halmahera Selatan Labuha Bacan,20000,4.8,60.0,"{'lat': -0.636744, 'lng': 127.46058}",-0.636744,127.46058,Maluku Utara,budaya,20000.0,4.8,1,1,1,0,0,1,0.6667,budaya|edukasi|fotografi|sejarah
1589,Museum Perang Dunia II Morotai Monumen Tentara Sekutu Douglas MacArthur,"Museum Perang Dunia II Morotai Monumen Tentara Sekutu Douglas MacArthur di Halmahera Timur Maba, Maluku Utara. Kompleks bangunan bersejarah dan desa adat yang mempertahankan adat istiadat turun-temurun dengan ramah. Wisatawan dapat menyaksikan kerajinan tangan tradisional dan berinteraksi langsung dengan warga setempat.",Budaya,Museum,Halmahera Timur Maba,10000,4.3,120.0,"{'lat': 0.735675, 'lng': 128.31216}",0.735675,128.31216,Maluku Utara,budaya,10000.0,4.3,1,1,1,1,0,1,0.8333,budaya|edukasi|fotografi|sejarah
1590,Taman Landmark Kota Ternate Pinggir Laut,"Taman Landmark Kota Ternate Pinggir Laut di Kota Ternate, Maluku Utara. Taman rekreasi modern keluarga yang menghadirkan beragam wahana permainan seru, atraksi air, serta pertunjukan tematik interaktif. Memiliki fasilitas lengkap seperti food court, musala yang nyaman, toilet bersih, dan area parkir luas.",Taman Hiburan,Taman Rekreasi,Kota Ternate,75000,4.2,150.0,"{'lat': 0.820439, 'lng': 127.38507}",0.820439,127.38507,Maluku Utara,hiburan,75000.0,4.2,1,1,1,1,1,1,1.0,edukasi|fotografi|rekreasi_keluarga
1591,Taman Film Ternate,"Taman Film Ternate di Pulau Taliabu Bobong, Maluku Utara. Kawasan rekreasi bertema dengan wahana pemacu adrenalin, kolam renang bergelombang, serta taman bermain anak yang aman. Dilengkapi staf pengawas keselamatan dan berbagai tenant kuliner lezat.",Taman Hiburan,Taman Rekreasi,Pulau Taliabu Bobong,150000,4.4,150.0,"{'lat': -1.859111, 'lng': 124.444042}",-1.859111,124.444042,Maluku Utara,hiburan,150000.0,4.4,1,1,1,1,1,1,1.0,edukasi|fotografi|rekreasi_keluarga
1592,Taman Dodoku Ali Tidore Waterfront,"Taman Dodoku Ali Tidore Waterfront di Halmahera Tengah Weda, Maluku Utara. Destinasi hiburan terpadu dengan spot swafoto kekinian yang estetik, wahana edukasi anak, dan ruang terbuka hijau yang ramah keluarga. Menjadi tempat favorit untuk berekreasi bersama anak-anak di akhir pekan.",Taman Hiburan,Waterpark,Halmahera Tengah Weda,150000,4.5,180.0,"{'lat': 0.447585, 'lng': 127.879819}",0.447585,127.879819,Maluku Utara,hiburan,150000.0,4.5,1,1,1,1,1,1,1.0,edukasi|fotografi|rekreasi_keluarga
1593,Taman Kota Tobelo Halmahera Utara,"Taman Kota Tobelo Halmahera Utara di Halmahera Tengah Weda, Maluku Utara. Kawasan rekreasi bertema dengan wahana pemacu adrenalin, kolam renang bergelombang, serta taman bermain anak yang aman. Dilengkapi staf pengawas keselamatan dan berbagai tenant kuliner lezat.",Taman Hiburan,Taman Rekreasi,Halmahera Tengah Weda,100000,4.4,150.0,"{'lat': 0.459404, 'lng': 127.94256}",0.459404,127.94256,Maluku Utara,hiburan,100000.0,4.4,1,1,1,1,1,1,1.0,edukasi|fotografi|rekreasi_keluarga
1594,Pasar Gamalama Ternate Pusat Rempah Pala Cengkih,"Pasar Gamalama Ternate Pusat Rempah Pala Cengkih di Kepulauan Sula Sanana, Maluku Utara. Pusat perbelanjaan dan pasar tradisional khas daerah yang menjual aneka kerajinan tangan, kain tenun atau batik, serta camilan oleh-oleh lokal. Tempat bertemunya tawar-menawar yang hangat dengan harga terjangkau.",Pusat Perbelanjaan,Pasar Tradisional,Kepulauan Sula Sanana,0,4.4,90.0,"{'lat': -1.962776, 'lng': 126.002657}",-1.962776,126.002657,Maluku Utara,belanja,0.0,4.4,1,1,1,1,1,0,0.8333,belanja|budaya|kuliner
1595,Sentra Sirup Buah Pala Ternate Swering,"Sentra Sirup Buah Pala Ternate Swering di Pulau Taliabu Bobong, Maluku Utara. Kawasan pertokoan dan pasar seni yang menyajikan ragam cinderamata unik karya perajin lokal dari berbagai penjuru daerah. Selalu ramai dikunjungi wisatawan yang ingin membawa kenang-kenangan autentik.",Pusat Perbelanjaan,Sentra Kerajinan,Pulau Taliabu Bobong,0,4.7,90.0,"{'lat': -1.856974, 'lng': 124.475592}",-1.856974,124.475592,Maluku Utara,belanja,0.0,4.7,1,1,1,0,1,1,0.8333,belanja|budaya|kuliner
1596,Pusat Kerajinan Batu Bacan Doko Halmahera Selatan,"Pusat Kerajinan Batu Bacan Doko Halmahera Selatan di Kota Tidore Kepulauan, Maluku Utara. Pusat perbelanjaan dan pasar tradisional khas daerah yang menjual aneka kerajinan tangan, kain tenun atau batik, serta camilan oleh-oleh lokal. Tempat bertemunya tawar-menawar yang hangat dengan harga terjangkau.",Pusat Perbelanjaan,Pasar Tradisional,Kota Tidore Kepulauan,0,4.2,120.0,"{'lat': 0.669827, 'lng': 127.431106}",0.669827,127.431106,Maluku Utara,belanja,0.0,4.2,1,1,1,1,1,0,0.8333,belanja|budaya|kuliner
1597,Sentra Batik Tubo Motif Rempah Ternate,"Sentra Batik Tubo Motif Rempah Ternate di Kota Tidore Kepulauan, Maluku Utara. Pusat perbelanjaan dan pasar tradisional khas daerah yang menjual aneka kerajinan tangan, kain tenun atau batik, serta camilan oleh-oleh lokal. Tempat bertemunya tawar-menawar yang hangat dengan harga terjangkau.",Pusat Perbelanjaan,Sentra Kerajinan,Kota Tidore Kepulauan,0,4.4,60.0,"{'lat': 0.673463, 'lng': 127.407881}",0.673463,127.407881,Maluku Utara,belanja,0.0,4.4,1,1,1,0,1,1,0.8333,belanja|budaya|kuliner
1598,Masjid Sultan Ternate Tua Sejak Abad ke-17 Atap Tumpang Empat,"Masjid Sultan Ternate Tua Sejak Abad ke-17 Atap Tumpang Empat di Kota Tidore Kepulauan, Maluku Utara. Ikon wisata religi yang terkenal dengan kedamaian suasananya, toleransi antarwarga, serta kubah atau menara yang menjulang indah. Menjadi tempat ziarah sekaligus edukasi spiritual bagi masyarakat luas.",Tempat Ibadah,Masjid,Kota Tidore Kepulauan,0,4.3,60.0,"{'lat': 0.65067, 'lng': 127.439055}",0.65067,127.439055,Maluku Utara,religi,0.0,4.3,1,1,1,1,1,1,1.0,budaya|religi|sejarah
1599,Masjid Raya Shaful Khairaat Sofifi Ibu Kota Maluku Utara,"Masjid Raya Shaful Khairaat Sofifi Ibu Kota Maluku Utara di Halmahera Timur Maba, Maluku Utara. Ikon wisata religi yang terkenal dengan kedamaian suasananya, toleransi antarwarga, serta kubah atau menara yang menjulang indah. Menjadi tempat ziarah sekaligus edukasi spiritual bagi masyarakat luas.",Tempat Ibadah,Masjid,Halmahera Timur Maba,0,4.2,60.0,"{'lat': 0.702938, 'lng': 128.270752}",0.702938,128.270752,Maluku Utara,religi,0.0,4.2,1,1,1,1,1,1,1.0,budaya|religi|sejarah
1600,Gereja Tua Eben Haezer Tobelo 1898,"Gereja Tua Eben Haezer Tobelo 1898 di Halmahera Tengah Weda, Maluku Utara. Tempat ibadah cagar budaya dengan ornamen seni pahat antik dan sejarah pendirian yang menginspirasi. Terbuka bagi pengunjung yang ingin berdoa maupun mengagumi keindahan karya arsitektur Nusantara.",Tempat Ibadah,Gereja,Halmahera Tengah Weda,0,4.7,90.0,"{'lat': 0.420256, 'lng': 127.92921}",0.420256,127.92921,Maluku Utara,religi,0.0,4.7,1,1,1,1,1,0,0.8333,budaya|religi|sejarah
1601,Pantai Base-G Jayapura Pasir Putih Bersejarah Sekutu PD II,"Pantai Base-G Jayapura Pasir Putih Bersejarah Sekutu PD II di Mamberamo Raya Kasonaweja, Papua. Kawasan pantai dengan keindahan garis pantai memanjang, batuan karang yang menawan, serta angin sepoi-sepoi yang menyegarkan. Sangat cocok untuk aktivitas rekreasi, jalan santai di tepi air, dan piknik sore hari.",Pantai,Pantai,Mamberamo Raya Kasonaweja,10000,4.4,150.0,"{'lat': -1.980102, 'lng': 138.194857}",-1.980102,138.194857,Papua,bahari,10000.0,4.4,1,1,1,1,0,1,0.8333,berenang|fotografi|kuliner|pantai|rekreasi_keluarga
1602,Pantai Hamadi Jayapura Hutan Mangrove & Jembatan Merah Youtefa,"Pantai Hamadi Jayapura Hutan Mangrove & Jembatan Merah Youtefa di Kota Jayapura, Papua. Kawasan pantai dengan keindahan garis pantai memanjang, batuan karang yang menawan, serta angin sepoi-sepoi yang menyegarkan. Sangat cocok untuk aktivitas rekreasi, jalan santai di tepi air, dan piknik sore hari.",Pantai,Pantai,Kota Jayapura,5000,4.8,180.0,"{'lat': -2.555256, 'lng': 140.683275}",-2.555256,140.683275,Papua,bahari,5000.0,4.8,1,1,1,1,0,0,0.6667,berenang|fotografi|kuliner|pantai|rekreasi_keluarga
1603,Pantai Pasir Enam Jayapura Tersembunyi Karang Tropis,"Pantai Pasir Enam Jayapura Tersembunyi Karang Tropis di Kota Jayapura, Papua. Destinasi wisata pesisir dengan hamparan pasir bersih, deburan ombak yang menenangkan, serta panorama matahari terbenam yang memukau. Dilengkapi fasilitas warung makan seafood lokal, area parkir, toilet umum, dan persewaan payung pantai.",Pantai,Pantai,Kota Jayapura,15000,4.9,180.0,"{'lat': -2.55853, 'lng': 140.72945}",-2.55853,140.72945,Papua,bahari,15000.0,4.9,1,1,1,1,0,0,0.6667,bahari|berenang|fotografi|kuliner|pantai|rekreasi_keluarga|snorkeling
1604,Pantai Holtekamp Jembatan Youtefa Ikon Baru Papua,"Pantai Holtekamp Jembatan Youtefa Ikon Baru Papua di Waropen Botawa, Papua. Destinasi wisata pesisir dengan hamparan pasir bersih, deburan ombak yang menenangkan, serta panorama matahari terbenam yang memukau. Dilengkapi fasilitas warung makan seafood lokal, area parkir, toilet umum, dan persewaan payung pantai.",Pantai,Pantai,Waropen Botawa,5000,4.8,120.0,"{'lat': -2.428382, 'lng': 136.518913}",-2.428382,136.518913,Papua,bahari,5000.0,4.8,1,1,1,1,1,0,0.8333,berenang|fotografi|kuliner|pantai|rekreasi_keluarga
1605,Pantai Tablanusu Pasir Kerikil Hitam Unik Bunyi Gemerisik,"Pantai Tablanusu Pasir Kerikil Hitam Unik Bunyi Gemerisik di Waropen Botawa, Papua. Pantai eksotis dengan air laut jernih dan deretan pohon kelapa yang rindang. Menjadi lokasi favorit wisatawan untuk bersantai, bermain air bersama keluarga, berswafoto, serta menikmati kelapa muda segar di tepi pantai.",Pantai,Pantai,Waropen Botawa,10000,4.4,240.0,"{'lat': -2.38923, 'lng': 136.52683}",-2.38923,136.52683,Papua,bahari,10000.0,4.4,1,1,1,1,0,0,0.6667,berenang|fotografi|kuliner|pantai|rekreasi_keluarga
1606,Pantai Harlem Jayapura Kolam Air Tawar Sebelah Air Asin Terjernih,"Pantai Harlem Jayapura Kolam Air Tawar Sebelah Air Asin Terjernih di Waropen Botawa, Papua. Destinasi wisata pesisir dengan hamparan pasir bersih, deburan ombak yang menenangkan, serta panorama matahari terbenam yang memukau. Dilengkapi fasilitas warung makan seafood lokal, area parkir, toilet umum, dan persewaan payung pantai.",Pantai,Pantai,Waropen Botawa,25000,4.8,240.0,"{'lat': -2.371386, 'lng': 136.47502}",-2.371386,136.47502,Papua,bahari,25000.0,4.8,1,1,1,1,0,0,0.6667,berenang|fotografi|kuliner|pantai|rekreasi_keluarga
1607,Pantai Bosnik Biak Timur Terumbu Karang Air Biru,"Pantai Bosnik Biak Timur Terumbu Karang Air Biru di Kota Jayapura, Papua. Destinasi wisata pesisir dengan hamparan pasir bersih, deburan ombak yang menenangkan, serta panorama matahari terbenam yang memukau. Dilengkapi fasilitas warung makan seafood lokal, area parkir, toilet umum, dan persewaan payung pantai.",Pantai,Pantai,Kota Jayapura,30000,4.7,180.0,"{'lat': -2.538111, 'lng': 140.736297}",-2.538111,140.736297,Papua,bahari,30000.0,4.7,1,1,1,1,0,1,0.8333,bahari|berenang|fotografi|kuliner|pantai|rekreasi_keluarga|snorkeling
1608,Pantai Batu Pica Biak Deburan Karang Ombak Menjulang,"Pantai Batu Pica Biak Deburan Karang Ombak Menjulang di Biak Numfor, Papua. Kawasan pantai dengan keindahan garis pantai memanjang, batuan karang yang menawan, serta angin sepoi-sepoi yang menyegarkan. Sangat cocok untuk aktivitas rekreasi, jalan santai di tepi air, dan piknik sore hari.",Pantai,Pantai,Biak Numfor,30000,4.3,180.0,"{'lat': -1.184312, 'lng': 136.087212}",-1.184312,136.087212,Papua,bahari,30000.0,4.3,1,1,1,1,0,1,0.8333,bahari|berenang|fotografi|kuliner|pantai|rekreasi_keluarga|snorkeling
1609,Pantai Segara Indah Bosnik Biak,"Pantai Segara Indah Bosnik Biak di Sarmi, Papua. Destinasi wisata pesisir dengan hamparan pasir bersih, deburan ombak yang menenangkan, serta panorama matahari terbenam yang memukau. Dilengkapi fasilitas warung makan seafood lokal, area parkir, toilet umum, dan persewaan payung pantai.",Pantai,Pantai,Sarmi,25000,4.4,120.0,"{'lat': -1.872579, 'lng': 139.312033}",-1.872579,139.312033,Papua,bahari,25000.0,4.4,1,1,1,1,1,1,1.0,berenang|fotografi|kuliner|pantai|rekreasi_keluarga
1610,Pantai Wari Biak Pasir Lembut Ombak Lepas Pasifik,"Pantai Wari Biak Pasir Lembut Ombak Lepas Pasifik di Mamberamo Raya Kasonaweja, Papua. Pantai eksotis dengan air laut jernih dan deretan pohon kelapa yang rindang. Menjadi lokasi favorit wisatawan untuk bersantai, bermain air bersama keluarga, berswafoto, serta menikmati kelapa muda segar di tepi pantai.",Pantai,Pantai,Mamberamo Raya Kasonaweja,10000,4.7,180.0,"{'lat': -2.030378, 'lng': 138.183716}",-2.030378,138.183716,Papua,bahari,10000.0,4.7,1,1,1,1,0,1,0.8333,berenang|fotografi|kuliner|pantai|rekreasi_keluarga
1611,Pantai Sorendiweri Supiori Mangrove Laut,"Pantai Sorendiweri Supiori Mangrove Laut di Biak Numfor, Papua. Kawasan pantai dengan keindahan garis pantai memanjang, batuan karang yang menawan, serta angin sepoi-sepoi yang menyegarkan. Sangat cocok untuk aktivitas rekreasi, jalan santai di tepi air, dan piknik sore hari.",Pantai,Pantai,Biak Numfor,25000,4.4,240.0,"{'lat': -1.216663, 'lng': 136.112657}",-1.216663,136.112657,Papua,bahari,25000.0,4.4,1,1,1,1,0,1,0.8333,berenang|fotografi|kuliner|pantai|rekreasi_keluarga
1612,Pantai Amai Jayapura Muara Air Terjun Sungai Dingin,"Pantai Amai Jayapura Muara Air Terjun Sungai Dingin di Kepulauan Yapen Serui, Papua. Kawasan pantai dengan keindahan garis pantai memanjang, batuan karang yang menawan, serta angin sepoi-sepoi yang menyegarkan. Sangat cocok untuk aktivitas rekreasi, jalan santai di tepi air, dan piknik sore hari.",Pantai,Pantai,Kepulauan Yapen Serui,30000,4.7,150.0,"{'lat': -1.872251, 'lng': 136.211338}",-1.872251,136.211338,Papua,bahari,30000.0,4.7,1,1,1,1,1,1,1.0,alam|berenang|fotografi|kuliner|pantai|rekreasi_keluarga
1613,Pantai Mariadei Yapen Serui,"Pantai Mariadei Yapen Serui di Sarmi, Papua. Destinasi wisata pesisir dengan hamparan pasir bersih, deburan ombak yang menenangkan, serta panorama matahari terbenam yang memukau. Dilengkapi fasilitas warung makan seafood lokal, area parkir, toilet umum, dan persewaan payung pantai.",Pantai,Pantai,Sarmi,10000,4.4,180.0,"{'lat': -1.842679, 'lng': 139.339012}",-1.842679,139.339012,Papua,bahari,10000.0,4.4,1,1,1,1,0,0,0.6667,berenang|fotografi|kuliner|pantai|rekreasi_keluarga
1614,Pantai Sarmi Ombak Selancar Pasifik,"Pantai Sarmi Ombak Selancar Pasifik di Sarmi, Papua. Destinasi wisata pesisir dengan hamparan pasir bersih, deburan ombak yang menenangkan, serta panorama matahari terbenam yang memukau. Dilengkapi fasilitas warung makan seafood lokal, area parkir, toilet umum, dan persewaan payung pantai.",Pantai,Pantai,Sarmi,30000,4.4,240.0,"{'lat': -1.855955, 'lng': 139.359455}",-1.855955,139.359455,Papua,bahari,30000.0,4.4,1,1,1,1,0,1,0.8333,berenang|fotografi|kuliner|pantai|rekreasi_keluarga
1615,Puncak Bukit Teletubbies Danau Sentani (Bukit Tungku Wiri),"Puncak Bukit Teletubbies Danau Sentani (Bukit Tungku Wiri) di Mamberamo Raya Kasonaweja, Papua. Puncak bukit dan pegunungan dengan pemandangan lanskap hijau membentang sejauh mata memandang. Menawarkan pengalaman menikmati golden sunrise, udara bersih bebas polusi, dan spot foto alam yang memesona.",Gunung,Perbukitan,Mamberamo Raya Kasonaweja,35000,4.8,360.0,"{'lat': -1.964088, 'lng': 138.15042}",-1.964088,138.15042,Papua,alam,35000.0,4.8,1,1,1,0,1,0,0.6667,alam|camping|fotografi|gunung|hiking
1616,Puncak Jayapura City Pemandangan Kerlap-kerlip Lampu Teluk Youtefa,"Puncak Jayapura City Pemandangan Kerlap-kerlip Lampu Teluk Youtefa di Mamberamo Raya Kasonaweja, Papua. Kawasan dataran tinggi dan lereng gunung yang asri dengan pemandangan perbukitan hijau dan kawah eksotis. Sangat ideal untuk petualangan alam terbuka, hiking santai, perkemahan keluarga, dan melepas penat.",Gunung,Perbukitan,Mamberamo Raya Kasonaweja,50000,4.6,240.0,"{'lat': -2.03401, 'lng': 138.183367}",-2.03401,138.183367,Papua,alam,50000.0,4.6,1,1,1,1,1,0,0.8333,camping|fotografi|gunung|hiking
1617,Puncak Bukit MacArthur Ifar Gunung Markas Jenderal Sekutu,"Puncak Bukit MacArthur Ifar Gunung Markas Jenderal Sekutu di Biak Numfor, Papua. Destinasi wisata pegunungan berhawa sejuk dengan jalur pendakian yang menantang dan panorama lautan awan yang spektakuler saat fajar. Tersedia pos peristirahatan, warung logistik pendaki, area perkemahan, dan pemandu lokal.",Gunung,Gunung,Biak Numfor,15000,4.5,360.0,"{'lat': -1.19047, 'lng': 136.054803}",-1.19047,136.054803,Papua,alam,15000.0,4.5,1,1,1,1,0,0,0.6667,camping|fotografi|gunung|hiking
1618,Pegunungan Cycloop (Robhongholo) Cagar Alam Keramat Sumber Air,"Pegunungan Cycloop (Robhongholo) Cagar Alam Keramat Sumber Air di Keerom Waris, Papua. Destinasi wisata pegunungan berhawa sejuk dengan jalur pendakian yang menantang dan panorama lautan awan yang spektakuler saat fajar. Tersedia pos peristirahatan, warung logistik pendaki, area perkemahan, dan pemandu lokal.",Gunung,Perbukitan,Keerom Waris,20000,4.4,360.0,"{'lat': -3.256554, 'lng': 140.715643}",-3.256554,140.715643,Papua,alam,20000.0,4.4,1,1,1,1,0,1,0.8333,camping|fotografi|gunung|hiking
1619,Puncak Bukit Merah Putih Skouw Perbatasan Papua Nugini,"Puncak Bukit Merah Putih Skouw Perbatasan Papua Nugini di Mamberamo Raya Kasonaweja, Papua. Kawasan dataran tinggi dan lereng gunung yang asri dengan pemandangan perbukitan hijau dan kawah eksotis. Sangat ideal untuk petualangan alam terbuka, hiking santai, perkemahan keluarga, dan melepas penat.",Gunung,Perbukitan,Mamberamo Raya Kasonaweja,20000,4.7,180.0,"{'lat': -2.023534, 'lng': 138.138093}",-2.023534,138.138093,Papua,alam,20000.0,4.7,1,1,1,0,0,0,0.5,camping|fotografi|gunung|hiking
1620,Bukit Pantai Dok 2 Jayapura,"Bukit Pantai Dok 2 Jayapura di Biak Numfor, Papua. Destinasi wisata pegunungan berhawa sejuk dengan jalur pendakian yang menantang dan panorama lautan awan yang spektakuler saat fajar. Tersedia pos peristirahatan, warung logistik pendaki, area perkemahan, dan pemandu lokal.",Gunung,Perbukitan,Biak Numfor,50000,4.9,300.0,"{'lat': -1.173016, 'lng': 136.080989}",-1.173016,136.080989,Papua,alam,50000.0,4.9,1,1,1,1,1,0,0.8333,camping|fotografi|gunung|hiking
1621,Puncak Samber Biak Numfor,"Puncak Samber Biak Numfor di Mamberamo Raya Kasonaweja, Papua. Destinasi wisata pegunungan berhawa sejuk dengan jalur pendakian yang menantang dan panorama lautan awan yang spektakuler saat fajar. Tersedia pos peristirahatan, warung logistik pendaki, area perkemahan, dan pemandu lokal.",Gunung,Perbukitan,Mamberamo Raya Kasonaweja,50000,4.7,300.0,"{'lat': -1.969582, 'lng': 138.18704}",-1.969582,138.18704,Papua,alam,50000.0,4.7,1,1,1,0,1,0,0.6667,camping|fotografi|gunung|hiking
1622,Puncak Lembah Grime Keerom,"Puncak Lembah Grime Keerom di Supiori Sorendiweri, Papua. Destinasi wisata pegunungan berhawa sejuk dengan jalur pendakian yang menantang dan panorama lautan awan yang spektakuler saat fajar. Tersedia pos peristirahatan, warung logistik pendaki, area perkemahan, dan pemandu lokal.",Gunung,Perbukitan,Supiori Sorendiweri,50000,4.9,300.0,"{'lat': -0.735978, 'lng': 135.606798}",-0.735978,135.606798,Papua,alam,50000.0,4.9,1,1,1,1,0,1,0.8333,camping|fotografi|gunung|hiking
1623,Puncak Gunung Botak Sarmi,"Puncak Gunung Botak Sarmi di Supiori Sorendiweri, Papua. Puncak bukit dan pegunungan dengan pemandangan lanskap hijau membentang sejauh mata memandang. Menawarkan pengalaman menikmati golden sunrise, udara bersih bebas polusi, dan spot foto alam yang memesona.",Gunung,Gunung,Supiori Sorendiweri,15000,4.9,360.0,"{'lat': -0.696521, 'lng': 135.629207}",-0.696521,135.629207,Papua,alam,15000.0,4.9,1,1,1,0,0,1,0.6667,camping|fotografi|gunung|hiking
1624,Puncak Bukit Polimak Jayapura,"Puncak Bukit Polimak Jayapura di Keerom Waris, Papua. Kawasan dataran tinggi dan lereng gunung yang asri dengan pemandangan perbukitan hijau dan kawah eksotis. Sangat ideal untuk petualangan alam terbuka, hiking santai, perkemahan keluarga, dan melepas penat.",Gunung,Perbukitan,Keerom Waris,20000,4.7,360.0,"{'lat': -3.255914, 'lng': 140.768595}",-3.255914,140.768595,Papua,alam,20000.0,4.7,1,1,1,1,1,0,0.8333,camping|fotografi|gunung|hiking
1625,Danau Sentani 22 Pulau Kecil di Tengah Danau Eksotis,"Danau Sentani 22 Pulau Kecil di Tengah Danau Eksotis di Waropen Botawa, Papua. Objek wisata alam dengan formasi tebing batuan alami, gua karst purba, serta telaga yang jernih dan tenang. Suasana alam yang tenang memberikan kesegaran pikiran bagi pengunjung yang mencintai ketenangan alam.",Cagar Alam,Danau,Waropen Botawa,15000,4.9,120.0,"{'lat': -2.43191, 'lng': 136.524479}",-2.43191,136.524479,Papua,alam,15000.0,4.9,1,1,1,1,0,1,0.8333,alam|edukasi|fotografi|hiking|rekreasi_keluarga
1626,Taman Nasional Pegunungan Cycloop Habitat Kangguru Pohon & Cenderawasih,"Taman Nasional Pegunungan Cycloop Habitat Kangguru Pohon & Cenderawasih di Kota Jayapura, Papua. Kawasan konservasi alam yang asri dan terlindungi dengan keanekaragaman flora dan fauna tropis endemik. Dilengkapi jalur trekking kayu yang tertata rapi, gazebo istirahat, pusat informasi lingkungan, dan toilet pengunjung.",Cagar Alam,Taman Nasional,Kota Jayapura,25000,4.8,180.0,"{'lat': -2.493516, 'lng': 140.742801}",-2.493516,140.742801,Papua,alam,25000.0,4.8,1,1,1,1,0,1,0.8333,edukasi|fotografi|hiking|rekreasi_keluarga
1627,Gua Jepang Binsari Biak Saksi Bisu Perang Pasifik PD II,"Gua Jepang Binsari Biak Saksi Bisu Perang Pasifik PD II di Sarmi, Papua. Kawasan konservasi alam yang asri dan terlindungi dengan keanekaragaman flora dan fauna tropis endemik. Dilengkapi jalur trekking kayu yang tertata rapi, gazebo istirahat, pusat informasi lingkungan, dan toilet pengunjung.",Cagar Alam,Gua,Sarmi,30000,4.3,90.0,"{'lat': -1.843212, 'lng': 139.386326}",-1.843212,139.386326,Papua,alam,30000.0,4.3,1,1,1,0,1,1,0.8333,edukasi|fotografi|hiking|rekreasi_keluarga
1628,Air Terjun Kiti-Kiti Danau Sentani,"Air Terjun Kiti-Kiti Danau Sentani di Jayapura Sentani, Papua. Objek wisata alam dengan formasi tebing batuan alami, gua karst purba, serta telaga yang jernih dan tenang. Suasana alam yang tenang memberikan kesegaran pikiran bagi pengunjung yang mencintai ketenangan alam.",Cagar Alam,Danau,Jayapura Sentani,25000,4.2,150.0,"{'lat': -2.534397, 'lng': 140.510446}",-2.534397,140.510446,Papua,alam,25000.0,4.2,1,1,1,1,1,1,1.0,alam|edukasi|fotografi|hiking|rekreasi_keluarga
1629,Teluk Youtefa Hutan Bakau & Ikan Karang,"Teluk Youtefa Hutan Bakau & Ikan Karang di Waropen Botawa, Papua. Kawasan konservasi alam yang asri dan terlindungi dengan keanekaragaman flora dan fauna tropis endemik. Dilengkapi jalur trekking kayu yang tertata rapi, gazebo istirahat, pusat informasi lingkungan, dan toilet pengunjung.",Cagar Alam,Taman Nasional,Waropen Botawa,25000,4.8,90.0,"{'lat': -2.394132, 'lng': 136.501821}",-2.394132,136.501821,Papua,alam,25000.0,4.8,1,1,1,1,0,1,0.8333,bahari|edukasi|fotografi|hiking|rekreasi_keluarga|snorkeling
1630,Kali Biru Genyem Kolam Alami Sebening Kaca di Tengah Hutan Rimba,"Kali Biru Genyem Kolam Alami Sebening Kaca di Tengah Hutan Rimba di Supiori Sorendiweri, Papua. Wisata alam edukatif berbalut udara segar hutan tropis, aliran sungai yang jernih, serta air terjun bertingkat yang menyejukkan. Pilihan utama untuk riset keanekaragaman hayati dan ekowisata ramah lingkungan.",Cagar Alam,Taman Nasional,Supiori Sorendiweri,25000,4.2,180.0,"{'lat': -0.697624, 'lng': 135.567904}",-0.697624,135.567904,Papua,alam,25000.0,4.2,1,1,1,0,1,1,0.8333,edukasi|fotografi|hiking|rekreasi_keluarga
1631,Air Terjun Wafsarak Biak Air Terjun Biru Menyegarkan,"Air Terjun Wafsarak Biak Air Terjun Biru Menyegarkan di Mamberamo Raya Kasonaweja, Papua. Wisata alam edukatif berbalut udara segar hutan tropis, aliran sungai yang jernih, serta air terjun bertingkat yang menyejukkan. Pilihan utama untuk riset keanekaragaman hayati dan ekowisata ramah lingkungan.",Cagar Alam,Air Terjun,Mamberamo Raya Kasonaweja,20000,4.9,90.0,"{'lat': -2.01181, 'lng': 138.203947}",-2.01181,138.203947,Papua,alam,20000.0,4.9,1,1,1,1,1,1,1.0,alam|edukasi|fotografi|hiking|rekreasi_keluarga
1632,Kepulauan Padaido Biak Surga Menyelam Terumbu Karang Karibia Papua,"Kepulauan Padaido Biak Surga Menyelam Terumbu Karang Karibia Papua di Jayapura Sentani, Papua. Wisata alam edukatif berbalut udara segar hutan tropis, aliran sungai yang jernih, serta air terjun bertingkat yang menyejukkan. Pilihan utama untuk riset keanekaragaman hayati dan ekowisata ramah lingkungan.",Cagar Alam,Taman Nasional,Jayapura Sentani,15000,4.7,180.0,"{'lat': -2.585646, 'lng': 140.540191}",-2.585646,140.540191,Papua,alam,15000.0,4.7,1,1,1,1,0,1,0.8333,bahari|edukasi|fotografi|hiking|rekreasi_keluarga|snorkeling
1633,Desa Adat Asei Pulau Danau Sentani Seni Lukis Kulit Kayu Khombouw,"Desa Adat Asei Pulau Danau Sentani Seni Lukis Kulit Kayu Khombouw di Keerom Waris, Papua. Destinasi wisata sejarah dan kearifan lokal yang memperlihatkan warisan peradaban masa lampau melalui koleksi artefak berharga. Tempat ideal untuk belajar mengenai perjuangan bangsa dan filosofi adat masyarakat.",Budaya,Desa Adat,Keerom Waris,15000,4.5,90.0,"{'lat': -3.283313, 'lng': 140.71711}",-3.283313,140.71711,Papua,budaya,15000.0,4.5,1,1,0,1,1,1,0.8333,alam|budaya|edukasi|fotografi|sejarah
1634,Desa Adat Tobati & Enggros Suku Asli Teluk Youtefa,"Desa Adat Tobati & Enggros Suku Asli Teluk Youtefa di Supiori Sorendiweri, Papua. Destinasi wisata sejarah dan kearifan lokal yang memperlihatkan warisan peradaban masa lampau melalui koleksi artefak berharga. Tempat ideal untuk belajar mengenai perjuangan bangsa dan filosofi adat masyarakat.",Budaya,Desa Adat,Supiori Sorendiweri,10000,4.8,60.0,"{'lat': -0.748266, 'lng': 135.599775}",-0.748266,135.599775,Papua,budaya,10000.0,4.8,1,1,1,1,0,1,0.8333,budaya|edukasi|fotografi|sejarah
1635,Jembatan Merah Youtefa Ikon Infrastruktur Monumental Papua,"Jembatan Merah Youtefa Ikon Infrastruktur Monumental Papua di Supiori Sorendiweri, Papua. Situs cagar budaya bersejarah yang sarat dengan nilai tradisi leluhur, arsitektur arca dan bangunan tradisional yang otentik. Dilengkapi pemandu wisata budaya, museum informasi sejarah, dan pertunjukan seni berkala.",Budaya,Situs Sejarah,Supiori Sorendiweri,10000,4.4,90.0,"{'lat': -0.738278, 'lng': 135.588917}",-0.738278,135.588917,Papua,budaya,10000.0,4.4,1,1,0,1,1,1,0.8333,budaya|edukasi|fotografi|sejarah
1636,Museum Loka Budaya Universitas Cenderawasih Abepura,"Museum Loka Budaya Universitas Cenderawasih Abepura di Kota Jayapura, Papua. Kompleks bangunan bersejarah dan desa adat yang mempertahankan adat istiadat turun-temurun dengan ramah. Wisatawan dapat menyaksikan kerajinan tangan tradisional dan berinteraksi langsung dengan warga setempat.",Budaya,Museum,Kota Jayapura,25000,4.4,90.0,"{'lat': -2.517282, 'lng': 140.721539}",-2.517282,140.721539,Papua,budaya,25000.0,4.4,1,1,1,0,0,1,0.6667,budaya|edukasi|fotografi|sejarah
1637,Museum Negeri Provinsi Papua Waena,"Museum Negeri Provinsi Papua Waena di Keerom Waris, Papua. Kompleks bangunan bersejarah dan desa adat yang mempertahankan adat istiadat turun-temurun dengan ramah. Wisatawan dapat menyaksikan kerajinan tangan tradisional dan berinteraksi langsung dengan warga setempat.",Budaya,Museum,Keerom Waris,20000,4.6,60.0,"{'lat': -3.275462, 'lng': 140.780155}",-3.275462,140.780155,Papua,budaya,20000.0,4.6,1,1,1,0,0,1,0.6667,budaya|edukasi|fotografi|sejarah
1638,Monumen Jenderal Douglas MacArthur Markas Perang Pasifik,"Monumen Jenderal Douglas MacArthur Markas Perang Pasifik di Waropen Botawa, Papua. Situs cagar budaya bersejarah yang sarat dengan nilai tradisi leluhur, arsitektur arca dan bangunan tradisional yang otentik. Dilengkapi pemandu wisata budaya, museum informasi sejarah, dan pertunjukan seni berkala.",Budaya,Situs Sejarah,Waropen Botawa,15000,4.3,90.0,"{'lat': -2.409181, 'lng': 136.527601}",-2.409181,136.527601,Papua,budaya,15000.0,4.3,1,1,1,0,0,1,0.6667,budaya|edukasi|fotografi|sejarah
1639,Kampung Adat Sauwandarek Biak Tradisi Barapen Bakar Batu,"Kampung Adat Sauwandarek Biak Tradisi Barapen Bakar Batu di Kepulauan Yapen Serui, Papua. Situs cagar budaya bersejarah yang sarat dengan nilai tradisi leluhur, arsitektur arca dan bangunan tradisional yang otentik. Dilengkapi pemandu wisata budaya, museum informasi sejarah, dan pertunjukan seni berkala.",Budaya,Desa Adat,Kepulauan Yapen Serui,20000,4.5,120.0,"{'lat': -1.836598, 'lng': 136.231903}",-1.836598,136.231903,Papua,budaya,20000.0,4.5,1,1,0,0,1,1,0.6667,budaya|edukasi|fotografi|sejarah
1640,Stadion Utama Papua Bangkit (Lukas Enembe Stadium),"Stadion Utama Papua Bangkit (Lukas Enembe Stadium) di Biak Numfor, Papua. Destinasi hiburan terpadu dengan spot swafoto kekinian yang estetik, wahana edukasi anak, dan ruang terbuka hijau yang ramah keluarga. Menjadi tempat favorit untuk berekreasi bersama anak-anak di akhir pekan.",Taman Hiburan,Taman Rekreasi,Biak Numfor,50000,4.2,240.0,"{'lat': -1.206023, 'lng': 136.044293}",-1.206023,136.044293,Papua,hiburan,50000.0,4.2,1,1,1,1,1,1,1.0,edukasi|fotografi|rekreasi_keluarga
1641,Taman Imbi Jantung Kota Jayapura,"Taman Imbi Jantung Kota Jayapura di Supiori Sorendiweri, Papua. Taman rekreasi modern keluarga yang menghadirkan beragam wahana permainan seru, atraksi air, serta pertunjukan tematik interaktif. Memiliki fasilitas lengkap seperti food court, musala yang nyaman, toilet bersih, dan area parkir luas.",Taman Hiburan,Taman Rekreasi,Supiori Sorendiweri,150000,4.5,240.0,"{'lat': -0.740138, 'lng': 135.604098}",-0.740138,135.604098,Papua,hiburan,150000.0,4.5,1,1,1,1,1,1,1.0,edukasi|fotografi|rekreasi_keluarga
1642,Jayapura City Mall (JCM) Entrop,"Jayapura City Mall (JCM) Entrop di Supiori Sorendiweri, Papua. Kawasan rekreasi bertema dengan wahana pemacu adrenalin, kolam renang bergelombang, serta taman bermain anak yang aman. Dilengkapi staf pengawas keselamatan dan berbagai tenant kuliner lezat.",Taman Hiburan,Taman Rekreasi,Supiori Sorendiweri,200000,4.8,180.0,"{'lat': -0.705468, 'lng': 135.606472}",-0.705468,135.606472,Papua,hiburan,200000.0,4.8,1,1,1,1,1,1,1.0,edukasi|fotografi|rekreasi_keluarga
1643,Taman Wisata Alam Youtefa,"Taman Wisata Alam Youtefa di Jayapura Sentani, Papua. Destinasi hiburan terpadu dengan spot swafoto kekinian yang estetik, wahana edukasi anak, dan ruang terbuka hijau yang ramah keluarga. Menjadi tempat favorit untuk berekreasi bersama anak-anak di akhir pekan.",Taman Hiburan,Taman Rekreasi,Jayapura Sentani,75000,4.8,180.0,"{'lat': -2.542956, 'lng': 140.505818}",-2.542956,140.505818,Papua,hiburan,75000.0,4.8,1,1,1,1,1,1,1.0,edukasi|fotografi|rekreasi_keluarga
1644,Pasar Tradisional Hamadi Pusat Souvenir Koteka & Noken Papua Asli,"Pasar Tradisional Hamadi Pusat Souvenir Koteka & Noken Papua Asli di Keerom Waris, Papua. Sentra kuliner dan suvenir ikonik yang menyediakan aneka buah tangan khas Nusantara berkualitas tinggi. Dilengkapi area parkir kendaraan wisata, gerai anjungan tunai mandiri (ATM), dan mushola.",Pusat Perbelanjaan,Pasar Tradisional,Keerom Waris,0,4.7,120.0,"{'lat': -3.251296, 'lng': 140.784954}",-3.251296,140.784954,Papua,belanja,0.0,4.7,1,1,1,0,1,1,0.8333,belanja|budaya|kuliner
1645,Sentra Noken Kulit Kayu Sentani Binaan UNESCO,"Sentra Noken Kulit Kayu Sentani Binaan UNESCO di Jayapura Sentani, Papua. Kawasan pertokoan dan pasar seni yang menyajikan ragam cinderamata unik karya perajin lokal dari berbagai penjuru daerah. Selalu ramai dikunjungi wisatawan yang ingin membawa kenang-kenangan autentik.",Pusat Perbelanjaan,Sentra Kerajinan,Jayapura Sentani,0,4.5,120.0,"{'lat': -2.580967, 'lng': 140.542896}",-2.580967,140.542896,Papua,belanja,0.0,4.5,1,1,1,0,1,1,0.8333,belanja|budaya|kuliner
1646,Pasar Youtefa Abepura Sentra Buah Merah & Keladi,"Pasar Youtefa Abepura Sentra Buah Merah & Keladi di Biak Numfor, Papua. Sentra kuliner dan suvenir ikonik yang menyediakan aneka buah tangan khas Nusantara berkualitas tinggi. Dilengkapi area parkir kendaraan wisata, gerai anjungan tunai mandiri (ATM), dan mushola.",Pusat Perbelanjaan,Sentra Kerajinan,Biak Numfor,0,4.9,120.0,"{'lat': -1.160563, 'lng': 136.083896}",-1.160563,136.083896,Papua,belanja,0.0,4.9,1,1,1,0,1,1,0.8333,belanja|budaya|kuliner
1647,Pusat Kerajinan Ukiran Asmat Jayapura,"Pusat Kerajinan Ukiran Asmat Jayapura di Mamberamo Raya Kasonaweja, Papua. Sentra kuliner dan suvenir ikonik yang menyediakan aneka buah tangan khas Nusantara berkualitas tinggi. Dilengkapi area parkir kendaraan wisata, gerai anjungan tunai mandiri (ATM), dan mushola.",Pusat Perbelanjaan,Pasar Tradisional,Mamberamo Raya Kasonaweja,0,4.5,90.0,"{'lat': -2.021774, 'lng': 138.154567}",-2.021774,138.154567,Papua,belanja,0.0,4.5,1,1,1,1,1,0,0.8333,belanja|budaya|kuliner
1648,Gereja Katedral Gembala Baik Abepura,"Gereja Katedral Gembala Baik Abepura di Kota Jayapura, Papua. Bangunan keagamaan bersejarah dengan arsitektur megah dan penuh nilai filosofis spiritual tinggi. Menyediakan sarana ibadah yang bersih dan khusyuk, pelataran yang teduh dan asri, serta toilet wudhu yang terawat.",Tempat Ibadah,Gereja,Kota Jayapura,0,4.8,45.0,"{'lat': -2.523796, 'lng': 140.716471}",-2.523796,140.716471,Papua,religi,0.0,4.8,1,1,0,1,1,0,0.6667,budaya|religi|sejarah
1649,Masjid Raya Baiturrahim Jayapura Tepi Teluk,"Masjid Raya Baiturrahim Jayapura Tepi Teluk di Kepulauan Yapen Serui, Papua. Bangunan keagamaan bersejarah dengan arsitektur megah dan penuh nilai filosofis spiritual tinggi. Menyediakan sarana ibadah yang bersih dan khusyuk, pelataran yang teduh dan asri, serta toilet wudhu yang terawat.",Tempat Ibadah,Masjid,Kepulauan Yapen Serui,0,4.9,90.0,"{'lat': -1.837978, 'lng': 136.281667}",-1.837978,136.281667,Papua,religi,0.0,4.9,1,1,0,1,1,0,0.6667,budaya|religi|sejarah
1650,Tugu Salib Titik Masuk Injil Mansinam-Jayapura,"Tugu Salib Titik Masuk Injil Mansinam-Jayapura di Sarmi, Papua. Bangunan keagamaan bersejarah dengan arsitektur megah dan penuh nilai filosofis spiritual tinggi. Menyediakan sarana ibadah yang bersih dan khusyuk, pelataran yang teduh dan asri, serta toilet wudhu yang terawat.",Tempat Ibadah,Tempat Ibadah,Sarmi,0,4.6,90.0,"{'lat': -1.830321, 'lng': 139.332087}",-1.830321,139.332087,Papua,religi,0.0,4.6,1,1,1,1,1,0,0.8333,budaya|religi|sejarah
1651,Pantai Pasir Putih Manokwari Teluk Doreri Wisata Snorkeling,"Pantai Pasir Putih Manokwari Teluk Doreri Wisata Snorkeling di Teluk Bintuni, Papua Barat. Pantai eksotis dengan air laut jernih dan deretan pohon kelapa yang rindang. Menjadi lokasi favorit wisatawan untuk bersantai, bermain air bersama keluarga, berswafoto, serta menikmati kelapa muda segar di tepi pantai.",Pantai,Pantai,Teluk Bintuni,20000,4.5,240.0,"{'lat': -2.116963, 'lng': 133.56872}",-2.116963,133.56872,Papua Barat,bahari,20000.0,4.5,1,1,1,1,0,1,0.8333,bahari|berenang|fotografi|kuliner|pantai|rekreasi_keluarga|snorkeling
1652,Pantai Bakaro Manokwari Tradisi Pemanggil Ikan Peluit Alami,"Pantai Bakaro Manokwari Tradisi Pemanggil Ikan Peluit Alami di Teluk Wondama Rasiei, Papua Barat. Kawasan pantai dengan keindahan garis pantai memanjang, batuan karang yang menawan, serta angin sepoi-sepoi yang menyegarkan. Sangat cocok untuk aktivitas rekreasi, jalan santai di tepi air, dan piknik sore hari.",Pantai,Pantai,Teluk Wondama Rasiei,25000,4.8,150.0,"{'lat': -2.713557, 'lng': 134.505589}",-2.713557,134.505589,Papua Barat,bahari,25000.0,4.8,1,1,1,1,1,1,1.0,berenang|fotografi|kuliner|pantai|rekreasi_keluarga
1653,Pantai Maruni Manokwari Pesisir Pabrik Semen Karang,"Pantai Maruni Manokwari Pesisir Pabrik Semen Karang di Teluk Wondama Rasiei, Papua Barat. Destinasi wisata pesisir dengan hamparan pasir bersih, deburan ombak yang menenangkan, serta panorama matahari terbenam yang memukau. Dilengkapi fasilitas warung makan seafood lokal, area parkir, toilet umum, dan persewaan payung pantai.",Pantai,Pantai,Teluk Wondama Rasiei,5000,4.7,120.0,"{'lat': -2.670981, 'lng': 134.537671}",-2.670981,134.537671,Papua Barat,bahari,5000.0,4.7,1,1,1,1,1,1,1.0,bahari|berenang|fotografi|kuliner|pantai|rekreasi_keluarga|snorkeling
1654,Pantai Bantemi Kaimana Sunset Teluk Triton Memukau,"Pantai Bantemi Kaimana Sunset Teluk Triton Memukau di Teluk Wondama Rasiei, Papua Barat. Destinasi wisata pesisir dengan hamparan pasir bersih, deburan ombak yang menenangkan, serta panorama matahari terbenam yang memukau. Dilengkapi fasilitas warung makan seafood lokal, area parkir, toilet umum, dan persewaan payung pantai.",Pantai,Pantai,Teluk Wondama Rasiei,10000,4.4,150.0,"{'lat': -2.68157, 'lng': 134.518605}",-2.68157,134.518605,Papua Barat,bahari,10000.0,4.4,1,1,1,1,1,0,0.8333,berenang|fotografi|kuliner|pantai|rekreasi_keluarga
1655,Pantai Simora Kaimana Teluk Triton Karang Mengapung,"Pantai Simora Kaimana Teluk Triton Karang Mengapung di Pegunungan Arfak Anggi, Papua Barat. Pantai eksotis dengan air laut jernih dan deretan pohon kelapa yang rindang. Menjadi lokasi favorit wisatawan untuk bersantai, bermain air bersama keluarga, berswafoto, serta menikmati kelapa muda segar di tepi pantai.",Pantai,Pantai,Pegunungan Arfak Anggi,20000,4.8,240.0,"{'lat': -1.39714, 'lng': 133.883828}",-1.39714,133.883828,Papua Barat,bahari,20000.0,4.8,1,1,1,1,1,0,0.8333,bahari|berenang|fotografi|kuliner|pantai|rekreasi_keluarga|snorkeling
1656,Pantai Air Tiba Fakfak Pasir Putih Berkeliling Pohon Kelapa,"Pantai Air Tiba Fakfak Pasir Putih Berkeliling Pohon Kelapa di Fakfak, Papua Barat. Pantai eksotis dengan air laut jernih dan deretan pohon kelapa yang rindang. Menjadi lokasi favorit wisatawan untuk bersantai, bermain air bersama keluarga, berswafoto, serta menikmati kelapa muda segar di tepi pantai.",Pantai,Pantai,Fakfak,15000,4.4,240.0,"{'lat': -2.929236, 'lng': 132.267669}",-2.929236,132.267669,Papua Barat,bahari,15000.0,4.4,1,1,1,1,0,0,0.6667,berenang|fotografi|kuliner|pantai|rekreasi_keluarga
1657,Pantai Werabur Fakfak,"Pantai Werabur Fakfak di Pegunungan Arfak Anggi, Papua Barat. Pantai eksotis dengan air laut jernih dan deretan pohon kelapa yang rindang. Menjadi lokasi favorit wisatawan untuk bersantai, bermain air bersama keluarga, berswafoto, serta menikmati kelapa muda segar di tepi pantai.",Pantai,Pantai,Pegunungan Arfak Anggi,30000,4.3,180.0,"{'lat': -1.374586, 'lng': 133.894831}",-1.374586,133.894831,Papua Barat,bahari,30000.0,4.3,1,1,1,1,1,1,1.0,berenang|fotografi|kuliner|pantai|rekreasi_keluarga
1658,Pantai Yen Beba Manokwari,"Pantai Yen Beba Manokwari di Teluk Wondama Rasiei, Papua Barat. Destinasi wisata pesisir dengan hamparan pasir bersih, deburan ombak yang menenangkan, serta panorama matahari terbenam yang memukau. Dilengkapi fasilitas warung makan seafood lokal, area parkir, toilet umum, dan persewaan payung pantai.",Pantai,Pantai,Teluk Wondama Rasiei,25000,4.2,180.0,"{'lat': -2.738368, 'lng': 134.508493}",-2.738368,134.508493,Papua Barat,bahari,25000.0,4.2,1,1,1,1,0,1,0.8333,berenang|fotografi|kuliner|pantai|rekreasi_keluarga
1659,Pantai Amban Manokwari Ombak Surfing Pasifik,"Pantai Amban Manokwari Ombak Surfing Pasifik di Teluk Bintuni, Papua Barat. Kawasan pantai dengan keindahan garis pantai memanjang, batuan karang yang menawan, serta angin sepoi-sepoi yang menyegarkan. Sangat cocok untuk aktivitas rekreasi, jalan santai di tepi air, dan piknik sore hari.",Pantai,Pantai,Teluk Bintuni,20000,4.6,120.0,"{'lat': -2.13097, 'lng': 133.493673}",-2.13097,133.493673,Papua Barat,bahari,20000.0,4.6,1,1,1,1,0,1,0.8333,berenang|fotografi|kuliner|pantai|rekreasi_keluarga
1660,Pantai Syari Teluk Wondama Pesisir Teluk Cenderawasih,"Pantai Syari Teluk Wondama Pesisir Teluk Cenderawasih di Pegunungan Arfak Anggi, Papua Barat. Kawasan pantai dengan keindahan garis pantai memanjang, batuan karang yang menawan, serta angin sepoi-sepoi yang menyegarkan. Sangat cocok untuk aktivitas rekreasi, jalan santai di tepi air, dan piknik sore hari.",Pantai,Pantai,Pegunungan Arfak Anggi,25000,4.9,150.0,"{'lat': -1.330243, 'lng': 133.891779}",-1.330243,133.891779,Papua Barat,bahari,25000.0,4.9,1,1,1,1,0,0,0.6667,berenang|fotografi|kuliner|pantai|rekreasi_keluarga
1661,Pantai Tubir Seram Fakfak,"Pantai Tubir Seram Fakfak di Manokwari, Papua Barat. Pantai eksotis dengan air laut jernih dan deretan pohon kelapa yang rindang. Menjadi lokasi favorit wisatawan untuk bersantai, bermain air bersama keluarga, berswafoto, serta menikmati kelapa muda segar di tepi pantai.",Pantai,Pantai,Manokwari,25000,4.7,150.0,"{'lat': -0.836932, 'lng': 134.116309}",-0.836932,134.116309,Papua Barat,bahari,25000.0,4.7,1,1,1,1,1,1,1.0,berenang|fotografi|kuliner|pantai|rekreasi_keluarga
1662,Pantai Pulau Mansinam Tempat Ziarah Bersejarah,"Pantai Pulau Mansinam Tempat Ziarah Bersejarah di Fakfak, Papua Barat. Kawasan pantai dengan keindahan garis pantai memanjang, batuan karang yang menawan, serta angin sepoi-sepoi yang menyegarkan. Sangat cocok untuk aktivitas rekreasi, jalan santai di tepi air, dan piknik sore hari.",Pantai,Pantai,Fakfak,20000,4.2,120.0,"{'lat': -2.942501, 'lng': 132.271908}",-2.942501,132.271908,Papua Barat,bahari,20000.0,4.2,1,1,1,1,1,1,1.0,berenang|fotografi|kuliner|pantai|rekreasi_keluarga
1663,Pantai Abasi Manokwari Komunitas Selancar Anak Papua,"Pantai Abasi Manokwari Komunitas Selancar Anak Papua di Fakfak, Papua Barat. Kawasan pantai dengan keindahan garis pantai memanjang, batuan karang yang menawan, serta angin sepoi-sepoi yang menyegarkan. Sangat cocok untuk aktivitas rekreasi, jalan santai di tepi air, dan piknik sore hari.",Pantai,Pantai,Fakfak,15000,4.3,180.0,"{'lat': -2.947077, 'lng': 132.33474}",-2.947077,132.33474,Papua Barat,bahari,15000.0,4.3,1,1,1,1,0,1,0.8333,berenang|fotografi|kuliner|pantai|rekreasi_keluarga
1664,Pantai Venu Kaimana Pulau Penyu Belimbing Bertelur,"Pantai Venu Kaimana Pulau Penyu Belimbing Bertelur di Manokwari, Papua Barat. Pantai eksotis dengan air laut jernih dan deretan pohon kelapa yang rindang. Menjadi lokasi favorit wisatawan untuk bersantai, bermain air bersama keluarga, berswafoto, serta menikmati kelapa muda segar di tepi pantai.",Pantai,Pantai,Manokwari,25000,4.4,180.0,"{'lat': -0.834682, 'lng': 134.083112}",-0.834682,134.083112,Papua Barat,bahari,25000.0,4.4,1,1,1,1,1,1,1.0,berenang|fotografi|kuliner|pantai|rekreasi_keluarga
1665,Pegunungan Arfak Puncak Tertinggi Papua Barat (2.955 mdpl) Surga Cenderawasih,"Pegunungan Arfak Puncak Tertinggi Papua Barat (2.955 mdpl) Surga Cenderawasih di Manokwari, Papua Barat. Destinasi wisata pegunungan berhawa sejuk dengan jalur pendakian yang menantang dan panorama lautan awan yang spektakuler saat fajar. Tersedia pos peristirahatan, warung logistik pendaki, area perkemahan, dan pemandu lokal.",Gunung,Perbukitan,Manokwari,10000,4.3,300.0,"{'lat': -0.875592, 'lng': 134.079135}",-0.875592,134.079135,Papua Barat,alam,10000.0,4.3,1,1,1,0,0,1,0.6667,camping|fotografi|gunung|hiking
1666,Puncak Bukit Kobrey Danau Anggi Pegaf,"Puncak Bukit Kobrey Danau Anggi Pegaf di Teluk Bintuni, Papua Barat. Kawasan dataran tinggi dan lereng gunung yang asri dengan pemandangan perbukitan hijau dan kawah eksotis. Sangat ideal untuk petualangan alam terbuka, hiking santai, perkemahan keluarga, dan melepas penat.",Gunung,Perbukitan,Teluk Bintuni,20000,4.2,360.0,"{'lat': -2.158233, 'lng': 133.525643}",-2.158233,133.525643,Papua Barat,alam,20000.0,4.2,1,1,1,1,1,0,0.8333,alam|camping|fotografi|gunung|hiking
1667,Puncak Gunung Meja Manokwari Hutan Lindung Tugu Jepang,"Puncak Gunung Meja Manokwari Hutan Lindung Tugu Jepang di Manokwari, Papua Barat. Puncak bukit dan pegunungan dengan pemandangan lanskap hijau membentang sejauh mata memandang. Menawarkan pengalaman menikmati golden sunrise, udara bersih bebas polusi, dan spot foto alam yang memesona.",Gunung,Gunung,Manokwari,20000,4.8,240.0,"{'lat': -0.865112, 'lng': 134.096381}",-0.865112,134.096381,Papua Barat,alam,20000.0,4.8,1,1,1,0,0,0,0.5,camping|fotografi|gunung|hiking
1668,Bukit Soribo Manokwari Panorama Kota,"Bukit Soribo Manokwari Panorama Kota di Teluk Wondama Rasiei, Papua Barat. Puncak bukit dan pegunungan dengan pemandangan lanskap hijau membentang sejauh mata memandang. Menawarkan pengalaman menikmati golden sunrise, udara bersih bebas polusi, dan spot foto alam yang memesona.",Gunung,Perbukitan,Teluk Wondama Rasiei,25000,4.8,180.0,"{'lat': -2.66446, 'lng': 134.494106}",-2.66446,134.494106,Papua Barat,alam,25000.0,4.8,1,1,1,0,0,1,0.6667,camping|fotografi|gunung|hiking
1669,Puncak Petuanan Kerajaan Fatagar Fakfak,"Puncak Petuanan Kerajaan Fatagar Fakfak di Fakfak, Papua Barat. Destinasi wisata pegunungan berhawa sejuk dengan jalur pendakian yang menantang dan panorama lautan awan yang spektakuler saat fajar. Tersedia pos peristirahatan, warung logistik pendaki, area perkemahan, dan pemandu lokal.",Gunung,Perbukitan,Fakfak,20000,4.2,180.0,"{'lat': -2.907927, 'lng': 132.284472}",-2.907927,132.284472,Papua Barat,alam,20000.0,4.2,1,1,1,1,0,1,0.8333,camping|fotografi|gunung|hiking
1670,Puncak Mandopi Manokwari,"Puncak Mandopi Manokwari di Fakfak, Papua Barat. Kawasan dataran tinggi dan lereng gunung yang asri dengan pemandangan perbukitan hijau dan kawah eksotis. Sangat ideal untuk petualangan alam terbuka, hiking santai, perkemahan keluarga, dan melepas penat.",Gunung,Perbukitan,Fakfak,50000,4.7,180.0,"{'lat': -2.884678, 'lng': 132.303423}",-2.884678,132.303423,Papua Barat,alam,50000.0,4.7,1,1,1,0,1,0,0.6667,camping|fotografi|gunung|hiking
1671,Puncak Bukit Boi Kaimana,"Puncak Bukit Boi Kaimana di Kaimana, Papua Barat. Kawasan dataran tinggi dan lereng gunung yang asri dengan pemandangan perbukitan hijau dan kawah eksotis. Sangat ideal untuk petualangan alam terbuka, hiking santai, perkemahan keluarga, dan melepas penat.",Gunung,Perbukitan,Kaimana,50000,4.8,240.0,"{'lat': -3.678559, 'lng': 133.753021}",-3.678559,133.753021,Papua Barat,alam,50000.0,4.8,1,1,1,0,1,1,0.8333,camping|fotografi|gunung|hiking
1672,Bukit Ransiki Manokwari Selatan,"Bukit Ransiki Manokwari Selatan di Teluk Bintuni, Papua Barat. Kawasan dataran tinggi dan lereng gunung yang asri dengan pemandangan perbukitan hijau dan kawah eksotis. Sangat ideal untuk petualangan alam terbuka, hiking santai, perkemahan keluarga, dan melepas penat.",Gunung,Perbukitan,Teluk Bintuni,15000,4.7,180.0,"{'lat': -2.165408, 'lng': 133.569297}",-2.165408,133.569297,Papua Barat,alam,15000.0,4.7,1,1,1,0,0,1,0.6667,camping|fotografi|gunung|hiking
1673,Puncak Danau Anggi Giji & Anggi Gida (Danau Laki-laki & Perempuan),"Puncak Danau Anggi Giji & Anggi Gida (Danau Laki-laki & Perempuan) di Teluk Wondama Rasiei, Papua Barat. Destinasi wisata pegunungan berhawa sejuk dengan jalur pendakian yang menantang dan panorama lautan awan yang spektakuler saat fajar. Tersedia pos peristirahatan, warung logistik pendaki, area perkemahan, dan pemandu lokal.",Gunung,Perbukitan,Teluk Wondama Rasiei,15000,4.3,300.0,"{'lat': -2.738753, 'lng': 134.533767}",-2.738753,134.533767,Papua Barat,alam,15000.0,4.3,1,1,1,1,1,1,1.0,alam|camping|fotografi|gunung|hiking
1674,Gunung Botak Manokwari Selatan Tebing Laut Spektakuler,"Gunung Botak Manokwari Selatan Tebing Laut Spektakuler di Manokwari, Papua Barat. Puncak bukit dan pegunungan dengan pemandangan lanskap hijau membentang sejauh mata memandang. Menawarkan pengalaman menikmati golden sunrise, udara bersih bebas polusi, dan spot foto alam yang memesona.",Gunung,Gunung,Manokwari,25000,4.5,300.0,"{'lat': -0.88024, 'lng': 134.057465}",-0.88024,134.057465,Papua Barat,alam,25000.0,4.5,1,1,1,0,0,0,0.5,camping|fotografi|gunung|hiking
1675,Teluk Triton Kaimana Surga Bawah Air Raja Ampat Selatan Koral Lunak,"Teluk Triton Kaimana Surga Bawah Air Raja Ampat Selatan Koral Lunak di Teluk Wondama Rasiei, Papua Barat. Objek wisata alam dengan formasi tebing batuan alami, gua karst purba, serta telaga yang jernih dan tenang. Suasana alam yang tenang memberikan kesegaran pikiran bagi pengunjung yang mencintai ketenangan alam.",Cagar Alam,Taman Nasional,Teluk Wondama Rasiei,25000,4.6,120.0,"{'lat': -2.686517, 'lng': 134.530556}",-2.686517,134.530556,Papua Barat,alam,25000.0,4.6,1,1,1,1,0,1,0.8333,edukasi|fotografi|hiking|rekreasi_keluarga
1676,Taman Nasional Teluk Cenderawasih Berenang Bersama Hiu Paus Kwatisore,"Taman Nasional Teluk Cenderawasih Berenang Bersama Hiu Paus Kwatisore di Manokwari, Papua Barat. Kawasan konservasi alam yang asri dan terlindungi dengan keanekaragaman flora dan fauna tropis endemik. Dilengkapi jalur trekking kayu yang tertata rapi, gazebo istirahat, pusat informasi lingkungan, dan toilet pengunjung.",Cagar Alam,Taman Nasional,Manokwari,25000,4.8,150.0,"{'lat': -0.851477, 'lng': 134.076571}",-0.851477,134.076571,Papua Barat,alam,25000.0,4.8,1,1,1,1,0,1,0.8333,edukasi|fotografi|hiking|rekreasi_keluarga
1677,Danau Kembar Anggi Giji & Anggi Gida Pegunungan Arfak Sejuk,"Danau Kembar Anggi Giji & Anggi Gida Pegunungan Arfak Sejuk di Manokwari Selatan Ransiki, Papua Barat. Kawasan konservasi alam yang asri dan terlindungi dengan keanekaragaman flora dan fauna tropis endemik. Dilengkapi jalur trekking kayu yang tertata rapi, gazebo istirahat, pusat informasi lingkungan, dan toilet pengunjung.",Cagar Alam,Danau,Manokwari Selatan Ransiki,25000,4.2,180.0,"{'lat': -1.49199, 'lng': 134.193423}",-1.49199,134.193423,Papua Barat,alam,25000.0,4.2,1,1,1,1,0,1,0.8333,alam|edukasi|fotografi|hiking|rekreasi_keluarga
1678,Air Terjun Kiti-Kiti Fakfak Jatuh Langsung ke Air Laut Asin,"Air Terjun Kiti-Kiti Fakfak Jatuh Langsung ke Air Laut Asin di Pegunungan Arfak Anggi, Papua Barat. Objek wisata alam dengan formasi tebing batuan alami, gua karst purba, serta telaga yang jernih dan tenang. Suasana alam yang tenang memberikan kesegaran pikiran bagi pengunjung yang mencintai ketenangan alam.",Cagar Alam,Air Terjun,Pegunungan Arfak Anggi,25000,4.3,120.0,"{'lat': -1.355692, 'lng': 133.885922}",-1.355692,133.885922,Papua Barat,alam,25000.0,4.3,1,1,1,0,1,1,0.8333,alam|edukasi|fotografi|hiking|rekreasi_keluarga
1679,Gua Purba Kokas Fakfak Lukisan Tangan Merah Cadas Prasejarah Tebing Laut,"Gua Purba Kokas Fakfak Lukisan Tangan Merah Cadas Prasejarah Tebing Laut di Pegunungan Arfak Anggi, Papua Barat. Wisata alam edukatif berbalut udara segar hutan tropis, aliran sungai yang jernih, serta air terjun bertingkat yang menyejukkan. Pilihan utama untuk riset keanekaragaman hayati dan ekowisata ramah lingkungan.",Cagar Alam,Gua,Pegunungan Arfak Anggi,25000,4.6,150.0,"{'lat': -1.38618, 'lng': 133.931172}",-1.38618,133.931172,Papua Barat,alam,25000.0,4.6,1,1,1,1,0,1,0.8333,edukasi|fotografi|hiking|rekreasi_keluarga
1680,Hutan Mangrove Teluk Bintuni Mangrove Terluas Kedua di Dunia,"Hutan Mangrove Teluk Bintuni Mangrove Terluas Kedua di Dunia di Kaimana, Papua Barat. Kawasan konservasi alam yang asri dan terlindungi dengan keanekaragaman flora dan fauna tropis endemik. Dilengkapi jalur trekking kayu yang tertata rapi, gazebo istirahat, pusat informasi lingkungan, dan toilet pengunjung.",Cagar Alam,Taman Nasional,Kaimana,15000,4.3,180.0,"{'lat': -3.645821, 'lng': 133.741592}",-3.645821,133.741592,Papua Barat,alam,15000.0,4.3,1,1,1,0,1,1,0.8333,edukasi|fotografi|hiking|rekreasi_keluarga
1681,Kali Dingin Manokwari Mata Air Hutan Pegaf,"Kali Dingin Manokwari Mata Air Hutan Pegaf di Pegunungan Arfak Anggi, Papua Barat. Kawasan konservasi alam yang asri dan terlindungi dengan keanekaragaman flora dan fauna tropis endemik. Dilengkapi jalur trekking kayu yang tertata rapi, gazebo istirahat, pusat informasi lingkungan, dan toilet pengunjung.",Cagar Alam,Taman Nasional,Pegunungan Arfak Anggi,15000,4.2,180.0,"{'lat': -1.369183, 'lng': 133.885448}",-1.369183,133.885448,Papua Barat,alam,15000.0,4.2,1,1,1,0,1,1,0.8333,edukasi|fotografi|hiking|rekreasi_keluarga
1682,Air Terjun Anatu Kaimana,"Air Terjun Anatu Kaimana di Teluk Bintuni, Papua Barat. Wisata alam edukatif berbalut udara segar hutan tropis, aliran sungai yang jernih, serta air terjun bertingkat yang menyejukkan. Pilihan utama untuk riset keanekaragaman hayati dan ekowisata ramah lingkungan.",Cagar Alam,Air Terjun,Teluk Bintuni,20000,4.9,120.0,"{'lat': -2.167908, 'lng': 133.528176}",-2.167908,133.528176,Papua Barat,alam,20000.0,4.9,1,1,1,1,0,1,0.8333,alam|edukasi|fotografi|hiking|rekreasi_keluarga
1683,Pulau Mansinam Manokwari Pulau Bersejarah Pendaratan Injil Pertama di Tanah Papua 1855,"Pulau Mansinam Manokwari Pulau Bersejarah Pendaratan Injil Pertama di Tanah Papua 1855 di Kaimana, Papua Barat. Destinasi wisata sejarah dan kearifan lokal yang memperlihatkan warisan peradaban masa lampau melalui koleksi artefak berharga. Tempat ideal untuk belajar mengenai perjuangan bangsa dan filosofi adat masyarakat.",Budaya,Situs Sejarah,Kaimana,10000,4.5,120.0,"{'lat': -3.632011, 'lng': 133.771343}",-3.632011,133.771343,Papua Barat,budaya,10000.0,4.5,1,1,0,0,0,1,0.5,budaya|edukasi|fotografi|sejarah
1684,Situs Sejarah Tugu Salib Raksasa Mansinam,"Situs Sejarah Tugu Salib Raksasa Mansinam di Manokwari, Papua Barat. Situs cagar budaya bersejarah yang sarat dengan nilai tradisi leluhur, arsitektur arca dan bangunan tradisional yang otentik. Dilengkapi pemandu wisata budaya, museum informasi sejarah, dan pertunjukan seni berkala.",Budaya,Situs Sejarah,Manokwari,10000,4.7,90.0,"{'lat': -0.837941, 'lng': 134.063364}",-0.837941,134.063364,Papua Barat,budaya,10000.0,4.7,1,1,1,0,0,1,0.6667,budaya|edukasi|fotografi|sejarah
1685,Masjid Tua Patimburak Fakfak Simbol Toleransi Islam Satu Tungku Tiga Batu 1870,"Masjid Tua Patimburak Fakfak Simbol Toleransi Islam Satu Tungku Tiga Batu 1870 di Teluk Bintuni, Papua Barat. Situs cagar budaya bersejarah yang sarat dengan nilai tradisi leluhur, arsitektur arca dan bangunan tradisional yang otentik. Dilengkapi pemandu wisata budaya, museum informasi sejarah, dan pertunjukan seni berkala.",Budaya,Situs Sejarah,Teluk Bintuni,10000,4.4,120.0,"{'lat': -2.097554, 'lng': 133.533748}",-2.097554,133.533748,Papua Barat,budaya,10000.0,4.4,1,1,1,1,0,1,0.8333,budaya|edukasi|fotografi|sejarah
1686,Rumah Adat Kaki Seribu Suku Arfak Mod Aki Aksa,"Rumah Adat Kaki Seribu Suku Arfak Mod Aki Aksa di Manokwari, Papua Barat. Situs cagar budaya bersejarah yang sarat dengan nilai tradisi leluhur, arsitektur arca dan bangunan tradisional yang otentik. Dilengkapi pemandu wisata budaya, museum informasi sejarah, dan pertunjukan seni berkala.",Budaya,Situs Sejarah,Manokwari,25000,4.6,120.0,"{'lat': -0.871458, 'lng': 134.110774}",-0.871458,134.110774,Papua Barat,budaya,25000.0,4.6,1,1,0,1,0,1,0.6667,budaya|edukasi|fotografi|sejarah
1687,Benteng Jepang Gua Binsari Kokas Fakfak Peninggalan Meriam PD II,"Benteng Jepang Gua Binsari Kokas Fakfak Peninggalan Meriam PD II di Manokwari Selatan Ransiki, Papua Barat. Kompleks bangunan bersejarah dan desa adat yang mempertahankan adat istiadat turun-temurun dengan ramah. Wisatawan dapat menyaksikan kerajinan tangan tradisional dan berinteraksi langsung dengan warga setempat.",Budaya,Benteng,Manokwari Selatan Ransiki,25000,4.2,120.0,"{'lat': -1.485219, 'lng': 134.176094}",-1.485219,134.176094,Papua Barat,budaya,25000.0,4.2,1,1,0,1,0,1,0.6667,budaya|edukasi|fotografi|sejarah
1688,Desa Wisata Rhepang Muaif Pengamatan Burung Pintar Namdur,"Desa Wisata Rhepang Muaif Pengamatan Burung Pintar Namdur di Pegunungan Arfak Anggi, Papua Barat. Situs cagar budaya bersejarah yang sarat dengan nilai tradisi leluhur, arsitektur arca dan bangunan tradisional yang otentik. Dilengkapi pemandu wisata budaya, museum informasi sejarah, dan pertunjukan seni berkala.",Budaya,Desa Adat,Pegunungan Arfak Anggi,10000,4.2,90.0,"{'lat': -1.395221, 'lng': 133.885003}",-1.395221,133.885003,Papua Barat,budaya,10000.0,4.2,1,1,1,1,1,1,1.0,budaya|edukasi|fotografi|sejarah
1689,Museum Negeri Mansinam Manokwari,"Museum Negeri Mansinam Manokwari di Teluk Bintuni, Papua Barat. Kompleks bangunan bersejarah dan desa adat yang mempertahankan adat istiadat turun-temurun dengan ramah. Wisatawan dapat menyaksikan kerajinan tangan tradisional dan berinteraksi langsung dengan warga setempat.",Budaya,Museum,Teluk Bintuni,5000,4.3,60.0,"{'lat': -2.163729, 'lng': 133.511261}",-2.163729,133.511261,Papua Barat,budaya,5000.0,4.3,1,1,1,1,0,1,0.8333,budaya|edukasi|fotografi|sejarah
1690,Taman Kota Manokwari Lapangan Borasi,"Taman Kota Manokwari Lapangan Borasi di Fakfak, Papua Barat. Kawasan rekreasi bertema dengan wahana pemacu adrenalin, kolam renang bergelombang, serta taman bermain anak yang aman. Dilengkapi staf pengawas keselamatan dan berbagai tenant kuliner lezat.",Taman Hiburan,Taman Rekreasi,Fakfak,100000,4.9,150.0,"{'lat': -2.925816, 'lng': 132.314849}",-2.925816,132.314849,Papua Barat,hiburan,100000.0,4.9,1,1,1,1,1,1,1.0,edukasi|fotografi|rekreasi_keluarga
1691,Taman Kota Kaimana Senja Kaimana,"Taman Kota Kaimana Senja Kaimana di Manokwari Selatan Ransiki, Papua Barat. Taman rekreasi modern keluarga yang menghadirkan beragam wahana permainan seru, atraksi air, serta pertunjukan tematik interaktif. Memiliki fasilitas lengkap seperti food court, musala yang nyaman, toilet bersih, dan area parkir luas.",Taman Hiburan,Taman Rekreasi,Manokwari Selatan Ransiki,200000,4.9,240.0,"{'lat': -1.500755, 'lng': 134.163303}",-1.500755,134.163303,Papua Barat,hiburan,200000.0,4.9,1,1,1,1,1,1,1.0,edukasi|fotografi|rekreasi_keluarga
1692,Hadi Mall Manokwari,"Hadi Mall Manokwari di Manokwari, Papua Barat. Kawasan rekreasi bertema dengan wahana pemacu adrenalin, kolam renang bergelombang, serta taman bermain anak yang aman. Dilengkapi staf pengawas keselamatan dan berbagai tenant kuliner lezat.",Taman Hiburan,Taman Rekreasi,Manokwari,50000,4.4,180.0,"{'lat': -0.870362, 'lng': 134.113656}",-0.870362,134.113656,Papua Barat,hiburan,50000.0,4.4,1,1,1,1,1,1,1.0,edukasi|fotografi|rekreasi_keluarga
1693,Taman Bermain Anak Fakfak Waterfront,"Taman Bermain Anak Fakfak Waterfront di Teluk Wondama Rasiei, Papua Barat. Destinasi hiburan terpadu dengan spot swafoto kekinian yang estetik, wahana edukasi anak, dan ruang terbuka hijau yang ramah keluarga. Menjadi tempat favorit untuk berekreasi bersama anak-anak di akhir pekan.",Taman Hiburan,Waterpark,Teluk Wondama Rasiei,100000,4.6,150.0,"{'lat': -2.681522, 'lng': 134.537043}",-2.681522,134.537043,Papua Barat,hiburan,100000.0,4.6,1,1,1,1,1,1,1.0,edukasi|fotografi|rekreasi_keluarga
1694,Pasar Sanggeng Manokwari Sentra Noken & Buah Salak Manokwari,"Pasar Sanggeng Manokwari Sentra Noken & Buah Salak Manokwari di Teluk Wondama Rasiei, Papua Barat. Pusat perbelanjaan dan pasar tradisional khas daerah yang menjual aneka kerajinan tangan, kain tenun atau batik, serta camilan oleh-oleh lokal. Tempat bertemunya tawar-menawar yang hangat dengan harga terjangkau.",Pusat Perbelanjaan,Sentra Kerajinan,Teluk Wondama Rasiei,0,4.6,60.0,"{'lat': -2.6808, 'lng': 134.494539}",-2.6808,134.494539,Papua Barat,belanja,0.0,4.6,1,1,1,1,1,1,1.0,belanja|budaya|kuliner
1695,Sentra Pala Fakfak Permen Tomat Pala Asli Fakfak,"Sentra Pala Fakfak Permen Tomat Pala Asli Fakfak di Manokwari, Papua Barat. Kawasan pertokoan dan pasar seni yang menyajikan ragam cinderamata unik karya perajin lokal dari berbagai penjuru daerah. Selalu ramai dikunjungi wisatawan yang ingin membawa kenang-kenangan autentik.",Pusat Perbelanjaan,Sentra Kerajinan,Manokwari,0,4.8,60.0,"{'lat': -0.86338, 'lng': 134.061459}",-0.86338,134.061459,Papua Barat,belanja,0.0,4.8,1,1,1,0,1,1,0.8333,belanja|budaya|kuliner
1696,Sentra Cokelat Ransiki Kakao Organik Terbaik Dunia,"Sentra Cokelat Ransiki Kakao Organik Terbaik Dunia di Teluk Bintuni, Papua Barat. Sentra kuliner dan suvenir ikonik yang menyediakan aneka buah tangan khas Nusantara berkualitas tinggi. Dilengkapi area parkir kendaraan wisata, gerai anjungan tunai mandiri (ATM), dan mushola.",Pusat Perbelanjaan,Sentra Kerajinan,Teluk Bintuni,0,4.9,90.0,"{'lat': -2.139609, 'lng': 133.526718}",-2.139609,133.526718,Papua Barat,belanja,0.0,4.9,1,1,1,1,1,0,0.8333,belanja|budaya|kuliner
1697,Pasar Ikan Sanggeng Manokwari,"Pasar Ikan Sanggeng Manokwari di Teluk Wondama Rasiei, Papua Barat. Pusat perbelanjaan dan pasar tradisional khas daerah yang menjual aneka kerajinan tangan, kain tenun atau batik, serta camilan oleh-oleh lokal. Tempat bertemunya tawar-menawar yang hangat dengan harga terjangkau.",Pusat Perbelanjaan,Pasar Tradisional,Teluk Wondama Rasiei,0,4.5,60.0,"{'lat': -2.68677, 'lng': 134.470649}",-2.68677,134.470649,Papua Barat,belanja,0.0,4.5,1,1,1,1,1,1,1.0,belanja|budaya|kuliner
1698,Gereja Pengharapan Mansinam Monumen Injil Papua,"Gereja Pengharapan Mansinam Monumen Injil Papua di Manokwari Selatan Ransiki, Papua Barat. Tempat ibadah cagar budaya dengan ornamen seni pahat antik dan sejarah pendirian yang menginspirasi. Terbuka bagi pengunjung yang ingin berdoa maupun mengagumi keindahan karya arsitektur Nusantara.",Tempat Ibadah,Gereja,Manokwari Selatan Ransiki,0,4.7,60.0,"{'lat': -1.46416, 'lng': 134.201645}",-1.46416,134.201645,Papua Barat,religi,0.0,4.7,1,1,1,1,1,1,1.0,budaya|religi|sejarah
1699,Masjid Tua Patimburak Fakfak Bentuk Kubah Gereja-Masjid Filosofi Toleransi,"Masjid Tua Patimburak Fakfak Bentuk Kubah Gereja-Masjid Filosofi Toleransi di Manokwari Selatan Ransiki, Papua Barat. Ikon wisata religi yang terkenal dengan kedamaian suasananya, toleransi antarwarga, serta kubah atau menara yang menjulang indah. Menjadi tempat ziarah sekaligus edukasi spiritual bagi masyarakat luas.",Tempat Ibadah,Masjid,Manokwari Selatan Ransiki,0,4.8,45.0,"{'lat': -1.510015, 'lng': 134.167852}",-1.510015,134.167852,Papua Barat,religi,0.0,4.8,1,1,0,1,1,1,0.8333,budaya|religi|sejarah
1700,Gereja Katedral Santo Agustinus Manokwari,"Gereja Katedral Santo Agustinus Manokwari di Fakfak, Papua Barat. Bangunan keagamaan bersejarah dengan arsitektur megah dan penuh nilai filosofis spiritual tinggi. Menyediakan sarana ibadah yang bersih dan khusyuk, pelataran yang teduh dan asri, serta toilet wudhu yang terawat.",Tempat Ibadah,Gereja,Fakfak,0,4.8,45.0,"{'lat': -2.932674, 'lng': 132.326631}",-2.932674,132.326631,Papua Barat,religi,0.0,4.8,1,1,0,1,1,1,0.8333,budaya|religi|sejarah
1701,Pantai Pasir Timbul Raja Ampat Gosong Pasir Putih di Tengah Lautan Karang,"Pantai Pasir Timbul Raja Ampat Gosong Pasir Putih di Tengah Lautan Karang di Sorong Aimas, Papua Barat Daya. Pantai eksotis dengan air laut jernih dan deretan pohon kelapa yang rindang. Menjadi lokasi favorit wisatawan untuk bersantai, bermain air bersama keluarga, berswafoto, serta menikmati kelapa muda segar di tepi pantai.",Pantai,Pantai,Sorong Aimas,25000,4.8,150.0,"{'lat': -0.994162, 'lng': 131.324043}",-0.994162,131.324043,Papua Barat Daya,bahari,25000.0,4.8,1,1,1,1,0,0,0.6667,bahari|berenang|fotografi|kuliner|pantai|rekreasi_keluarga|snorkeling
1702,Pantai Waiwo Waisai Raja Ampat Menyelam Depan Kamar Resor,"Pantai Waiwo Waisai Raja Ampat Menyelam Depan Kamar Resor di Tambrauw Fef, Papua Barat Daya. Kawasan pantai dengan keindahan garis pantai memanjang, batuan karang yang menawan, serta angin sepoi-sepoi yang menyegarkan. Sangat cocok untuk aktivitas rekreasi, jalan santai di tepi air, dan piknik sore hari.",Pantai,Pantai,Tambrauw Fef,30000,4.4,240.0,"{'lat': -0.594609, 'lng': 132.307087}",-0.594609,132.307087,Papua Barat Daya,bahari,30000.0,4.4,1,1,1,1,1,0,0.8333,berenang|fotografi|kuliner|pantai|rekreasi_keluarga
1703,Pantai Tanjung Kasuari Sorong Pasir Putih Pohon Rindang Tepi Kota,"Pantai Tanjung Kasuari Sorong Pasir Putih Pohon Rindang Tepi Kota di Sorong Aimas, Papua Barat Daya. Pantai eksotis dengan air laut jernih dan deretan pohon kelapa yang rindang. Menjadi lokasi favorit wisatawan untuk bersantai, bermain air bersama keluarga, berswafoto, serta menikmati kelapa muda segar di tepi pantai.",Pantai,Pantai,Sorong Aimas,30000,4.4,240.0,"{'lat': -0.973797, 'lng': 131.330786}",-0.973797,131.330786,Papua Barat Daya,bahari,30000.0,4.4,1,1,1,1,1,1,1.0,berenang|fotografi|kuliner|pantai|rekreasi_keluarga
1704,Pantai Saonek Raja Ampat Sejarah Ibu Kota Lama,"Pantai Saonek Raja Ampat Sejarah Ibu Kota Lama di Sorong Aimas, Papua Barat Daya. Destinasi wisata pesisir dengan hamparan pasir bersih, deburan ombak yang menenangkan, serta panorama matahari terbenam yang memukau. Dilengkapi fasilitas warung makan seafood lokal, area parkir, toilet umum, dan persewaan payung pantai.",Pantai,Pantai,Sorong Aimas,5000,4.3,120.0,"{'lat': -0.964253, 'lng': 131.343547}",-0.964253,131.343547,Papua Barat Daya,bahari,5000.0,4.3,1,1,1,1,0,1,0.8333,berenang|fotografi|kuliner|pantai|rekreasi_keluarga
1705,Pantai Waisai Torang Cinta (WTC) Waterfront Kota Raja Ampat,"Pantai Waisai Torang Cinta (WTC) Waterfront Kota Raja Ampat di Sorong Selatan Teminabuan, Papua Barat Daya. Destinasi wisata pesisir dengan hamparan pasir bersih, deburan ombak yang menenangkan, serta panorama matahari terbenam yang memukau. Dilengkapi fasilitas warung makan seafood lokal, area parkir, toilet umum, dan persewaan payung pantai.",Pantai,Pantai,Sorong Selatan Teminabuan,5000,4.7,180.0,"{'lat': -1.420443, 'lng': 132.003221}",-1.420443,132.003221,Papua Barat Daya,bahari,5000.0,4.7,1,1,1,1,1,1,1.0,berenang|fotografi|kuliner|pantai|rekreasi_keluarga
1706,Pantai Arborek Pulau Desa Wisata Terumbu Karang Bawah Dermaga,"Pantai Arborek Pulau Desa Wisata Terumbu Karang Bawah Dermaga di Kota Sorong, Papua Barat Daya. Pantai eksotis dengan air laut jernih dan deretan pohon kelapa yang rindang. Menjadi lokasi favorit wisatawan untuk bersantai, bermain air bersama keluarga, berswafoto, serta menikmati kelapa muda segar di tepi pantai.",Pantai,Pantai,Kota Sorong,25000,4.7,240.0,"{'lat': -0.898695, 'lng': 131.215282}",-0.898695,131.215282,Papua Barat Daya,bahari,25000.0,4.7,1,1,1,1,0,0,0.6667,bahari|berenang|fotografi|kuliner|pantai|rekreasi_keluarga|snorkeling
1707,Pantai Pulau Friwen Pasir Halus & Gorengan Hangat Raja Ampat,"Pantai Pulau Friwen Pasir Halus & Gorengan Hangat Raja Ampat di Kota Sorong, Papua Barat Daya. Pantai eksotis dengan air laut jernih dan deretan pohon kelapa yang rindang. Menjadi lokasi favorit wisatawan untuk bersantai, bermain air bersama keluarga, berswafoto, serta menikmati kelapa muda segar di tepi pantai.",Pantai,Pantai,Kota Sorong,10000,4.4,150.0,"{'lat': -0.899041, 'lng': 131.274187}",-0.899041,131.274187,Papua Barat Daya,bahari,10000.0,4.4,1,1,1,1,0,1,0.8333,berenang|fotografi|kuliner|pantai|rekreasi_keluarga
1708,Pantai Saleo Waisai Air Teduh Rindang Pepohonan,"Pantai Saleo Waisai Air Teduh Rindang Pepohonan di Kota Sorong, Papua Barat Daya. Kawasan pantai dengan keindahan garis pantai memanjang, batuan karang yang menawan, serta angin sepoi-sepoi yang menyegarkan. Sangat cocok untuk aktivitas rekreasi, jalan santai di tepi air, dan piknik sore hari.",Pantai,Pantai,Kota Sorong,30000,4.9,180.0,"{'lat': -0.890526, 'lng': 131.254933}",-0.890526,131.254933,Papua Barat Daya,bahari,30000.0,4.9,1,1,1,1,1,0,0.8333,berenang|fotografi|kuliner|pantai|rekreasi_keluarga
1709,Pantai Jamursba Medi Tambrauw Tempat Bertelur Penyu Belimbing Raksasa Terbesar Dunia,"Pantai Jamursba Medi Tambrauw Tempat Bertelur Penyu Belimbing Raksasa Terbesar Dunia di Raja Ampat Waisai, Papua Barat Daya. Destinasi wisata pesisir dengan hamparan pasir bersih, deburan ombak yang menenangkan, serta panorama matahari terbenam yang memukau. Dilengkapi fasilitas warung makan seafood lokal, area parkir, toilet umum, dan persewaan payung pantai.",Pantai,Pantai,Raja Ampat Waisai,20000,4.3,120.0,"{'lat': -0.464231, 'lng': 130.852332}",-0.464231,130.852332,Papua Barat Daya,bahari,20000.0,4.3,1,1,1,1,1,0,0.8333,berenang|fotografi|kuliner|pantai|rekreasi_keluarga
1710,Pantai Warmamedi Tambrauw Konservasi Penyu,"Pantai Warmamedi Tambrauw Konservasi Penyu di Sorong Selatan Teminabuan, Papua Barat Daya. Kawasan pantai dengan keindahan garis pantai memanjang, batuan karang yang menawan, serta angin sepoi-sepoi yang menyegarkan. Sangat cocok untuk aktivitas rekreasi, jalan santai di tepi air, dan piknik sore hari.",Pantai,Pantai,Sorong Selatan Teminabuan,25000,4.7,240.0,"{'lat': -1.45185, 'lng': 132.038071}",-1.45185,132.038071,Papua Barat Daya,bahari,25000.0,4.7,1,1,1,1,0,0,0.6667,berenang|fotografi|kuliner|pantai|rekreasi_keluarga
1711,Pantai Dofior Kota Sorong Sunset Tembok Berlin,"Pantai Dofior Kota Sorong Sunset Tembok Berlin di Raja Ampat Waisai, Papua Barat Daya. Destinasi wisata pesisir dengan hamparan pasir bersih, deburan ombak yang menenangkan, serta panorama matahari terbenam yang memukau. Dilengkapi fasilitas warung makan seafood lokal, area parkir, toilet umum, dan persewaan payung pantai.",Pantai,Pantai,Raja Ampat Waisai,30000,4.7,180.0,"{'lat': -0.471711, 'lng': 130.816041}",-0.471711,130.816041,Papua Barat Daya,bahari,30000.0,4.7,1,1,1,1,1,0,0.8333,berenang|fotografi|kuliner|pantai|rekreasi_keluarga
1712,Pantai Seget Sorong Pesisir Kilang Minyak Bersejarah,"Pantai Seget Sorong Pesisir Kilang Minyak Bersejarah di Sorong Selatan Teminabuan, Papua Barat Daya. Kawasan pantai dengan keindahan garis pantai memanjang, batuan karang yang menawan, serta angin sepoi-sepoi yang menyegarkan. Sangat cocok untuk aktivitas rekreasi, jalan santai di tepi air, dan piknik sore hari.",Pantai,Pantai,Sorong Selatan Teminabuan,20000,4.4,120.0,"{'lat': -1.479205, 'lng': 132.000708}",-1.479205,132.000708,Papua Barat Daya,bahari,20000.0,4.4,1,1,1,1,0,1,0.8333,berenang|fotografi|kuliner|pantai|rekreasi_keluarga
1713,Pantai Pulau Misool Karst Selatan Air Sebening Permata,"Pantai Pulau Misool Karst Selatan Air Sebening Permata di Kota Sorong, Papua Barat Daya. Destinasi wisata pesisir dengan hamparan pasir bersih, deburan ombak yang menenangkan, serta panorama matahari terbenam yang memukau. Dilengkapi fasilitas warung makan seafood lokal, area parkir, toilet umum, dan persewaan payung pantai.",Pantai,Pantai,Kota Sorong,5000,4.7,240.0,"{'lat': -0.899912, 'lng': 131.273423}",-0.899912,131.273423,Papua Barat Daya,bahari,5000.0,4.7,1,1,1,1,1,1,1.0,berenang|fotografi|kuliner|pantai|rekreasi_keluarga
1714,Pantai Banos Misool Pasir Putih Halus,"Pantai Banos Misool Pasir Putih Halus di Raja Ampat Waisai, Papua Barat Daya. Kawasan pantai dengan keindahan garis pantai memanjang, batuan karang yang menawan, serta angin sepoi-sepoi yang menyegarkan. Sangat cocok untuk aktivitas rekreasi, jalan santai di tepi air, dan piknik sore hari.",Pantai,Pantai,Raja Ampat Waisai,15000,4.5,180.0,"{'lat': -0.393964, 'lng': 130.805917}",-0.393964,130.805917,Papua Barat Daya,bahari,15000.0,4.5,1,1,1,1,1,0,0.8333,berenang|fotografi|kuliner|pantai|rekreasi_keluarga
1715,Puncak Wayag Raja Ampat Ikon Dunia Bukit Karst Jamur Mengapung di Laut Biru,"Puncak Wayag Raja Ampat Ikon Dunia Bukit Karst Jamur Mengapung di Laut Biru di Sorong Selatan Teminabuan, Papua Barat Daya. Puncak bukit dan pegunungan dengan pemandangan lanskap hijau membentang sejauh mata memandang. Menawarkan pengalaman menikmati golden sunrise, udara bersih bebas polusi, dan spot foto alam yang memesona.",Gunung,Perbukitan,Sorong Selatan Teminabuan,50000,4.5,300.0,"{'lat': -1.464515, 'lng': 131.990051}",-1.464515,131.990051,Papua Barat Daya,alam,50000.0,4.5,1,1,1,1,0,0,0.6667,camping|fotografi|gunung|hiking
1716,Puncak Piaynemo Raja Ampat Miniatur Wayag Tangga Kayu,"Puncak Piaynemo Raja Ampat Miniatur Wayag Tangga Kayu di Kota Sorong, Papua Barat Daya. Kawasan dataran tinggi dan lereng gunung yang asri dengan pemandangan perbukitan hijau dan kawah eksotis. Sangat ideal untuk petualangan alam terbuka, hiking santai, perkemahan keluarga, dan melepas penat.",Gunung,Perbukitan,Kota Sorong,25000,4.3,300.0,"{'lat': -0.8633, 'lng': 131.270781}",-0.8633,131.270781,Papua Barat Daya,alam,25000.0,4.3,1,1,1,0,1,1,0.8333,camping|fotografi|gunung|hiking
1717,Puncak Dapunlol Teluk Misool Karst Menjulang Megah Harimau,"Puncak Dapunlol Teluk Misool Karst Menjulang Megah Harimau di Kota Sorong, Papua Barat Daya. Puncak bukit dan pegunungan dengan pemandangan lanskap hijau membentang sejauh mata memandang. Menawarkan pengalaman menikmati golden sunrise, udara bersih bebas polusi, dan spot foto alam yang memesona.",Gunung,Perbukitan,Kota Sorong,20000,4.8,240.0,"{'lat': -0.922446, 'lng': 131.255892}",-0.922446,131.255892,Papua Barat Daya,alam,20000.0,4.8,1,1,1,0,0,1,0.6667,camping|fotografi|gunung|hiking
1718,Puncak Bukit Love Teluk Bidadari Karst Berbentuk Hati,"Puncak Bukit Love Teluk Bidadari Karst Berbentuk Hati di Raja Ampat Waisai, Papua Barat Daya. Kawasan dataran tinggi dan lereng gunung yang asri dengan pemandangan perbukitan hijau dan kawah eksotis. Sangat ideal untuk petualangan alam terbuka, hiking santai, perkemahan keluarga, dan melepas penat.",Gunung,Perbukitan,Raja Ampat Waisai,35000,4.8,360.0,"{'lat': -0.417552, 'lng': 130.803551}",-0.417552,130.803551,Papua Barat Daya,alam,35000.0,4.8,1,1,1,0,1,1,0.8333,camping|fotografi|gunung|hiking
1719,Puncak Bukit Peternakan Mare Maybrat,"Puncak Bukit Peternakan Mare Maybrat di Tambrauw Fef, Papua Barat Daya. Kawasan dataran tinggi dan lereng gunung yang asri dengan pemandangan perbukitan hijau dan kawah eksotis. Sangat ideal untuk petualangan alam terbuka, hiking santai, perkemahan keluarga, dan melepas penat.",Gunung,Perbukitan,Tambrauw Fef,20000,4.3,360.0,"{'lat': -0.595809, 'lng': 132.332406}",-0.595809,132.332406,Papua Barat Daya,alam,20000.0,4.3,1,1,1,0,1,0,0.6667,camping|fotografi|gunung|hiking
1720,Puncak Bukit Teletubbies Teminabuan Sorong Selatan,"Puncak Bukit Teletubbies Teminabuan Sorong Selatan di Sorong Aimas, Papua Barat Daya. Destinasi wisata pegunungan berhawa sejuk dengan jalur pendakian yang menantang dan panorama lautan awan yang spektakuler saat fajar. Tersedia pos peristirahatan, warung logistik pendaki, area perkemahan, dan pemandu lokal.",Gunung,Perbukitan,Sorong Aimas,15000,4.3,240.0,"{'lat': -0.965997, 'lng': 131.302382}",-0.965997,131.302382,Papua Barat Daya,alam,15000.0,4.3,1,1,1,0,0,1,0.6667,camping|fotografi|gunung|hiking
1721,Puncak Sorong City View Pemandangan Pelabuhan & Selat Dampier,"Puncak Sorong City View Pemandangan Pelabuhan & Selat Dampier di Sorong Aimas, Papua Barat Daya. Kawasan dataran tinggi dan lereng gunung yang asri dengan pemandangan perbukitan hijau dan kawah eksotis. Sangat ideal untuk petualangan alam terbuka, hiking santai, perkemahan keluarga, dan melepas penat.",Gunung,Perbukitan,Sorong Aimas,10000,4.2,180.0,"{'lat': -0.987744, 'lng': 131.300291}",-0.987744,131.300291,Papua Barat Daya,alam,10000.0,4.2,1,1,1,1,1,1,1.0,camping|fotografi|gunung|hiking
1722,Gunung Tambrauw Konservasi Hutan Pegunungan,"Gunung Tambrauw Konservasi Hutan Pegunungan di Raja Ampat Waisai, Papua Barat Daya. Kawasan dataran tinggi dan lereng gunung yang asri dengan pemandangan perbukitan hijau dan kawah eksotis. Sangat ideal untuk petualangan alam terbuka, hiking santai, perkemahan keluarga, dan melepas penat.",Gunung,Gunung,Raja Ampat Waisai,25000,4.7,180.0,"{'lat': -0.4608, 'lng': 130.82679}",-0.4608,130.82679,Papua Barat Daya,alam,25000.0,4.7,1,1,1,0,1,0,0.6667,camping|fotografi|gunung|hiking
1723,Bukit Salju Fef Tambrauw Kabut Tebal Rimba,"Bukit Salju Fef Tambrauw Kabut Tebal Rimba di Raja Ampat Waisai, Papua Barat Daya. Puncak bukit dan pegunungan dengan pemandangan lanskap hijau membentang sejauh mata memandang. Menawarkan pengalaman menikmati golden sunrise, udara bersih bebas polusi, dan spot foto alam yang memesona.",Gunung,Perbukitan,Raja Ampat Waisai,10000,4.3,180.0,"{'lat': -0.413615, 'lng': 130.783192}",-0.413615,130.783192,Papua Barat Daya,alam,10000.0,4.3,1,1,1,1,0,0,0.6667,camping|fotografi|gunung|hiking
1724,Puncak Gunung Kwoka Tambrauw,"Puncak Gunung Kwoka Tambrauw di Sorong Aimas, Papua Barat Daya. Destinasi wisata pegunungan berhawa sejuk dengan jalur pendakian yang menantang dan panorama lautan awan yang spektakuler saat fajar. Tersedia pos peristirahatan, warung logistik pendaki, area perkemahan, dan pemandu lokal.",Gunung,Gunung,Sorong Aimas,35000,4.5,360.0,"{'lat': -1.000347, 'lng': 131.318932}",-1.000347,131.318932,Papua Barat Daya,alam,35000.0,4.5,1,1,1,1,0,1,0.8333,camping|fotografi|gunung|hiking
1725,Kepulauan Raja Ampat Ibukota Terumbu Karang Terkaya di Planet Bumi (UNESCO Global Geopark),"Kepulauan Raja Ampat Ibukota Terumbu Karang Terkaya di Planet Bumi (UNESCO Global Geopark) di Kota Sorong, Papua Barat Daya. Kawasan konservasi alam yang asri dan terlindungi dengan keanekaragaman flora dan fauna tropis endemik. Dilengkapi jalur trekking kayu yang tertata rapi, gazebo istirahat, pusat informasi lingkungan, dan toilet pengunjung.",Cagar Alam,Taman Nasional,Kota Sorong,30000,4.2,180.0,"{'lat': -0.885763, 'lng': 131.268525}",-0.885763,131.268525,Papua Barat Daya,alam,30000.0,4.2,1,1,1,1,0,1,0.8333,bahari|edukasi|fotografi|hiking|rekreasi_keluarga|snorkeling
1726,Kali Biru Warsambin Raja Ampat Sungai Hutan Tropis Berair Biru Safir Dingin,"Kali Biru Warsambin Raja Ampat Sungai Hutan Tropis Berair Biru Safir Dingin di Tambrauw Fef, Papua Barat Daya. Objek wisata alam dengan formasi tebing batuan alami, gua karst purba, serta telaga yang jernih dan tenang. Suasana alam yang tenang memberikan kesegaran pikiran bagi pengunjung yang mencintai ketenangan alam.",Cagar Alam,Taman Nasional,Tambrauw Fef,30000,4.5,90.0,"{'lat': -0.562065, 'lng': 132.314361}",-0.562065,132.314361,Papua Barat Daya,alam,30000.0,4.5,1,1,1,1,0,1,0.8333,alam|edukasi|fotografi|hiking|rekreasi_keluarga
1727,Danau Ayamaru Maybrat Tiga Danau Karst Purba Habitat Ikan Pelangi,"Danau Ayamaru Maybrat Tiga Danau Karst Purba Habitat Ikan Pelangi di Sorong Aimas, Papua Barat Daya. Objek wisata alam dengan formasi tebing batuan alami, gua karst purba, serta telaga yang jernih dan tenang. Suasana alam yang tenang memberikan kesegaran pikiran bagi pengunjung yang mencintai ketenangan alam.",Cagar Alam,Danau,Sorong Aimas,15000,4.4,180.0,"{'lat': -0.938811, 'lng': 131.353803}",-0.938811,131.353803,Papua Barat Daya,alam,15000.0,4.4,1,1,1,1,0,1,0.8333,alam|edukasi|fotografi|hiking|rekreasi_keluarga
1728,Kali Kaca Teminabuan Sorong Selatan Sungai Transparan Air Sebening Kaca,"Kali Kaca Teminabuan Sorong Selatan Sungai Transparan Air Sebening Kaca di Raja Ampat Waisai, Papua Barat Daya. Wisata alam edukatif berbalut udara segar hutan tropis, aliran sungai yang jernih, serta air terjun bertingkat yang menyejukkan. Pilihan utama untuk riset keanekaragaman hayati dan ekowisata ramah lingkungan.",Cagar Alam,Taman Nasional,Raja Ampat Waisai,15000,4.8,150.0,"{'lat': -0.440317, 'lng': 130.827948}",-0.440317,130.827948,Papua Barat Daya,alam,15000.0,4.8,1,1,1,1,0,1,0.8333,alam|edukasi|fotografi|hiking|rekreasi_keluarga
1729,Teluk Kabui Raja Ampat Tebing Karst dan Batu Pensil Megah,"Teluk Kabui Raja Ampat Tebing Karst dan Batu Pensil Megah di Sorong Aimas, Papua Barat Daya. Kawasan konservasi alam yang asri dan terlindungi dengan keanekaragaman flora dan fauna tropis endemik. Dilengkapi jalur trekking kayu yang tertata rapi, gazebo istirahat, pusat informasi lingkungan, dan toilet pengunjung.",Cagar Alam,Taman Nasional,Sorong Aimas,20000,4.6,120.0,"{'lat': -0.954313, 'lng': 131.370751}",-0.954313,131.370751,Papua Barat Daya,alam,20000.0,4.6,1,1,1,0,0,1,0.6667,edukasi|fotografi|hiking|rekreasi_keluarga
1730,Gua Keramat Misool Al-Qur'an Kuno & Kolam Bawah Tanah,"Gua Keramat Misool Al-Qur'an Kuno & Kolam Bawah Tanah di Tambrauw Fef, Papua Barat Daya. Kawasan konservasi alam yang asri dan terlindungi dengan keanekaragaman flora dan fauna tropis endemik. Dilengkapi jalur trekking kayu yang tertata rapi, gazebo istirahat, pusat informasi lingkungan, dan toilet pengunjung.",Cagar Alam,Gua,Tambrauw Fef,25000,4.3,180.0,"{'lat': -0.567785, 'lng': 132.298132}",-0.567785,132.298132,Papua Barat Daya,alam,25000.0,4.3,1,1,1,1,1,1,1.0,edukasi|fotografi|hiking|rekreasi_keluarga
1731,Laguna Bintang Star Lagoon Piaynemo Gugusan Karst Berbentuk Bintang,"Laguna Bintang Star Lagoon Piaynemo Gugusan Karst Berbentuk Bintang di Sorong Aimas, Papua Barat Daya. Objek wisata alam dengan formasi tebing batuan alami, gua karst purba, serta telaga yang jernih dan tenang. Suasana alam yang tenang memberikan kesegaran pikiran bagi pengunjung yang mencintai ketenangan alam.",Cagar Alam,Taman Nasional,Sorong Aimas,20000,4.3,150.0,"{'lat': -0.981228, 'lng': 131.355011}",-0.981228,131.355011,Papua Barat Daya,alam,20000.0,4.3,1,1,1,1,0,1,0.8333,edukasi|fotografi|hiking|rekreasi_keluarga
1732,Air Terjun Sasnek Sorong Selatan Bertingkat di Tengah Hutan Rimba Belantara,"Air Terjun Sasnek Sorong Selatan Bertingkat di Tengah Hutan Rimba Belantara di Tambrauw Fef, Papua Barat Daya. Wisata alam edukatif berbalut udara segar hutan tropis, aliran sungai yang jernih, serta air terjun bertingkat yang menyejukkan. Pilihan utama untuk riset keanekaragaman hayati dan ekowisata ramah lingkungan.",Cagar Alam,Air Terjun,Tambrauw Fef,25000,4.6,180.0,"{'lat': -0.580625, 'lng': 132.331736}",-0.580625,132.331736,Papua Barat Daya,alam,25000.0,4.6,1,1,1,1,1,1,1.0,alam|edukasi|fotografi|hiking|rekreasi_keluarga
1733,Desa Wisata Arborek Pengrajin Topi Pari Manta & Noken Anyam Daun Pandan Laut,"Desa Wisata Arborek Pengrajin Topi Pari Manta & Noken Anyam Daun Pandan Laut di Tambrauw Fef, Papua Barat Daya. Destinasi wisata sejarah dan kearifan lokal yang memperlihatkan warisan peradaban masa lampau melalui koleksi artefak berharga. Tempat ideal untuk belajar mengenai perjuangan bangsa dan filosofi adat masyarakat.",Budaya,Desa Adat,Tambrauw Fef,15000,4.8,90.0,"{'lat': -0.621751, 'lng': 132.306944}",-0.621751,132.306944,Papua Barat Daya,budaya,15000.0,4.8,1,1,1,1,1,1,1.0,budaya|edukasi|fotografi|sejarah
1734,Desa Adat Sawinggrai Pusat Pengamatan Tari Burung Cenderawasih Merah Liar,"Desa Adat Sawinggrai Pusat Pengamatan Tari Burung Cenderawasih Merah Liar di Raja Ampat Waisai, Papua Barat Daya. Situs cagar budaya bersejarah yang sarat dengan nilai tradisi leluhur, arsitektur arca dan bangunan tradisional yang otentik. Dilengkapi pemandu wisata budaya, museum informasi sejarah, dan pertunjukan seni berkala.",Budaya,Desa Adat,Raja Ampat Waisai,20000,4.9,60.0,"{'lat': -0.441041, 'lng': 130.846195}",-0.441041,130.846195,Papua Barat Daya,budaya,20000.0,4.9,1,1,1,0,1,1,0.8333,budaya|edukasi|fotografi|sejarah
1735,Kawasan Tembok Berlin Sorong Kuliner Pesisir Ikan Bakar,"Kawasan Tembok Berlin Sorong Kuliner Pesisir Ikan Bakar di Sorong Selatan Teminabuan, Papua Barat Daya. Destinasi wisata sejarah dan kearifan lokal yang memperlihatkan warisan peradaban masa lampau melalui koleksi artefak berharga. Tempat ideal untuk belajar mengenai perjuangan bangsa dan filosofi adat masyarakat.",Budaya,Situs Sejarah,Sorong Selatan Teminabuan,20000,4.4,90.0,"{'lat': -1.420131, 'lng': 132.039761}",-1.420131,132.039761,Papua Barat Daya,budaya,20000.0,4.4,1,1,0,1,1,1,0.8333,budaya|edukasi|fotografi|sejarah
1736,Lukisan Cadas Tebing Purba Misool Cap Telapak Tangan Oker Merah,"Lukisan Cadas Tebing Purba Misool Cap Telapak Tangan Oker Merah di Kota Sorong, Papua Barat Daya. Situs cagar budaya bersejarah yang sarat dengan nilai tradisi leluhur, arsitektur arca dan bangunan tradisional yang otentik. Dilengkapi pemandu wisata budaya, museum informasi sejarah, dan pertunjukan seni berkala.",Budaya,Situs Sejarah,Kota Sorong,10000,4.5,60.0,"{'lat': -0.909478, 'lng': 131.257435}",-0.909478,131.257435,Papua Barat Daya,budaya,10000.0,4.5,1,1,1,0,0,1,0.6667,budaya|edukasi|fotografi|sejarah
1737,Desa Tradisional Warsambin Pintu Masuk Teluk Mayalibit,"Desa Tradisional Warsambin Pintu Masuk Teluk Mayalibit di Tambrauw Fef, Papua Barat Daya. Situs cagar budaya bersejarah yang sarat dengan nilai tradisi leluhur, arsitektur arca dan bangunan tradisional yang otentik. Dilengkapi pemandu wisata budaya, museum informasi sejarah, dan pertunjukan seni berkala.",Budaya,Desa Adat,Tambrauw Fef,15000,4.6,60.0,"{'lat': -0.638266, 'lng': 132.324679}",-0.638266,132.324679,Papua Barat Daya,budaya,15000.0,4.6,1,1,1,1,0,1,0.8333,budaya|edukasi|fotografi|sejarah
1738,Rumah Adat Suku Maybrat Kain Timur Pusaka Sakral,"Rumah Adat Suku Maybrat Kain Timur Pusaka Sakral di Maybrat Kumurkek, Papua Barat Daya. Situs cagar budaya bersejarah yang sarat dengan nilai tradisi leluhur, arsitektur arca dan bangunan tradisional yang otentik. Dilengkapi pemandu wisata budaya, museum informasi sejarah, dan pertunjukan seni berkala.",Budaya,Situs Sejarah,Maybrat Kumurkek,5000,4.7,60.0,"{'lat': -1.214214, 'lng': 132.472786}",-1.214214,132.472786,Papua Barat Daya,budaya,5000.0,4.7,1,1,1,1,1,1,1.0,budaya|edukasi|fotografi|sejarah
1739,Tugu Selamat Datang Kota Sorong Pintu Gerbang Papua Barat Daya,"Tugu Selamat Datang Kota Sorong Pintu Gerbang Papua Barat Daya di Raja Ampat Waisai, Papua Barat Daya. Destinasi wisata sejarah dan kearifan lokal yang memperlihatkan warisan peradaban masa lampau melalui koleksi artefak berharga. Tempat ideal untuk belajar mengenai perjuangan bangsa dan filosofi adat masyarakat.",Budaya,Situs Sejarah,Raja Ampat Waisai,20000,4.5,90.0,"{'lat': -0.461982, 'lng': 130.818201}",-0.461982,130.818201,Papua Barat Daya,budaya,20000.0,4.5,1,1,0,0,0,1,0.5,budaya|edukasi|fotografi|sejarah
1740,Taman Sorong City Landmark Kota,"Taman Sorong City Landmark Kota di Sorong Aimas, Papua Barat Daya. Kawasan rekreasi bertema dengan wahana pemacu adrenalin, kolam renang bergelombang, serta taman bermain anak yang aman. Dilengkapi staf pengawas keselamatan dan berbagai tenant kuliner lezat.",Taman Hiburan,Taman Rekreasi,Sorong Aimas,100000,4.3,150.0,"{'lat': -0.956263, 'lng': 131.348025}",-0.956263,131.348025,Papua Barat Daya,hiburan,100000.0,4.3,1,1,1,1,1,1,1.0,edukasi|fotografi|rekreasi_keluarga
1741,Mega Mall Sorong Pusat Belanja Terbesar Sorong,"Mega Mall Sorong Pusat Belanja Terbesar Sorong di Maybrat Kumurkek, Papua Barat Daya. Kawasan rekreasi bertema dengan wahana pemacu adrenalin, kolam renang bergelombang, serta taman bermain anak yang aman. Dilengkapi staf pengawas keselamatan dan berbagai tenant kuliner lezat.",Taman Hiburan,Taman Rekreasi,Maybrat Kumurkek,200000,4.4,180.0,"{'lat': -1.267448, 'lng': 132.517981}",-1.267448,132.517981,Papua Barat Daya,hiburan,200000.0,4.4,1,1,1,1,1,1,1.0,edukasi|fotografi|rekreasi_keluarga
1742,Waterpark Aimas Kabupaten Sorong,"Waterpark Aimas Kabupaten Sorong di Tambrauw Fef, Papua Barat Daya. Taman rekreasi modern keluarga yang menghadirkan beragam wahana permainan seru, atraksi air, serta pertunjukan tematik interaktif. Memiliki fasilitas lengkap seperti food court, musala yang nyaman, toilet bersih, dan area parkir luas.",Taman Hiburan,Waterpark,Tambrauw Fef,100000,4.7,240.0,"{'lat': -0.562366, 'lng': 132.29835}",-0.562366,132.29835,Papua Barat Daya,hiburan,100000.0,4.7,1,1,1,1,1,1,1.0,edukasi|fotografi|rekreasi_keluarga
1743,Waisai Waterfront Park Raja Ampat,"Waisai Waterfront Park Raja Ampat di Kota Sorong, Papua Barat Daya. Destinasi hiburan terpadu dengan spot swafoto kekinian yang estetik, wahana edukasi anak, dan ruang terbuka hijau yang ramah keluarga. Menjadi tempat favorit untuk berekreasi bersama anak-anak di akhir pekan.",Taman Hiburan,Waterpark,Kota Sorong,50000,4.7,240.0,"{'lat': -0.906544, 'lng': 131.236096}",-0.906544,131.236096,Papua Barat Daya,hiburan,50000.0,4.7,1,1,1,1,1,1,1.0,edukasi|fotografi|rekreasi_keluarga
1744,Pasar Remu Sorong Sentra Oleh-Oleh Keripik Keladi & Abon Gulung Hawaii,"Pasar Remu Sorong Sentra Oleh-Oleh Keripik Keladi & Abon Gulung Hawaii di Tambrauw Fef, Papua Barat Daya. Pusat perbelanjaan dan pasar tradisional khas daerah yang menjual aneka kerajinan tangan, kain tenun atau batik, serta camilan oleh-oleh lokal. Tempat bertemunya tawar-menawar yang hangat dengan harga terjangkau.",Pusat Perbelanjaan,Sentra Kerajinan,Tambrauw Fef,0,4.7,120.0,"{'lat': -0.5956, 'lng': 132.339478}",-0.5956,132.339478,Papua Barat Daya,belanja,0.0,4.7,1,1,1,1,1,1,1.0,belanja|budaya|kuliner
1745,Sentra Roti Abon Gulung Sorong Bakery Manise,"Sentra Roti Abon Gulung Sorong Bakery Manise di Sorong Selatan Teminabuan, Papua Barat Daya. Kawasan pertokoan dan pasar seni yang menyajikan ragam cinderamata unik karya perajin lokal dari berbagai penjuru daerah. Selalu ramai dikunjungi wisatawan yang ingin membawa kenang-kenangan autentik.",Pusat Perbelanjaan,Sentra Kerajinan,Sorong Selatan Teminabuan,0,4.5,120.0,"{'lat': -1.427472, 'lng': 132.022482}",-1.427472,132.022482,Papua Barat Daya,belanja,0.0,4.5,1,1,1,1,1,1,1.0,belanja|budaya|kuliner
1746,Pasar Ikan Jembatan Puri Sorong Tuna & Lobster Segar,"Pasar Ikan Jembatan Puri Sorong Tuna & Lobster Segar di Kota Sorong, Papua Barat Daya. Kawasan pertokoan dan pasar seni yang menyajikan ragam cinderamata unik karya perajin lokal dari berbagai penjuru daerah. Selalu ramai dikunjungi wisatawan yang ingin membawa kenang-kenangan autentik.",Pusat Perbelanjaan,Pasar Tradisional,Kota Sorong,0,4.2,90.0,"{'lat': -0.903372, 'lng': 131.255064}",-0.903372,131.255064,Papua Barat Daya,belanja,0.0,4.2,1,1,1,1,1,0,0.8333,belanja|budaya|kuliner
1747,Sentra Kerajinan Patung Asmat & Noken Raja Ampat,"Sentra Kerajinan Patung Asmat & Noken Raja Ampat di Sorong Selatan Teminabuan, Papua Barat Daya. Kawasan pertokoan dan pasar seni yang menyajikan ragam cinderamata unik karya perajin lokal dari berbagai penjuru daerah. Selalu ramai dikunjungi wisatawan yang ingin membawa kenang-kenangan autentik.",Pusat Perbelanjaan,Sentra Kerajinan,Sorong Selatan Teminabuan,0,4.9,90.0,"{'lat': -1.478132, 'lng': 132.002432}",-1.478132,132.002432,Papua Barat Daya,belanja,0.0,4.9,1,1,1,1,1,1,1.0,belanja|budaya|kuliner
1748,Masjid Raya Al-Akbar Kota Sorong Megah Kubah Emas,"Masjid Raya Al-Akbar Kota Sorong Megah Kubah Emas di Sorong Aimas, Papua Barat Daya. Ikon wisata religi yang terkenal dengan kedamaian suasananya, toleransi antarwarga, serta kubah atau menara yang menjulang indah. Menjadi tempat ziarah sekaligus edukasi spiritual bagi masyarakat luas.",Tempat Ibadah,Masjid,Sorong Aimas,0,4.8,45.0,"{'lat': -0.948474, 'lng': 131.298654}",-0.948474,131.298654,Papua Barat Daya,religi,0.0,4.8,1,1,1,1,1,0,0.8333,budaya|religi|sejarah
1749,Gereja Katedral Kristus Raja Sorong,"Gereja Katedral Kristus Raja Sorong di Kota Sorong, Papua Barat Daya. Bangunan keagamaan bersejarah dengan arsitektur megah dan penuh nilai filosofis spiritual tinggi. Menyediakan sarana ibadah yang bersih dan khusyuk, pelataran yang teduh dan asri, serta toilet wudhu yang terawat.",Tempat Ibadah,Gereja,Kota Sorong,0,4.5,90.0,"{'lat': -0.861079, 'lng': 131.2479}",-0.861079,131.2479,Papua Barat Daya,religi,0.0,4.5,1,1,1,1,1,1,1.0,budaya|religi|sejarah
1750,Gereja Tua Klasis Raja Ampat Waisai,"Gereja Tua Klasis Raja Ampat Waisai di Sorong Aimas, Papua Barat Daya. Ikon wisata religi yang terkenal dengan kedamaian suasananya, toleransi antarwarga, serta kubah atau menara yang menjulang indah. Menjadi tempat ziarah sekaligus edukasi spiritual bagi masyarakat luas.",Tempat Ibadah,Gereja,Sorong Aimas,0,4.6,60.0,"{'lat': -0.968096, 'lng': 131.30499}",-0.968096,131.30499,Papua Barat Daya,religi,0.0,4.6,1,1,1,1,1,1,1.0,budaya|religi|sejarah
1751,Pasir Putih Aikima Lembah Baliem Hamparan Pasir Putih Pegunungan Misterius,"Pasir Putih Aikima Lembah Baliem Hamparan Pasir Putih Pegunungan Misterius di Tolikara Karubaga, Papua Pegunungan. Pantai eksotis dengan air laut jernih dan deretan pohon kelapa yang rindang. Menjadi lokasi favorit wisatawan untuk bersantai, bermain air bersama keluarga, berswafoto, serta menikmati kelapa muda segar di tepi pantai.",Pantai,Pantai,Tolikara Karubaga,30000,4.5,120.0,"{'lat': -3.597095, 'lng': 138.675931}",-3.597095,138.675931,Papua Pegunungan,bahari,30000.0,4.5,1,1,1,1,1,1,1.0,berenang|fotografi|kuliner|pantai|rekreasi_keluarga
1752,Tepi Danau Habema Tertinggi Indonesia Berpasir Dingin,"Tepi Danau Habema Tertinggi Indonesia Berpasir Dingin di Mamberamo Tengah Kobakma, Papua Pegunungan. Pantai eksotis dengan air laut jernih dan deretan pohon kelapa yang rindang. Menjadi lokasi favorit wisatawan untuk bersantai, bermain air bersama keluarga, berswafoto, serta menikmati kelapa muda segar di tepi pantai.",Pantai,Pantai,Mamberamo Tengah Kobakma,15000,4.5,240.0,"{'lat': -3.674405, 'lng': 139.123908}",-3.674405,139.123908,Papua Pegunungan,bahari,15000.0,4.5,1,1,1,1,1,1,1.0,alam|berenang|fotografi|kuliner|pantai|rekreasi_keluarga
1753,Pesisir Pasir Kali Baliem Wamena Arus Deras Sungai Gunung,"Pesisir Pasir Kali Baliem Wamena Arus Deras Sungai Gunung di Yahukimo Dekai, Papua Pegunungan. Kawasan pantai dengan keindahan garis pantai memanjang, batuan karang yang menawan, serta angin sepoi-sepoi yang menyegarkan. Sangat cocok untuk aktivitas rekreasi, jalan santai di tepi air, dan piknik sore hari.",Pantai,Pantai,Yahukimo Dekai,15000,4.2,120.0,"{'lat': -4.866146, 'lng': 139.476339}",-4.866146,139.476339,Papua Pegunungan,bahari,15000.0,4.2,1,1,1,1,1,0,0.8333,alam|berenang|fotografi|kuliner|pantai|rekreasi_keluarga
1754,Pesisir Danau Habbema Puncak Trikora,"Pesisir Danau Habbema Puncak Trikora di Nduga Kenyam, Papua Pegunungan. Kawasan pantai dengan keindahan garis pantai memanjang, batuan karang yang menawan, serta angin sepoi-sepoi yang menyegarkan. Sangat cocok untuk aktivitas rekreasi, jalan santai di tepi air, dan piknik sore hari.",Pantai,Pantai,Nduga Kenyam,10000,4.9,240.0,"{'lat': -4.510509, 'lng': 138.422064}",-4.510509,138.422064,Papua Pegunungan,bahari,10000.0,4.9,1,1,1,1,0,0,0.6667,alam|berenang|fotografi|kuliner|pantai|rekreasi_keluarga
1755,Tepi Sungai Brazza Dekai Yahukimo Hutan Rawa Raksasa,"Tepi Sungai Brazza Dekai Yahukimo Hutan Rawa Raksasa di Jayawijaya Wamena, Papua Pegunungan. Kawasan pantai dengan keindahan garis pantai memanjang, batuan karang yang menawan, serta angin sepoi-sepoi yang menyegarkan. Sangat cocok untuk aktivitas rekreasi, jalan santai di tepi air, dan piknik sore hari.",Pantai,Pantai,Jayawijaya Wamena,20000,4.6,150.0,"{'lat': -4.098173, 'lng': 138.984952}",-4.098173,138.984952,Papua Pegunungan,bahari,20000.0,4.6,1,1,1,1,1,0,0.8333,alam|berenang|fotografi|kuliner|pantai|rekreasi_keluarga
1756,Pasir Kali Ibele Wamena Bebatuan Granit Lembah,"Pasir Kali Ibele Wamena Bebatuan Granit Lembah di Yahukimo Dekai, Papua Pegunungan. Pantai eksotis dengan air laut jernih dan deretan pohon kelapa yang rindang. Menjadi lokasi favorit wisatawan untuk bersantai, bermain air bersama keluarga, berswafoto, serta menikmati kelapa muda segar di tepi pantai.",Pantai,Pantai,Yahukimo Dekai,5000,4.3,120.0,"{'lat': -4.843082, 'lng': 139.485824}",-4.843082,139.485824,Papua Pegunungan,bahari,5000.0,4.3,1,1,1,1,0,0,0.6667,berenang|fotografi|kuliner|pantai|rekreasi_keluarga
1757,Tepi Danau Telaga Biru Maima Jayawijaya,"Tepi Danau Telaga Biru Maima Jayawijaya di Pegunungan Bintang Oksibil, Papua Pegunungan. Kawasan pantai dengan keindahan garis pantai memanjang, batuan karang yang menawan, serta angin sepoi-sepoi yang menyegarkan. Sangat cocok untuk aktivitas rekreasi, jalan santai di tepi air, dan piknik sore hari.",Pantai,Pantai,Pegunungan Bintang Oksibil,25000,4.2,240.0,"{'lat': -4.914779, 'lng': 140.65094}",-4.914779,140.65094,Papua Pegunungan,bahari,25000.0,4.2,1,1,1,1,0,0,0.6667,alam|berenang|fotografi|kuliner|pantai|rekreasi_keluarga
1758,Pesisir Sungai Lorentz Nduga Aliran Gletser Salju,"Pesisir Sungai Lorentz Nduga Aliran Gletser Salju di Jayawijaya Wamena, Papua Pegunungan. Kawasan pantai dengan keindahan garis pantai memanjang, batuan karang yang menawan, serta angin sepoi-sepoi yang menyegarkan. Sangat cocok untuk aktivitas rekreasi, jalan santai di tepi air, dan piknik sore hari.",Pantai,Pantai,Jayawijaya Wamena,30000,4.6,180.0,"{'lat': -4.074253, 'lng': 138.970843}",-4.074253,138.970843,Papua Pegunungan,bahari,30000.0,4.6,1,1,1,1,1,0,0.8333,alam|berenang|fotografi|kuliner|pantai|rekreasi_keluarga
1759,Pantai Pasir Putih Sumur Alami Lembah Baliem,"Pantai Pasir Putih Sumur Alami Lembah Baliem di Yalimo Elelim, Papua Pegunungan. Destinasi wisata pesisir dengan hamparan pasir bersih, deburan ombak yang menenangkan, serta panorama matahari terbenam yang memukau. Dilengkapi fasilitas warung makan seafood lokal, area parkir, toilet umum, dan persewaan payung pantai.",Pantai,Pantai,Yalimo Elelim,30000,4.4,240.0,"{'lat': -3.749063, 'lng': 139.417822}",-3.749063,139.417822,Papua Pegunungan,bahari,30000.0,4.4,1,1,1,1,1,0,0.8333,berenang|fotografi|kuliner|pantai|rekreasi_keluarga
1760,Tepi Sungai Baliem Asologaima,"Tepi Sungai Baliem Asologaima di Mamberamo Tengah Kobakma, Papua Pegunungan. Pantai eksotis dengan air laut jernih dan deretan pohon kelapa yang rindang. Menjadi lokasi favorit wisatawan untuk bersantai, bermain air bersama keluarga, berswafoto, serta menikmati kelapa muda segar di tepi pantai.",Pantai,Pantai,Mamberamo Tengah Kobakma,30000,4.5,120.0,"{'lat': -3.68182, 'lng': 139.073071}",-3.68182,139.073071,Papua Pegunungan,bahari,30000.0,4.5,1,1,1,1,1,0,0.8333,alam|berenang|fotografi|kuliner|pantai|rekreasi_keluarga
1761,Pasir Kali Uwe Wamena,"Pasir Kali Uwe Wamena di Nduga Kenyam, Papua Pegunungan. Kawasan pantai dengan keindahan garis pantai memanjang, batuan karang yang menawan, serta angin sepoi-sepoi yang menyegarkan. Sangat cocok untuk aktivitas rekreasi, jalan santai di tepi air, dan piknik sore hari.",Pantai,Pantai,Nduga Kenyam,20000,4.8,120.0,"{'lat': -4.506989, 'lng': 138.420068}",-4.506989,138.420068,Papua Pegunungan,bahari,20000.0,4.8,1,1,1,1,0,1,0.8333,berenang|fotografi|kuliner|pantai|rekreasi_keluarga
1762,Tepi Danau Hutan Trikora,"Tepi Danau Hutan Trikora di Yahukimo Dekai, Papua Pegunungan. Destinasi wisata pesisir dengan hamparan pasir bersih, deburan ombak yang menenangkan, serta panorama matahari terbenam yang memukau. Dilengkapi fasilitas warung makan seafood lokal, area parkir, toilet umum, dan persewaan payung pantai.",Pantai,Pantai,Yahukimo Dekai,5000,4.5,240.0,"{'lat': -4.834433, 'lng': 139.503848}",-4.834433,139.503848,Papua Pegunungan,bahari,5000.0,4.5,1,1,1,1,0,1,0.8333,alam|berenang|fotografi|kuliner|pantai|rekreasi_keluarga
1763,Pesisir Kali Tiom Lanny Jaya,"Pesisir Kali Tiom Lanny Jaya di Jayawijaya Wamena, Papua Pegunungan. Kawasan pantai dengan keindahan garis pantai memanjang, batuan karang yang menawan, serta angin sepoi-sepoi yang menyegarkan. Sangat cocok untuk aktivitas rekreasi, jalan santai di tepi air, dan piknik sore hari.",Pantai,Pantai,Jayawijaya Wamena,30000,4.2,120.0,"{'lat': -4.10244, 'lng': 138.929141}",-4.10244,138.929141,Papua Pegunungan,bahari,30000.0,4.2,1,1,1,1,1,0,0.8333,berenang|fotografi|kuliner|pantai|rekreasi_keluarga
1764,Tepi Sungai Oksibil Pegunungan Bintang,"Tepi Sungai Oksibil Pegunungan Bintang di Yahukimo Dekai, Papua Pegunungan. Kawasan pantai dengan keindahan garis pantai memanjang, batuan karang yang menawan, serta angin sepoi-sepoi yang menyegarkan. Sangat cocok untuk aktivitas rekreasi, jalan santai di tepi air, dan piknik sore hari.",Pantai,Pantai,Yahukimo Dekai,10000,4.4,150.0,"{'lat': -4.886608, 'lng': 139.47752}",-4.886608,139.47752,Papua Pegunungan,bahari,10000.0,4.4,1,1,1,1,0,0,0.6667,alam|berenang|fotografi|kuliner|pantai|rekreasi_keluarga
1765,Puncak Trikora Puncak Tertinggi Papua Pegunungan (4.750 mdpl) Salju Abadi,"Puncak Trikora Puncak Tertinggi Papua Pegunungan (4.750 mdpl) Salju Abadi di Lanny Jaya Tiom, Papua Pegunungan. Destinasi wisata pegunungan berhawa sejuk dengan jalur pendakian yang menantang dan panorama lautan awan yang spektakuler saat fajar. Tersedia pos peristirahatan, warung logistik pendaki, area perkemahan, dan pemandu lokal.",Gunung,Perbukitan,Lanny Jaya Tiom,35000,4.6,360.0,"{'lat': -3.889254, 'lng': 138.491665}",-3.889254,138.491665,Papua Pegunungan,alam,35000.0,4.6,1,1,1,1,1,1,1.0,camping|fotografi|gunung|hiking
1766,Pegunungan Jayawijaya Barisan Sudirman Tulang Punggung Pulau Papua,"Pegunungan Jayawijaya Barisan Sudirman Tulang Punggung Pulau Papua di Yahukimo Dekai, Papua Pegunungan. Destinasi wisata pegunungan berhawa sejuk dengan jalur pendakian yang menantang dan panorama lautan awan yang spektakuler saat fajar. Tersedia pos peristirahatan, warung logistik pendaki, area perkemahan, dan pemandu lokal.",Gunung,Perbukitan,Yahukimo Dekai,15000,4.5,360.0,"{'lat': -4.88679, 'lng': 139.507173}",-4.88679,139.507173,Papua Pegunungan,alam,15000.0,4.5,1,1,1,0,0,1,0.6667,camping|fotografi|gunung|hiking
1767,Puncak Mandala Pegunungan Bintang (4.760 mdpl) Puncak Salju Kedua,"Puncak Mandala Pegunungan Bintang (4.760 mdpl) Puncak Salju Kedua di Yahukimo Dekai, Papua Pegunungan. Kawasan dataran tinggi dan lereng gunung yang asri dengan pemandangan perbukitan hijau dan kawah eksotis. Sangat ideal untuk petualangan alam terbuka, hiking santai, perkemahan keluarga, dan melepas penat.",Gunung,Perbukitan,Yahukimo Dekai,25000,4.5,240.0,"{'lat': -4.849268, 'lng': 139.526323}",-4.849268,139.526323,Papua Pegunungan,alam,25000.0,4.5,1,1,1,0,1,1,0.8333,camping|fotografi|gunung|hiking
1768,Lembah Baliem Hamparan Lembah Hijau Ketinggian 1.650 mdpl Terkenal Sedunia,"Lembah Baliem Hamparan Lembah Hijau Ketinggian 1.650 mdpl Terkenal Sedunia di Pegunungan Bintang Oksibil, Papua Pegunungan. Kawasan dataran tinggi dan lereng gunung yang asri dengan pemandangan perbukitan hijau dan kawah eksotis. Sangat ideal untuk petualangan alam terbuka, hiking santai, perkemahan keluarga, dan melepas penat.",Gunung,Perbukitan,Pegunungan Bintang Oksibil,25000,4.4,240.0,"{'lat': -4.918748, 'lng': 140.623244}",-4.918748,140.623244,Papua Pegunungan,alam,25000.0,4.4,1,1,1,0,0,1,0.6667,camping|fotografi|gunung|hiking
1769,Puncak Bukit Wolani Wamena,"Puncak Bukit Wolani Wamena di Mamberamo Tengah Kobakma, Papua Pegunungan. Kawasan dataran tinggi dan lereng gunung yang asri dengan pemandangan perbukitan hijau dan kawah eksotis. Sangat ideal untuk petualangan alam terbuka, hiking santai, perkemahan keluarga, dan melepas penat.",Gunung,Perbukitan,Mamberamo Tengah Kobakma,25000,4.2,360.0,"{'lat': -3.658589, 'lng': 139.112037}",-3.658589,139.112037,Papua Pegunungan,alam,25000.0,4.2,1,1,1,1,1,1,1.0,camping|fotografi|gunung|hiking
1770,Puncak Bukit Isakusa Lembah Baliem,"Puncak Bukit Isakusa Lembah Baliem di Nduga Kenyam, Papua Pegunungan. Destinasi wisata pegunungan berhawa sejuk dengan jalur pendakian yang menantang dan panorama lautan awan yang spektakuler saat fajar. Tersedia pos peristirahatan, warung logistik pendaki, area perkemahan, dan pemandu lokal.",Gunung,Perbukitan,Nduga Kenyam,25000,4.3,240.0,"{'lat': -4.523633, 'lng': 138.369015}",-4.523633,138.369015,Papua Pegunungan,alam,25000.0,4.3,1,1,1,1,1,0,0.8333,camping|fotografi|gunung|hiking
1771,Puncak Buntul Kurima Pintu Masuk Yahukimo,"Puncak Buntul Kurima Pintu Masuk Yahukimo di Nduga Kenyam, Papua Pegunungan. Puncak bukit dan pegunungan dengan pemandangan lanskap hijau membentang sejauh mata memandang. Menawarkan pengalaman menikmati golden sunrise, udara bersih bebas polusi, dan spot foto alam yang memesona.",Gunung,Perbukitan,Nduga Kenyam,35000,4.6,300.0,"{'lat': -4.48482, 'lng': 138.377147}",-4.48482,138.377147,Papua Pegunungan,alam,35000.0,4.6,1,1,1,0,1,1,0.8333,camping|fotografi|gunung|hiking
1772,Puncak Gunung Elit Yalimo,"Puncak Gunung Elit Yalimo di Jayawijaya Wamena, Papua Pegunungan. Destinasi wisata pegunungan berhawa sejuk dengan jalur pendakian yang menantang dan panorama lautan awan yang spektakuler saat fajar. Tersedia pos peristirahatan, warung logistik pendaki, area perkemahan, dan pemandu lokal.",Gunung,Gunung,Jayawijaya Wamena,35000,4.2,300.0,"{'lat': -4.05255, 'lng': 138.930187}",-4.05255,138.930187,Papua Pegunungan,alam,35000.0,4.2,1,1,1,0,0,0,0.5,camping|fotografi|gunung|hiking
1773,Puncak Tiom Lanny Jaya Negeri Lembah Kabut Dingin,"Puncak Tiom Lanny Jaya Negeri Lembah Kabut Dingin di Lanny Jaya Tiom, Papua Pegunungan. Puncak bukit dan pegunungan dengan pemandangan lanskap hijau membentang sejauh mata memandang. Menawarkan pengalaman menikmati golden sunrise, udara bersih bebas polusi, dan spot foto alam yang memesona.",Gunung,Perbukitan,Lanny Jaya Tiom,50000,4.7,360.0,"{'lat': -3.900033, 'lng': 138.517595}",-3.900033,138.517595,Papua Pegunungan,alam,50000.0,4.7,1,1,1,1,0,0,0.6667,camping|fotografi|gunung|hiking
1774,Puncak Bokondini Tolikara Lembah Terisolir Eksotis,"Puncak Bokondini Tolikara Lembah Terisolir Eksotis di Yahukimo Dekai, Papua Pegunungan. Kawasan dataran tinggi dan lereng gunung yang asri dengan pemandangan perbukitan hijau dan kawah eksotis. Sangat ideal untuk petualangan alam terbuka, hiking santai, perkemahan keluarga, dan melepas penat.",Gunung,Perbukitan,Yahukimo Dekai,50000,4.5,180.0,"{'lat': -4.845134, 'lng': 139.482827}",-4.845134,139.482827,Papua Pegunungan,alam,50000.0,4.5,1,1,1,0,0,0,0.5,camping|fotografi|gunung|hiking
1775,Danau Habema (Danau di Atas Awan) Danau Tertinggi di Indonesia (3.300 mdpl) Kaki Trikora,"Danau Habema (Danau di Atas Awan) Danau Tertinggi di Indonesia (3.300 mdpl) Kaki Trikora di Jayawijaya Wamena, Papua Pegunungan. Wisata alam edukatif berbalut udara segar hutan tropis, aliran sungai yang jernih, serta air terjun bertingkat yang menyejukkan. Pilihan utama untuk riset keanekaragaman hayati dan ekowisata ramah lingkungan.",Cagar Alam,Danau,Jayawijaya Wamena,20000,4.2,150.0,"{'lat': -4.119298, 'lng': 138.910897}",-4.119298,138.910897,Papua Pegunungan,alam,20000.0,4.2,1,1,1,0,0,1,0.6667,alam|edukasi|fotografi|hiking|rekreasi_keluarga
1776,Taman Nasional Lorentz Situs Warisan Dunia UNESCO Ekosistem Terlengkap dari Salju ke Tropis,"Taman Nasional Lorentz Situs Warisan Dunia UNESCO Ekosistem Terlengkap dari Salju ke Tropis di Yalimo Elelim, Papua Pegunungan. Objek wisata alam dengan formasi tebing batuan alami, gua karst purba, serta telaga yang jernih dan tenang. Suasana alam yang tenang memberikan kesegaran pikiran bagi pengunjung yang mencintai ketenangan alam.",Cagar Alam,Taman Nasional,Yalimo Elelim,15000,4.5,180.0,"{'lat': -3.777241, 'lng': 139.364283}",-3.777241,139.364283,Papua Pegunungan,alam,15000.0,4.5,1,1,1,1,0,1,0.8333,edukasi|fotografi|hiking|rekreasi_keluarga
1777,Gua Kotilola Wamena Gua Karst Raksasa Tempat Tinggal Kelelawar Purba Hutan Lembah,"Gua Kotilola Wamena Gua Karst Raksasa Tempat Tinggal Kelelawar Purba Hutan Lembah di Yahukimo Dekai, Papua Pegunungan. Kawasan konservasi alam yang asri dan terlindungi dengan keanekaragaman flora dan fauna tropis endemik. Dilengkapi jalur trekking kayu yang tertata rapi, gazebo istirahat, pusat informasi lingkungan, dan toilet pengunjung.",Cagar Alam,Gua,Yahukimo Dekai,10000,4.3,150.0,"{'lat': -4.856601, 'lng': 139.461792}",-4.856601,139.461792,Papua Pegunungan,alam,10000.0,4.3,1,1,1,0,1,1,0.8333,edukasi|fotografi|hiking|rekreasi_keluarga
1778,Telaga Biru Maima Danau Keramat Air Biru Pekat Tersembunyi,"Telaga Biru Maima Danau Keramat Air Biru Pekat Tersembunyi di Pegunungan Bintang Oksibil, Papua Pegunungan. Wisata alam edukatif berbalut udara segar hutan tropis, aliran sungai yang jernih, serta air terjun bertingkat yang menyejukkan. Pilihan utama untuk riset keanekaragaman hayati dan ekowisata ramah lingkungan.",Cagar Alam,Danau,Pegunungan Bintang Oksibil,15000,4.3,90.0,"{'lat': -4.869011, 'lng': 140.657345}",-4.869011,140.657345,Papua Pegunungan,alam,15000.0,4.3,1,1,1,0,0,1,0.6667,alam|edukasi|fotografi|hiking|rekreasi_keluarga
1779,Air Terjun Napua Wamena Suasana Alami Hutan Pinus,"Air Terjun Napua Wamena Suasana Alami Hutan Pinus di Pegunungan Bintang Oksibil, Papua Pegunungan. Kawasan konservasi alam yang asri dan terlindungi dengan keanekaragaman flora dan fauna tropis endemik. Dilengkapi jalur trekking kayu yang tertata rapi, gazebo istirahat, pusat informasi lingkungan, dan toilet pengunjung.",Cagar Alam,Air Terjun,Pegunungan Bintang Oksibil,30000,4.6,150.0,"{'lat': -4.882015, 'lng': 140.62972}",-4.882015,140.62972,Papua Pegunungan,alam,30000.0,4.6,1,1,1,1,0,1,0.8333,alam|edukasi|fotografi|hiking|rekreasi_keluarga
1780,Mata Air Garam Alami Jiwika Sumur Garam Gunung di Atas Puncak Ketinggian Suku Dani,"Mata Air Garam Alami Jiwika Sumur Garam Gunung di Atas Puncak Ketinggian Suku Dani di Nduga Kenyam, Papua Pegunungan. Kawasan konservasi alam yang asri dan terlindungi dengan keanekaragaman flora dan fauna tropis endemik. Dilengkapi jalur trekking kayu yang tertata rapi, gazebo istirahat, pusat informasi lingkungan, dan toilet pengunjung.",Cagar Alam,Taman Nasional,Nduga Kenyam,10000,4.8,180.0,"{'lat': -4.481485, 'lng': 138.372264}",-4.481485,138.372264,Papua Pegunungan,alam,10000.0,4.8,1,1,1,0,0,1,0.6667,edukasi|fotografi|hiking|rekreasi_keluarga
1781,Hutan Lumut Hutan Basah Trikora Berlumut Tebal Mirip Negeri Dongeng Fantasi,"Hutan Lumut Hutan Basah Trikora Berlumut Tebal Mirip Negeri Dongeng Fantasi di Lanny Jaya Tiom, Papua Pegunungan. Wisata alam edukatif berbalut udara segar hutan tropis, aliran sungai yang jernih, serta air terjun bertingkat yang menyejukkan. Pilihan utama untuk riset keanekaragaman hayati dan ekowisata ramah lingkungan.",Cagar Alam,Taman Nasional,Lanny Jaya Tiom,10000,4.2,90.0,"{'lat': -3.902744, 'lng': 138.474002}",-3.902744,138.474002,Papua Pegunungan,alam,10000.0,4.2,1,1,1,1,1,1,1.0,edukasi|fotografi|hiking|rekreasi_keluarga
1782,Gua Lokale Wamena Gua Panjang Tanpa Ujung Terdalam,"Gua Lokale Wamena Gua Panjang Tanpa Ujung Terdalam di Lanny Jaya Tiom, Papua Pegunungan. Objek wisata alam dengan formasi tebing batuan alami, gua karst purba, serta telaga yang jernih dan tenang. Suasana alam yang tenang memberikan kesegaran pikiran bagi pengunjung yang mencintai ketenangan alam.",Cagar Alam,Gua,Lanny Jaya Tiom,20000,4.5,120.0,"{'lat': -3.923784, 'lng': 138.481383}",-3.923784,138.481383,Papua Pegunungan,alam,20000.0,4.5,1,1,1,1,0,1,0.8333,edukasi|fotografi|hiking|rekreasi_keluarga
1783,Mumi Kuno Jiwika Mumi Panglima Perang Suku Dani Berusia Ratusan Tahun Diawetkan Asap,"Mumi Kuno Jiwika Mumi Panglima Perang Suku Dani Berusia Ratusan Tahun Diawetkan Asap di Yalimo Elelim, Papua Pegunungan. Kompleks bangunan bersejarah dan desa adat yang mempertahankan adat istiadat turun-temurun dengan ramah. Wisatawan dapat menyaksikan kerajinan tangan tradisional dan berinteraksi langsung dengan warga setempat.",Budaya,Situs Sejarah,Yalimo Elelim,20000,4.9,60.0,"{'lat': -3.737985, 'lng': 139.429882}",-3.737985,139.429882,Papua Pegunungan,budaya,20000.0,4.9,1,1,1,0,0,1,0.6667,budaya|edukasi|fotografi|sejarah
1784,Mumi Pumo & Mumi Aikima Tradisi Pengawetan Jenazah Leluhur Suku Dani,"Mumi Pumo & Mumi Aikima Tradisi Pengawetan Jenazah Leluhur Suku Dani di Pegunungan Bintang Oksibil, Papua Pegunungan. Kompleks bangunan bersejarah dan desa adat yang mempertahankan adat istiadat turun-temurun dengan ramah. Wisatawan dapat menyaksikan kerajinan tangan tradisional dan berinteraksi langsung dengan warga setempat.",Budaya,Situs Sejarah,Pegunungan Bintang Oksibil,20000,4.4,90.0,"{'lat': -4.892156, 'lng': 140.629801}",-4.892156,140.629801,Papua Pegunungan,budaya,20000.0,4.4,1,1,1,1,0,1,0.8333,budaya|edukasi|fotografi|sejarah
1785,Desa Tradisional Obia Wamena Tempat Pelaksanaan Festival Budaya Lembah Baliem (FBLB),"Desa Tradisional Obia Wamena Tempat Pelaksanaan Festival Budaya Lembah Baliem (FBLB) di Mamberamo Tengah Kobakma, Papua Pegunungan. Destinasi wisata sejarah dan kearifan lokal yang memperlihatkan warisan peradaban masa lampau melalui koleksi artefak berharga. Tempat ideal untuk belajar mengenai perjuangan bangsa dan filosofi adat masyarakat.",Budaya,Desa Adat,Mamberamo Tengah Kobakma,20000,4.4,120.0,"{'lat': -3.664343, 'lng': 139.111145}",-3.664343,139.111145,Papua Pegunungan,budaya,20000.0,4.4,1,1,1,1,1,1,1.0,budaya|edukasi|fotografi|sejarah
1786,Rumah Adat Honai Rumah Tradisional Beratap Jerami Melingkar Khas Dataran Tinggi Pegunungan,"Rumah Adat Honai Rumah Tradisional Beratap Jerami Melingkar Khas Dataran Tinggi Pegunungan di Pegunungan Bintang Oksibil, Papua Pegunungan. Destinasi wisata sejarah dan kearifan lokal yang memperlihatkan warisan peradaban masa lampau melalui koleksi artefak berharga. Tempat ideal untuk belajar mengenai perjuangan bangsa dan filosofi adat masyarakat.",Budaya,Situs Sejarah,Pegunungan Bintang Oksibil,20000,4.8,90.0,"{'lat': -4.928189, 'lng': 140.647113}",-4.928189,140.647113,Papua Pegunungan,budaya,20000.0,4.8,1,1,0,0,0,1,0.5,budaya|edukasi|fotografi|sejarah
1787,Perkampungan Tradisional Suku Yali Suku Kerdil Pembuat Jembatan Gantung Rotan Lembah Kurima,"Perkampungan Tradisional Suku Yali Suku Kerdil Pembuat Jembatan Gantung Rotan Lembah Kurima di Nduga Kenyam, Papua Pegunungan. Destinasi wisata sejarah dan kearifan lokal yang memperlihatkan warisan peradaban masa lampau melalui koleksi artefak berharga. Tempat ideal untuk belajar mengenai perjuangan bangsa dan filosofi adat masyarakat.",Budaya,Situs Sejarah,Nduga Kenyam,20000,4.4,60.0,"{'lat': -4.466022, 'lng': 138.411637}",-4.466022,138.411637,Papua Pegunungan,budaya,20000.0,4.4,1,1,1,1,1,1,1.0,budaya|edukasi|fotografi|sejarah
1788,Tradisi Barapen Pesta Bakar Batu Upacara Syukur Persaudaraan Nusantara Terbesar,"Tradisi Barapen Pesta Bakar Batu Upacara Syukur Persaudaraan Nusantara Terbesar di Yalimo Elelim, Papua Pegunungan. Kompleks bangunan bersejarah dan desa adat yang mempertahankan adat istiadat turun-temurun dengan ramah. Wisatawan dapat menyaksikan kerajinan tangan tradisional dan berinteraksi langsung dengan warga setempat.",Budaya,Situs Sejarah,Yalimo Elelim,10000,4.4,60.0,"{'lat': -3.742097, 'lng': 139.403217}",-3.742097,139.403217,Papua Pegunungan,budaya,10000.0,4.4,1,1,1,1,1,1,1.0,budaya|edukasi|fotografi|sejarah
1789,Suku Korowai Rumah Pohon Tinggi 30-50 Meter di Pucuk Pohon Hutan Belantara Yahukimo,"Suku Korowai Rumah Pohon Tinggi 30-50 Meter di Pucuk Pohon Hutan Belantara Yahukimo di Lanny Jaya Tiom, Papua Pegunungan. Situs cagar budaya bersejarah yang sarat dengan nilai tradisi leluhur, arsitektur arca dan bangunan tradisional yang otentik. Dilengkapi pemandu wisata budaya, museum informasi sejarah, dan pertunjukan seni berkala.",Budaya,Situs Sejarah,Lanny Jaya Tiom,25000,4.3,120.0,"{'lat': -3.86076, 'lng': 138.50352}",-3.86076,138.50352,Papua Pegunungan,budaya,25000.0,4.3,1,1,0,1,1,1,0.8333,budaya|edukasi|fotografi|sejarah
1790,Taman Menara Salib Wamena Landmark Kota,"Taman Menara Salib Wamena Landmark Kota di Nduga Kenyam, Papua Pegunungan. Destinasi hiburan terpadu dengan spot swafoto kekinian yang estetik, wahana edukasi anak, dan ruang terbuka hijau yang ramah keluarga. Menjadi tempat favorit untuk berekreasi bersama anak-anak di akhir pekan.",Taman Hiburan,Taman Rekreasi,Nduga Kenyam,75000,4.9,120.0,"{'lat': -4.480823, 'lng': 138.414721}",-4.480823,138.414721,Papua Pegunungan,hiburan,75000.0,4.9,1,1,1,1,1,1,1.0,edukasi|fotografi|rekreasi_keluarga
1791,Taman Kota Karubaga Tolikara,"Taman Kota Karubaga Tolikara di Pegunungan Bintang Oksibil, Papua Pegunungan. Taman rekreasi modern keluarga yang menghadirkan beragam wahana permainan seru, atraksi air, serta pertunjukan tematik interaktif. Memiliki fasilitas lengkap seperti food court, musala yang nyaman, toilet bersih, dan area parkir luas.",Taman Hiburan,Taman Rekreasi,Pegunungan Bintang Oksibil,150000,4.8,240.0,"{'lat': -4.881452, 'lng': 140.657053}",-4.881452,140.657053,Papua Pegunungan,hiburan,150000.0,4.8,1,1,1,1,1,1,1.0,edukasi|fotografi|rekreasi_keluarga
1792,Pemandangan Lembah Sinakma Agrowisata Buah Kopi,"Pemandangan Lembah Sinakma Agrowisata Buah Kopi di Lanny Jaya Tiom, Papua Pegunungan. Kawasan rekreasi bertema dengan wahana pemacu adrenalin, kolam renang bergelombang, serta taman bermain anak yang aman. Dilengkapi staf pengawas keselamatan dan berbagai tenant kuliner lezat.",Taman Hiburan,Taman Rekreasi,Lanny Jaya Tiom,200000,4.3,150.0,"{'lat': -3.893838, 'lng': 138.519986}",-3.893838,138.519986,Papua Pegunungan,hiburan,200000.0,4.3,1,1,1,1,1,1,1.0,edukasi|fotografi|rekreasi_keluarga
1793,Taman Kota Tiom Lanny Jaya,"Taman Kota Tiom Lanny Jaya di Pegunungan Bintang Oksibil, Papua Pegunungan. Kawasan rekreasi bertema dengan wahana pemacu adrenalin, kolam renang bergelombang, serta taman bermain anak yang aman. Dilengkapi staf pengawas keselamatan dan berbagai tenant kuliner lezat.",Taman Hiburan,Taman Rekreasi,Pegunungan Bintang Oksibil,200000,4.5,120.0,"{'lat': -4.888488, 'lng': 140.605756}",-4.888488,140.605756,Papua Pegunungan,hiburan,200000.0,4.5,1,1,1,1,1,1,1.0,edukasi|fotografi|rekreasi_keluarga
1794,Pasar Jibama Wamena Pusat Kopi Arabika Wamena Terbaik Dunia,"Pasar Jibama Wamena Pusat Kopi Arabika Wamena Terbaik Dunia di Yahukimo Dekai, Papua Pegunungan. Sentra kuliner dan suvenir ikonik yang menyediakan aneka buah tangan khas Nusantara berkualitas tinggi. Dilengkapi area parkir kendaraan wisata, gerai anjungan tunai mandiri (ATM), dan mushola.",Pusat Perbelanjaan,Pasar Tradisional,Yahukimo Dekai,0,4.3,120.0,"{'lat': -4.826005, 'lng': 139.499616}",-4.826005,139.499616,Papua Pegunungan,belanja,0.0,4.3,1,1,1,0,1,0,0.6667,belanja|budaya|kuliner
1795,Pasar Nayak Wamena Souvenir Noken Anggrek Emas Koteka & Tombak Kayu,"Pasar Nayak Wamena Souvenir Noken Anggrek Emas Koteka & Tombak Kayu di Yalimo Elelim, Papua Pegunungan. Pusat perbelanjaan dan pasar tradisional khas daerah yang menjual aneka kerajinan tangan, kain tenun atau batik, serta camilan oleh-oleh lokal. Tempat bertemunya tawar-menawar yang hangat dengan harga terjangkau.",Pusat Perbelanjaan,Pasar Tradisional,Yalimo Elelim,0,4.3,60.0,"{'lat': -3.723981, 'lng': 139.403357}",-3.723981,139.403357,Papua Pegunungan,belanja,0.0,4.3,1,1,1,0,1,0,0.6667,belanja|budaya|kuliner
1796,Sentra Kopi Arabika Organik Lembah Baliem Wamena,"Sentra Kopi Arabika Organik Lembah Baliem Wamena di Tolikara Karubaga, Papua Pegunungan. Sentra kuliner dan suvenir ikonik yang menyediakan aneka buah tangan khas Nusantara berkualitas tinggi. Dilengkapi area parkir kendaraan wisata, gerai anjungan tunai mandiri (ATM), dan mushola.",Pusat Perbelanjaan,Sentra Kerajinan,Tolikara Karubaga,0,4.3,60.0,"{'lat': -3.623433, 'lng': 138.676213}",-3.623433,138.676213,Papua Pegunungan,belanja,0.0,4.3,1,1,1,1,1,0,0.8333,belanja|budaya|kuliner
1797,Sentra Kerajinan Noken Serat Kayu Gaharu Wamena,"Sentra Kerajinan Noken Serat Kayu Gaharu Wamena di Tolikara Karubaga, Papua Pegunungan. Kawasan pertokoan dan pasar seni yang menyajikan ragam cinderamata unik karya perajin lokal dari berbagai penjuru daerah. Selalu ramai dikunjungi wisatawan yang ingin membawa kenang-kenangan autentik.",Pusat Perbelanjaan,Sentra Kerajinan,Tolikara Karubaga,0,4.2,120.0,"{'lat': -3.56441, 'lng': 138.662927}",-3.56441,138.662927,Papua Pegunungan,belanja,0.0,4.2,1,1,1,0,1,0,0.6667,belanja|budaya|kuliner
1798,Gereja Katedral Kristus Penebus Wamena,"Gereja Katedral Kristus Penebus Wamena di Mamberamo Tengah Kobakma, Papua Pegunungan. Tempat ibadah cagar budaya dengan ornamen seni pahat antik dan sejarah pendirian yang menginspirasi. Terbuka bagi pengunjung yang ingin berdoa maupun mengagumi keindahan karya arsitektur Nusantara.",Tempat Ibadah,Gereja,Mamberamo Tengah Kobakma,0,4.9,90.0,"{'lat': -3.673324, 'lng': 139.094282}",-3.673324,139.094282,Papua Pegunungan,religi,0.0,4.9,1,1,1,1,1,1,1.0,budaya|religi|sejarah
1799,Gereja Salib Suci Jiwika,"Gereja Salib Suci Jiwika di Lanny Jaya Tiom, Papua Pegunungan. Ikon wisata religi yang terkenal dengan kedamaian suasananya, toleransi antarwarga, serta kubah atau menara yang menjulang indah. Menjadi tempat ziarah sekaligus edukasi spiritual bagi masyarakat luas.",Tempat Ibadah,Gereja,Lanny Jaya Tiom,0,4.7,45.0,"{'lat': -3.861839, 'lng': 138.5}",-3.861839,138.5,Papua Pegunungan,religi,0.0,4.7,1,1,1,1,1,1,1.0,budaya|religi|sejarah
1800,Masjid Baiturrahman Wamena Simbol Kerukunan Dataran Tinggi,"Masjid Baiturrahman Wamena Simbol Kerukunan Dataran Tinggi di Yalimo Elelim, Papua Pegunungan. Tempat ibadah cagar budaya dengan ornamen seni pahat antik dan sejarah pendirian yang menginspirasi. Terbuka bagi pengunjung yang ingin berdoa maupun mengagumi keindahan karya arsitektur Nusantara.",Tempat Ibadah,Masjid,Yalimo Elelim,0,4.3,60.0,"{'lat': -3.7593, 'lng': 139.403121}",-3.7593,139.403121,Papua Pegunungan,religi,0.0,4.3,1,1,1,1,1,1,1.0,budaya|religi|sejarah
1801,Pantai Lampu Satu Merauke Mercusuar Bersejarah Pasir Landai Surut Berkilo-kilometer,"Pantai Lampu Satu Merauke Mercusuar Bersejarah Pasir Landai Surut Berkilo-kilometer di Asmat Agats, Papua Selatan. Pantai eksotis dengan air laut jernih dan deretan pohon kelapa yang rindang. Menjadi lokasi favorit wisatawan untuk bersantai, bermain air bersama keluarga, berswafoto, serta menikmati kelapa muda segar di tepi pantai.",Pantai,Pantai,Asmat Agats,5000,4.8,120.0,"{'lat': -5.49737, 'lng': 138.148088}",-5.49737,138.148088,Papua Selatan,bahari,5000.0,4.8,1,1,1,1,1,0,0.8333,berenang|fotografi|kuliner|pantai|rekreasi_keluarga
1802,Pantai Onggaya Merauke Pasir Merah Eksotis Sunset Samudera Arafura,"Pantai Onggaya Merauke Pasir Merah Eksotis Sunset Samudera Arafura di Asmat Agats, Papua Selatan. Pantai eksotis dengan air laut jernih dan deretan pohon kelapa yang rindang. Menjadi lokasi favorit wisatawan untuk bersantai, bermain air bersama keluarga, berswafoto, serta menikmati kelapa muda segar di tepi pantai.",Pantai,Pantai,Asmat Agats,10000,4.3,240.0,"{'lat': -5.553127, 'lng': 138.100664}",-5.553127,138.100664,Papua Selatan,bahari,10000.0,4.3,1,1,1,1,1,0,0.8333,berenang|fotografi|kuliner|pantai|rekreasi_keluarga
1803,Pantai Payum Merauke Tepi Kampus Musamus Hutan Kelapa,"Pantai Payum Merauke Tepi Kampus Musamus Hutan Kelapa di Asmat Agats, Papua Selatan. Kawasan pantai dengan keindahan garis pantai memanjang, batuan karang yang menawan, serta angin sepoi-sepoi yang menyegarkan. Sangat cocok untuk aktivitas rekreasi, jalan santai di tepi air, dan piknik sore hari.",Pantai,Pantai,Asmat Agats,15000,4.9,150.0,"{'lat': -5.49458, 'lng': 138.096047}",-5.49458,138.096047,Papua Selatan,bahari,15000.0,4.9,1,1,1,1,0,0,0.6667,berenang|fotografi|kuliner|pantai|rekreasi_keluarga
1804,Pantai Buti Merauke Pusat Kuliner Ikan Bakar Pesisir,"Pantai Buti Merauke Pusat Kuliner Ikan Bakar Pesisir di Asmat Agats, Papua Selatan. Kawasan pantai dengan keindahan garis pantai memanjang, batuan karang yang menawan, serta angin sepoi-sepoi yang menyegarkan. Sangat cocok untuk aktivitas rekreasi, jalan santai di tepi air, dan piknik sore hari.",Pantai,Pantai,Asmat Agats,5000,4.9,120.0,"{'lat': -5.563029, 'lng': 138.162317}",-5.563029,138.162317,Papua Selatan,bahari,5000.0,4.9,1,1,1,1,0,0,0.6667,berenang|fotografi|kuliner|pantai|rekreasi_keluarga
1805,Pantai Imbuti Titik Temu Matahari Terbenam Ujung Timur,"Pantai Imbuti Titik Temu Matahari Terbenam Ujung Timur di Mappi Kepi, Papua Selatan. Kawasan pantai dengan keindahan garis pantai memanjang, batuan karang yang menawan, serta angin sepoi-sepoi yang menyegarkan. Sangat cocok untuk aktivitas rekreasi, jalan santai di tepi air, dan piknik sore hari.",Pantai,Pantai,Mappi Kepi,25000,4.2,180.0,"{'lat': -6.494796, 'lng': 139.324105}",-6.494796,139.324105,Papua Selatan,bahari,25000.0,4.2,1,1,1,1,0,1,0.8333,berenang|fotografi|kuliner|pantai|rekreasi_keluarga
1806,Pantai Kimaam Pulau Yos Sudarso Muara Rawa,"Pantai Kimaam Pulau Yos Sudarso Muara Rawa di Asmat Agats, Papua Selatan. Kawasan pantai dengan keindahan garis pantai memanjang, batuan karang yang menawan, serta angin sepoi-sepoi yang menyegarkan. Sangat cocok untuk aktivitas rekreasi, jalan santai di tepi air, dan piknik sore hari.",Pantai,Pantai,Asmat Agats,10000,4.2,180.0,"{'lat': -5.559387, 'lng': 138.129438}",-5.559387,138.129438,Papua Selatan,bahari,10000.0,4.2,1,1,1,1,0,0,0.6667,berenang|fotografi|kuliner|pantai|rekreasi_keluarga
1807,Pantai Nasem Merauke Pantai Pasir Cokelat Asri,"Pantai Nasem Merauke Pantai Pasir Cokelat Asri di Merauke, Papua Selatan. Destinasi wisata pesisir dengan hamparan pasir bersih, deburan ombak yang menenangkan, serta panorama matahari terbenam yang memukau. Dilengkapi fasilitas warung makan seafood lokal, area parkir, toilet umum, dan persewaan payung pantai.",Pantai,Pantai,Merauke,10000,4.9,240.0,"{'lat': -8.526816, 'lng': 140.43169}",-8.526816,140.43169,Papua Selatan,bahari,10000.0,4.9,1,1,1,1,0,1,0.8333,berenang|fotografi|kuliner|pantai|rekreasi_keluarga
1808,Pantai Habe Pulau Karang Terluar Merauke,"Pantai Habe Pulau Karang Terluar Merauke di Asmat Agats, Papua Selatan. Destinasi wisata pesisir dengan hamparan pasir bersih, deburan ombak yang menenangkan, serta panorama matahari terbenam yang memukau. Dilengkapi fasilitas warung makan seafood lokal, area parkir, toilet umum, dan persewaan payung pantai.",Pantai,Pantai,Asmat Agats,20000,4.2,180.0,"{'lat': -5.508756, 'lng': 138.165733}",-5.508756,138.165733,Papua Selatan,bahari,20000.0,4.2,1,1,1,1,0,1,0.8333,bahari|berenang|fotografi|kuliner|pantai|rekreasi_keluarga|snorkeling
1809,Pantai Wapeko Merauke Hutan Mangrove,"Pantai Wapeko Merauke Hutan Mangrove di Merauke, Papua Selatan. Destinasi wisata pesisir dengan hamparan pasir bersih, deburan ombak yang menenangkan, serta panorama matahari terbenam yang memukau. Dilengkapi fasilitas warung makan seafood lokal, area parkir, toilet umum, dan persewaan payung pantai.",Pantai,Pantai,Merauke,30000,4.9,120.0,"{'lat': -8.492514, 'lng': 140.404168}",-8.492514,140.404168,Papua Selatan,bahari,30000.0,4.9,1,1,1,1,0,0,0.6667,berenang|fotografi|kuliner|pantai|rekreasi_keluarga
1810,Pantai Kumbe Merauke Muara Sungai Kumbe,"Pantai Kumbe Merauke Muara Sungai Kumbe di Merauke, Papua Selatan. Pantai eksotis dengan air laut jernih dan deretan pohon kelapa yang rindang. Menjadi lokasi favorit wisatawan untuk bersantai, bermain air bersama keluarga, berswafoto, serta menikmati kelapa muda segar di tepi pantai.",Pantai,Pantai,Merauke,5000,4.9,240.0,"{'lat': -8.460896, 'lng': 140.413116}",-8.460896,140.413116,Papua Selatan,bahari,5000.0,4.9,1,1,1,1,1,0,0.8333,alam|berenang|fotografi|kuliner|pantai|rekreasi_keluarga
1811,Pantai Samkai Merauke Tepi Kota,"Pantai Samkai Merauke Tepi Kota di Boven Digoel Tanah Merah, Papua Selatan. Pantai eksotis dengan air laut jernih dan deretan pohon kelapa yang rindang. Menjadi lokasi favorit wisatawan untuk bersantai, bermain air bersama keluarga, berswafoto, serta menikmati kelapa muda segar di tepi pantai.",Pantai,Pantai,Boven Digoel Tanah Merah,15000,4.3,240.0,"{'lat': -6.083327, 'lng': 140.331815}",-6.083327,140.331815,Papua Selatan,bahari,15000.0,4.3,1,1,1,1,0,0,0.6667,berenang|fotografi|kuliner|pantai|rekreasi_keluarga
1812,Pantai Urumb Merauke,"Pantai Urumb Merauke di Asmat Agats, Papua Selatan. Pantai eksotis dengan air laut jernih dan deretan pohon kelapa yang rindang. Menjadi lokasi favorit wisatawan untuk bersantai, bermain air bersama keluarga, berswafoto, serta menikmati kelapa muda segar di tepi pantai.",Pantai,Pantai,Asmat Agats,5000,4.6,180.0,"{'lat': -5.517136, 'lng': 138.098655}",-5.517136,138.098655,Papua Selatan,bahari,5000.0,4.6,1,1,1,1,0,1,0.8333,berenang|fotografi|kuliner|pantai|rekreasi_keluarga
1813,Pantai Matara Merauke,"Pantai Matara Merauke di Boven Digoel Tanah Merah, Papua Selatan. Destinasi wisata pesisir dengan hamparan pasir bersih, deburan ombak yang menenangkan, serta panorama matahari terbenam yang memukau. Dilengkapi fasilitas warung makan seafood lokal, area parkir, toilet umum, dan persewaan payung pantai.",Pantai,Pantai,Boven Digoel Tanah Merah,5000,4.2,150.0,"{'lat': -6.067471, 'lng': 140.330043}",-6.067471,140.330043,Papua Selatan,bahari,5000.0,4.2,1,1,1,1,0,1,0.8333,berenang|fotografi|kuliner|pantai|rekreasi_keluarga
1814,Pantai Kepi Mappi Rawa Tepi Pesisir,"Pantai Kepi Mappi Rawa Tepi Pesisir di Merauke, Papua Selatan. Destinasi wisata pesisir dengan hamparan pasir bersih, deburan ombak yang menenangkan, serta panorama matahari terbenam yang memukau. Dilengkapi fasilitas warung makan seafood lokal, area parkir, toilet umum, dan persewaan payung pantai.",Pantai,Pantai,Merauke,15000,4.6,240.0,"{'lat': -8.503512, 'lng': 140.444422}",-8.503512,140.444422,Papua Selatan,bahari,15000.0,4.6,1,1,1,1,1,1,1.0,berenang|fotografi|kuliner|pantai|rekreasi_keluarga
1815,Puncak Bukit Musamus Sarang Semut Raksasa Rumah Rayap 4-5 Meter Ikonik Dunia,"Puncak Bukit Musamus Sarang Semut Raksasa Rumah Rayap 4-5 Meter Ikonik Dunia di Merauke, Papua Selatan. Destinasi wisata pegunungan berhawa sejuk dengan jalur pendakian yang menantang dan panorama lautan awan yang spektakuler saat fajar. Tersedia pos peristirahatan, warung logistik pendaki, area perkemahan, dan pemandu lokal.",Gunung,Perbukitan,Merauke,10000,4.5,240.0,"{'lat': -8.49263, 'lng': 140.373968}",-8.49263,140.373968,Papua Selatan,alam,10000.0,4.5,1,1,1,0,1,0,0.6667,camping|fotografi|gunung|hiking
1816,Puncak Bukit Tanah Merah Boven Digoel Tempat Pengasingan Pejuang Kemerdekaan,"Puncak Bukit Tanah Merah Boven Digoel Tempat Pengasingan Pejuang Kemerdekaan di Boven Digoel Tanah Merah, Papua Selatan. Kawasan dataran tinggi dan lereng gunung yang asri dengan pemandangan perbukitan hijau dan kawah eksotis. Sangat ideal untuk petualangan alam terbuka, hiking santai, perkemahan keluarga, dan melepas penat.",Gunung,Perbukitan,Boven Digoel Tanah Merah,10000,4.3,300.0,"{'lat': -6.110251, 'lng': 140.300816}",-6.110251,140.300816,Papua Selatan,alam,10000.0,4.3,1,1,1,1,0,1,0.8333,camping|fotografi|gunung|hiking
1817,Bukit Salib Kepi Mappi Panorama Danau Rawa,"Bukit Salib Kepi Mappi Panorama Danau Rawa di Merauke, Papua Selatan. Kawasan dataran tinggi dan lereng gunung yang asri dengan pemandangan perbukitan hijau dan kawah eksotis. Sangat ideal untuk petualangan alam terbuka, hiking santai, perkemahan keluarga, dan melepas penat.",Gunung,Perbukitan,Merauke,25000,4.5,240.0,"{'lat': -8.513638, 'lng': 140.384194}",-8.513638,140.384194,Papua Selatan,alam,25000.0,4.5,1,1,1,1,0,0,0.6667,alam|camping|fotografi|gunung|hiking
1818,Puncak Bukit Bupul Merauke Pemandangan Sabana,"Puncak Bukit Bupul Merauke Pemandangan Sabana di Merauke, Papua Selatan. Kawasan dataran tinggi dan lereng gunung yang asri dengan pemandangan perbukitan hijau dan kawah eksotis. Sangat ideal untuk petualangan alam terbuka, hiking santai, perkemahan keluarga, dan melepas penat.",Gunung,Perbukitan,Merauke,35000,4.3,240.0,"{'lat': -8.508171, 'lng': 140.415372}",-8.508171,140.415372,Papua Selatan,alam,35000.0,4.3,1,1,1,0,0,1,0.6667,camping|fotografi|gunung|hiking
1819,Bukit Mindiptana Boven Digoel Hutan Belantara,"Bukit Mindiptana Boven Digoel Hutan Belantara di Boven Digoel Tanah Merah, Papua Selatan. Kawasan dataran tinggi dan lereng gunung yang asri dengan pemandangan perbukitan hijau dan kawah eksotis. Sangat ideal untuk petualangan alam terbuka, hiking santai, perkemahan keluarga, dan melepas penat.",Gunung,Perbukitan,Boven Digoel Tanah Merah,10000,4.4,240.0,"{'lat': -6.13456, 'lng': 140.301071}",-6.13456,140.301071,Papua Selatan,alam,10000.0,4.4,1,1,1,1,1,0,0.8333,camping|fotografi|gunung|hiking
1820,Puncak Kimaam Perbukitan Karang Rawa,"Puncak Kimaam Perbukitan Karang Rawa di Boven Digoel Tanah Merah, Papua Selatan. Puncak bukit dan pegunungan dengan pemandangan lanskap hijau membentang sejauh mata memandang. Menawarkan pengalaman menikmati golden sunrise, udara bersih bebas polusi, dan spot foto alam yang memesona.",Gunung,Perbukitan,Boven Digoel Tanah Merah,10000,4.8,180.0,"{'lat': -6.121973, 'lng': 140.280997}",-6.121973,140.280997,Papua Selatan,alam,10000.0,4.8,1,1,1,1,0,1,0.8333,bahari|camping|fotografi|gunung|hiking|snorkeling
1821,Bukit Asmat Agats Jembatan Kayu di Atas Rawa,"Bukit Asmat Agats Jembatan Kayu di Atas Rawa di Mappi Kepi, Papua Selatan. Puncak bukit dan pegunungan dengan pemandangan lanskap hijau membentang sejauh mata memandang. Menawarkan pengalaman menikmati golden sunrise, udara bersih bebas polusi, dan spot foto alam yang memesona.",Gunung,Perbukitan,Mappi Kepi,35000,4.5,240.0,"{'lat': -6.465538, 'lng': 139.291262}",-6.465538,139.291262,Papua Selatan,alam,35000.0,4.5,1,1,1,1,1,1,1.0,camping|fotografi|gunung|hiking
1822,Puncak Savana Kurik Merauke,"Puncak Savana Kurik Merauke di Mappi Kepi, Papua Selatan. Puncak bukit dan pegunungan dengan pemandangan lanskap hijau membentang sejauh mata memandang. Menawarkan pengalaman menikmati golden sunrise, udara bersih bebas polusi, dan spot foto alam yang memesona.",Gunung,Perbukitan,Mappi Kepi,15000,4.5,300.0,"{'lat': -6.488317, 'lng': 139.320434}",-6.488317,139.320434,Papua Selatan,alam,15000.0,4.5,1,1,1,1,0,0,0.6667,camping|fotografi|gunung|hiking
1823,Bukit Perbatasan Sota Titik 0 KM Merauke Sabang,"Bukit Perbatasan Sota Titik 0 KM Merauke Sabang di Asmat Agats, Papua Selatan. Puncak bukit dan pegunungan dengan pemandangan lanskap hijau membentang sejauh mata memandang. Menawarkan pengalaman menikmati golden sunrise, udara bersih bebas polusi, dan spot foto alam yang memesona.",Gunung,Perbukitan,Asmat Agats,15000,4.2,300.0,"{'lat': -5.567993, 'lng': 138.100087}",-5.567993,138.100087,Papua Selatan,alam,15000.0,4.2,1,1,1,0,0,1,0.6667,camping|fotografi|gunung|hiking
1824,Bukit Erambu Merauke Suaka Rusa,"Bukit Erambu Merauke Suaka Rusa di Merauke, Papua Selatan. Puncak bukit dan pegunungan dengan pemandangan lanskap hijau membentang sejauh mata memandang. Menawarkan pengalaman menikmati golden sunrise, udara bersih bebas polusi, dan spot foto alam yang memesona.",Gunung,Perbukitan,Merauke,35000,4.7,300.0,"{'lat': -8.465831, 'lng': 140.38898}",-8.465831,140.38898,Papua Selatan,alam,35000.0,4.7,1,1,1,1,0,1,0.8333,camping|fotografi|gunung|hiking
1825,Taman Nasional Wasur (Serengeti Papua) Padang Sabana Terluas Rusa Kanguru Kuskus & Sarang Semut Musamus,"Taman Nasional Wasur (Serengeti Papua) Padang Sabana Terluas Rusa Kanguru Kuskus & Sarang Semut Musamus di Asmat Agats, Papua Selatan. Wisata alam edukatif berbalut udara segar hutan tropis, aliran sungai yang jernih, serta air terjun bertingkat yang menyejukkan. Pilihan utama untuk riset keanekaragaman hayati dan ekowisata ramah lingkungan.",Cagar Alam,Taman Nasional,Asmat Agats,30000,4.4,180.0,"{'lat': -5.518224, 'lng': 138.14892}",-5.518224,138.14892,Papua Selatan,alam,30000.0,4.4,1,1,1,0,0,1,0.6667,edukasi|fotografi|hiking|rekreasi_keluarga
1826,Musamus Mahakarya Rayap Tanah Membangun Rumah Raksasa Keras Mirip Karang Ketinggian 5 Meter,"Musamus Mahakarya Rayap Tanah Membangun Rumah Raksasa Keras Mirip Karang Ketinggian 5 Meter di Merauke, Papua Selatan. Wisata alam edukatif berbalut udara segar hutan tropis, aliran sungai yang jernih, serta air terjun bertingkat yang menyejukkan. Pilihan utama untuk riset keanekaragaman hayati dan ekowisata ramah lingkungan.",Cagar Alam,Taman Nasional,Merauke,10000,4.6,150.0,"{'lat': -8.511807, 'lng': 140.40606}",-8.511807,140.40606,Papua Selatan,alam,10000.0,4.6,1,1,1,1,0,1,0.8333,bahari|edukasi|fotografi|hiking|rekreasi_keluarga|snorkeling
1827,Rawa Biru Danau Alami Sumber Air Bersih Merauke Habitat Flora Fauna Endemik,"Rawa Biru Danau Alami Sumber Air Bersih Merauke Habitat Flora Fauna Endemik di Boven Digoel Tanah Merah, Papua Selatan. Wisata alam edukatif berbalut udara segar hutan tropis, aliran sungai yang jernih, serta air terjun bertingkat yang menyejukkan. Pilihan utama untuk riset keanekaragaman hayati dan ekowisata ramah lingkungan.",Cagar Alam,Danau,Boven Digoel Tanah Merah,20000,4.5,120.0,"{'lat': -6.121773, 'lng': 140.334146}",-6.121773,140.334146,Papua Selatan,alam,20000.0,4.5,1,1,1,1,0,1,0.8333,alam|edukasi|fotografi|hiking|rekreasi_keluarga
1828,Sungai Digoel Sungai Bersejarah Perjuangan Bangsa Arus Megah Melintasi Hutan Belantara,"Sungai Digoel Sungai Bersejarah Perjuangan Bangsa Arus Megah Melintasi Hutan Belantara di Boven Digoel Tanah Merah, Papua Selatan. Objek wisata alam dengan formasi tebing batuan alami, gua karst purba, serta telaga yang jernih dan tenang. Suasana alam yang tenang memberikan kesegaran pikiran bagi pengunjung yang mencintai ketenangan alam.",Cagar Alam,Taman Nasional,Boven Digoel Tanah Merah,20000,4.6,180.0,"{'lat': -6.1132, 'lng': 140.314088}",-6.1132,140.314088,Papua Selatan,alam,20000.0,4.6,1,1,1,1,1,1,1.0,alam|edukasi|fotografi|hiking|rekreasi_keluarga
1829,Cagar Alam Danau Rawa Bawah Asmat Habitat Burung Air Kasuari Buaya Muara,"Cagar Alam Danau Rawa Bawah Asmat Habitat Burung Air Kasuari Buaya Muara di Merauke, Papua Selatan. Objek wisata alam dengan formasi tebing batuan alami, gua karst purba, serta telaga yang jernih dan tenang. Suasana alam yang tenang memberikan kesegaran pikiran bagi pengunjung yang mencintai ketenangan alam.",Cagar Alam,Danau,Merauke,20000,4.5,150.0,"{'lat': -8.467956, 'lng': 140.375842}",-8.467956,140.375842,Papua Selatan,alam,20000.0,4.5,1,1,1,1,0,1,0.8333,alam|edukasi|fotografi|hiking|rekreasi_keluarga
1830,Kolam Pemandian Wisata Alam Kali Kumbe,"Kolam Pemandian Wisata Alam Kali Kumbe di Asmat Agats, Papua Selatan. Objek wisata alam dengan formasi tebing batuan alami, gua karst purba, serta telaga yang jernih dan tenang. Suasana alam yang tenang memberikan kesegaran pikiran bagi pengunjung yang mencintai ketenangan alam.",Cagar Alam,Taman Nasional,Asmat Agats,15000,4.3,150.0,"{'lat': -5.509458, 'lng': 138.13984}",-5.509458,138.13984,Papua Selatan,alam,15000.0,4.3,1,1,1,0,0,1,0.6667,edukasi|fotografi|hiking|rekreasi_keluarga
1831,Sungai Maro Merauke Susur Sungai Pesona Pelabuhan,"Sungai Maro Merauke Susur Sungai Pesona Pelabuhan di Asmat Agats, Papua Selatan. Wisata alam edukatif berbalut udara segar hutan tropis, aliran sungai yang jernih, serta air terjun bertingkat yang menyejukkan. Pilihan utama untuk riset keanekaragaman hayati dan ekowisata ramah lingkungan.",Cagar Alam,Taman Nasional,Asmat Agats,25000,4.7,120.0,"{'lat': -5.522624, 'lng': 138.12029}",-5.522624,138.12029,Papua Selatan,alam,25000.0,4.7,1,1,1,1,0,1,0.8333,alam|edukasi|fotografi|hiking|rekreasi_keluarga
1832,Rawa Hutan Nipah Asmat Hutan Bakau Tertua,"Rawa Hutan Nipah Asmat Hutan Bakau Tertua di Merauke, Papua Selatan. Wisata alam edukatif berbalut udara segar hutan tropis, aliran sungai yang jernih, serta air terjun bertingkat yang menyejukkan. Pilihan utama untuk riset keanekaragaman hayati dan ekowisata ramah lingkungan.",Cagar Alam,Taman Nasional,Merauke,15000,4.6,90.0,"{'lat': -8.493745, 'lng': 140.407693}",-8.493745,140.407693,Papua Selatan,alam,15000.0,4.6,1,1,1,0,0,1,0.6667,edukasi|fotografi|hiking|rekreasi_keluarga
1833,Kawasan Seni Budaya Ukir Kayu Suku Asmat Warisan Mahakarya Kemanusiaan UNESCO Terbaik Dunia,"Kawasan Seni Budaya Ukir Kayu Suku Asmat Warisan Mahakarya Kemanusiaan UNESCO Terbaik Dunia di Asmat Agats, Papua Selatan. Destinasi wisata sejarah dan kearifan lokal yang memperlihatkan warisan peradaban masa lampau melalui koleksi artefak berharga. Tempat ideal untuk belajar mengenai perjuangan bangsa dan filosofi adat masyarakat.",Budaya,Situs Sejarah,Asmat Agats,5000,4.5,90.0,"{'lat': -5.529245, 'lng': 138.124746}",-5.529245,138.124746,Papua Selatan,budaya,5000.0,4.5,1,1,1,1,0,1,0.8333,budaya|edukasi|fotografi|sejarah
1834,Monumen Kapsul Waktu Merauke Markas Impian Generasi Penerus Bangsa Bentuk Markas Avengers,"Monumen Kapsul Waktu Merauke Markas Impian Generasi Penerus Bangsa Bentuk Markas Avengers di Mappi Kepi, Papua Selatan. Destinasi wisata sejarah dan kearifan lokal yang memperlihatkan warisan peradaban masa lampau melalui koleksi artefak berharga. Tempat ideal untuk belajar mengenai perjuangan bangsa dan filosofi adat masyarakat.",Budaya,Situs Sejarah,Mappi Kepi,10000,4.6,60.0,"{'lat': -6.517833, 'lng': 139.305396}",-6.517833,139.305396,Papua Selatan,budaya,10000.0,4.6,1,1,1,1,0,1,0.8333,budaya|edukasi|fotografi|sejarah
1835,Tugu Nol Kilometer Merauke Titik Paling Timur Wilayah Kedaulatan Republik Indonesia Sabang-Merauke,"Tugu Nol Kilometer Merauke Titik Paling Timur Wilayah Kedaulatan Republik Indonesia Sabang-Merauke di Merauke, Papua Selatan. Destinasi wisata sejarah dan kearifan lokal yang memperlihatkan warisan peradaban masa lampau melalui koleksi artefak berharga. Tempat ideal untuk belajar mengenai perjuangan bangsa dan filosofi adat masyarakat.",Budaya,Situs Sejarah,Merauke,10000,4.4,60.0,"{'lat': -8.504226, 'lng': 140.389751}",-8.504226,140.389751,Papua Selatan,budaya,10000.0,4.4,1,1,1,1,0,1,0.8333,budaya|edukasi|fotografi|sejarah
1836,Situs Penjara Pengasingan Kolonial Boven Digoel Tempat Bung Hatta & Sutan Sjahrir Dibuang Belanda,"Situs Penjara Pengasingan Kolonial Boven Digoel Tempat Bung Hatta & Sutan Sjahrir Dibuang Belanda di Merauke, Papua Selatan. Situs cagar budaya bersejarah yang sarat dengan nilai tradisi leluhur, arsitektur arca dan bangunan tradisional yang otentik. Dilengkapi pemandu wisata budaya, museum informasi sejarah, dan pertunjukan seni berkala.",Budaya,Situs Sejarah,Merauke,25000,4.6,60.0,"{'lat': -8.533578, 'lng': 140.373297}",-8.533578,140.373297,Papua Selatan,budaya,25000.0,4.6,1,1,1,1,0,1,0.8333,budaya|edukasi|fotografi|sejarah
1837,Kota Agats Kota Unik di Atas Papan Seluruh Jalan & Rumah Bertiang Kayu di Atas Rawa Tanpa Tanah,"Kota Agats Kota Unik di Atas Papan Seluruh Jalan & Rumah Bertiang Kayu di Atas Rawa Tanpa Tanah di Asmat Agats, Papua Selatan. Kompleks bangunan bersejarah dan desa adat yang mempertahankan adat istiadat turun-temurun dengan ramah. Wisatawan dapat menyaksikan kerajinan tangan tradisional dan berinteraksi langsung dengan warga setempat.",Budaya,Situs Sejarah,Asmat Agats,5000,4.3,90.0,"{'lat': -5.501995, 'lng': 138.138625}",-5.501995,138.138625,Papua Selatan,budaya,5000.0,4.3,1,1,1,0,0,1,0.6667,budaya|edukasi|fotografi|sejarah
1838,Museum Kebudayaan dan Kemajuan Asmat Agats Koleksi Ukiran Perisai & Patung Bisj Kuno Sakral,"Museum Kebudayaan dan Kemajuan Asmat Agats Koleksi Ukiran Perisai & Patung Bisj Kuno Sakral di Merauke, Papua Selatan. Situs cagar budaya bersejarah yang sarat dengan nilai tradisi leluhur, arsitektur arca dan bangunan tradisional yang otentik. Dilengkapi pemandu wisata budaya, museum informasi sejarah, dan pertunjukan seni berkala.",Budaya,Museum,Merauke,15000,4.7,60.0,"{'lat': -8.521565, 'lng': 140.412993}",-8.521565,140.412993,Papua Selatan,budaya,15000.0,4.7,1,1,0,1,1,1,0.8333,budaya|edukasi|fotografi|sejarah
1839,Rumah Bujang Suku Asmat (Jew) Tempat Sakral Leluhur Berkumpul Menyelesaikan Konflik,"Rumah Bujang Suku Asmat (Jew) Tempat Sakral Leluhur Berkumpul Menyelesaikan Konflik di Boven Digoel Tanah Merah, Papua Selatan. Kompleks bangunan bersejarah dan desa adat yang mempertahankan adat istiadat turun-temurun dengan ramah. Wisatawan dapat menyaksikan kerajinan tangan tradisional dan berinteraksi langsung dengan warga setempat.",Budaya,Situs Sejarah,Boven Digoel Tanah Merah,20000,4.5,120.0,"{'lat': -6.126253, 'lng': 140.337312}",-6.126253,140.337312,Papua Selatan,budaya,20000.0,4.5,1,1,0,0,0,1,0.5,budaya|edukasi|fotografi|sejarah
1840,Taman Mandala Merauke Jantung Rekreasi Kota,"Taman Mandala Merauke Jantung Rekreasi Kota di Asmat Agats, Papua Selatan. Taman rekreasi modern keluarga yang menghadirkan beragam wahana permainan seru, atraksi air, serta pertunjukan tematik interaktif. Memiliki fasilitas lengkap seperti food court, musala yang nyaman, toilet bersih, dan area parkir luas.",Taman Hiburan,Taman Rekreasi,Asmat Agats,100000,4.3,120.0,"{'lat': -5.524169, 'lng': 138.171227}",-5.524169,138.171227,Papua Selatan,hiburan,100000.0,4.3,1,1,1,1,1,1,1.0,edukasi|fotografi|rekreasi_keluarga
1841,Taman Bunga Spadem Merauke,"Taman Bunga Spadem Merauke di Asmat Agats, Papua Selatan. Taman rekreasi modern keluarga yang menghadirkan beragam wahana permainan seru, atraksi air, serta pertunjukan tematik interaktif. Memiliki fasilitas lengkap seperti food court, musala yang nyaman, toilet bersih, dan area parkir luas.",Taman Hiburan,Taman Rekreasi,Asmat Agats,100000,4.4,150.0,"{'lat': -5.505669, 'lng': 138.110978}",-5.505669,138.110978,Papua Selatan,hiburan,100000.0,4.4,1,1,1,1,1,1,1.0,edukasi|fotografi|rekreasi_keluarga
1842,Taman Libra (Lingkaran Brawijaya) Merauke Ikon Rusa,"Taman Libra (Lingkaran Brawijaya) Merauke Ikon Rusa di Boven Digoel Tanah Merah, Papua Selatan. Kawasan rekreasi bertema dengan wahana pemacu adrenalin, kolam renang bergelombang, serta taman bermain anak yang aman. Dilengkapi staf pengawas keselamatan dan berbagai tenant kuliner lezat.",Taman Hiburan,Taman Rekreasi,Boven Digoel Tanah Merah,200000,4.6,240.0,"{'lat': -6.117642, 'lng': 140.260253}",-6.117642,140.260253,Papua Selatan,hiburan,200000.0,4.6,1,1,1,1,1,1,1.0,edukasi|fotografi|rekreasi_keluarga
1843,Waterpark Kepi Mappi Rekreasi Keluarga,"Waterpark Kepi Mappi Rekreasi Keluarga di Boven Digoel Tanah Merah, Papua Selatan. Taman rekreasi modern keluarga yang menghadirkan beragam wahana permainan seru, atraksi air, serta pertunjukan tematik interaktif. Memiliki fasilitas lengkap seperti food court, musala yang nyaman, toilet bersih, dan area parkir luas.",Taman Hiburan,Waterpark,Boven Digoel Tanah Merah,100000,4.5,150.0,"{'lat': -6.071128, 'lng': 140.327967}",-6.071128,140.327967,Papua Selatan,hiburan,100000.0,4.5,1,1,1,1,1,1,1.0,edukasi|fotografi|rekreasi_keluarga
1844,Pasar Wamanggu Merauke Pusat Oleh-Oleh Dendeng & Abon Rusa Asli,"Pasar Wamanggu Merauke Pusat Oleh-Oleh Dendeng & Abon Rusa Asli di Asmat Agats, Papua Selatan. Pusat perbelanjaan dan pasar tradisional khas daerah yang menjual aneka kerajinan tangan, kain tenun atau batik, serta camilan oleh-oleh lokal. Tempat bertemunya tawar-menawar yang hangat dengan harga terjangkau.",Pusat Perbelanjaan,Pasar Tradisional,Asmat Agats,0,4.9,90.0,"{'lat': -5.505517, 'lng': 138.125983}",-5.505517,138.125983,Papua Selatan,belanja,0.0,4.9,1,1,1,1,1,0,0.8333,belanja|budaya|kuliner
1845,Sentra Minyak Kayu Putih Wasur Asli Merauke,"Sentra Minyak Kayu Putih Wasur Asli Merauke di Merauke, Papua Selatan. Kawasan pertokoan dan pasar seni yang menyajikan ragam cinderamata unik karya perajin lokal dari berbagai penjuru daerah. Selalu ramai dikunjungi wisatawan yang ingin membawa kenang-kenangan autentik.",Pusat Perbelanjaan,Sentra Kerajinan,Merauke,0,4.6,60.0,"{'lat': -8.489996, 'lng': 140.395113}",-8.489996,140.395113,Papua Selatan,belanja,0.0,4.6,1,1,1,1,1,1,1.0,belanja|budaya|kuliner
1846,Sentra Ukiran Kayu Besi Suku Asmat Asli Agats,"Sentra Ukiran Kayu Besi Suku Asmat Asli Agats di Asmat Agats, Papua Selatan. Kawasan pertokoan dan pasar seni yang menyajikan ragam cinderamata unik karya perajin lokal dari berbagai penjuru daerah. Selalu ramai dikunjungi wisatawan yang ingin membawa kenang-kenangan autentik.",Pusat Perbelanjaan,Sentra Kerajinan,Asmat Agats,0,4.9,120.0,"{'lat': -5.531385, 'lng': 138.119066}",-5.531385,138.119066,Papua Selatan,belanja,0.0,4.9,1,1,1,0,1,0,0.6667,belanja|budaya|kuliner
1847,Pusat Kerajinan Tas Noken Merauke,"Pusat Kerajinan Tas Noken Merauke di Merauke, Papua Selatan. Kawasan pertokoan dan pasar seni yang menyajikan ragam cinderamata unik karya perajin lokal dari berbagai penjuru daerah. Selalu ramai dikunjungi wisatawan yang ingin membawa kenang-kenangan autentik.",Pusat Perbelanjaan,Pasar Tradisional,Merauke,0,4.3,120.0,"{'lat': -8.522762, 'lng': 140.376261}",-8.522762,140.376261,Papua Selatan,belanja,0.0,4.3,1,1,1,1,1,0,0.8333,belanja|budaya|kuliner
1848,Gereja Katedral Santo Fransiskus Xaverius Merauke 1930 Peninggalan Misi Katolik,"Gereja Katedral Santo Fransiskus Xaverius Merauke 1930 Peninggalan Misi Katolik di Asmat Agats, Papua Selatan. Ikon wisata religi yang terkenal dengan kedamaian suasananya, toleransi antarwarga, serta kubah atau menara yang menjulang indah. Menjadi tempat ziarah sekaligus edukasi spiritual bagi masyarakat luas.",Tempat Ibadah,Gereja,Asmat Agats,0,4.7,60.0,"{'lat': -5.540979, 'lng': 138.110734}",-5.540979,138.110734,Papua Selatan,religi,0.0,4.7,1,1,0,1,1,0,0.6667,budaya|religi|sejarah
1849,Masjid Raya Baiturrahman Merauke,"Masjid Raya Baiturrahman Merauke di Boven Digoel Tanah Merah, Papua Selatan. Tempat ibadah cagar budaya dengan ornamen seni pahat antik dan sejarah pendirian yang menginspirasi. Terbuka bagi pengunjung yang ingin berdoa maupun mengagumi keindahan karya arsitektur Nusantara.",Tempat Ibadah,Masjid,Boven Digoel Tanah Merah,0,4.9,45.0,"{'lat': -6.121528, 'lng': 140.308035}",-6.121528,140.308035,Papua Selatan,religi,0.0,4.9,1,1,1,1,1,0,0.8333,budaya|religi|sejarah
1850,Gereja Katedral Salib Suci Agats Asmat Konstruksi Kayu Besi Unik,"Gereja Katedral Salib Suci Agats Asmat Konstruksi Kayu Besi Unik di Mappi Kepi, Papua Selatan. Tempat ibadah cagar budaya dengan ornamen seni pahat antik dan sejarah pendirian yang menginspirasi. Terbuka bagi pengunjung yang ingin berdoa maupun mengagumi keindahan karya arsitektur Nusantara.",Tempat Ibadah,Gereja,Mappi Kepi,0,4.2,60.0,"{'lat': -6.484194, 'lng': 139.29618}",-6.484194,139.29618,Papua Selatan,religi,0.0,4.2,1,1,1,1,1,0,0.8333,budaya|religi|sejarah
1851,Pantai Gauto Nabire Teluk Cenderawasih Hiu Paus Berenang Bebas,"Pantai Gauto Nabire Teluk Cenderawasih Hiu Paus Berenang Bebas di Deiyai Tigi, Papua Tengah. Pantai eksotis dengan air laut jernih dan deretan pohon kelapa yang rindang. Menjadi lokasi favorit wisatawan untuk bersantai, bermain air bersama keluarga, berswafoto, serta menikmati kelapa muda segar di tepi pantai.",Pantai,Pantai,Deiyai Tigi,20000,4.3,240.0,"{'lat': -4.017423, 'lng': 136.101234}",-4.017423,136.101234,Papua Tengah,bahari,20000.0,4.3,1,1,1,1,0,0,0.6667,berenang|fotografi|kuliner|pantai|rekreasi_keluarga
1852,Pantai Nabire Monumen Bahari Tepi Sunset Indah,"Pantai Nabire Monumen Bahari Tepi Sunset Indah di Intan Jaya Sugapa, Papua Tengah. Kawasan pantai dengan keindahan garis pantai memanjang, batuan karang yang menawan, serta angin sepoi-sepoi yang menyegarkan. Sangat cocok untuk aktivitas rekreasi, jalan santai di tepi air, dan piknik sore hari.",Pantai,Pantai,Intan Jaya Sugapa,10000,4.4,150.0,"{'lat': -3.717072, 'lng': 137.030789}",-3.717072,137.030789,Papua Tengah,bahari,10000.0,4.4,1,1,1,1,1,1,1.0,berenang|fotografi|kuliner|pantai|rekreasi_keluarga
1853,Pantai Pasir Putih Pulau Pepaya Nabire Terumbu Karang Eksotis,"Pantai Pasir Putih Pulau Pepaya Nabire Terumbu Karang Eksotis di Intan Jaya Sugapa, Papua Tengah. Destinasi wisata pesisir dengan hamparan pasir bersih, deburan ombak yang menenangkan, serta panorama matahari terbenam yang memukau. Dilengkapi fasilitas warung makan seafood lokal, area parkir, toilet umum, dan persewaan payung pantai.",Pantai,Pantai,Intan Jaya Sugapa,20000,4.7,120.0,"{'lat': -3.725189, 'lng': 137.077672}",-3.725189,137.077672,Papua Tengah,bahari,20000.0,4.7,1,1,1,1,0,1,0.8333,bahari|berenang|fotografi|kuliner|pantai|rekreasi_keluarga|snorkeling
1854,Pantai Pulau Rumberpon Teluk Cenderawasih Padang Lamun Dugong,"Pantai Pulau Rumberpon Teluk Cenderawasih Padang Lamun Dugong di Nabire, Papua Tengah. Kawasan pantai dengan keindahan garis pantai memanjang, batuan karang yang menawan, serta angin sepoi-sepoi yang menyegarkan. Sangat cocok untuk aktivitas rekreasi, jalan santai di tepi air, dan piknik sore hari.",Pantai,Pantai,Nabire,5000,4.6,120.0,"{'lat': -3.39931, 'lng': 135.515625}",-3.39931,135.515625,Papua Tengah,bahari,5000.0,4.6,1,1,1,1,1,0,0.8333,berenang|fotografi|kuliner|pantai|rekreasi_keluarga
1855,Pantai Ipaya Mimika Pasir Hitam Samudera Arafura,"Pantai Ipaya Mimika Pasir Hitam Samudera Arafura di Puncak Ilaga, Papua Tengah. Pantai eksotis dengan air laut jernih dan deretan pohon kelapa yang rindang. Menjadi lokasi favorit wisatawan untuk bersantai, bermain air bersama keluarga, berswafoto, serta menikmati kelapa muda segar di tepi pantai.",Pantai,Pantai,Puncak Ilaga,15000,4.4,150.0,"{'lat': -3.999848, 'lng': 137.62868}",-3.999848,137.62868,Papua Tengah,bahari,15000.0,4.4,1,1,1,1,0,1,0.8333,berenang|fotografi|kuliner|pantai|rekreasi_keluarga
1856,Pantai Atuka Mimika Pesisir Suku Kamoro Tradisi Perahu Lesung,"Pantai Atuka Mimika Pesisir Suku Kamoro Tradisi Perahu Lesung di Paniai Enarotali, Papua Tengah. Kawasan pantai dengan keindahan garis pantai memanjang, batuan karang yang menawan, serta angin sepoi-sepoi yang menyegarkan. Sangat cocok untuk aktivitas rekreasi, jalan santai di tepi air, dan piknik sore hari.",Pantai,Pantai,Paniai Enarotali,5000,4.4,180.0,"{'lat': -3.921455, 'lng': 136.300682}",-3.921455,136.300682,Papua Tengah,bahari,5000.0,4.4,1,1,1,1,0,0,0.6667,berenang|fotografi|kuliner|pantai|rekreasi_keluarga
1857,Pantai Kokonao Mimika Peninggalan Sejarah Kota Tua Misi,"Pantai Kokonao Mimika Peninggalan Sejarah Kota Tua Misi di Dogiyai Kigamani, Papua Tengah. Destinasi wisata pesisir dengan hamparan pasir bersih, deburan ombak yang menenangkan, serta panorama matahari terbenam yang memukau. Dilengkapi fasilitas warung makan seafood lokal, area parkir, toilet umum, dan persewaan payung pantai.",Pantai,Pantai,Dogiyai Kigamani,10000,4.3,120.0,"{'lat': -4.026566, 'lng': 135.911375}",-4.026566,135.911375,Papua Tengah,bahari,10000.0,4.3,1,1,1,1,0,1,0.8333,berenang|fotografi|kuliner|pantai|rekreasi_keluarga
1858,Pantai Karadiri Nabire Wisata Keluarga,"Pantai Karadiri Nabire Wisata Keluarga di Dogiyai Kigamani, Papua Tengah. Destinasi wisata pesisir dengan hamparan pasir bersih, deburan ombak yang menenangkan, serta panorama matahari terbenam yang memukau. Dilengkapi fasilitas warung makan seafood lokal, area parkir, toilet umum, dan persewaan payung pantai.",Pantai,Pantai,Dogiyai Kigamani,25000,4.7,150.0,"{'lat': -3.997284, 'lng': 135.972325}",-3.997284,135.972325,Papua Tengah,bahari,25000.0,4.7,1,1,1,1,0,0,0.6667,berenang|fotografi|kuliner|pantai|rekreasi_keluarga
1859,Pantai Ahe Nabire Pulau Tak Berpenghuni Surga Diving,"Pantai Ahe Nabire Pulau Tak Berpenghuni Surga Diving di Puncak Ilaga, Papua Tengah. Kawasan pantai dengan keindahan garis pantai memanjang, batuan karang yang menawan, serta angin sepoi-sepoi yang menyegarkan. Sangat cocok untuk aktivitas rekreasi, jalan santai di tepi air, dan piknik sore hari.",Pantai,Pantai,Puncak Ilaga,10000,4.6,120.0,"{'lat': -3.960347, 'lng': 137.586038}",-3.960347,137.586038,Papua Tengah,bahari,10000.0,4.6,1,1,1,1,0,0,0.6667,bahari|berenang|fotografi|kuliner|pantai|rekreasi_keluarga|snorkeling
1860,Pantai Monumen Hiu Paus Kwatisore Nabire,"Pantai Monumen Hiu Paus Kwatisore Nabire di Mimika Timika, Papua Tengah. Kawasan pantai dengan keindahan garis pantai memanjang, batuan karang yang menawan, serta angin sepoi-sepoi yang menyegarkan. Sangat cocok untuk aktivitas rekreasi, jalan santai di tepi air, dan piknik sore hari.",Pantai,Pantai,Mimika Timika,10000,4.4,150.0,"{'lat': -4.573604, 'lng': 136.851068}",-4.573604,136.851068,Papua Tengah,bahari,10000.0,4.4,1,1,1,1,1,1,1.0,berenang|fotografi|kuliner|pantai|rekreasi_keluarga
1861,Pantai Amamapare Mimika Pelabuhan Ekspor Konsentrat Tembaga Emas Freeport,"Pantai Amamapare Mimika Pelabuhan Ekspor Konsentrat Tembaga Emas Freeport di Puncak Jaya Kotamulia, Papua Tengah. Destinasi wisata pesisir dengan hamparan pasir bersih, deburan ombak yang menenangkan, serta panorama matahari terbenam yang memukau. Dilengkapi fasilitas warung makan seafood lokal, area parkir, toilet umum, dan persewaan payung pantai.",Pantai,Pantai,Puncak Jaya Kotamulia,10000,4.3,150.0,"{'lat': -3.717658, 'lng': 137.929663}",-3.717658,137.929663,Papua Tengah,bahari,10000.0,4.3,1,1,1,1,1,1,1.0,berenang|fotografi|kuliner|pantai|rekreasi_keluarga
1862,Pantai Otakwa Mimika Muara Hutan Rawa Bakau,"Pantai Otakwa Mimika Muara Hutan Rawa Bakau di Deiyai Tigi, Papua Tengah. Kawasan pantai dengan keindahan garis pantai memanjang, batuan karang yang menawan, serta angin sepoi-sepoi yang menyegarkan. Sangat cocok untuk aktivitas rekreasi, jalan santai di tepi air, dan piknik sore hari.",Pantai,Pantai,Deiyai Tigi,5000,4.6,240.0,"{'lat': -4.051334, 'lng': 136.073494}",-4.051334,136.073494,Papua Tengah,bahari,5000.0,4.6,1,1,1,1,1,1,1.0,berenang|fotografi|kuliner|pantai|rekreasi_keluarga
1863,Pantai Kali Kopi Timika Pesisir Danau Air Asin,"Pantai Kali Kopi Timika Pesisir Danau Air Asin di Paniai Enarotali, Papua Tengah. Kawasan pantai dengan keindahan garis pantai memanjang, batuan karang yang menawan, serta angin sepoi-sepoi yang menyegarkan. Sangat cocok untuk aktivitas rekreasi, jalan santai di tepi air, dan piknik sore hari.",Pantai,Pantai,Paniai Enarotali,20000,4.9,180.0,"{'lat': -3.908399, 'lng': 136.336618}",-3.908399,136.336618,Papua Tengah,bahari,20000.0,4.9,1,1,1,1,0,1,0.8333,alam|berenang|fotografi|kuliner|pantai|rekreasi_keluarga
1864,Pantai Puriri Mimika Pulau Karang Pasir,"Pantai Puriri Mimika Pulau Karang Pasir di Puncak Ilaga, Papua Tengah. Destinasi wisata pesisir dengan hamparan pasir bersih, deburan ombak yang menenangkan, serta panorama matahari terbenam yang memukau. Dilengkapi fasilitas warung makan seafood lokal, area parkir, toilet umum, dan persewaan payung pantai.",Pantai,Pantai,Puncak Ilaga,20000,4.4,240.0,"{'lat': -3.990884, 'lng': 137.580114}",-3.990884,137.580114,Papua Tengah,bahari,20000.0,4.4,1,1,1,1,1,0,0.8333,bahari|berenang|fotografi|kuliner|pantai|rekreasi_keluarga|snorkeling
1865,Puncak Jaya (Carstensz Pyramid 4.884 mdpl) Atap Tertinggi Indonesia & Oseania Salju Abadi Dunia (Seven Summits),"Puncak Jaya (Carstensz Pyramid 4.884 mdpl) Atap Tertinggi Indonesia & Oseania Salju Abadi Dunia (Seven Summits) di Intan Jaya Sugapa, Papua Tengah. Puncak bukit dan pegunungan dengan pemandangan lanskap hijau membentang sejauh mata memandang. Menawarkan pengalaman menikmati golden sunrise, udara bersih bebas polusi, dan spot foto alam yang memesona.",Gunung,Perbukitan,Intan Jaya Sugapa,20000,4.3,360.0,"{'lat': -3.742016, 'lng': 137.0394}",-3.742016,137.0394,Papua Tengah,alam,20000.0,4.3,1,1,1,0,0,0,0.5,camping|fotografi|gunung|hiking
1866,Puncak Sumantri & Puncak Ngga Pulu Salju Abadi Gletser Carstensz,"Puncak Sumantri & Puncak Ngga Pulu Salju Abadi Gletser Carstensz di Mimika Timika, Papua Tengah. Kawasan dataran tinggi dan lereng gunung yang asri dengan pemandangan perbukitan hijau dan kawah eksotis. Sangat ideal untuk petualangan alam terbuka, hiking santai, perkemahan keluarga, dan melepas penat.",Gunung,Perbukitan,Mimika Timika,25000,4.4,360.0,"{'lat': -4.568504, 'lng': 136.848483}",-4.568504,136.848483,Papua Tengah,alam,25000.0,4.4,1,1,1,1,1,1,1.0,camping|fotografi|gunung|hiking
1867,Grasberg Tambang Emas Terbuka Raksasa Tertinggi di Dunia Ketinggian 4.280 mdpl,"Grasberg Tambang Emas Terbuka Raksasa Tertinggi di Dunia Ketinggian 4.280 mdpl di Nabire, Papua Tengah. Puncak bukit dan pegunungan dengan pemandangan lanskap hijau membentang sejauh mata memandang. Menawarkan pengalaman menikmati golden sunrise, udara bersih bebas polusi, dan spot foto alam yang memesona.",Gunung,Perbukitan,Nabire,10000,4.5,360.0,"{'lat': -3.382542, 'lng': 135.479559}",-3.382542,135.479559,Papua Tengah,alam,10000.0,4.5,1,1,1,1,0,0,0.6667,camping|fotografi|gunung|hiking
1868,Puncak Kotamulia Puncak Jaya Kota Terdingin di Indonesia Ketinggian 2.400 mdpl,"Puncak Kotamulia Puncak Jaya Kota Terdingin di Indonesia Ketinggian 2.400 mdpl di Mimika Timika, Papua Tengah. Destinasi wisata pegunungan berhawa sejuk dengan jalur pendakian yang menantang dan panorama lautan awan yang spektakuler saat fajar. Tersedia pos peristirahatan, warung logistik pendaki, area perkemahan, dan pemandu lokal.",Gunung,Perbukitan,Mimika Timika,25000,4.2,240.0,"{'lat': -4.513809, 'lng': 136.884264}",-4.513809,136.884264,Papua Tengah,alam,25000.0,4.2,1,1,1,1,1,0,0.8333,camping|fotografi|gunung|hiking
1869,Puncak Cartenz View Tembagapura Kota Modern Awan Freeport,"Puncak Cartenz View Tembagapura Kota Modern Awan Freeport di Dogiyai Kigamani, Papua Tengah. Kawasan dataran tinggi dan lereng gunung yang asri dengan pemandangan perbukitan hijau dan kawah eksotis. Sangat ideal untuk petualangan alam terbuka, hiking santai, perkemahan keluarga, dan melepas penat.",Gunung,Perbukitan,Dogiyai Kigamani,25000,4.8,180.0,"{'lat': -4.03575, 'lng': 135.947207}",-4.03575,135.947207,Papua Tengah,alam,25000.0,4.8,1,1,1,0,1,1,0.8333,camping|fotografi|gunung|hiking
1870,Bukit Bobaigo Paniai Pemandangan Menakjubkan Danau Paniai,"Bukit Bobaigo Paniai Pemandangan Menakjubkan Danau Paniai di Deiyai Tigi, Papua Tengah. Puncak bukit dan pegunungan dengan pemandangan lanskap hijau membentang sejauh mata memandang. Menawarkan pengalaman menikmati golden sunrise, udara bersih bebas polusi, dan spot foto alam yang memesona.",Gunung,Perbukitan,Deiyai Tigi,25000,4.3,300.0,"{'lat': -4.053458, 'lng': 136.121809}",-4.053458,136.121809,Papua Tengah,alam,25000.0,4.3,1,1,1,0,1,0,0.6667,alam|camping|fotografi|gunung|hiking
1871,Puncak Lembah Ilaga Puncak Panorama Salju,"Puncak Lembah Ilaga Puncak Panorama Salju di Intan Jaya Sugapa, Papua Tengah. Destinasi wisata pegunungan berhawa sejuk dengan jalur pendakian yang menantang dan panorama lautan awan yang spektakuler saat fajar. Tersedia pos peristirahatan, warung logistik pendaki, area perkemahan, dan pemandu lokal.",Gunung,Perbukitan,Intan Jaya Sugapa,50000,4.6,180.0,"{'lat': -3.710632, 'lng': 137.021675}",-3.710632,137.021675,Papua Tengah,alam,50000.0,4.6,1,1,1,1,1,0,0.8333,camping|fotografi|gunung|hiking
1872,Puncak Deiyai Tigi Bukit Teletubbies Danau,"Puncak Deiyai Tigi Bukit Teletubbies Danau di Mimika Timika, Papua Tengah. Kawasan dataran tinggi dan lereng gunung yang asri dengan pemandangan perbukitan hijau dan kawah eksotis. Sangat ideal untuk petualangan alam terbuka, hiking santai, perkemahan keluarga, dan melepas penat.",Gunung,Perbukitan,Mimika Timika,35000,4.9,300.0,"{'lat': -4.548531, 'lng': 136.873923}",-4.548531,136.873923,Papua Tengah,alam,35000.0,4.9,1,1,1,0,0,1,0.6667,alam|camping|fotografi|gunung|hiking
1873,Puncak Gunung Weyland Nabire Cagar Alam Hutan Rimba,"Puncak Gunung Weyland Nabire Cagar Alam Hutan Rimba di Puncak Jaya Kotamulia, Papua Tengah. Kawasan dataran tinggi dan lereng gunung yang asri dengan pemandangan perbukitan hijau dan kawah eksotis. Sangat ideal untuk petualangan alam terbuka, hiking santai, perkemahan keluarga, dan melepas penat.",Gunung,Gunung,Puncak Jaya Kotamulia,25000,4.8,180.0,"{'lat': -3.69315, 'lng': 137.980683}",-3.69315,137.980683,Papua Tengah,alam,25000.0,4.8,1,1,1,1,1,1,1.0,camping|fotografi|gunung|hiking
1874,Puncak Sugapa Intan Jaya Titik Awal Pendakian Carstensz,"Puncak Sugapa Intan Jaya Titik Awal Pendakian Carstensz di Nabire, Papua Tengah. Kawasan dataran tinggi dan lereng gunung yang asri dengan pemandangan perbukitan hijau dan kawah eksotis. Sangat ideal untuk petualangan alam terbuka, hiking santai, perkemahan keluarga, dan melepas penat.",Gunung,Perbukitan,Nabire,25000,4.7,360.0,"{'lat': -3.401317, 'lng': 135.53745}",-3.401317,135.53745,Papua Tengah,alam,25000.0,4.7,1,1,1,1,0,0,0.6667,camping|fotografi|gunung|hiking
1875,Taman Nasional Teluk Cenderawasih Kwatisore Nabire Atraksi Berenang Bersama Hiu Paus (Whale Shark),"Taman Nasional Teluk Cenderawasih Kwatisore Nabire Atraksi Berenang Bersama Hiu Paus (Whale Shark) di Paniai Enarotali, Papua Tengah. Kawasan konservasi alam yang asri dan terlindungi dengan keanekaragaman flora dan fauna tropis endemik. Dilengkapi jalur trekking kayu yang tertata rapi, gazebo istirahat, pusat informasi lingkungan, dan toilet pengunjung.",Cagar Alam,Taman Nasional,Paniai Enarotali,25000,4.6,180.0,"{'lat': -3.8668, 'lng': 136.300755}",-3.8668,136.300755,Papua Tengah,alam,25000.0,4.6,1,1,1,0,0,1,0.6667,edukasi|fotografi|hiking|rekreasi_keluarga
1876,Danau Paniai Danau Purba Terindah Dunia Dinobatkan Konferensi Danau Jenewa 1997,"Danau Paniai Danau Purba Terindah Dunia Dinobatkan Konferensi Danau Jenewa 1997 di Nabire, Papua Tengah. Kawasan konservasi alam yang asri dan terlindungi dengan keanekaragaman flora dan fauna tropis endemik. Dilengkapi jalur trekking kayu yang tertata rapi, gazebo istirahat, pusat informasi lingkungan, dan toilet pengunjung.",Cagar Alam,Danau,Nabire,30000,4.5,180.0,"{'lat': -3.330415, 'lng': 135.475559}",-3.330415,135.475559,Papua Tengah,alam,30000.0,4.5,1,1,1,1,0,1,0.8333,alam|edukasi|fotografi|hiking|rekreasi_keluarga
1877,Danau Tigi Deiyai Danau Purba Eksotis dengan Pulau Karang Kecil di Tengah Danau,"Danau Tigi Deiyai Danau Purba Eksotis dengan Pulau Karang Kecil di Tengah Danau di Mimika Timika, Papua Tengah. Wisata alam edukatif berbalut udara segar hutan tropis, aliran sungai yang jernih, serta air terjun bertingkat yang menyejukkan. Pilihan utama untuk riset keanekaragaman hayati dan ekowisata ramah lingkungan.",Cagar Alam,Danau,Mimika Timika,10000,4.4,90.0,"{'lat': -4.505166, 'lng': 136.864049}",-4.505166,136.864049,Papua Tengah,alam,10000.0,4.4,1,1,1,1,1,1,1.0,alam|bahari|edukasi|fotografi|hiking|rekreasi_keluarga|snorkeling
1878,Danau Tage Danau Berair Sebening Kristal Diapit Lembah Hijau Paniai,"Danau Tage Danau Berair Sebening Kristal Diapit Lembah Hijau Paniai di Deiyai Tigi, Papua Tengah. Kawasan konservasi alam yang asri dan terlindungi dengan keanekaragaman flora dan fauna tropis endemik. Dilengkapi jalur trekking kayu yang tertata rapi, gazebo istirahat, pusat informasi lingkungan, dan toilet pengunjung.",Cagar Alam,Danau,Deiyai Tigi,15000,4.9,90.0,"{'lat': -4.039172, 'lng': 136.116511}",-4.039172,136.116511,Papua Tengah,alam,15000.0,4.9,1,1,1,1,1,1,1.0,alam|edukasi|fotografi|hiking|rekreasi_keluarga
1879,Air Terjun Bihewa Nabire Air Terjun Raksasa Bertingkat Tujuh di Tengah Hutan Primer Belantara,"Air Terjun Bihewa Nabire Air Terjun Raksasa Bertingkat Tujuh di Tengah Hutan Primer Belantara di Mimika Timika, Papua Tengah. Objek wisata alam dengan formasi tebing batuan alami, gua karst purba, serta telaga yang jernih dan tenang. Suasana alam yang tenang memberikan kesegaran pikiran bagi pengunjung yang mencintai ketenangan alam.",Cagar Alam,Air Terjun,Mimika Timika,20000,4.9,150.0,"{'lat': -4.556981, 'lng': 136.905434}",-4.556981,136.905434,Papua Tengah,alam,20000.0,4.9,1,1,1,1,1,1,1.0,alam|edukasi|fotografi|hiking|rekreasi_keluarga
1880,Kali Biru Timika Sungai Alami Hutan Hujan Tropis Mimika Air Segar Sebening Kaca,"Kali Biru Timika Sungai Alami Hutan Hujan Tropis Mimika Air Segar Sebening Kaca di Puncak Ilaga, Papua Tengah. Objek wisata alam dengan formasi tebing batuan alami, gua karst purba, serta telaga yang jernih dan tenang. Suasana alam yang tenang memberikan kesegaran pikiran bagi pengunjung yang mencintai ketenangan alam.",Cagar Alam,Taman Nasional,Puncak Ilaga,20000,4.4,150.0,"{'lat': -3.95815, 'lng': 137.586448}",-3.95815,137.586448,Papua Tengah,alam,20000.0,4.4,1,1,1,1,0,1,0.8333,alam|edukasi|fotografi|hiking|rekreasi_keluarga
1881,Kawasan Gletser Carstensz Lapisan Es Salju Abadi Khatulistiwa Fenomena Langka Dunia,"Kawasan Gletser Carstensz Lapisan Es Salju Abadi Khatulistiwa Fenomena Langka Dunia di Mimika Timika, Papua Tengah. Wisata alam edukatif berbalut udara segar hutan tropis, aliran sungai yang jernih, serta air terjun bertingkat yang menyejukkan. Pilihan utama untuk riset keanekaragaman hayati dan ekowisata ramah lingkungan.",Cagar Alam,Taman Nasional,Mimika Timika,20000,4.7,150.0,"{'lat': -4.519205, 'lng': 136.88191}",-4.519205,136.88191,Papua Tengah,alam,20000.0,4.7,1,1,1,1,1,1,1.0,edukasi|fotografi|hiking|rekreasi_keluarga
1882,Air Terjun Wao Nabire Alam Asri Pegunungan,"Air Terjun Wao Nabire Alam Asri Pegunungan di Mimika Timika, Papua Tengah. Objek wisata alam dengan formasi tebing batuan alami, gua karst purba, serta telaga yang jernih dan tenang. Suasana alam yang tenang memberikan kesegaran pikiran bagi pengunjung yang mencintai ketenangan alam.",Cagar Alam,Air Terjun,Mimika Timika,20000,4.3,120.0,"{'lat': -4.580297, 'lng': 136.894535}",-4.580297,136.894535,Papua Tengah,alam,20000.0,4.3,1,1,1,0,1,1,0.8333,alam|edukasi|fotografi|hiking|rekreasi_keluarga
1883,Suku Kamoro Mimika Mahakarya Ukiran Patung Tiang Mbitoro Pesaing Seni Asmat,"Suku Kamoro Mimika Mahakarya Ukiran Patung Tiang Mbitoro Pesaing Seni Asmat di Puncak Jaya Kotamulia, Papua Tengah. Kompleks bangunan bersejarah dan desa adat yang mempertahankan adat istiadat turun-temurun dengan ramah. Wisatawan dapat menyaksikan kerajinan tangan tradisional dan berinteraksi langsung dengan warga setempat.",Budaya,Situs Sejarah,Puncak Jaya Kotamulia,10000,4.3,120.0,"{'lat': -3.66954, 'lng': 137.929899}",-3.66954,137.929899,Papua Tengah,budaya,10000.0,4.3,1,1,1,1,0,1,0.8333,budaya|edukasi|fotografi|sejarah
1884,Suku Amungme & Suku Dani Puncak Jaya Tradisi Hidup Selaras Pegunungan Kasuari,"Suku Amungme & Suku Dani Puncak Jaya Tradisi Hidup Selaras Pegunungan Kasuari di Deiyai Tigi, Papua Tengah. Destinasi wisata sejarah dan kearifan lokal yang memperlihatkan warisan peradaban masa lampau melalui koleksi artefak berharga. Tempat ideal untuk belajar mengenai perjuangan bangsa dan filosofi adat masyarakat.",Budaya,Situs Sejarah,Deiyai Tigi,10000,4.4,120.0,"{'lat': -4.011374, 'lng': 136.067227}",-4.011374,136.067227,Papua Tengah,budaya,10000.0,4.4,1,1,1,1,1,1,1.0,budaya|edukasi|fotografi|sejarah
1885,Suku Mee (Ekari) Paniai Tradisi Memancing Kepiting Danau Menggunakan Perahu Tradisional Boba,"Suku Mee (Ekari) Paniai Tradisi Memancing Kepiting Danau Menggunakan Perahu Tradisional Boba di Deiyai Tigi, Papua Tengah. Destinasi wisata sejarah dan kearifan lokal yang memperlihatkan warisan peradaban masa lampau melalui koleksi artefak berharga. Tempat ideal untuk belajar mengenai perjuangan bangsa dan filosofi adat masyarakat.",Budaya,Situs Sejarah,Deiyai Tigi,20000,4.8,60.0,"{'lat': -3.98261, 'lng': 136.047852}",-3.98261,136.047852,Papua Tengah,budaya,20000.0,4.8,1,1,1,0,1,1,0.8333,alam|budaya|edukasi|fotografi|sejarah
1886,Desa Adat Kwatisore Nabire Hubungan Magis Sahabat Nelayan dengan Kawanan Hiu Paus,"Desa Adat Kwatisore Nabire Hubungan Magis Sahabat Nelayan dengan Kawanan Hiu Paus di Puncak Ilaga, Papua Tengah. Situs cagar budaya bersejarah yang sarat dengan nilai tradisi leluhur, arsitektur arca dan bangunan tradisional yang otentik. Dilengkapi pemandu wisata budaya, museum informasi sejarah, dan pertunjukan seni berkala.",Budaya,Desa Adat,Puncak Ilaga,20000,4.8,120.0,"{'lat': -4.013842, 'lng': 137.578855}",-4.013842,137.578855,Papua Tengah,budaya,20000.0,4.8,1,1,1,1,0,1,0.8333,budaya|edukasi|fotografi|sejarah
1887,Rumah Adat Honai Mee Paniai Konstruksi Kayu Papan Tradisional Dataran Tinggi Dingin,"Rumah Adat Honai Mee Paniai Konstruksi Kayu Papan Tradisional Dataran Tinggi Dingin di Intan Jaya Sugapa, Papua Tengah. Destinasi wisata sejarah dan kearifan lokal yang memperlihatkan warisan peradaban masa lampau melalui koleksi artefak berharga. Tempat ideal untuk belajar mengenai perjuangan bangsa dan filosofi adat masyarakat.",Budaya,Situs Sejarah,Intan Jaya Sugapa,10000,4.7,120.0,"{'lat': -3.741154, 'lng': 137.023192}",-3.741154,137.023192,Papua Tengah,budaya,10000.0,4.7,1,1,1,0,0,1,0.6667,budaya|edukasi|fotografi|sejarah
1888,Museum Loka Budaya Kamoro Timika Koleksi Ukiran Kayu Besi Seni Pahat Leluhur,"Museum Loka Budaya Kamoro Timika Koleksi Ukiran Kayu Besi Seni Pahat Leluhur di Mimika Timika, Papua Tengah. Kompleks bangunan bersejarah dan desa adat yang mempertahankan adat istiadat turun-temurun dengan ramah. Wisatawan dapat menyaksikan kerajinan tangan tradisional dan berinteraksi langsung dengan warga setempat.",Budaya,Museum,Mimika Timika,20000,4.9,60.0,"{'lat': -4.525406, 'lng': 136.859204}",-4.525406,136.859204,Papua Tengah,budaya,20000.0,4.9,1,1,1,1,0,1,0.8333,budaya|edukasi|fotografi|sejarah
1889,Situs Peninggalan Kota Tua Kokas Mimika Misi Katolik Bersejarah 1920-an,"Situs Peninggalan Kota Tua Kokas Mimika Misi Katolik Bersejarah 1920-an di Dogiyai Kigamani, Papua Tengah. Kompleks bangunan bersejarah dan desa adat yang mempertahankan adat istiadat turun-temurun dengan ramah. Wisatawan dapat menyaksikan kerajinan tangan tradisional dan berinteraksi langsung dengan warga setempat.",Budaya,Situs Sejarah,Dogiyai Kigamani,15000,4.7,120.0,"{'lat': -4.025794, 'lng': 135.920679}",-4.025794,135.920679,Papua Tengah,budaya,15000.0,4.7,1,1,0,0,0,1,0.5,budaya|edukasi|fotografi|sejarah
1890,Kuala Kencana Timika Kota Modern Bawah Tanah Ramah Lingkungan Pertama Indonesia di Tengah Hutan Hujan,"Kuala Kencana Timika Kota Modern Bawah Tanah Ramah Lingkungan Pertama Indonesia di Tengah Hutan Hujan di Dogiyai Kigamani, Papua Tengah. Taman rekreasi modern keluarga yang menghadirkan beragam wahana permainan seru, atraksi air, serta pertunjukan tematik interaktif. Memiliki fasilitas lengkap seperti food court, musala yang nyaman, toilet bersih, dan area parkir luas.",Taman Hiburan,Taman Rekreasi,Dogiyai Kigamani,35000,4.2,120.0,"{'lat': -4.032002, 'lng': 135.989705}",-4.032002,135.989705,Papua Tengah,hiburan,35000.0,4.2,1,1,1,1,1,1,1.0,edukasi|fotografi|rekreasi_keluarga
1891,Taman Kota Timika Pasar Sentral,"Taman Kota Timika Pasar Sentral di Nabire, Papua Tengah. Kawasan rekreasi bertema dengan wahana pemacu adrenalin, kolam renang bergelombang, serta taman bermain anak yang aman. Dilengkapi staf pengawas keselamatan dan berbagai tenant kuliner lezat.",Taman Hiburan,Taman Rekreasi,Nabire,100000,4.3,180.0,"{'lat': -3.343537, 'lng': 135.531764}",-3.343537,135.531764,Papua Tengah,hiburan,100000.0,4.3,1,1,1,1,1,1,1.0,edukasi|fotografi|rekreasi_keluarga
1892,Taman Gajah Mada Nabire Waterfront,"Taman Gajah Mada Nabire Waterfront di Puncak Ilaga, Papua Tengah. Taman rekreasi modern keluarga yang menghadirkan beragam wahana permainan seru, atraksi air, serta pertunjukan tematik interaktif. Memiliki fasilitas lengkap seperti food court, musala yang nyaman, toilet bersih, dan area parkir luas.",Taman Hiburan,Waterpark,Puncak Ilaga,35000,4.6,150.0,"{'lat': -3.999986, 'lng': 137.626948}",-3.999986,137.626948,Papua Tengah,hiburan,35000.0,4.6,1,1,1,1,1,1,1.0,edukasi|fotografi|rekreasi_keluarga
1893,Mimika Sports Complex (MSC) Fasilitas Olahraga Bertaraf Olimpiade Internasional,"Mimika Sports Complex (MSC) Fasilitas Olahraga Bertaraf Olimpiade Internasional di Paniai Enarotali, Papua Tengah. Kawasan rekreasi bertema dengan wahana pemacu adrenalin, kolam renang bergelombang, serta taman bermain anak yang aman. Dilengkapi staf pengawas keselamatan dan berbagai tenant kuliner lezat.",Taman Hiburan,Taman Rekreasi,Paniai Enarotali,50000,4.3,240.0,"{'lat': -3.903013, 'lng': 136.361492}",-3.903013,136.361492,Papua Tengah,hiburan,50000.0,4.3,1,1,1,1,1,1,1.0,edukasi|fotografi|rekreasi_keluarga
1894,Pasar Sentral Timika Pusat Noken Anggrek Emas Khas Suku Amungme,"Pasar Sentral Timika Pusat Noken Anggrek Emas Khas Suku Amungme di Intan Jaya Sugapa, Papua Tengah. Kawasan pertokoan dan pasar seni yang menyajikan ragam cinderamata unik karya perajin lokal dari berbagai penjuru daerah. Selalu ramai dikunjungi wisatawan yang ingin membawa kenang-kenangan autentik.",Pusat Perbelanjaan,Sentra Kerajinan,Intan Jaya Sugapa,0,4.8,90.0,"{'lat': -3.772097, 'lng': 137.032696}",-3.772097,137.032696,Papua Tengah,belanja,0.0,4.8,1,1,1,0,1,0,0.6667,belanja|budaya|kuliner
1895,Sentra Kerajinan Ukiran Tiang Mbitoro Suku Kamoro Mimika,"Sentra Kerajinan Ukiran Tiang Mbitoro Suku Kamoro Mimika di Mimika Timika, Papua Tengah. Kawasan pertokoan dan pasar seni yang menyajikan ragam cinderamata unik karya perajin lokal dari berbagai penjuru daerah. Selalu ramai dikunjungi wisatawan yang ingin membawa kenang-kenangan autentik.",Pusat Perbelanjaan,Sentra Kerajinan,Mimika Timika,0,4.6,90.0,"{'lat': -4.548199, 'lng': 136.923336}",-4.548199,136.923336,Papua Tengah,belanja,0.0,4.6,1,1,1,1,1,0,0.8333,belanja|budaya|kuliner
1896,Sentra Kopi Arabika Moanemani Dogiyai Kopi Organik Pilihan,"Sentra Kopi Arabika Moanemani Dogiyai Kopi Organik Pilihan di Puncak Ilaga, Papua Tengah. Sentra kuliner dan suvenir ikonik yang menyediakan aneka buah tangan khas Nusantara berkualitas tinggi. Dilengkapi area parkir kendaraan wisata, gerai anjungan tunai mandiri (ATM), dan mushola.",Pusat Perbelanjaan,Sentra Kerajinan,Puncak Ilaga,0,4.6,120.0,"{'lat': -3.958743, 'lng': 137.57881}",-3.958743,137.57881,Papua Tengah,belanja,0.0,4.6,1,1,1,0,1,0,0.6667,belanja|budaya|kuliner
1897,Pasar Kalibobo Nabire Pusat Ikan Asar & Buah Merah,"Pasar Kalibobo Nabire Pusat Ikan Asar & Buah Merah di Dogiyai Kigamani, Papua Tengah. Pusat perbelanjaan dan pasar tradisional khas daerah yang menjual aneka kerajinan tangan, kain tenun atau batik, serta camilan oleh-oleh lokal. Tempat bertemunya tawar-menawar yang hangat dengan harga terjangkau.",Pusat Perbelanjaan,Pasar Tradisional,Dogiyai Kigamani,0,4.2,120.0,"{'lat': -3.983741, 'lng': 135.912944}",-3.983741,135.912944,Papua Tengah,belanja,0.0,4.2,1,1,1,0,1,1,0.8333,belanja|budaya|kuliner
1898,Gereja Katedral Tiga Raja Timika Arsitektur Modern Monumental Tembaga,"Gereja Katedral Tiga Raja Timika Arsitektur Modern Monumental Tembaga di Dogiyai Kigamani, Papua Tengah. Tempat ibadah cagar budaya dengan ornamen seni pahat antik dan sejarah pendirian yang menginspirasi. Terbuka bagi pengunjung yang ingin berdoa maupun mengagumi keindahan karya arsitektur Nusantara.",Tempat Ibadah,Gereja,Dogiyai Kigamani,0,4.6,60.0,"{'lat': -4.029911, 'lng': 135.967822}",-4.029911,135.967822,Papua Tengah,religi,0.0,4.6,1,1,1,1,1,0,0.8333,budaya|religi|sejarah
1899,Gereja Tua Enarotali Paniai Misi Belanda 1938,"Gereja Tua Enarotali Paniai Misi Belanda 1938 di Deiyai Tigi, Papua Tengah. Bangunan keagamaan bersejarah dengan arsitektur megah dan penuh nilai filosofis spiritual tinggi. Menyediakan sarana ibadah yang bersih dan khusyuk, pelataran yang teduh dan asri, serta toilet wudhu yang terawat.",Tempat Ibadah,Gereja,Deiyai Tigi,0,4.6,90.0,"{'lat': -4.018172, 'lng': 136.07609}",-4.018172,136.07609,Papua Tengah,religi,0.0,4.6,1,1,1,1,1,1,1.0,budaya|religi|sejarah
1900,Masjid Agung Babussalam Timika Megah,"Masjid Agung Babussalam Timika Megah di Deiyai Tigi, Papua Tengah. Bangunan keagamaan bersejarah dengan arsitektur megah dan penuh nilai filosofis spiritual tinggi. Menyediakan sarana ibadah yang bersih dan khusyuk, pelataran yang teduh dan asri, serta toilet wudhu yang terawat.",Tempat Ibadah,Masjid,Deiyai Tigi,0,4.7,45.0,"{'lat': -4.027563, 'lng': 136.074564}",-4.027563,136.074564,Papua Tengah,religi,0.0,4.7,1,1,0,1,1,1,0.8333,budaya|religi|sejarah
