place_id,place_name,city,province,category_clean,c1_ticket_price_z,c2_rating_z,c4_facility_score_z,category_alam,category_bahari,category_belanja,category_budaya,category_hiburan,category_religi
1,Monumen Nasional,Jakarta,DKI Jakarta,budaya,-0.10633980940395729,0.329439536210163,-2.027074049084704,0,0,0,1,0,0
2,Kota Tua,Jakarta,DKI Jakarta,budaya,-0.5932444617884562,0.329439536210163,-2.027074049084704,0,0,0,1,0,0
3,Dunia Fantasi,Jakarta,DKI Jakarta,hiburan,5.97996834540228,0.329439536210163,-2.027074049084704,0,0,0,0,1,0
4,Taman Mini Indonesia Indah (TMII),Jakarta,DKI Jakarta,hiburan,-0.34979213559620675,-0.11125891606410736,-2.027074049084704,0,0,0,0,1,0
5,Atlantis Water Adventure,Jakarta,DKI Jakarta,hiburan,1.695207404418689,-0.11125891606410736,-2.027074049084704,0,0,0,0,1,0
6,Taman Impian Jaya Ancol,Jakarta,DKI Jakarta,hiburan,0.015386353692167442,-0.11125891606410736,-2.027074049084704,0,0,0,0,1,0
7,Kebun Binatang Ragunan,Jakarta,DKI Jakarta,alam,-0.4958635313115564,-0.11125891606410736,-2.027074049084704,1,0,0,0,0,0
8,Ocean Ecopark,Jakarta,DKI Jakarta,hiburan,3.7888974096720345,-2.314751177435467,-2.027074049084704,0,0,0,0,1,0
9,Pelabuhan Marina,Jakarta,DKI Jakarta,bahari,3.6671712465759096,-0.5519573683383777,-2.027074049084704,0,1,0,0,0,0
10,Pulau Tidung,Jakarta,DKI Jakarta,bahari,3.058540431095286,-0.11125891606410736,-2.027074049084704,0,1,0,0,0,0
11,Pulau Bidadari,Jakarta,DKI Jakarta,bahari,-0.4715182986923315,0.329439536210163,-2.027074049084704,0,1,0,0,0,0
12,Pulau Pari,Jakarta,DKI Jakarta,bahari,3.058540431095286,-2.314751177435467,-2.027074049084704,0,1,0,0,0,0
13,Pulau Pramuka,Jakarta,DKI Jakarta,bahari,-0.4715182986923315,-1.4333542728869222,-2.027074049084704,0,1,0,0,0,0
14,Pulau Pelangi,Jakarta,DKI Jakarta,bahari,21.317464895513996,1.2108364407587076,-2.027074049084704,0,1,0,0,0,0
15,Pasar Seni,Jakarta,DKI Jakarta,belanja,-0.5932444617884562,-0.5519573683383777,-2.027074049084704,0,0,1,0,0,0
16,Jembatan Kota Intan,Jakarta,DKI Jakarta,budaya,-0.5932444617884562,-0.9926558206126519,-2.027074049084704,0,0,0,1,0,0
17,Museum Fatahillah,Jakarta,DKI Jakarta,budaya,-0.4715182986923315,-0.5519573683383777,-2.027074049084704,0,0,0,1,0,0
18,Museum Bank Indonesia,Jakarta,DKI Jakarta,budaya,-0.5445539965500064,0.7701379884844373,-1.5220850880924341,0,0,0,1,0,0
19,Kidzania,Jakarta,DKI Jakarta,hiburan,3.910623572768159,0.329439536210163,-2.027074049084704,0,0,0,0,1,0
20,Museum Taman Prasasti,Jakarta,DKI Jakarta,budaya,-0.5445539965500064,-0.11125891606410736,-2.027074049084704,0,0,0,1,0,0
21,Museum Wayang,Jakarta,DKI Jakarta,budaya,-0.4715182986923315,-0.11125891606410736,-2.027074049084704,0,0,0,1,0,0
22,Masjid Istiqlal,Jakarta,DKI Jakarta,religi,-0.5932444617884562,0.7701379884844373,-1.5220850880924341,0,0,0,0,0,1
23,Gereja Katedral,Jakarta,DKI Jakarta,religi,-0.5932444617884562,1.2108364407587076,-1.5220850880924341,0,0,0,0,0,1
24,Museum Nasional,Jakarta,DKI Jakarta,budaya,-0.4715182986923315,0.329439536210163,-2.027074049084704,0,0,0,1,0,0
25,Pasar Tanah Abang,Jakarta,DKI Jakarta,belanja,-0.5932444617884562,-2.314751177435467,-1.0170961271001644,0,0,1,0,0,0
26,Pecinan Glodok,Jakarta,DKI Jakarta,belanja,-0.5932444617884562,-0.9926558206126519,-2.027074049084704,0,0,1,0,0,0
27,Sea World,Jakarta,DKI Jakarta,hiburan,2.206457289422413,-0.11125891606410736,-2.027074049084704,0,0,0,0,1,0
28,Wisata Agro Edukatif Istana Susu Cibugary,Jakarta,DKI Jakarta,hiburan,0.2588386798844169,-0.11125891606410736,-2.027074049084704,0,0,0,0,1,0
29,Wisata Kuliner Pecenongan,Jakarta,DKI Jakarta,belanja,-0.5932444617884562,2.0922333453072524,-1.5220850880924341,0,0,1,0,0,0
30,Taman Menteng,Jakarta,DKI Jakarta,hiburan,-0.5932444617884562,-0.11125891606410736,-2.027074049084704,0,0,0,0,1,0
31,Wisata Alam Mangrove Angke,Jakarta,DKI Jakarta,alam,0.015386353692167442,-0.9926558206126519,-2.027074049084704,1,0,0,0,0,0
32,Setu Babakan,Jakarta,DKI Jakarta,budaya,-0.5932444617884562,-0.5519573683383777,-1.5220850880924341,0,0,0,1,0,0
33,Taman Suropati,Jakarta,DKI Jakarta,hiburan,-0.5932444617884562,0.329439536210163,-2.027074049084704,0,0,0,0,1,0
34,Pasar Taman Puring,Jakarta,DKI Jakarta,belanja,-0.5932444617884562,-0.5519573683383777,-2.027074049084704,0,0,1,0,0,0
35,Grand Indonesia Mall,Jakarta,DKI Jakarta,belanja,-0.5932444617884562,0.7701379884844373,-2.027074049084704,0,0,1,0,0,0
36,Skyrink - Mall Taman Anggrek,Jakarta,DKI Jakarta,hiburan,2.084731126326288,-0.11125891606410736,-2.027074049084704,0,0,0,0,1,0
37,Bumi Perkemahan Cibubur,Jakarta,DKI Jakarta,hiburan,-0.34979213559620675,-0.11125891606410736,-2.027074049084704,0,0,0,0,1,0
38,Istana Negara Republik Indonesia,Jakarta,DKI Jakarta,budaya,-0.5932444617884562,0.329439536210163,-2.027074049084704,0,0,0,1,0,0
39,Museum Macan (Modern and Contemporary Art in Nusantara),Jakarta,DKI Jakarta,budaya,1.8412788001340386,-0.11125891606410736,-2.027074049084704,0,0,0,1,0,0
40,Galeri Nasional Indonesia,Jakarta,DKI Jakarta,budaya,-0.5932444617884562,0.329439536210163,-2.027074049084704,0,0,0,1,0,0
41,Museum Bahari Jakarta,Jakarta,DKI Jakarta,budaya,-0.5445539965500064,-0.5519573683383777,-2.027074049084704,0,0,0,1,0,0
42,Museum Seni Rupa dan Kramik,Jakarta,DKI Jakarta,budaya,-0.4715182986923315,-0.5519573683383777,-2.027074049084704,0,0,0,1,0,0
43,The Escape Hunt,Jakarta,DKI Jakarta,hiburan,1.11092182155729,-0.5519573683383777,-2.027074049084704,0,0,0,0,1,0
44,Monumen Selamat Datang,Jakarta,DKI Jakarta,budaya,-0.5932444617884562,0.7701379884844373,-2.027074049084704,0,0,0,1,0,0
45,Jakarta Aquarium dan Safari,Jakarta,DKI Jakarta,hiburan,3.910623572768159,0.329439536210163,-2.027074049084704,0,0,0,0,1,0
46,Pulau Semak Daun,Jakarta,DKI Jakarta,bahari,0.38056484298054166,-2.314751177435467,-2.027074049084704,0,1,0,0,0,0
47,Taman Situ Lembang,Jakarta,DKI Jakarta,hiburan,-0.5932444617884562,-0.11125891606410736,-2.027074049084704,0,0,0,0,1,0
48,Taman Ismail Marzuki,Jakarta,DKI Jakarta,budaya,-0.4715182986923315,0.329439536210163,-2.027074049084704,0,0,0,1,0,0
49,Galeri Indonesia Kaya,Jakarta,DKI Jakarta,budaya,-0.5932444617884562,1.2108364407587076,-2.027074049084704,0,0,0,1,0,0
50,Museum Joang 45,Jakarta,DKI Jakarta,budaya,-0.5445539965500064,-2.314751177435467,-2.027074049084704,0,0,0,1,0,0
51,Jakarta Planetarium,Jakarta,DKI Jakarta,hiburan,-0.30110167035775687,-1.8740527251611965,-2.027074049084704,0,0,0,0,1,0
52,Kampung Cina,Jakarta,DKI Jakarta,budaya,-0.22806597250008204,-0.11125891606410736,-2.027074049084704,0,0,0,1,0,0
53,Rumah Sipitung,Jakarta,DKI Jakarta,budaya,-0.4715182986923315,-0.11125891606410736,-2.027074049084704,0,0,0,1,0,0
54,Taman Agrowisata Cilangkap,Jakarta,DKI Jakarta,hiburan,-0.5932444617884562,-1.4333542728869222,-2.027074049084704,0,0,0,0,1,0
55,Klenteng Jin De Yuan,Jakarta,DKI Jakarta,religi,-0.5932444617884562,-0.11125891606410736,-2.027074049084704,0,0,0,0,0,1
56,Pantai Ancol,Jakarta,DKI Jakarta,bahari,0.015386353692167442,-0.5519573683383777,-2.027074049084704,0,1,0,0,0,0
57,Taman Lapangan Banteng,Jakarta,DKI Jakarta,hiburan,-0.5932444617884562,0.7701379884844373,-1.5220850880924341,0,0,0,0,1,0
58,Taman Ayodya,Jakarta,DKI Jakarta,hiburan,-0.5932444617884562,-0.5519573683383777,-1.5220850880924341,0,0,0,0,1,0
59,Museum Sumpah Pemuda,Jakarta,DKI Jakarta,budaya,-0.5445539965500064,0.7701379884844373,-2.027074049084704,0,0,0,1,0,0
60,Museum Tekstil,Jakarta,DKI Jakarta,budaya,-0.4715182986923315,-0.11125891606410736,-2.027074049084704,0,0,0,1,0,0
61,Tugu Proklamasi,Jakarta,DKI Jakarta,budaya,-0.5932444617884562,0.329439536210163,-2.027074049084704,0,0,0,1,0,0
62,Taman Legenda Keong Emas,Jakarta,DKI Jakarta,hiburan,0.13711251678829217,-0.11125891606410736,-2.027074049084704,0,0,0,0,1,0
63,Museum Kebangkitan Nasional,Jakarta,DKI Jakarta,budaya,-0.5445539965500064,0.7701379884844373,-2.027074049084704,0,0,0,1,0,0
64,Museum Sasmita Loka Ahmad Yani,Jakarta,DKI Jakarta,budaya,-0.5445539965500064,0.7701379884844373,-2.027074049084704,0,0,0,1,0,0
65,Museum Basoeki Abdullah,Jakarta,DKI Jakarta,budaya,-0.5688992291692313,0.329439536210163,-2.027074049084704,0,0,0,1,0,0
66,Museum Layang-layang,Jakarta,DKI Jakarta,budaya,-0.34979213559620675,-0.11125891606410736,-2.027074049084704,0,0,0,1,0,0
67,Margasatwa Muara Angke,Jakarta,DKI Jakarta,alam,0.015386353692167442,-1.4333542728869222,-2.027074049084704,1,0,0,0,0,0
68,Pasar Petak Sembilan,Jakarta,DKI Jakarta,belanja,-0.5932444617884562,-0.5519573683383777,-1.5220850880924341,0,0,1,0,0,0
69,Freedom Library,Jakarta,DKI Jakarta,budaya,-0.5932444617884562,2.0922333453072524,-2.027074049084704,0,0,0,1,0,0
70,Perpustakaan Nasional,Jakarta,DKI Jakarta,budaya,-0.5932444617884562,0.7701379884844373,-2.027074049084704,0,0,0,1,0,0
71,Cibubur Garden Diary (Cibugary),Jakarta,DKI Jakarta,alam,0.6240171691727912,-0.11125891606410736,-2.027074049084704,1,0,0,0,0,0
72,Waterboom PIK (Pantai Indah Kapuk),Jakarta,DKI Jakarta,hiburan,6.710325323979028,-0.5519573683383777,-2.027074049084704,0,0,0,0,1,0
73,Museum Perangko,Jakarta,DKI Jakarta,budaya,-0.4715182986923315,-0.5519573683383777,-2.027074049084704,0,0,0,1,0,0
74,Museum Tengah Kebun,Jakarta,DKI Jakarta,budaya,-0.5932444617884562,0.329439536210163,-1.5220850880924341,0,0,0,1,0,0
75,SnowBay Waterpark,Jakarta,DKI Jakarta,hiburan,3.7888974096720345,-0.9926558206126519,-2.027074049084704,0,0,0,0,1,0
76,Taman Cattleya,Jakarta,DKI Jakarta,hiburan,-0.10633980940395729,-0.11125891606410736,-2.027074049084704,0,0,0,0,1,0
77,Taman Hutan Tebet,Jakarta,DKI Jakarta,hiburan,-0.5932444617884562,-0.5519573683383777,-1.0170961271001644,0,0,0,0,1,0
78,Hutan Kota Srengseng,Jakarta,DKI Jakarta,hiburan,-0.5688992291692313,-0.9926558206126519,-2.027074049084704,0,0,0,0,1,0
79,Taman Spathodea,Jakarta,DKI Jakarta,hiburan,-0.5932444617884562,0.329439536210163,-1.5220850880924341,0,0,0,0,1,0
80,Plaza Indonesia,Jakarta,DKI Jakarta,belanja,-0.5932444617884562,0.7701379884844373,-1.5220850880924341,0,0,1,0,0,0
81,Mall Thamrin City,Jakarta,DKI Jakarta,belanja,-0.5932444617884562,-0.5519573683383777,-2.027074049084704,0,0,1,0,0,0
82,Museum Satria Mandala,Jakarta,DKI Jakarta,budaya,-0.4715182986923315,-0.11125891606410736,-2.027074049084704,0,0,0,1,0,0
83,Alive Museum Ancol,Jakarta,DKI Jakarta,hiburan,4.275802062056533,-0.9926558206126519,-2.027074049084704,0,0,0,0,1,0
84,Kawasan Kuliner BSM,Jakarta,DKI Jakarta,belanja,-0.5932444617884562,0.329439536210163,-1.5220850880924341,0,0,1,0,0,0
85,Taman Pintar Yogyakarta,Yogyakarta,Daerah Istimewa Yogyakarta,hiburan,-0.44717306607310653,-0.11125891606410736,-2.027074049084704,0,0,0,0,1,0
86,Keraton Yogyakarta,Yogyakarta,Daerah Istimewa Yogyakarta,budaya,-0.22806597250008204,0.329439536210163,-1.5220850880924341,0,0,0,1,0,0
87,Sindu Kusuma Edupark (SKE),Yogyakarta,Daerah Istimewa Yogyakarta,hiburan,-0.10633980940395729,-1.4333542728869222,-2.027074049084704,0,0,0,0,1,0
88,Museum Benteng Vredeburg Yogyakarta,Yogyakarta,Daerah Istimewa Yogyakarta,budaya,-0.5202087639307814,0.329439536210163,-2.027074049084704,0,0,0,1,0,0
89,De Mata Museum Jogja,Yogyakarta,Daerah Istimewa Yogyakarta,budaya,0.6240171691727912,-0.5519573683383777,-2.027074049084704,0,0,0,1,0,0
90,Kampung Wisata Taman Sari,Yogyakarta,Daerah Istimewa Yogyakarta,hiburan,-0.4715182986923315,0.329439536210163,-2.027074049084704,0,0,0,0,1,0
91,Situs Warungboto,Yogyakarta,Daerah Istimewa Yogyakarta,hiburan,-0.5932444617884562,-0.5519573683383777,-2.027074049084704,0,0,0,0,1,0
92,Nol Kilometer Jl.Malioboro,Yogyakarta,Daerah Istimewa Yogyakarta,hiburan,-0.5932444617884562,0.7701379884844373,-2.027074049084704,0,0,0,0,1,0
93,Gembira Loka Zoo,Yogyakarta,Daerah Istimewa Yogyakarta,alam,0.8674694953650406,-0.11125891606410736,-2.027074049084704,1,0,0,0,0,0
94,Sumur Gumuling,Yogyakarta,Daerah Istimewa Yogyakarta,hiburan,-0.4228278334538816,-0.11125891606410736,-1.5220850880924341,0,0,0,0,1,0
95,Desa Wisata Sungai Code Jogja Kota,Yogyakarta,Daerah Istimewa Yogyakarta,hiburan,-0.5932444617884562,2.0922333453072524,-2.027074049084704,0,0,0,0,1,0
96,Alun Alun Selatan Yogyakarta,Yogyakarta,Daerah Istimewa Yogyakarta,hiburan,-0.5932444617884562,0.329439536210163,-2.027074049084704,0,0,0,0,1,0
97,Monumen Yogya Kembali,Yogyakarta,Daerah Istimewa Yogyakarta,budaya,-0.22806597250008204,-0.11125891606410736,-2.027074049084704,0,0,0,1,0,0
98,Taman Pelangi Yogyakarta,Yogyakarta,Daerah Istimewa Yogyakarta,hiburan,-0.22806597250008204,-0.9926558206126519,-2.027074049084704,0,0,0,0,1,0
99,Kampung Wisata Kadipaten,Yogyakarta,Daerah Istimewa Yogyakarta,budaya,-0.5932444617884562,-0.5519573683383777,-2.027074049084704,0,0,0,1,0,0
100,Taman Budaya Yogyakarta,Yogyakarta,Daerah Istimewa Yogyakarta,budaya,-0.5932444617884562,-0.11125891606410736,-2.027074049084704,0,0,0,1,0,0
101,Kampung Wisata Sosro Menduran,Yogyakarta,Daerah Istimewa Yogyakarta,budaya,-0.5932444617884562,-2.314751177435467,-1.5220850880924341,0,0,0,1,0,0
102,Monumen Batik Yogyakarta,Yogyakarta,Daerah Istimewa Yogyakarta,budaya,0.38056484298054166,-0.11125891606410736,-2.027074049084704,0,0,0,1,0,0
103,Tugu Pal Putih Jogja,Yogyakarta,Daerah Istimewa Yogyakarta,hiburan,-0.5932444617884562,0.7701379884844373,-2.027074049084704,0,0,0,0,1,0
104,Tebing Breksi,Yogyakarta,Daerah Istimewa Yogyakarta,budaya,-0.10633980940395729,-0.5519573683383777,-2.027074049084704,0,0,0,1,0,0
105,Candi Donotirto,Yogyakarta,Daerah Istimewa Yogyakarta,budaya,-0.5932444617884562,-0.5519573683383777,-1.5220850880924341,0,0,0,1,0,0
106,Kawasan Malioboro,Yogyakarta,Daerah Istimewa Yogyakarta,hiburan,-0.5932444617884562,1.2108364407587076,-2.027074049084704,0,0,0,0,1,0
107,Bangsal Pagelaran,Yogyakarta,Daerah Istimewa Yogyakarta,budaya,-0.4715182986923315,0.329439536210163,-2.027074049084704,0,0,0,1,0,0
108,Embung Tambakboyo,Yogyakarta,Daerah Istimewa Yogyakarta,hiburan,-0.5932444617884562,-0.5519573683383777,-2.027074049084704,0,0,0,0,1,0
109,Hutan Pinus Pengger,Yogyakarta,Daerah Istimewa Yogyakarta,hiburan,-0.5202087639307814,-0.11125891606410736,-2.027074049084704,0,0,0,0,1,0
110,Monumen Serangan Umum 1 Maret,Yogyakarta,Daerah Istimewa Yogyakarta,hiburan,-0.5202087639307814,0.329439536210163,-2.027074049084704,0,0,0,0,1,0
111,Puncak Pinus Becici,Yogyakarta,Daerah Istimewa Yogyakarta,hiburan,-0.5202087639307814,-0.11125891606410736,-2.027074049084704,0,0,0,0,1,0
112,Bukit Bintang Yogyakarta,Yogyakarta,Daerah Istimewa Yogyakarta,hiburan,0.015386353692167442,-0.11125891606410736,-2.027074049084704,0,0,0,0,1,0
113,Gedung Agung Yogyakarta,Yogyakarta,Daerah Istimewa Yogyakarta,budaya,-0.5932444617884562,0.329439536210163,-2.027074049084704,0,0,0,1,0,0
114,The Lost World Castle,Yogyakarta,Daerah Istimewa Yogyakarta,hiburan,0.13711251678829217,-0.9926558206126519,-1.5220850880924341,0,0,0,0,1,0
115,Monumen Sanapati,Yogyakarta,Daerah Istimewa Yogyakarta,budaya,-0.22806597250008204,-0.9926558206126519,-1.5220850880924341,0,0,0,1,0,0
116,Jurang Tembelan Kanigoro,Yogyakarta,Daerah Istimewa Yogyakarta,hiburan,-0.5323813802403938,-0.11125891606410736,-2.027074049084704,0,0,0,0,1,0
117,The World Landmarks - Merapi Park Yogyakarta,Yogyakarta,Daerah Istimewa Yogyakarta,hiburan,-0.0576493441655074,-1.4333542728869222,-2.027074049084704,0,0,0,0,1,0
118,Museum Sonobudoyo Unit I,Yogyakarta,Daerah Istimewa Yogyakarta,budaya,-0.4715182986923315,0.329439536210163,-2.027074049084704,0,0,0,1,0,0
119,Lava Bantal,Yogyakarta,Daerah Istimewa Yogyakarta,budaya,-0.4715182986923315,-0.5519573683383777,-2.027074049084704,0,0,0,1,0,0
120,Bukit Panguk Kediwung,Yogyakarta,Daerah Istimewa Yogyakarta,budaya,5.49306369301778,-0.11125891606410736,-2.027074049084704,0,0,0,1,0,0
121,Candi Prambanan,Yogyakarta,Daerah Istimewa Yogyakarta,budaya,0.6240171691727912,0.7701379884844373,-2.027074049084704,0,0,0,1,0,0
122,Watu Goyang,Yogyakarta,Daerah Istimewa Yogyakarta,budaya,-0.5323813802403938,-0.5519573683383777,-2.027074049084704,0,0,0,1,0,0
123,Kampung Wisata Rejowinangun,Yogyakarta,Daerah Istimewa Yogyakarta,budaya,-0.5932444617884562,-0.9926558206126519,-2.027074049084704,0,0,0,1,0,0
124,Kauman Pakualaman Yogyakarta,Yogyakarta,Daerah Istimewa Yogyakarta,budaya,-0.5932444617884562,2.0922333453072524,-2.027074049084704,0,0,0,1,0,0
125,Alun-alun Utara Keraton Yogyakarta,Yogyakarta,Daerah Istimewa Yogyakarta,budaya,-0.5932444617884562,0.329439536210163,-2.027074049084704,0,0,0,1,0,0
126,Pantai Goa Cemara,Yogyakarta,Daerah Istimewa Yogyakarta,bahari,-0.4958635313115564,-0.9926558206126519,-2.027074049084704,0,1,0,0,0,0
127,Blue Lagoon Jogja,Yogyakarta,Daerah Istimewa Yogyakarta,hiburan,-0.34979213559620675,-0.9926558206126519,-2.027074049084704,0,0,0,0,1,0
128,Gumuk Pasir Parangkusumo,Yogyakarta,Daerah Istimewa Yogyakarta,hiburan,-0.5932444617884562,-0.11125891606410736,-2.027074049084704,0,0,0,0,1,0
129,Bukit Lintang Sewu,Yogyakarta,Daerah Istimewa Yogyakarta,hiburan,-0.5445539965500064,-0.11125891606410736,-2.027074049084704,0,0,0,0,1,0
130,Studio Alam Gamplong,Yogyakarta,Daerah Istimewa Yogyakarta,hiburan,-0.34979213559620675,-0.5519573683383777,-2.027074049084704,0,0,0,0,1,0
131,Watu Lumbung,Yogyakarta,Daerah Istimewa Yogyakarta,alam,-0.4715182986923315,-0.9926558206126519,-2.027074049084704,1,0,0,0,0,0
132,Air Terjun Kedung Pedut,Yogyakarta,Daerah Istimewa Yogyakarta,alam,-0.10633980940395729,-0.11125891606410736,-2.027074049084704,1,0,0,0,0,0
133,Puncak Kebun Buah Mangunan,Yogyakarta,Daerah Istimewa Yogyakarta,hiburan,-0.4715182986923315,0.329439536210163,-2.027074049084704,0,0,0,0,1,0
134,Desa Wisata Gamplong,Yogyakarta,Daerah Istimewa Yogyakarta,hiburan,-0.34979213559620675,-0.5519573683383777,-2.027074049084704,0,0,0,0,1,0
135,Kawasan Wisata Sosrowijayan,Yogyakarta,Daerah Istimewa Yogyakarta,belanja,-0.5932444617884562,-2.314751177435467,-2.027074049084704,0,0,1,0,0,0
136,Grojogan Watu Purbo Bangunrejo,Yogyakarta,Daerah Istimewa Yogyakarta,hiburan,-0.34979213559620675,-0.11125891606410736,-2.027074049084704,0,0,0,0,1,0
137,Wisata Alam Kalibiru,Yogyakarta,Daerah Istimewa Yogyakarta,alam,-0.10633980940395729,-0.5519573683383777,-2.027074049084704,1,0,0,0,0,0
138,Jogja Exotarium,Yogyakarta,Daerah Istimewa Yogyakarta,hiburan,-0.10633980940395729,-0.5519573683383777,-2.027074049084704,0,0,0,0,1,0
139,Puncak Gunung Api Purba - Nglanggeran,Yogyakarta,Daerah Istimewa Yogyakarta,alam,-0.34979213559620675,0.7701379884844373,-2.027074049084704,1,0,0,0,0,0
140,Bendung Lepen,Yogyakarta,Daerah Istimewa Yogyakarta,hiburan,-0.5932444617884562,0.329439536210163,-2.027074049084704,0,0,0,0,1,0
141,Bunker Kaliadem Merapi,Yogyakarta,Daerah Istimewa Yogyakarta,alam,-0.5202087639307814,-0.11125891606410736,-2.027074049084704,1,0,0,0,0,0
142,Ledok Sambi,Yogyakarta,Daerah Istimewa Yogyakarta,alam,-0.5932444617884562,0.329439536210163,-2.027074049084704,1,0,0,0,0,0
143,Seribu Batu Songgo Langit,Yogyakarta,Daerah Istimewa Yogyakarta,alam,-0.5445539965500064,0.329439536210163,-2.027074049084704,1,0,0,0,0,0
144,Goa Jomblang,Yogyakarta,Daerah Istimewa Yogyakarta,alam,11.579371847824017,0.329439536210163,-2.027074049084704,1,0,0,0,0,0
145,Desa Wisata Rumah Domes/Teletubbies,Yogyakarta,Daerah Istimewa Yogyakarta,hiburan,-0.4715182986923315,-1.8740527251611965,-0.007118205115624767,0,0,0,0,1,0
146,Bukit Wisata Pulepayung,Yogyakarta,Daerah Istimewa Yogyakarta,alam,-0.34979213559620675,-0.11125891606410736,-2.027074049084704,1,0,0,0,0,0
147,Bentara Budaya Yogyakarta (BBY),Yogyakarta,Daerah Istimewa Yogyakarta,budaya,-0.5932444617884562,-0.11125891606410736,-2.027074049084704,0,0,0,1,0,0
148,Goa Rancang Kencono,Yogyakarta,Daerah Istimewa Yogyakarta,alam,-0.4715182986923315,-0.9926558206126519,-2.027074049084704,1,0,0,0,0,0
149,Goa Cerme,Yogyakarta,Daerah Istimewa Yogyakarta,alam,-0.5202087639307814,-0.5519573683383777,-1.5220850880924341,1,0,0,0,0,0
150,Wisata Kraton Jogja,Yogyakarta,Daerah Istimewa Yogyakarta,budaya,-0.4228278334538816,0.7701379884844373,-1.5220850880924341,0,0,0,1,0,0
151,Desa Wisata Kelor,Yogyakarta,Daerah Istimewa Yogyakarta,hiburan,-0.5932444617884562,-0.5519573683383777,-2.027074049084704,0,0,0,0,1,0
152,Pantai Patihan,Yogyakarta,Daerah Istimewa Yogyakarta,bahari,-0.4715182986923315,-1.8740527251611965,-2.027074049084704,0,1,0,0,0,0
153,Pantai Kukup,Yogyakarta,Daerah Istimewa Yogyakarta,bahari,-0.34979213559620675,-2.314751177435467,-2.027074049084704,0,1,0,0,0,0
154,Pantai Ngrawe (Mesra),Yogyakarta,Daerah Istimewa Yogyakarta,bahari,-0.34979213559620675,-0.11125891606410736,-2.027074049084704,0,1,0,0,0,0
155,Pantai Ngobaran,Yogyakarta,Daerah Istimewa Yogyakarta,bahari,-0.4715182986923315,0.329439536210163,-2.027074049084704,0,1,0,0,0,0
156,Pantai Pulang Sawal,Yogyakarta,Daerah Istimewa Yogyakarta,bahari,-0.34979213559620675,-0.11125891606410736,-2.027074049084704,0,1,0,0,0,0
157,Pantai Baron,Yogyakarta,Daerah Istimewa Yogyakarta,bahari,-0.34979213559620675,-0.5519573683383777,-2.027074049084704,0,1,0,0,0,0
158,Pantai Pok Tunggal,Yogyakarta,Daerah Istimewa Yogyakarta,bahari,-0.34979213559620675,-0.11125891606410736,-2.027074049084704,0,1,0,0,0,0
159,Hutan Pinus Asri,Yogyakarta,Daerah Istimewa Yogyakarta,alam,-0.5323813802403938,-0.11125891606410736,-2.027074049084704,1,0,0,0,0,0
160,Pasar Kebon Empring Bintaran,Yogyakarta,Daerah Istimewa Yogyakarta,belanja,-0.5932444617884562,-0.5519573683383777,-1.5220850880924341,0,0,1,0,0,0
161,"Bukit Paralayang, Watugupit",Yogyakarta,Daerah Istimewa Yogyakarta,alam,-0.4715182986923315,0.7701379884844373,-1.5220850880924341,1,0,0,0,0,0
162,Kampung Wisata Dipowinatan,Yogyakarta,Daerah Istimewa Yogyakarta,budaya,4.762706714441032,-0.11125891606410736,-1.5220850880924341,0,0,0,1,0,0
163,Watu Mabur Mangunan,Yogyakarta,Daerah Istimewa Yogyakarta,alam,-0.5323813802403938,-0.11125891606410736,-2.027074049084704,1,0,0,0,0,0
164,Pintoe Langit Dahromo,Yogyakarta,Daerah Istimewa Yogyakarta,alam,-0.5323813802403938,-0.5519573683383777,-2.027074049084704,1,0,0,0,0,0
165,Green Village Gedangsari,Yogyakarta,Daerah Istimewa Yogyakarta,hiburan,-0.5445539965500064,-1.4333542728869222,-2.027074049084704,0,0,0,0,1,0
166,Kebun Teh Nglinggo,Yogyakarta,Daerah Istimewa Yogyakarta,alam,-0.44717306607310653,-0.11125891606410736,-2.027074049084704,1,0,0,0,0,0
167,Geoforest Watu Payung Turunan,Yogyakarta,Daerah Istimewa Yogyakarta,alam,-0.5932444617884562,-0.11125891606410736,-2.027074049084704,1,0,0,0,0,0
168,Pantai Timang,Yogyakarta,Daerah Istimewa Yogyakarta,bahari,-0.34979213559620675,0.7701379884844373,-2.027074049084704,0,1,0,0,0,0
169,Puncak Segoro,Yogyakarta,Daerah Istimewa Yogyakarta,alam,-0.4715182986923315,-1.4333542728869222,-2.027074049084704,1,0,0,0,0,0
170,Candi Borobudur,Yogyakarta,Daerah Istimewa Yogyakarta,budaya,0.6240171691727912,0.7701379884844373,-2.027074049084704,0,0,0,1,0,0
171,Candi Ijo,Yogyakarta,Daerah Istimewa Yogyakarta,budaya,-0.4715182986923315,0.329439536210163,-2.027074049084704,0,0,0,1,0,0
172,Pantai Indrayanti,Yogyakarta,Daerah Istimewa Yogyakarta,bahari,-0.34979213559620675,-0.11125891606410736,-2.027074049084704,0,1,0,0,0,0
173,Pantai Nglambor,Yogyakarta,Daerah Istimewa Yogyakarta,bahari,-0.34979213559620675,-0.5519573683383777,-2.027074049084704,0,1,0,0,0,0
174,Pasar Beringharjo,Yogyakarta,Daerah Istimewa Yogyakarta,belanja,-0.5932444617884562,-0.11125891606410736,-2.027074049084704,0,0,1,0,0,0
175,Museum Ullen Sentalu,Yogyakarta,Daerah Istimewa Yogyakarta,budaya,1.8412788001340386,0.7701379884844373,-2.027074049084704,0,0,0,1,0,0
176,Museum Gunung Merapi,Yogyakarta,Daerah Istimewa Yogyakarta,budaya,-0.34979213559620675,-0.5519573683383777,-1.0170961271001644,0,0,0,1,0,0
177,Pantai Parangtritis,Yogyakarta,Daerah Istimewa Yogyakarta,bahari,-0.34979213559620675,-0.11125891606410736,-2.027074049084704,0,1,0,0,0,0
178,Goa Pindul,Yogyakarta,Daerah Istimewa Yogyakarta,alam,0.38056484298054166,-0.11125891606410736,-2.027074049084704,1,0,0,0,0,0
179,Candi Ratu Boko,Yogyakarta,Daerah Istimewa Yogyakarta,budaya,1.2326479846534149,0.329439536210163,-2.027074049084704,0,0,0,1,0,0
180,Pantai Depok Jogja,Yogyakarta,Daerah Istimewa Yogyakarta,bahari,-0.34979213559620675,-0.9926558206126519,-2.027074049084704,0,1,0,0,0,0
181,Pantai Sundak,Yogyakarta,Daerah Istimewa Yogyakarta,bahari,-0.4715182986923315,-0.11125891606410736,-2.027074049084704,0,1,0,0,0,0
182,Hutan Mangrove Kulon Progo,Yogyakarta,Daerah Istimewa Yogyakarta,bahari,-0.4715182986923315,-1.8740527251611965,-2.027074049084704,0,1,0,0,0,0
183,Jogja Bay Pirates Adventure Waterpark,Yogyakarta,Daerah Istimewa Yogyakarta,hiburan,3.058540431095286,-0.5519573683383777,-2.027074049084704,0,0,0,0,1,0
184,Pantai Sepanjang,Yogyakarta,Daerah Istimewa Yogyakarta,bahari,-0.34979213559620675,-0.5519573683383777,-2.027074049084704,0,1,0,0,0,0
185,Pantai Krakal,Yogyakarta,Daerah Istimewa Yogyakarta,bahari,-0.34979213559620675,-0.11125891606410736,-1.5220850880924341,0,1,0,0,0,0
186,Pantai Glagah,Yogyakarta,Daerah Istimewa Yogyakarta,bahari,-0.4715182986923315,-0.5519573683383777,-2.027074049084704,0,1,0,0,0,0
187,Pantai Siung,Yogyakarta,Daerah Istimewa Yogyakarta,bahari,-0.34979213559620675,0.329439536210163,-2.027074049084704,0,1,0,0,0,0
188,Pantai Sadranan,Yogyakarta,Daerah Istimewa Yogyakarta,bahari,-0.34979213559620675,0.329439536210163,-2.027074049084704,0,1,0,0,0,0
189,Pantai Nguluran,Yogyakarta,Daerah Istimewa Yogyakarta,bahari,-0.34979213559620675,-1.8740527251611965,-2.027074049084704,0,1,0,0,0,0
190,Pantai Samas,Yogyakarta,Daerah Istimewa Yogyakarta,bahari,-0.4958635313115564,-2.314751177435467,-2.027074049084704,0,1,0,0,0,0
191,Pantai Drini,Yogyakarta,Daerah Istimewa Yogyakarta,bahari,-0.34979213559620675,-0.11125891606410736,-2.027074049084704,0,1,0,0,0,0
192,Air Terjun Sri Gethuk,Yogyakarta,Daerah Istimewa Yogyakarta,alam,-0.22806597250008204,-0.5519573683383777,-2.027074049084704,1,0,0,0,0,0
193,Candi Sewu,Yogyakarta,Daerah Istimewa Yogyakarta,budaya,0.6240171691727912,0.329439536210163,-2.027074049084704,0,0,0,1,0,0
194,Pantai Wediombo,Yogyakarta,Daerah Istimewa Yogyakarta,bahari,-0.4715182986923315,-0.11125891606410736,-2.027074049084704,0,1,0,0,0,0
195,Pantai Jogan,Yogyakarta,Daerah Istimewa Yogyakarta,bahari,-0.4715182986923315,-0.5519573683383777,-2.027074049084704,0,1,0,0,0,0
196,Pantai Ngrenehan,Yogyakarta,Daerah Istimewa Yogyakarta,bahari,-0.5202087639307814,-0.5519573683383777,-2.027074049084704,0,1,0,0,0,0
197,Pantai Jungwok,Yogyakarta,Daerah Istimewa Yogyakarta,bahari,-0.4715182986923315,0.329439536210163,-2.027074049084704,0,1,0,0,0,0
198,Pantai Greweng,Yogyakarta,Daerah Istimewa Yogyakarta,bahari,-0.4715182986923315,0.329439536210163,-2.027074049084704,0,1,0,0,0,0
199,Pantai Sedahan,Yogyakarta,Daerah Istimewa Yogyakarta,bahari,-0.4715182986923315,-0.11125891606410736,-2.027074049084704,0,1,0,0,0,0
200,Pantai Watu Kodok,Yogyakarta,Daerah Istimewa Yogyakarta,bahari,-0.4715182986923315,0.329439536210163,-2.027074049084704,0,1,0,0,0,0
201,Pantai Kesirat,Yogyakarta,Daerah Istimewa Yogyakarta,bahari,-0.4715182986923315,0.329439536210163,-2.027074049084704,0,1,0,0,0,0
202,Pantai Ngandong,Yogyakarta,Daerah Istimewa Yogyakarta,bahari,-0.34979213559620675,-0.11125891606410736,-2.027074049084704,0,1,0,0,0,0
203,Galaxy Waterpark Jogja,Yogyakarta,Daerah Istimewa Yogyakarta,hiburan,0.38056484298054166,-0.9926558206126519,-2.027074049084704,0,0,0,0,1,0
204,Desa Wisata Pulesari,Yogyakarta,Daerah Istimewa Yogyakarta,hiburan,-0.5932444617884562,-0.5519573683383777,-1.5220850880924341,0,0,0,0,1,0
205,Desa Wisata Tembi,Yogyakarta,Daerah Istimewa Yogyakarta,hiburan,0.6240171691727912,-0.11125891606410736,-2.027074049084704,0,0,0,0,1,0
206,Wisata Kaliurang,Yogyakarta,Daerah Istimewa Yogyakarta,alam,-0.39848260083465664,-0.5519573683383777,-2.027074049084704,1,0,0,0,0,0
207,Heha Sky View,Yogyakarta,Daerah Istimewa Yogyakarta,hiburan,-0.22806597250008204,-0.5519573683383777,-2.027074049084704,0,0,0,0,1,0
208,Taman Sungai Mudal,Yogyakarta,Daerah Istimewa Yogyakarta,alam,-0.34979213559620675,0.329439536210163,-2.027074049084704,1,0,0,0,0,0
209,Pantai Sanglen,Yogyakarta,Daerah Istimewa Yogyakarta,bahari,-0.34979213559620675,-0.11125891606410736,-2.027074049084704,0,1,0,0,0,0
210,Pantai Congot,Yogyakarta,Daerah Istimewa Yogyakarta,bahari,-0.5202087639307814,-0.9926558206126519,-2.027074049084704,0,1,0,0,0,0
211,GunungTangkuban perahu,Bandung,Jawa Barat,alam,0.13711251678829217,-0.11125891606410736,-2.027074049084704,1,0,0,0,0,0
212,Jalan Braga,Bandung,Jawa Barat,budaya,-0.5932444617884562,0.7701379884844373,-2.027074049084704,0,0,0,1,0,0
213,Gedung Sate,Bandung,Jawa Barat,budaya,-0.4715182986923315,0.329439536210163,-1.5220850880924341,0,0,0,1,0,0
214,Trans Studio Bandung,Bandung,Jawa Barat,hiburan,6.223420671594529,-0.11125891606410736,-2.027074049084704,0,0,0,0,1,0
215,Taman Hutan Raya Ir. H. Djuanda,Bandung,Jawa Barat,alam,-0.22806597250008204,-0.11125891606410736,-2.027074049084704,1,0,0,0,0,0
216,Farm House Susu Lembang,Bandung,Jawa Barat,hiburan,0.13711251678829217,-0.5519573683383777,-2.027074049084704,0,0,0,0,1,0
217,Kebun Binatang Bandung,Bandung,Jawa Barat,alam,-0.10633980940395729,-2.314751177435467,-2.027074049084704,1,0,0,0,0,0
218,Kawah Putih,Bandung,Jawa Barat,alam,1.3787193803687645,-0.11125891606410736,-2.027074049084704,1,0,0,0,0,0
219,Tebing Karaton,Bandung,Jawa Barat,alam,-0.22806597250008204,-0.11125891606410736,-2.027074049084704,1,0,0,0,0,0
220,Dusun Bambu,Bandung,Jawa Barat,hiburan,0.015386353692167442,-0.11125891606410736,-1.5220850880924341,0,0,0,0,1,0
221,Museum Geologi Bandung,Bandung,Jawa Barat,budaya,-0.5445539965500064,0.329439536210163,-2.027074049084704,0,0,0,1,0,0
222,Museum Konferensi Asia Afrika,Bandung,Jawa Barat,budaya,-0.5932444617884562,0.329439536210163,-2.027074049084704,0,0,0,1,0,0
223,Masjid Raya Bandung,Bandung,Jawa Barat,religi,-0.5932444617884562,0.7701379884844373,-1.5220850880924341,0,0,0,0,0,1
224,Dago Dreampark,Bandung,Jawa Barat,hiburan,0.38056484298054166,-1.4333542728869222,-2.027074049084704,0,0,0,0,1,0
225,Orchid Forest Cikole,Bandung,Jawa Barat,hiburan,0.6240171691727912,0.329439536210163,-2.027074049084704,0,0,0,0,1,0
226,Kawasan Punclut,Bandung,Jawa Barat,hiburan,-0.10633980940395729,-0.5519573683383777,-2.027074049084704,0,0,0,0,1,0
227,Alun-Alun Kota Bandung,Bandung,Jawa Barat,hiburan,-0.5932444617884562,0.329439536210163,-2.027074049084704,0,0,0,0,1,0
228,Museum Sri Baduga,Bandung,Jawa Barat,budaya,-0.5202087639307814,-0.11125891606410736,-2.027074049084704,0,0,0,1,0,0
229,Rabbit Town,Bandung,Jawa Barat,hiburan,0.5022910060766663,-2.314751177435467,-2.027074049084704,0,0,0,0,1,0
230,Stone Garden Citatah,Bandung,Jawa Barat,hiburan,0.13711251678829217,-0.5519573683383777,-2.027074049084704,0,0,0,0,1,0
231,The Great Asia Africa,Bandung,Jawa Barat,hiburan,0.6240171691727912,-0.5519573683383777,-1.5220850880924341,0,0,0,0,1,0
232,Bukit Moko,Bandung,Jawa Barat,alam,0.015386353692167442,-0.11125891606410736,-1.5220850880924341,1,0,0,0,0,0
233,Gunung Papandayan,Bandung,Jawa Barat,alam,0.13711251678829217,0.329439536210163,-2.027074049084704,1,0,0,0,0,0
234,Amazing Art World,Bandung,Jawa Barat,budaya,1.2326479846534149,-0.11125891606410736,-2.027074049084704,0,0,0,1,0,0
235,Gua Belanda,Bandung,Jawa Barat,alam,-0.22806597250008204,-0.5519573683383777,-2.027074049084704,1,0,0,0,0,0
236,Taman Balai Kota Bandung,Bandung,Jawa Barat,hiburan,-0.5932444617884562,0.329439536210163,-2.027074049084704,0,0,0,0,1,0
237,Panghegar Waterboom Bandung,Bandung,Jawa Barat,hiburan,1.2326479846534149,-0.9926558206126519,-2.027074049084704,0,0,0,0,1,0
238,Gunung Manglayang,Bandung,Jawa Barat,alam,-0.4106552171442691,-0.11125891606410736,-2.027074049084704,1,0,0,0,0,0
239,Lembang Park & Zoo,Bandung,Jawa Barat,alam,0.6240171691727912,-0.11125891606410736,-2.027074049084704,1,0,0,0,0,0
240,Taman Lalu Lintas Ade Irma Suryani Nasution,Bandung,Jawa Barat,hiburan,-0.4228278334538816,-0.5519573683383777,-2.027074049084704,0,0,0,0,1,0
241,Lawangwangi Creative Space,Bandung,Jawa Barat,hiburan,-0.5932444617884562,-0.5519573683383777,-1.5220850880924341,0,0,0,0,1,0
242,Curug Dago,Bandung,Jawa Barat,alam,-0.30110167035775687,-2.314751177435467,-2.027074049084704,1,0,0,0,0,0
243,Kampung Korea Bandung,Bandung,Jawa Barat,budaya,-0.22806597250008204,-1.8740527251611965,-2.027074049084704,0,0,0,1,0,0
244,Kampung Batu Malakasari,Bandung,Jawa Barat,hiburan,-0.34979213559620675,-1.8740527251611965,-1.5220850880924341,0,0,0,0,1,0
245,Jendela Alam,Bandung,Jawa Barat,hiburan,-0.10633980940395729,-0.5519573683383777,-2.027074049084704,0,0,0,0,1,0
246,Curug Tilu Leuwi Opat,Bandung,Jawa Barat,alam,-0.34979213559620675,-0.5519573683383777,-2.027074049084704,1,0,0,0,0,0
247,Kiara Artha Park,Bandung,Jawa Barat,hiburan,-0.22806597250008204,-0.5519573683383777,-2.027074049084704,0,0,0,0,1,0
248,NuArt Sculpture Park,Bandung,Jawa Barat,hiburan,0.6240171691727912,0.7701379884844373,-2.027074049084704,0,0,0,0,1,0
249,Upside Down World Bandung,Bandung,Jawa Barat,hiburan,1.8412788001340386,-2.314751177435467,-1.5220850880924341,0,0,0,0,1,0
250,Pesona Nirwana Waterpark & Cottages,Bandung,Jawa Barat,hiburan,0.6240171691727912,-1.8740527251611965,-2.027074049084704,0,0,0,0,1,0
251,Taman Lansia,Bandung,Jawa Barat,hiburan,-0.5932444617884562,-0.5519573683383777,-2.027074049084704,0,0,0,0,1,0
252,Kampoeng Tulip,Bandung,Jawa Barat,hiburan,-0.22806597250008204,-3.1961480819840116,-2.027074049084704,0,0,0,0,1,0
253,Selasar Sunaryo Art Space,Bandung,Jawa Barat,hiburan,0.015386353692167442,0.329439536210163,-2.027074049084704,0,0,0,0,1,0
254,Teras Cikapundung BBWS,Bandung,Jawa Barat,hiburan,-0.5932444617884562,-0.9926558206126519,-1.5220850880924341,0,0,0,0,1,0
255,Museum Barli,Bandung,Jawa Barat,budaya,-0.22806597250008204,-0.5519573683383777,-2.027074049084704,0,0,0,1,0,0
256,Wisata Batu Kuda,Bandung,Jawa Barat,alam,-0.34979213559620675,-0.5519573683383777,-2.027074049084704,1,0,0,0,0,0
257,Monumen Bandung Lautan Api,Bandung,Jawa Barat,budaya,-0.5932444617884562,-0.9926558206126519,-2.027074049084704,0,0,0,1,0,0
258,Museum Gedung Sate,Bandung,Jawa Barat,budaya,-0.4715182986923315,0.329439536210163,-2.027074049084704,0,0,0,1,0,0
259,Monumen Perjuangan Rakyat Jawa Barat,Bandung,Jawa Barat,budaya,-0.5932444617884562,-0.11125891606410736,-2.027074049084704,0,0,0,1,0,0
260,Museum Pos Indonesia,Bandung,Jawa Barat,budaya,-0.5932444617884562,-0.11125891606410736,-2.027074049084704,0,0,0,1,0,0
261,Ciwangun Indah Camp Official,Bandung,Jawa Barat,alam,-0.34979213559620675,-0.9926558206126519,-2.027074049084704,1,0,0,0,0,0
262,Wot Batu,Bandung,Jawa Barat,alam,0.6240171691727912,0.7701379884844373,-2.027074049084704,1,0,0,0,0,0
263,Curug Batu Templek,Bandung,Jawa Barat,alam,-0.4715182986923315,-1.8740527251611965,-2.027074049084704,1,0,0,0,0,0
264,Gereja Katedral Santo Petrus Bandung,Bandung,Jawa Barat,religi,-0.5932444617884562,1.2108364407587076,-1.5220850880924341,0,0,0,0,0,1
265,Museum Mandala Wangsit Siliwangi,Bandung,Jawa Barat,budaya,-0.5932444617884562,-0.5519573683383777,-2.027074049084704,0,0,0,1,0,0
266,Caringin Tilu,Bandung,Jawa Barat,alam,-0.5932444617884562,-0.5519573683383777,-1.5220850880924341,1,0,0,0,0,0
267,Panama Park 825,Bandung,Jawa Barat,hiburan,0.6240171691727912,-0.5519573683383777,-2.027074049084704,0,0,0,0,1,0
268,Sudut Pandang Bandung,Bandung,Jawa Barat,hiburan,0.6240171691727912,0.329439536210163,-1.5220850880924341,0,0,0,0,1,0
269,Bumi Perkemahan Batu Kuda,Bandung,Jawa Barat,alam,-0.4106552171442691,-0.11125891606410736,-2.027074049084704,1,0,0,0,0,0
270,Bukit Bintang,Bandung,Jawa Barat,alam,0.015386353692167442,0.329439536210163,-1.5220850880924341,1,0,0,0,0,0
271,Taman Vanda,Bandung,Jawa Barat,hiburan,-0.5932444617884562,-0.9926558206126519,-2.027074049084704,0,0,0,0,1,0
272,Taman Budaya Jawa Barat,Bandung,Jawa Barat,budaya,-0.5932444617884562,-0.9926558206126519,-2.027074049084704,0,0,0,1,0,0
273,Curug Bugbrug,Bandung,Jawa Barat,alam,-0.4106552171442691,-0.9926558206126519,-2.027074049084704,1,0,0,0,0,0
274,Babakan Siliwangi City Forest Path Bandung,Bandung,Jawa Barat,alam,-0.5932444617884562,0.329439536210163,-2.027074049084704,1,0,0,0,0,0
275,Curug Cipanas,Bandung,Jawa Barat,alam,-0.10633980940395729,-2.755449629709739,-2.027074049084704,1,0,0,0,0,0
276,Taman Jomblo,Bandung,Jawa Barat,hiburan,-0.34979213559620675,-1.8740527251611965,-2.027074049084704,0,0,0,0,1,0
277,Peta Park,Bandung,Jawa Barat,hiburan,-0.22806597250008204,-0.9926558206126519,-2.027074049084704,0,0,0,0,1,0
278,Masjid Daarut Tauhiid Bandung,Bandung,Jawa Barat,religi,-0.5932444617884562,1.6515348930329818,-0.5121071661078944,0,0,0,0,0,1
279,Masjid Agung Trans Studio Bandung,Bandung,Jawa Barat,religi,-0.5932444617884562,1.2108364407587076,-1.5220850880924341,0,0,0,0,0,1
280,Gereja Tiberias Indonesia Bandung,Bandung,Jawa Barat,religi,-0.5932444617884562,1.6515348930329818,-1.5220850880924341,0,0,0,0,0,1
281,Tektona Waterpark,Bandung,Jawa Barat,hiburan,0.8674694953650406,-3.1961480819840116,-1.5220850880924341,0,0,0,0,1,0
282,Curug Cilengkrang,Bandung,Jawa Barat,alam,-0.4106552171442691,-2.314751177435467,-2.027074049084704,1,0,0,0,0,0
283,Jembatan Pasupati,Bandung,Jawa Barat,hiburan,-0.5932444617884562,0.329439536210163,-2.027074049084704,0,0,0,0,1,0
284,Pasar Baru,Bandung,Jawa Barat,belanja,-0.5932444617884562,-0.9926558206126519,-1.5220850880924341,0,0,1,0,0,0
285,Taman Sejarah Bandung,Bandung,Jawa Barat,budaya,-0.5932444617884562,0.329439536210163,-2.027074049084704,0,0,0,1,0,0
286,Roemah Seni Sarasvati,Bandung,Jawa Barat,budaya,-0.5932444617884562,-0.5519573683383777,-2.027074049084704,0,0,0,1,0,0
287,Puspa Iptek Sundial,Bandung,Jawa Barat,hiburan,0.015386353692167442,-0.5519573683383777,-2.027074049084704,0,0,0,0,1,0
288,Masjid Salman ITB,Bandung,Jawa Barat,religi,-0.5932444617884562,1.2108364407587076,-1.5220850880924341,0,0,0,0,0,1
289,Curug Aseupan,Bandung,Jawa Barat,alam,-0.34979213559620675,0.7701379884844373,-2.027074049084704,1,0,0,0,0,0
290,Museum Pendidikan Nasional,Bandung,Jawa Barat,budaya,-0.4715182986923315,0.329439536210163,-2.027074049084704,0,0,0,1,0,0
291,Water Park Bandung Indah,Bandung,Jawa Barat,hiburan,0.6240171691727912,-2.314751177435467,-2.027074049084704,0,0,0,0,1,0
292,Curug Anom,Bandung,Jawa Barat,alam,-0.5932444617884562,0.329439536210163,-2.027074049084704,1,0,0,0,0,0
293,Taman Badak,Bandung,Jawa Barat,hiburan,-0.5932444617884562,-0.11125891606410736,-2.027074049084704,0,0,0,0,1,0
294,Taman Film,Bandung,Jawa Barat,budaya,-0.5932444617884562,-0.9926558206126519,-2.027074049084704,0,0,0,1,0,0
295,Museum Nike Ardilla,Bandung,Jawa Barat,budaya,-0.5932444617884562,0.329439536210163,-1.5220850880924341,0,0,0,1,0,0
296,Batununggal Indah Club,Bandung,Jawa Barat,hiburan,1.11092182155729,-0.5519573683383777,-2.027074049084704,0,0,0,0,1,0
297,Mountain View Golf Club,Bandung,Jawa Barat,alam,8.5362177704209,-0.5519573683383777,-1.5220850880924341,1,0,0,0,0,0
298,Gunung Lalakon,Bandung,Jawa Barat,alam,-0.5932444617884562,1.2108364407587076,-1.5220850880924341,1,0,0,0,0,0
299,Sendang Geulis Kahuripan,Bandung,Jawa Barat,alam,-0.34979213559620675,-0.9926558206126519,-2.027074049084704,1,0,0,0,0,0
300,Sanghyang Heuleut,Bandung,Jawa Barat,alam,-0.34979213559620675,-0.5519573683383777,-2.027074049084704,1,0,0,0,0,0
301,Lereng Anteng Panoramic Coffee Place,Bandung,Jawa Barat,alam,0.6240171691727912,-0.5519573683383777,-1.5220850880924341,1,0,0,0,0,0
302,Masjid Pusdai,Bandung,Jawa Barat,religi,-0.5932444617884562,0.7701379884844373,-1.5220850880924341,0,0,0,0,0,1
303,Masjid Al-Imtizaj,Bandung,Jawa Barat,religi,-0.5932444617884562,0.7701379884844373,-1.5220850880924341,0,0,0,0,0,1
304,Situ Cileunca,Bandung,Jawa Barat,alam,-0.5323813802403938,-0.5519573683383777,-2.027074049084704,1,0,0,0,0,0
305,Sunrise Point Cukul,Bandung,Jawa Barat,alam,-0.34979213559620675,0.329439536210163,-2.027074049084704,1,0,0,0,0,0
306,Sungai Palayangan,Bandung,Jawa Barat,alam,3.058540431095286,0.329439536210163,-2.027074049084704,1,0,0,0,0,0
307,Perkebunan Teh Malabar,Bandung,Jawa Barat,alam,-0.4715182986923315,-0.5519573683383777,-2.027074049084704,1,0,0,0,0,0
308,Pemandian Air Panas Ciater,Bandung,Jawa Barat,alam,-0.22806597250008204,-0.9926558206126519,-2.027074049084704,1,0,0,0,0,0
309,Observatorium Bosscha,Bandung,Jawa Barat,alam,0.015386353692167442,-0.11125891606410736,-2.027074049084704,1,0,0,0,0,0
310,Taman Bunga Cihideung,Bandung,Jawa Barat,alam,-0.5932444617884562,-1.8740527251611965,-2.027074049084704,1,0,0,0,0,0
311,The Lodge Maribaya,Bandung,Jawa Barat,alam,0.015386353692167442,-0.9926558206126519,-1.5220850880924341,1,0,0,0,0,0
312,Taman Hutan Raya Ir. H. Juanda,Bandung,Jawa Barat,alam,-0.3254469029769818,-0.11125891606410736,-2.027074049084704,1,0,0,0,0,0
313,Taman Begonia,Bandung,Jawa Barat,alam,-0.34979213559620675,-0.5519573683383777,-2.027074049084704,1,0,0,0,0,0
314,Tafso Barn,Bandung,Jawa Barat,alam,-0.5932444617884562,-1.4333542728869222,-1.5220850880924341,1,0,0,0,0,0
315,Curug Luhur Waterfall,Bandung,Jawa Barat,alam,-0.4715182986923315,-1.4333542728869222,-2.027074049084704,1,0,0,0,0,0
316,Curug Malela,Bandung,Jawa Barat,alam,-0.34979213559620675,-0.5519573683383777,-2.027074049084704,1,0,0,0,0,0
317,Curug Cimahi,Bandung,Jawa Barat,alam,-0.22806597250008204,0.329439536210163,-2.027074049084704,1,0,0,0,0,0
318,Situ Patenggang,Bandung,Jawa Barat,alam,-0.10633980940395729,-0.11125891606410736,-2.027074049084704,1,0,0,0,0,0
319,Kawah Rengganis Cibuni,Bandung,Jawa Barat,alam,-0.4715182986923315,-0.9926558206126519,-2.027074049084704,1,0,0,0,0,0
320,Pemandian Air Panas Cimanggu,Bandung,Jawa Barat,alam,-0.033304111546282454,-2.755449629709739,-2.027074049084704,1,0,0,0,0,0
321,Glamping Lakeside Rancabali,Bandung,Jawa Barat,hiburan,0.13711251678829217,-0.5519573683383777,-1.5220850880924341,0,0,0,0,1,0
322,Bukit Jamur,Bandung,Jawa Barat,alam,-0.5932444617884562,-1.4333542728869222,-2.027074049084704,1,0,0,0,0,0
323,Kebun Tanaman Obat Sari Alam,Bandung,Jawa Barat,alam,-0.5932444617884562,1.6515348930329818,-2.027074049084704,1,0,0,0,0,0
324,Happyfarm Ciwidey,Bandung,Jawa Barat,alam,-0.22806597250008204,-1.4333542728869222,-2.027074049084704,1,0,0,0,0,0
325,Saung Angklung Mang Udjo,Bandung,Jawa Barat,budaya,1.2326479846534149,0.7701379884844373,-2.027074049084704,0,0,0,1,0,0
326,Taman Kupu-Kupu Cihanjuang,Bandung,Jawa Barat,alam,-0.34979213559620675,-2.314751177435467,-2.027074049084704,1,0,0,0,0,0
327,Taman Miniatur Kereta Api,Bandung,Jawa Barat,hiburan,-0.22806597250008204,-0.5519573683383777,-1.5220850880924341,0,0,0,0,1,0
328,Gua Pawon,Bandung,Jawa Barat,alam,-0.34979213559620675,-0.11125891606410736,-2.027074049084704,1,0,0,0,0,0
329,Bukit Gantole Cililin,Bandung,Jawa Barat,alam,-0.5932444617884562,-0.5519573683383777,-2.027074049084704,1,0,0,0,0,0
330,Bandros City Tour,Bandung,Jawa Barat,budaya,0.38056484298054166,-0.5519573683383777,-2.027074049084704,0,0,0,1,0,0
331,Kyotoku Floating Market,Bandung,Jawa Barat,budaya,3.6671712465759096,-0.11125891606410736,-2.027074049084704,0,0,0,1,0,0
332,Rainbow Garden,Bandung,Jawa Barat,alam,-0.10633980940395729,0.329439536210163,-1.5220850880924341,1,0,0,0,0,0
333,Kota Mini,Bandung,Jawa Barat,hiburan,-0.10633980940395729,-0.5519573683383777,-1.5220850880924341,0,0,0,0,1,0
334,Chingu Cafe Little Seoul,Bandung,Jawa Barat,hiburan,0.6240171691727912,-0.11125891606410736,-1.5220850880924341,0,0,0,0,1,0
335,Candi Gedong Songo,Semarang,Jawa Tengah,budaya,-0.34979213559620675,-0.11125891606410736,-2.027074049084704,0,0,0,1,0,0
336,Grand Maerakaca,Semarang,Jawa Tengah,hiburan,-0.22806597250008204,-0.5519573683383777,-2.027074049084704,0,0,0,0,1,0
337,Kampung Pelangi,Semarang,Jawa Tengah,hiburan,-0.5202087639307814,-0.9926558206126519,-2.027074049084704,0,0,0,0,1,0
338,Lawang Sewu,Semarang,Jawa Tengah,budaya,-0.34979213559620675,0.329439536210163,-2.027074049084704,0,0,0,1,0,0
339,Sam Poo Kong Temple,Semarang,Jawa Tengah,budaya,0.2588386798844169,-0.11125891606410736,-2.027074049084704,0,0,0,1,0,0
340,Desa Wisata Lembah Kalipancur,Semarang,Jawa Tengah,hiburan,-0.5932444617884562,-2.755449629709739,-2.027074049084704,0,0,0,0,1,0
341,Hutan Wisata Tinjomoyo Semarang,Semarang,Jawa Tengah,alam,-0.5202087639307814,-0.9926558206126519,-2.027074049084704,1,0,0,0,0,0
342,Taman Kasmaran,Semarang,Jawa Tengah,hiburan,-0.5202087639307814,-0.11125891606410736,-1.5220850880924341,0,0,0,0,1,0
343,Pantai Baruna,Semarang,Jawa Tengah,bahari,-0.5202087639307814,-2.314751177435467,-2.027074049084704,0,1,0,0,0,0
344,Pantai Marina,Semarang,Jawa Tengah,bahari,-0.5202087639307814,-1.8740527251611965,-2.027074049084704,0,1,0,0,0,0
345,Kampoeng Djadhoel Semarang,Semarang,Jawa Tengah,budaya,-0.34979213559620675,0.7701379884844373,-2.027074049084704,0,0,0,1,0,0
346,Indonesia Kaya Park,Semarang,Jawa Tengah,hiburan,-0.5932444617884562,0.329439536210163,-2.027074049084704,0,0,0,0,1,0
347,Taman Pandanaran,Semarang,Jawa Tengah,hiburan,-0.5932444617884562,-0.5519573683383777,-1.0170961271001644,0,0,0,0,1,0
348,Pura Giri Natha,Semarang,Jawa Tengah,budaya,-0.10633980940395729,0.7701379884844373,-1.5220850880924341,0,0,0,1,0,0
349,Wisata Mangrove Tapak,Semarang,Jawa Tengah,alam,-0.4715182986923315,-0.9926558206126519,-2.027074049084704,1,0,0,0,0,0
350,Pantai Cipta,Semarang,Jawa Tengah,bahari,-0.4715182986923315,-2.314751177435467,-2.027074049084704,0,1,0,0,0,0
351,Old City 3D Trick Art Museum,Semarang,Jawa Tengah,budaya,0.6240171691727912,-0.5519573683383777,-2.027074049084704,0,0,0,1,0,0
352,GPIB Immanuel Semarang (Gereja Blenduk),Semarang,Jawa Tengah,religi,-0.5932444617884562,0.329439536210163,-1.5220850880924341,0,0,0,0,0,1
353,Taman Srigunting,Semarang,Jawa Tengah,hiburan,-0.5932444617884562,0.7701379884844373,-1.5220850880924341,0,0,0,0,1,0
354,Semarang Contemporary Art Gallery,Semarang,Jawa Tengah,budaya,-0.34979213559620675,0.329439536210163,-2.027074049084704,0,0,0,1,0,0
355,Umbul Sidomukti,Semarang,Jawa Tengah,alam,1.2326479846534149,0.329439536210163,-2.027074049084704,1,0,0,0,0,0
356,Saloka Theme Park,Semarang,Jawa Tengah,hiburan,3.058540431095286,-0.5519573683383777,-2.027074049084704,0,0,0,0,1,0
357,Wisata Alam Wana Wisata Penggaron,Semarang,Jawa Tengah,alam,-0.34979213559620675,-1.8740527251611965,-2.027074049084704,1,0,0,0,0,0
358,Masjid Kapal Semarang,Semarang,Jawa Tengah,religi,-0.5932444617884562,-1.8740527251611965,-1.5220850880924341,0,0,0,0,0,1
359,Taman Bunga Celosia,Semarang,Jawa Tengah,alam,0.015386353692167442,-0.9926558206126519,-1.5220850880924341,1,0,0,0,0,0
360,Air Terjun Kali Pancur,Semarang,Jawa Tengah,alam,-0.4715182986923315,-1.8740527251611965,-2.027074049084704,1,0,0,0,0,0
361,Wisata Kampung Krisan Clapar,Semarang,Jawa Tengah,hiburan,-0.34979213559620675,-1.8740527251611965,-2.027074049084704,0,0,0,0,1,0
362,Danau Rawa Pening,Semarang,Jawa Tengah,alam,-0.22806597250008204,-0.5519573683383777,-2.027074049084704,1,0,0,0,0,0
363,Pantai Maron,Semarang,Jawa Tengah,bahari,-0.4715182986923315,-4.958941891081099,-1.0170961271001644,0,1,0,0,0,0
364,Water Blaster Bukit Candi Golf,Semarang,Jawa Tengah,hiburan,1.3543741477495395,-1.4333542728869222,-2.027074049084704,0,0,0,0,1,0
365,Waduk Jatibarang,Semarang,Jawa Tengah,alam,-0.5323813802403938,-0.9926558206126519,-2.027074049084704,1,0,0,0,0,0
366,Tirto Argo Siwarak,Semarang,Jawa Tengah,hiburan,-0.10633980940395729,-0.5519573683383777,-2.027074049084704,0,0,0,0,1,0
367,Wisata Lereng Kelir,Semarang,Jawa Tengah,alam,-0.4228278334538816,-0.9926558206126519,-2.027074049084704,1,0,0,0,0,0
368,Kampoeng Rawa,Semarang,Jawa Tengah,alam,-0.5202087639307814,-0.11125891606410736,-1.5220850880924341,1,0,0,0,0,0
369,Monumen Palagan Ambarawa,Semarang,Jawa Tengah,budaya,-0.4106552171442691,-0.5519573683383777,-2.027074049084704,0,0,0,1,0,0
370,Benteng Pendem,Semarang,Jawa Tengah,budaya,-0.4715182986923315,-1.4333542728869222,-2.027074049084704,0,0,0,1,0,0
371,Wisata Eling Bening,Semarang,Jawa Tengah,alam,0.015386353692167442,-0.9926558206126519,-1.5220850880924341,1,0,0,0,0,0
372,Gua Maria Kerep Ambarawa,Semarang,Jawa Tengah,alam,-0.5445539965500064,1.2108364407587076,-1.5220850880924341,1,0,0,0,0,0
373,Museum Kereta Ambarawa,Semarang,Jawa Tengah,budaya,-0.34979213559620675,-0.11125891606410736,-2.027074049084704,0,0,0,1,0,0
374,Hutan Pinus Kayon,Semarang,Jawa Tengah,alam,-0.44717306607310653,-0.5519573683383777,-2.027074049084704,1,0,0,0,0,0
375,Kota Lama Semarang,Semarang,Jawa Tengah,budaya,-0.5932444617884562,0.7701379884844373,-2.027074049084704,0,0,0,1,0,0
376,Semarang Chinatown,Semarang,Jawa Tengah,budaya,0.13711251678829217,-0.11125891606410736,-2.027074049084704,0,0,0,1,0,0
377,La Kana Chapel,Semarang,Jawa Tengah,hiburan,0.2588386798844169,-0.11125891606410736,-2.027074049084704,0,0,0,0,1,0
378,Jembatan Biru Ambarawa,Semarang,Jawa Tengah,hiburan,-0.5932444617884562,-1.4333542728869222,-2.027074049084704,0,0,0,0,1,0
379,Goa Rong,Semarang,Jawa Tengah,alam,-0.4715182986923315,-0.9926558206126519,-1.5220850880924341,1,0,0,0,0,0
380,Masjid Agung Ungaran,Semarang,Jawa Tengah,religi,-0.5932444617884562,0.7701379884844373,-1.5220850880924341,0,0,0,0,0,1
381,Tugu Muda Semarang,Semarang,Jawa Tengah,budaya,-0.5932444617884562,0.7701379884844373,-2.027074049084704,0,0,0,1,0,0
382,Kampoeng Kopi Banaran,Semarang,Jawa Tengah,hiburan,4.275802062056533,-0.9926558206126519,-2.027074049084704,0,0,0,0,1,0
383,Taman Tabanas,Semarang,Jawa Tengah,hiburan,-0.5932444617884562,-0.5519573683383777,-1.5220850880924341,0,0,0,0,1,0
384,Kampung Tematik Jawi,Semarang,Jawa Tengah,budaya,-0.5932444617884562,-0.11125891606410736,-1.5220850880924341,0,0,0,1,0,0
385,Kampung Batik Gedong Semarang,Semarang,Jawa Tengah,budaya,-0.5932444617884562,-0.5519573683383777,-2.027074049084704,0,0,0,1,0,0
386,Air Terjun Semirang,Semarang,Jawa Tengah,alam,-0.3741373682154317,-0.5519573683383777,-2.027074049084704,1,0,0,0,0,0
387,Obyek Wisata Goa Kreo,Semarang,Jawa Tengah,alam,-0.459345682382719,-0.9926558206126519,-2.027074049084704,1,0,0,0,0,0
388,Watu Gunung Ungaran,Semarang,Jawa Tengah,alam,0.015386353692167442,-0.5519573683383777,-2.027074049084704,1,0,0,0,0,0
389,Brown Canyon,Semarang,Jawa Tengah,alam,-0.5932444617884562,-1.4333542728869222,-2.027074049084704,1,0,0,0,0,0
390,Durian Gardens and Tourism Education Watu Simbar,Semarang,Jawa Tengah,alam,-0.4715182986923315,-1.8740527251611965,-2.027074049084704,1,0,0,0,0,0
391,Flower Farm Setiya Aji,Semarang,Jawa Tengah,alam,-0.4106552171442691,-1.8740527251611965,-2.027074049084704,1,0,0,0,0,0
392,Ekowisata Mangrove Wonorejo,Surabaya,Jawa Timur,alam,-0.5932444617884562,-0.9926558206126519,-2.027074049084704,1,0,0,0,0,0
393,Taman Harmoni Keputih,Surabaya,Jawa Timur,alam,-0.5932444617884562,-0.5519573683383777,-1.5220850880924341,1,0,0,0,0,0
394,Air Mancur Menari,Surabaya,Jawa Timur,hiburan,0.2588386798844169,-0.5519573683383777,-1.0170961271001644,0,0,0,0,1,0
395,Taman Prestasi,Surabaya,Jawa Timur,hiburan,-0.5932444617884562,0.329439536210163,-2.027074049084704,0,0,0,0,1,0
396,Monumen Kapal Selam,Surabaya,Jawa Timur,budaya,-0.22806597250008204,-0.5519573683383777,-2.027074049084704,0,0,0,1,0,0
397,Taman Kunang-Kunang,Surabaya,Jawa Timur,hiburan,-0.5932444617884562,-0.5519573683383777,-2.027074049084704,0,0,0,0,1,0
398,Taman Buah Surabaya,Surabaya,Jawa Timur,hiburan,-0.5932444617884562,-1.8740527251611965,-2.027074049084704,0,0,0,0,1,0
399,Taman Pelangi,Surabaya,Jawa Timur,hiburan,-0.5932444617884562,-0.11125891606410736,-2.027074049084704,0,0,0,0,1,0
400,Hutan Bambu Keputih,Surabaya,Jawa Timur,alam,-0.5932444617884562,-0.9926558206126519,-2.027074049084704,1,0,0,0,0,0
401,Taman Keputran,Surabaya,Jawa Timur,hiburan,-0.5932444617884562,-0.9926558206126519,-2.027074049084704,0,0,0,0,1,0
402,Food Junction Grand Pakuwon,Surabaya,Jawa Timur,belanja,-0.5932444617884562,-0.11125891606410736,-2.027074049084704,0,0,1,0,0,0
403,Taman Barunawati,Surabaya,Jawa Timur,hiburan,-0.5932444617884562,-1.4333542728869222,-2.027074049084704,0,0,0,0,1,0
404,Kenjeran Park,Surabaya,Jawa Timur,hiburan,0.2588386798844169,-1.4333542728869222,-2.027074049084704,0,0,0,0,1,0
405,Surabaya North Quay,Surabaya,Jawa Timur,hiburan,0.6240171691727912,-0.5519573683383777,-2.027074049084704,0,0,0,0,1,0
406,Kebun Bibit Wonorejo,Surabaya,Jawa Timur,alam,-0.5932444617884562,-0.5519573683383777,-2.027074049084704,1,0,0,0,0,0
407,Taman Ekspresi Dan Perpustakaan,Surabaya,Jawa Timur,hiburan,-0.5932444617884562,-0.11125891606410736,-2.027074049084704,0,0,0,0,1,0
408,Kebun Binatang Surabaya,Surabaya,Jawa Timur,alam,-0.22806597250008204,-0.9926558206126519,-2.027074049084704,1,0,0,0,0,0
409,Rumah Batik,Surabaya,Jawa Timur,budaya,-0.5932444617884562,-0.11125891606410736,-2.027074049084704,0,0,0,1,0,0
410,Ciputra Waterpark,Surabaya,Jawa Timur,hiburan,1.719552637037914,-0.9926558206126519,-2.027074049084704,0,0,0,0,1,0
411,Masjid Muhammad Cheng Hoo,Surabaya,Jawa Timur,religi,-0.5932444617884562,0.7701379884844373,-1.5220850880924341,0,0,0,0,0,1
412,Masjid Nasional Al-Akbar,Surabaya,Jawa Timur,religi,-0.5932444617884562,1.6515348930329818,-1.5220850880924341,0,0,0,0,0,1
413,Museum TNI AL Loka Jala Crana,Surabaya,Jawa Timur,budaya,-0.5445539965500064,-0.11125891606410736,-2.027074049084704,0,0,0,1,0,0
414,Jembatan Merah,Surabaya,Jawa Timur,budaya,-0.5932444617884562,-0.11125891606410736,-2.027074049084704,0,0,0,1,0,0
415,Museum De Javasche Bank,Surabaya,Jawa Timur,budaya,-0.4715182986923315,0.329439536210163,-2.027074049084704,0,0,0,1,0,0
416,Keraton Surabaya,Surabaya,Jawa Timur,budaya,-0.5932444617884562,-0.5519573683383777,-2.027074049084704,0,0,0,1,0,0
417,Klenteng Sanggar Agung,Surabaya,Jawa Timur,budaya,-0.34979213559620675,-0.11125891606410736,-1.5220850880924341,0,0,0,1,0,0
418,Museum Sepuluh Nopember Kota Surabaya,Surabaya,Jawa Timur,budaya,-0.4715182986923315,0.7701379884844373,-2.027074049084704,0,0,0,1,0,0
419,Monumen Tugu Pahlawan,Surabaya,Jawa Timur,budaya,-0.5932444617884562,0.7701379884844373,-2.027074049084704,0,0,0,1,0,0
420,Surabaya Museum (Gedung Siola),Surabaya,Jawa Timur,budaya,-0.5932444617884562,-0.11125891606410736,-2.027074049084704,0,0,0,1,0,0
421,Museum Kesehatan Dr. Adhyatma,Surabaya,Jawa Timur,budaya,-0.34979213559620675,-0.5519573683383777,-2.027074049084704,0,0,0,1,0,0
422,Monumen Jalesveva Jayamahe,Surabaya,Jawa Timur,budaya,-0.5932444617884562,0.329439536210163,-2.027074049084704,0,0,0,1,0,0
423,Patung Sura dan Buaya,Surabaya,Jawa Timur,budaya,-0.5932444617884562,0.329439536210163,-2.027074049084704,0,0,0,1,0,0
424,Pantai Ria Kenjeran,Surabaya,Jawa Timur,bahari,-0.22806597250008204,-1.4333542728869222,-2.027074049084704,0,1,0,0,0,0
425,Waterpark Kenjeran Surabaya,Surabaya,Jawa Timur,hiburan,0.2588386798844169,-1.8740527251611965,-2.027074049084704,0,0,0,0,1,0
426,Balai Kota Surabaya,Surabaya,Jawa Timur,budaya,-0.5932444617884562,0.7701379884844373,-2.027074049084704,0,0,0,1,0,0
427,Patung Buddha Empat Rupa,Surabaya,Jawa Timur,budaya,-0.5932444617884562,-0.9926558206126519,-2.027074049084704,0,0,0,1,0,0
428,Monumen Bambu Runcing Surabaya,Surabaya,Jawa Timur,budaya,-0.5932444617884562,0.329439536210163,-2.027074049084704,0,0,0,1,0,0
429,House of Sampoerna,Surabaya,Jawa Timur,budaya,-0.5932444617884562,0.329439536210163,-2.027074049084704,0,0,0,1,0,0
430,Atlantis Land Surabaya,Surabaya,Jawa Timur,hiburan,2.4499096156146623,-0.5519573683383777,-2.027074049084704,0,0,0,0,1,0
431,Taman Hiburan Rakyat,Surabaya,Jawa Timur,hiburan,-0.4715182986923315,-1.4333542728869222,-2.027074049084704,0,0,0,0,1,0
432,Taman Mundu,Surabaya,Jawa Timur,hiburan,-0.5932444617884562,-0.5519573683383777,-2.027074049084704,0,0,0,0,1,0
433,Museum Mpu Tantular,Surabaya,Jawa Timur,budaya,-0.5445539965500064,-0.5519573683383777,-2.027074049084704,0,0,0,1,0,0
434,Taman Bungkul,Surabaya,Jawa Timur,hiburan,-0.5932444617884562,0.329439536210163,-2.027074049084704,0,0,0,0,1,0
435,Taman Air Mancur Menari Kenjeran,Surabaya,Jawa Timur,hiburan,-0.5932444617884562,-0.5519573683383777,-2.027074049084704,0,0,0,0,1,0
436,Taman Flora Bratang Surabaya,Surabaya,Jawa Timur,hiburan,-0.5932444617884562,0.329439536210163,-2.027074049084704,0,0,0,0,1,0
437,Gereja Perawan Maria Tak Berdosa Surabaya,Surabaya,Jawa Timur,religi,-0.34979213559620675,1.2108364407587076,-1.5220850880924341,0,0,0,0,0,1
100001,Pantai Lampuuk,Aceh Barat,Aceh,bahari,-0.22806597250008204,-0.11125891606410736,1.002859716868915,0,1,0,0,0,0
100002,Pantai Iboih Sabang,Kota Banda Aceh,Aceh,bahari,-0.10633980940395729,-1.4333542728869222,0.49776975808444685,0,1,0,0,0,0
100003,Pantai Lhoknga,Bener Meriah,Aceh,bahari,0.13711251678829217,1.2108364407587076,0.49776975808444685,0,1,0,0,0,0
100004,Pantai Ujong Batee,Kota Sabang,Aceh,bahari,0.13711251678829217,1.2108364407587076,0.49776975808444685,0,1,0,0,0,0
100005,Pantai Pasir Putih Lhok Me,Kota Banda Aceh,Aceh,bahari,-0.4715182986923315,0.7701379884844373,-0.007017207323426325,0,1,0,0,0,0
100006,Pantai Sumur Tiga,Aceh Besar,Aceh,bahari,-0.10633980940395729,-0.9926558206126519,1.002859716868915,0,1,0,0,0,0
100007,Pantai Anoi Itam,Aceh Besar,Aceh,bahari,-0.4715182986923315,-0.11125891606410736,1.002859716868915,0,1,0,0,0,0
100008,Pantai Ujong Kareung,Aceh Jaya,Aceh,bahari,-0.22806597250008204,-0.5519573683383777,-0.007017207323426325,0,1,0,0,0,0
100009,Pantai Suak Ribee,Aceh Selatan,Aceh,bahari,0.015386353692167442,-0.5519573683383777,-0.007017207323426325,0,1,0,0,0,0
100010,Pantai Batee Puteh,Aceh Jaya,Aceh,bahari,-0.34979213559620675,0.7701379884844373,1.002859716868915,0,1,0,0,0,0
100011,Pantai Kuala Merisi,Kota Lhokseumawe,Aceh,bahari,0.015386353692167442,0.7701379884844373,0.49776975808444685,0,1,0,0,0,0
100012,Pantai Gapang Sabang,Kota Sabang,Aceh,bahari,-0.34979213559620675,-0.11125891606410736,0.49776975808444685,0,1,0,0,0,0
100013,Pantai Alue Naga,Aceh Singkil,Aceh,bahari,-0.34979213559620675,1.6515348930329818,0.49776975808444685,0,1,0,0,0,0
100014,Pantai Lange,Aceh Selatan,Aceh,bahari,0.015386353692167442,-0.9926558206126519,-0.007017207323426325,0,1,0,0,0,0
100015,Gunung Burni Telong,Kota Lhokseumawe,Aceh,alam,-0.34979213559620675,-0.9926558206126519,-0.5121071661078944,1,0,0,0,0,0
100016,Gunung Leuser (TNGL),Kota Sabang,Aceh,alam,0.6240171691727912,0.329439536210163,0.49776975808444685,1,0,0,0,0,0
100017,Gunung Seulawah Agam,Aceh Besar,Aceh,alam,-0.22806597250008204,0.7701379884844373,1.002859716868915,1,0,0,0,0,0
100018,Gunung Seulawah Inong,Aceh Barat,Aceh,alam,-0.34979213559620675,0.7701379884844373,0.49776975808444685,1,0,0,0,0,0
100019,Gunung Geureudong,Kota Sabang,Aceh,alam,-0.34979213559620675,-0.5519573683383777,-0.007017207323426325,1,0,0,0,0,0
100020,Gunung Abong-Abong,Aceh Tengah,Aceh,alam,-0.22806597250008204,-0.11125891606410736,0.49776975808444685,1,0,0,0,0,0
100021,Gunung Peuet Sago,Aceh Tengah,Aceh,alam,-0.22806597250008204,-0.9926558206126519,-0.007017207323426325,1,0,0,0,0,0
100022,Puncak Burni Kelieten,Aceh Singkil,Aceh,alam,-0.22806597250008204,-0.9926558206126519,-0.007017207323426325,1,0,0,0,0,0
100023,Puncak Pantan Terong Takengon,Aceh Jaya,Aceh,alam,0.2588386798844169,1.6515348930329818,-0.007017207323426325,1,0,0,0,0,0
100024,Bukit Cot Panglima,Aceh Jaya,Aceh,alam,0.015386353692167442,-1.4333542728869222,0.49776975808444685,1,0,0,0,0,0
100025,Danau Laut Tawar,Bener Meriah,Aceh,alam,0.015386353692167442,-0.5519573683383777,-0.007017207323426325,1,0,0,0,0,0
100026,Air Terjun Suhom,Aceh Jaya,Aceh,alam,0.13711251678829217,-0.9926558206126519,1.002859716868915,1,0,0,0,0,0
100027,Air Terjun Blang Kolam,Aceh Barat,Aceh,alam,-0.22806597250008204,-0.5519573683383777,1.002859716868915,1,0,0,0,0,0
100028,Air Terjun Tansaran Bidin,Aceh Singkil,Aceh,alam,-0.34979213559620675,1.2108364407587076,0.49776975808444685,1,0,0,0,0,0
100029,Gua Sarang Pulau Weh,Aceh Barat,Aceh,alam,0.015386353692167442,-0.5519573683383777,-0.007017207323426325,1,0,0,0,0,0
100030,Pemandian Air Panas Ie Suum,Aceh Besar,Aceh,alam,-0.10633980940395729,-1.4333542728869222,1.002859716868915,1,0,0,0,0,0
100031,Taman Hutan Raya Pocut Meurah Intan,Kota Sabang,Aceh,alam,0.13711251678829217,-0.9926558206126519,1.002859716868915,1,0,0,0,0,0
100032,Ekowisata Hutan Mangrove Langsa,Aceh Singkil,Aceh,alam,0.13711251678829217,-0.11125891606410736,0.49776975808444685,1,0,0,0,0,0
100033,Museum Tsunami Aceh,Kota Lhokseumawe,Aceh,budaya,-0.22806597250008204,-0.11125891606410736,-0.007017207323426325,0,0,0,1,0,0
100034,Tugu Nol Kilometer Indonesia,Kota Lhokseumawe,Aceh,budaya,-0.4715182986923315,-1.4333542728869222,0.49776975808444685,0,0,0,1,0,0
100035,Rumah Cut Nyak Dhien,Aceh Besar,Aceh,budaya,-0.22806597250008204,-0.9926558206126519,-0.007017207323426325,0,0,0,1,0,0
100036,Taman Sari Gunongan,Aceh Besar,Aceh,budaya,0.015386353692167442,-1.4333542728869222,0.49776975808444685,0,0,0,1,0,0
100037,Benteng Anoi Itam,Kota Sabang,Aceh,budaya,-0.4715182986923315,-0.5519573683383777,0.49776975808444685,0,0,0,1,0,0
100038,Museum Aceh,Bener Meriah,Aceh,budaya,-0.10633980940395729,0.329439536210163,0.49776975808444685,0,0,0,1,0,0
100039,Makam Sultan Iskandar Muda,Aceh Besar,Aceh,budaya,-0.22806597250008204,-0.5519573683383777,0.49776975808444685,0,0,0,1,0,0
100040,Taman Ratu Safiatuddin,Aceh Besar,Aceh,hiburan,0.6240171691727912,-1.4333542728869222,1.002859716868915,0,0,0,0,1,0
100041,Taman Bustanussalatin,Aceh Besar,Aceh,hiburan,0.2588386798844169,0.329439536210163,1.002859716868915,0,0,0,0,1,0
100042,Waterpark Taman Impian,Aceh Barat,Aceh,hiburan,0.6240171691727912,-0.9926558206126519,1.002859716868915,0,0,0,0,1,0
100043,Kolam Mata Ie,Bener Meriah,Aceh,hiburan,3.058540431095286,-0.5519573683383777,1.002859716868915,0,0,0,0,1,0
100044,Pasar Atjeh Banda Aceh,Aceh Besar,Aceh,belanja,-0.5932444617884562,1.2108364407587076,0.49776975808444685,0,0,1,0,0,0
100045,Pusat Oleh-Oleh Kopi Ulee Kareng,Aceh Tengah,Aceh,belanja,-0.5932444617884562,-0.11125891606410736,0.49776975808444685,0,0,1,0,0,0
100046,Sentra Souvenir Peunayong,Aceh Jaya,Aceh,belanja,-0.5932444617884562,-0.11125891606410736,0.49776975808444685,0,0,1,0,0,0
100047,Pasar Buah Puncak Gayo,Aceh Selatan,Aceh,belanja,-0.5932444617884562,-0.11125891606410736,-0.007017207323426325,0,0,1,0,0,0
100048,Masjid Raya Baiturrahman,Aceh Barat,Aceh,religi,-0.5932444617884562,1.2108364407587076,0.49776975808444685,0,0,0,0,0,1
100049,Masjid Rahmatullah Lampuuk,Aceh Jaya,Aceh,religi,-0.5932444617884562,0.329439536210163,0.49776975808444685,0,0,0,0,0,1
100050,Masjid Tuha Indrapuri,Aceh Tengah,Aceh,religi,-0.5932444617884562,-0.9926558206126519,-0.007017207323426325,0,0,0,0,0,1
100051,Pantai Sorake Nias,Deli Serdang,Sumatera Utara,bahari,0.015386353692167442,-0.11125891606410736,0.49776975808444685,0,1,0,0,0,0
100052,Pantai Lagundri,Simalungun,Sumatera Utara,bahari,-0.4715182986923315,0.329439536210163,-0.007017207323426325,0,1,0,0,0,0
100053,Pantai Pasir Putih Parbaba Samosir,Simalungun,Sumatera Utara,bahari,-0.10633980940395729,1.2108364407587076,-0.007017207323426325,0,1,0,0,0,0
100054,Pantai Batu Hoda,Kota Pematangsiantar,Sumatera Utara,bahari,-0.34979213559620675,1.2108364407587076,0.49776975808444685,0,1,0,0,0,0
100055,Pantai Pandan Sibolga,Langkat,Sumatera Utara,bahari,0.13711251678829217,-0.5519573683383777,0.49776975808444685,0,1,0,0,0,0
100056,Pantai Bosur Tapanuli,Simalungun,Sumatera Utara,bahari,-0.34979213559620675,0.329439536210163,-0.007017207323426325,0,1,0,0,0,0
100057,Pantai Cermin Theme Park,Kota Medan,Sumatera Utara,bahari,-0.4715182986923315,1.6515348930329818,0.49776975808444685,0,1,0,0,0,0
100058,Pantai Romance Bay,Langkat,Sumatera Utara,bahari,-0.34979213559620675,-1.4333542728869222,0.49776975808444685,0,1,0,0,0,0
100059,Pantai Sigurgur Samosir,Samosir,Sumatera Utara,bahari,0.015386353692167442,-0.11125891606410736,-0.007017207323426325,0,1,0,0,0,0
100060,Pantai Lumban Bulbul Balige,Simalungun,Sumatera Utara,bahari,-0.22806597250008204,1.6515348930329818,-0.007017207323426325,0,1,0,0,0,0
100061,Pantai Bintang Lagundri,Toba,Sumatera Utara,bahari,-0.34979213559620675,0.329439536210163,-0.007017207323426325,0,1,0,0,0,0
100062,Pantai Tureloto Laut Mati Nias,Samosir,Sumatera Utara,bahari,-0.22806597250008204,0.7701379884844373,-0.007017207323426325,0,1,0,0,0,0
100063,Pantai Muara Indah Deli,Langkat,Sumatera Utara,bahari,-0.10633980940395729,1.2108364407587076,-0.007017207323426325,0,1,0,0,0,0
100064,Pantai Bali Lestari Serdang,Kota Medan,Sumatera Utara,bahari,0.015386353692167442,-1.4333542728869222,-0.007017207323426325,0,1,0,0,0,0
100065,Gunung Sibayak Berastagi,Nias Selatan,Sumatera Utara,alam,0.015386353692167442,-0.11125891606410736,-0.5121071661078944,1,0,0,0,0,0
100066,Gunung Sinabung,Simalungun,Sumatera Utara,alam,0.6240171691727912,-0.5519573683383777,0.49776975808444685,1,0,0,0,0,0
100067,Gunung Sibuatan,Tapanuli Tengah,Sumatera Utara,alam,-0.34979213559620675,1.2108364407587076,-0.5121071661078944,1,0,0,0,0,0
100068,Gunung Pusuk Buhit Samosir,Kota Pematangsiantar,Sumatera Utara,alam,0.015386353692167442,0.329439536210163,0.49776975808444685,1,0,0,0,0,0
100069,Bukit Gundaling Berastagi,Kota Pematangsiantar,Sumatera Utara,alam,-0.22806597250008204,-0.9926558206126519,-0.007017207323426325,1,0,0,0,0,0
100070,Bukit Holbung Samosir,Simalungun,Sumatera Utara,alam,0.6240171691727912,-0.9926558206126519,0.49776975808444685,1,0,0,0,0,0
100071,Bukit Sibea-bea,Samosir,Sumatera Utara,alam,-0.34979213559620675,-0.5519573683383777,1.002859716868915,1,0,0,0,0,0
100072,Puncak 2000 Siosar,Langkat,Sumatera Utara,alam,0.6240171691727912,-0.11125891606410736,0.49776975808444685,1,0,0,0,0,0
100073,Bukit Gajah Bobok,Langkat,Sumatera Utara,alam,0.2588386798844169,-0.9926558206126519,0.49776975808444685,1,0,0,0,0,0
100074,Bukit Siadtaratas Silalahi,Langkat,Sumatera Utara,alam,0.015386353692167442,1.6515348930329818,1.002859716868915,1,0,0,0,0,0
100075,Danau Toba (Parapat),Kota Medan,Sumatera Utara,alam,0.13711251678829217,0.329439536210163,1.002859716868915,1,0,0,0,0,0
100076,Air Terjun Sipiso-piso,Toba,Sumatera Utara,alam,-0.34979213559620675,0.329439536210163,0.49776975808444685,1,0,0,0,0,0
100077,Taman Wisata Alam Tangkahan,Kota Pematangsiantar,Sumatera Utara,alam,0.015386353692167442,0.7701379884844373,0.49776975808444685,1,0,0,0,0,0
100078,Bukit Lawang Ekowisata Orangutan,Langkat,Sumatera Utara,alam,-0.10633980940395729,-1.4333542728869222,-0.007017207323426325,1,0,0,0,0,0
100079,Air Terjun Sigura-gura,Simalungun,Sumatera Utara,alam,0.015386353692167442,1.6515348930329818,-0.007017207323426325,1,0,0,0,0,0
100080,Air Terjun Ponot Asahan,Deli Serdang,Sumatera Utara,alam,0.13711251678829217,0.7701379884844373,0.49776975808444685,1,0,0,0,0,0
100081,Pemandian Air Panas Aek Rangat,Simalungun,Sumatera Utara,alam,0.015386353692167442,0.329439536210163,0.49776975808444685,1,0,0,0,0,0
100082,Danau Lau Kawar,Karo,Sumatera Utara,alam,-0.22806597250008204,-0.11125891606410736,1.002859716868915,1,0,0,0,0,0
100083,Istana Maimun Medan,Kota Pematangsiantar,Sumatera Utara,budaya,-0.22806597250008204,-0.9926558206126519,-0.5121071661078944,0,0,0,1,0,0
100084,Desa Adat Tomok Samosir,Nias Selatan,Sumatera Utara,budaya,-0.4715182986923315,0.329439536210163,0.49776975808444685,0,0,0,1,0,0
100085,Desa Bawomataluo Nias (Lompat Batu),Tapanuli Tengah,Sumatera Utara,budaya,-0.10633980940395729,1.6515348930329818,0.49776975808444685,0,0,0,1,0,0
100086,Museum TB Silalahi Center,Deli Serdang,Sumatera Utara,budaya,-0.10633980940395729,-0.9926558206126519,0.49776975808444685,0,0,0,1,0,0
100087,Perkampungan Batu Huta Siallagan,Simalungun,Sumatera Utara,budaya,-0.34979213559620675,-0.9926558206126519,0.49776975808444685,0,0,0,1,0,0
100088,Tjong A Fie Mansion,Nias Selatan,Sumatera Utara,budaya,-0.10633980940395729,0.329439536210163,1.002859716868915,0,0,0,1,0,0
100089,Makam Raja Sidabutar,Simalungun,Sumatera Utara,budaya,-0.34979213559620675,-0.11125891606410736,-0.5121071661078944,0,0,0,1,0,0
100090,Mikie Funland Berastagi,Toba,Sumatera Utara,hiburan,4.275802062056533,1.6515348930329818,1.002859716868915,0,0,0,0,1,0
100091,Rahmat International Wildlife Museum,Tapanuli Tengah,Sumatera Utara,hiburan,4.275802062056533,1.6515348930329818,1.002859716868915,0,0,0,0,1,0
100092,Taman Hewan Pematang Siantar,Kota Medan,Sumatera Utara,hiburan,4.275802062056533,-0.11125891606410736,1.002859716868915,0,0,0,0,1,0
100093,The Le Hu Garden Deli,Nias Selatan,Sumatera Utara,hiburan,1.2326479846534149,-0.5519573683383777,1.002859716868915,0,0,0,0,1,0
100094,Pajak Ikan Lama Medan,Samosir,Sumatera Utara,belanja,-0.5932444617884562,0.329439536210163,0.49776975808444685,0,0,1,0,0,0
100095,Pusat Oleh-Oleh Bolu Meranti,Kota Pematangsiantar,Sumatera Utara,belanja,-0.5932444617884562,1.6515348930329818,1.002859716868915,0,0,1,0,0,0
100096,Sentra Bika Ambon Zulaikha,Deli Serdang,Sumatera Utara,belanja,-0.5932444617884562,-1.4333542728869222,1.002859716868915,0,0,1,0,0,0
100097,Pasar Buah Berastagi,Toba,Sumatera Utara,belanja,-0.5932444617884562,0.329439536210163,0.49776975808444685,0,0,1,0,0,0
100098,Masjid Raya Al-Mashun Medan,Tapanuli Tengah,Sumatera Utara,religi,-0.5932444617884562,0.329439536210163,1.002859716868915,0,0,0,0,0,1
100099,Salib Kasih Siatas Barita Tarutung,Langkat,Sumatera Utara,religi,-0.5932444617884562,1.2108364407587076,1.002859716868915,0,0,0,0,0,1
100100,Maha Vihara Maitreya Cemara Asri,Nias Selatan,Sumatera Utara,religi,-0.5932444617884562,0.329439536210163,1.002859716868915,0,0,0,0,0,1
100101,Pantai Air Manis Malin Kundang,Kota Padang,Sumatera Barat,bahari,-0.22806597250008204,-0.9926558206126519,0.49776975808444685,0,1,0,0,0,0
100102,Pantai Padang Taplau,Kota Bukittinggi,Sumatera Barat,bahari,-0.4715182986923315,-0.11125891606410736,1.002859716868915,0,1,0,0,0,0
100103,Pantai Pasumpahan,Kota Payakumbuh,Sumatera Barat,bahari,0.015386353692167442,-0.5519573683383777,0.49776975808444685,0,1,0,0,0,0
100104,Pantai Carocok Painan,Agam,Sumatera Barat,bahari,-0.34979213559620675,-0.5519573683383777,-0.007017207323426325,0,1,0,0,0,0
100105,Pantai Sikele Mentawai,Kepulauan Mentawai,Sumatera Barat,bahari,-0.4715182986923315,1.6515348930329818,0.49776975808444685,0,1,0,0,0,0
100106,Pantai Kata Pariaman,Lima Puluh Kota,Sumatera Barat,bahari,-0.22806597250008204,1.2108364407587076,0.49776975808444685,0,1,0,0,0,0
100107,Pantai Gandoriah,Tanah Datar,Sumatera Barat,bahari,0.015386353692167442,-0.5519573683383777,1.002859716868915,0,1,0,0,0,0
100108,Pantai Nirwana Padang,Kota Sawahlunto,Sumatera Barat,bahari,-0.22806597250008204,-1.4333542728869222,0.49776975808444685,0,1,0,0,0,0
100109,Pantai Carolina Bungus,Kota Padang,Sumatera Barat,bahari,-0.34979213559620675,1.6515348930329818,0.49776975808444685,0,1,0,0,0,0
100110,Pantai Pagai Mentawai,Kota Padang,Sumatera Barat,bahari,-0.34979213559620675,-0.11125891606410736,0.49776975808444685,0,1,0,0,0,0
100111,Pantai Sipora Surfing Mentawai,Kota Padang,Sumatera Barat,bahari,-0.10633980940395729,1.2108364407587076,0.49776975808444685,0,1,0,0,0,0
100112,Pantai Muaro Bikuang,Kota Bukittinggi,Sumatera Barat,bahari,-0.4715182986923315,1.6515348930329818,0.49776975808444685,0,1,0,0,0,0
100113,Pantai Tiku Agam,Kota Sawahlunto,Sumatera Barat,bahari,-0.34979213559620675,-0.9926558206126519,0.49776975808444685,0,1,0,0,0,0
100114,Pantai Sasak Pasaman,Pesisir Selatan,Sumatera Barat,bahari,0.13711251678829217,1.2108364407587076,1.002859716868915,0,1,0,0,0,0
100115,Gunung Marapi,Pesisir Selatan,Sumatera Barat,alam,-0.34979213559620675,-0.11125891606410736,-0.007017207323426325,1,0,0,0,0,0
100116,Gunung Singgalang,Kota Sawahlunto,Sumatera Barat,alam,0.015386353692167442,-0.5519573683383777,-0.007017207323426325,1,0,0,0,0,0
100117,Gunung Talang,Lima Puluh Kota,Sumatera Barat,alam,0.2588386798844169,1.2108364407587076,-0.007017207323426325,1,0,0,0,0,0
100118,Gunung Talamau,Solok,Sumatera Barat,alam,0.2588386798844169,-0.5519573683383777,0.49776975808444685,1,0,0,0,0,0
100119,Puncak Lawang Maninjau,Kepulauan Mentawai,Sumatera Barat,alam,-0.10633980940395729,-0.5519573683383777,0.49776975808444685,1,0,0,0,0,0
100120,Puncak Mandeh Pesisir,Kepulauan Mentawai,Sumatera Barat,alam,0.015386353692167442,0.329439536210163,-0.007017207323426325,1,0,0,0,0,0
100121,Bukit Langkisau Painan,Kota Sawahlunto,Sumatera Barat,alam,0.6240171691727912,0.329439536210163,-0.007017207323426325,1,0,0,0,0,0
100122,Puncak Kelok Sembilan,Kota Sawahlunto,Sumatera Barat,alam,0.2588386798844169,1.6515348930329818,0.49776975808444685,1,0,0,0,0,0
100123,Bukit Nobita Padang,Solok,Sumatera Barat,alam,0.6240171691727912,-0.5519573683383777,-0.007017207323426325,1,0,0,0,0,0
100124,Bukit Harau,Kota Padang,Sumatera Barat,alam,-0.34979213559620675,0.329439536210163,0.49776975808444685,1,0,0,0,0,0
100125,Lembah Harau,Tanah Datar,Sumatera Barat,alam,0.13711251678829217,0.329439536210163,1.002859716868915,1,0,0,0,0,0
100126,Danau Maninjau,Lima Puluh Kota,Sumatera Barat,alam,-0.10633980940395729,-0.9926558206126519,0.49776975808444685,1,0,0,0,0,0
100127,Danau Singkarak,Solok,Sumatera Barat,alam,0.015386353692167442,0.7701379884844373,-0.007017207323426325,1,0,0,0,0,0
100128,Danau Kembar Diatas dan Dibawah,Agam,Sumatera Barat,alam,-0.10633980940395729,1.2108364407587076,0.49776975808444685,1,0,0,0,0,0
100129,Ngarai Sianok Bukittinggi,Kota Payakumbuh,Sumatera Barat,alam,-0.10633980940395729,-0.11125891606410736,1.002859716868915,1,0,0,0,0,0
100130,Kawasan Bahari Mandeh,Kepulauan Mentawai,Sumatera Barat,alam,-0.22806597250008204,-1.4333542728869222,0.49776975808444685,1,0,0,0,0,0
100131,Air Terjun Lembah Anai,Kota Sawahlunto,Sumatera Barat,alam,0.015386353692167442,1.6515348930329818,1.002859716868915,1,0,0,0,0,0
100132,Danau Tarusan Kamang,Solok,Sumatera Barat,alam,-0.22806597250008204,1.2108364407587076,1.002859716868915,1,0,0,0,0,0
100133,Jam Gadang Bukittinggi,Tanah Datar,Sumatera Barat,budaya,-0.34979213559620675,1.6515348930329818,0.49776975808444685,0,0,0,1,0,0
100134,Istano Basa Pagaruyung,Pesisir Selatan,Sumatera Barat,budaya,-0.22806597250008204,-1.4333542728869222,-0.007017207323426325,0,0,0,1,0,0
100135,Desa Adat Nagari Pariangan,Kota Sawahlunto,Sumatera Barat,budaya,0.015386353692167442,-1.4333542728869222,-0.5121071661078944,0,0,0,1,0,0
100136,Lubang Jepang Bukittinggi,Kota Sawahlunto,Sumatera Barat,budaya,-0.34979213559620675,-0.11125891606410736,0.49776975808444685,0,0,0,1,0,0
100137,Rumah Kelahiran Buya Hamka,Kota Padang,Sumatera Barat,budaya,-0.34979213559620675,0.329439536210163,-0.007017207323426325,0,0,0,1,0,0
100138,Tambang Batubara Ombilin Sawahlunto,Kota Padang,Sumatera Barat,budaya,-0.22806597250008204,-1.4333542728869222,-0.007017207323426325,0,0,0,1,0,0
100139,Museum Kereta Api Sawahlunto,Agam,Sumatera Barat,budaya,-0.22806597250008204,-0.9926558206126519,0.49776975808444685,0,0,0,1,0,0
100140,Taman Margasatwa Kinantan Bukittinggi,Solok,Sumatera Barat,hiburan,1.2326479846534149,1.6515348930329818,1.002859716868915,0,0,0,0,1,0
100141,Mifan Waterpark Padang Panjang,Kota Bukittinggi,Sumatera Barat,hiburan,1.8412788001340386,-0.9926558206126519,1.002859716868915,0,0,0,0,1,0
100142,Taman Panorama Bukittinggi,Kota Sawahlunto,Sumatera Barat,hiburan,0.2588386798844169,0.7701379884844373,1.002859716868915,0,0,0,0,1,0
100143,Harau Sky Park,Solok,Sumatera Barat,hiburan,3.058540431095286,0.7701379884844373,1.002859716868915,0,0,0,0,1,0
100144,Pasar Atas Bukittinggi,Tanah Datar,Sumatera Barat,belanja,-0.5932444617884562,1.2108364407587076,0.49776975808444685,0,0,1,0,0,0
100145,Sentra Keripik Balado Christine Hakim,Kota Sawahlunto,Sumatera Barat,belanja,-0.5932444617884562,-0.11125891606410736,0.49776975808444685,0,0,1,0,0,0
100146,Pusat Tenun Pandai Sikek,Kepulauan Mentawai,Sumatera Barat,belanja,-0.5932444617884562,-0.9926558206126519,-0.007017207323426325,0,0,1,0,0,0
100147,Sentra Songket Silungkang,Kota Sawahlunto,Sumatera Barat,belanja,-0.5932444617884562,1.6515348930329818,0.49776975808444685,0,0,1,0,0,0
100148,Masjid Raya Sumatera Barat,Kepulauan Mentawai,Sumatera Barat,religi,-0.5932444617884562,-0.5519573683383777,1.002859716868915,0,0,0,0,0,1
100149,Masjid Asasi Sigando Padang Panjang,Kepulauan Mentawai,Sumatera Barat,religi,-0.5932444617884562,0.7701379884844373,1.002859716868915,0,0,0,0,0,1
100150,Masjid Tuo Kayu Jao Solok,Solok,Sumatera Barat,religi,-0.5932444617884562,0.7701379884844373,0.49776975808444685,0,0,0,0,0,1
100151,Pantai Rupat Utara Bengkalis,Indragiri Hulu,Riau,bahari,-0.22806597250008204,0.7701379884844373,0.49776975808444685,0,1,0,0,0,0
100152,Pantai Selat Baru,Indragiri Hulu,Riau,bahari,0.015386353692167442,-1.4333542728869222,0.49776975808444685,0,1,0,0,0,0
100153,Pantai Marina Dumai,Siak,Riau,bahari,-0.4715182986923315,-0.5519573683383777,0.49776975808444685,0,1,0,0,0,0
100154,Pantai Koneng Dumai,Kampar,Riau,bahari,-0.4715182986923315,-0.11125891606410736,-0.007017207323426325,0,1,0,0,0,0
100155,Pantai Solop Tembilahan,Indragiri Hilir,Riau,bahari,0.015386353692167442,-0.9926558206126519,0.49776975808444685,0,1,0,0,0,0
100156,Pantai Puak Teluk Makmur,Kuantan Singingi,Riau,bahari,0.13711251678829217,1.2108364407587076,-0.007017207323426325,0,1,0,0,0,0
100157,Pantai Ketapang Rupat,Indragiri Hilir,Riau,bahari,-0.10633980940395729,-0.9926558206126519,0.49776975808444685,0,1,0,0,0,0
100158,Pantai Tanjung Lapin,Indragiri Hilir,Riau,bahari,-0.10633980940395729,-1.4333542728869222,-0.007017207323426325,0,1,0,0,0,0
100159,Pantai Teluk Rhu,Bengkalis,Riau,bahari,-0.22806597250008204,-0.9926558206126519,0.49776975808444685,0,1,0,0,0,0
100160,Pantai Medang Deras,Indragiri Hulu,Riau,bahari,0.015386353692167442,0.7701379884844373,0.49776975808444685,0,1,0,0,0,0
100161,Pantai Alohong,Bengkalis,Riau,bahari,-0.22806597250008204,1.2108364407587076,0.49776975808444685,0,1,0,0,0,0
100162,Pantai Pasir Putih Tualang,Indragiri Hilir,Riau,bahari,-0.34979213559620675,1.6515348930329818,-0.007017207323426325,0,1,0,0,0,0
100163,Pantai Tanjung Medang,Pelalawan,Riau,bahari,-0.4715182986923315,1.2108364407587076,-0.007017207323426325,0,1,0,0,0,0
100164,Pantai Makeruh Rupat,Pelalawan,Riau,bahari,-0.4715182986923315,-0.11125891606410736,1.002859716868915,0,1,0,0,0,0
100165,Puncak Bukit Suligi Rokan Hulu,Kota Pekanbaru,Riau,alam,-0.22806597250008204,0.329439536210163,1.002859716868915,1,0,0,0,0,0
100166,Bukit Naang Bangkinang,Pelalawan,Riau,alam,0.015386353692167442,1.6515348930329818,0.49776975808444685,1,0,0,0,0,0
100167,Bukit Betabuh Kuansing,Bengkalis,Riau,alam,0.6240171691727912,0.7701379884844373,-0.5121071661078944,1,0,0,0,0,0
100168,Bukit Tiga Puluh (TNBT),Kota Dumai,Riau,alam,0.2588386798844169,-0.9926558206126519,0.49776975808444685,1,0,0,0,0,0
100169,Puncak Pukatan Kampar,Rokan Hulu,Riau,alam,-0.34979213559620675,1.2108364407587076,1.002859716868915,1,0,0,0,0,0
100170,Bukit Condong Inhu,Pelalawan,Riau,alam,0.6240171691727912,-0.11125891606410736,-0.007017207323426325,1,0,0,0,0,0
100171,Bukit Rimbang Baling,Kota Dumai,Riau,alam,-0.10633980940395729,-0.9926558206126519,-0.5121071661078944,1,0,0,0,0,0
100172,Bukit Tabur Kampar,Rokan Hulu,Riau,alam,-0.10633980940395729,0.329439536210163,0.49776975808444685,1,0,0,0,0,0
100173,Puncak Pematang Pangean,Siak,Riau,alam,-0.10633980940395729,-0.9926558206126519,0.49776975808444685,1,0,0,0,0,0
100174,Bukit Selancang,Bengkalis,Riau,alam,-0.34979213559620675,-0.5519573683383777,0.49776975808444685,1,0,0,0,0,0
100175,Ombak Bono Sungai Kampar,Bengkalis,Riau,alam,-0.10633980940395729,1.2108364407587076,1.002859716868915,1,0,0,0,0,0
100176,Taman Nasional Tesso Nilo,Kota Dumai,Riau,alam,0.13711251678829217,-0.9926558206126519,-0.007017207323426325,1,0,0,0,0,0
100177,Danau Buatan Lembah Sari Pekanbaru,Kota Dumai,Riau,alam,0.015386353692167442,-0.11125891606410736,-0.007017207323426325,1,0,0,0,0,0
100178,Air Terjun Aek Martua,Bengkalis,Riau,alam,0.13711251678829217,-1.4333542728869222,-0.007017207323426325,1,0,0,0,0,0
100179,Danau PLTA Koto Panjang,Indragiri Hilir,Riau,alam,0.13711251678829217,-0.5519573683383777,1.002859716868915,1,0,0,0,0,0
100180,Air Terjun Batang Kapas,Indragiri Hulu,Riau,alam,-0.10633980940395729,1.6515348930329818,0.49776975808444685,1,0,0,0,0,0
100181,Ekowisata Hutan Mangrove Dumai,Kota Dumai,Riau,alam,-0.22806597250008204,0.7701379884844373,1.002859716868915,1,0,0,0,0,0
100182,Air Terjun Guruh Gemurai,Siak,Riau,alam,-0.22806597250008204,-0.11125891606410736,-0.007017207323426325,1,0,0,0,0,0
100183,Istana Siak Sri Indrapura,Rokan Hulu,Riau,budaya,0.015386353692167442,-0.9926558206126519,0.49776975808444685,0,0,0,1,0,0
100184,Candi Muara Takus Kampar,Rokan Hulu,Riau,budaya,-0.34979213559620675,1.6515348930329818,-0.007017207323426325,0,0,0,1,0,0
100185,Rumah Singgah Tuan Kadi Pekanbaru,Rokan Hulu,Riau,budaya,-0.34979213559620675,-1.4333542728869222,1.002859716868915,0,0,0,1,0,0
100186,Museum Sang Nila Utama,Rokan Hulu,Riau,budaya,-0.10633980940395729,-0.5519573683383777,-0.007017207323426325,0,0,0,1,0,0
100187,Balai Kerapatan Tinggi Siak,Siak,Riau,budaya,0.015386353692167442,1.2108364407587076,-0.5121071661078944,0,0,0,1,0,0
100188,Benteng Tujuh Lapis Dalu-Dalu,Bengkalis,Riau,budaya,-0.4715182986923315,-0.9926558206126519,0.49776975808444685,0,0,0,1,0,0
100189,Arena Perahu Jalur Kuantan Singingi,Siak,Riau,budaya,-0.4715182986923315,0.7701379884844373,0.49776975808444685,0,0,0,1,0,0
100190,Labersa Riau Fantasi Waterpark,Kota Pekanbaru,Riau,hiburan,3.058540431095286,-1.4333542728869222,1.002859716868915,0,0,0,0,1,0
100191,Asia Farm Hayday Pekanbaru,Indragiri Hilir,Riau,hiburan,1.2326479846534149,0.329439536210163,1.002859716868915,0,0,0,0,1,0
100192,Taman Rekreasi Alam Mayang,Indragiri Hulu,Riau,hiburan,4.275802062056533,-0.9926558206126519,1.002859716868915,0,0,0,0,1,0
100193,Stanum Bangkinang Park,Rokan Hulu,Riau,hiburan,4.275802062056533,-0.5519573683383777,1.002859716868915,0,0,0,0,1,0
100194,Pasar Bawah Pekanbaru,Siak,Riau,belanja,-0.5932444617884562,-0.5519573683383777,0.49776975808444685,0,0,1,0,0,0
100195,Sentra Bolu Kemojo Al-Mahdi,Indragiri Hulu,Riau,belanja,-0.5932444617884562,-0.11125891606410736,1.002859716868915,0,0,1,0,0,0
100196,Sentra Keripik Nanas Tambang,Kota Pekanbaru,Riau,belanja,-0.5932444617884562,0.329439536210163,-0.007017207323426325,0,0,1,0,0,0
100197,Pusat Tenun Siak Songket,Indragiri Hilir,Riau,belanja,-0.5932444617884562,0.7701379884844373,0.49776975808444685,0,0,1,0,0,0
100198,Masjid Agung An-Nur Riau,Bengkalis,Riau,religi,-0.5932444617884562,1.2108364407587076,0.49776975808444685,0,0,0,0,0,1
100199,Masjid Raya Syahabuddin Siak,Kuantan Singingi,Riau,religi,-0.5932444617884562,-0.9926558206126519,0.49776975808444685,0,0,0,0,0,1
100200,Masjid Raya Senapelan Pekanbaru,Pelalawan,Riau,religi,-0.5932444617884562,0.7701379884844373,0.49776975808444685,0,0,0,0,0,1
100201,Pantai Trikora Bintan,Kota Batam,Kepulauan Riau,bahari,-0.34979213559620675,1.6515348930329818,0.49776975808444685,0,1,0,0,0,0
100202,Pantai Nongsa Batam,Lingga,Kepulauan Riau,bahari,-0.22806597250008204,-1.4333542728869222,0.49776975808444685,0,1,0,0,0,0
100203,Pantai Melur Pulau Galang,Lingga,Kepulauan Riau,bahari,-0.4715182986923315,-0.5519573683383777,-0.007017207323426325,0,1,0,0,0,0
100204,Pantai Lagoi Bay Bintan,Kepulauan Anambas,Kepulauan Riau,bahari,0.015386353692167442,-1.4333542728869222,-0.007017207323426325,0,1,0,0,0,0
100205,Pantai Mirota Batam,Bintan,Kepulauan Riau,bahari,-0.34979213559620675,0.7701379884844373,0.49776975808444685,0,1,0,0,0,0
100206,Pantai Pelawan Karimun,Lingga,Kepulauan Riau,bahari,-0.10633980940395729,1.2108364407587076,1.002859716868915,0,1,0,0,0,0
100207,Pantai Batu Kasah Natuna,Bintan,Kepulauan Riau,bahari,0.13711251678829217,1.6515348930329818,-0.007017207323426325,0,1,0,0,0,0
100208,Pantai Padang Melang Anambas,Kota Batam,Kepulauan Riau,bahari,-0.4715182986923315,0.7701379884844373,0.49776975808444685,0,1,0,0,0,0
100209,Pantai Senggiling Bintan,Natuna,Kepulauan Riau,bahari,0.13711251678829217,-0.5519573683383777,0.49776975808444685,0,1,0,0,0,0
100210,Pantai Tanjung Siambang,Natuna,Kepulauan Riau,bahari,-0.10633980940395729,-1.4333542728869222,-0.007017207323426325,0,1,0,0,0,0
100211,Pantai Viovio Batam,Kota Tanjung Pinang,Kepulauan Riau,bahari,-0.4715182986923315,-0.9926558206126519,1.002859716868915,0,1,0,0,0,0
100212,Pantai Tanjung Pinggir Batam,Natuna,Kepulauan Riau,bahari,0.015386353692167442,-0.9926558206126519,0.49776975808444685,0,1,0,0,0,0
100213,Pantai Piugus Anambas,Kepulauan Anambas,Kepulauan Riau,bahari,0.015386353692167442,-0.5519573683383777,0.49776975808444685,0,1,0,0,0,0
100214,Pantai Sisi Serasan Natuna,Natuna,Kepulauan Riau,bahari,-0.22806597250008204,-0.5519573683383777,0.49776975808444685,0,1,0,0,0,0
100215,Gunung Bintan,Lingga,Kepulauan Riau,alam,-0.10633980940395729,-0.9926558206126519,-0.007017207323426325,1,0,0,0,0,0
100216,Gunung Ranai Natuna,Lingga,Kepulauan Riau,alam,0.2588386798844169,-0.5519573683383777,1.002859716868915,1,0,0,0,0,0
100217,Gunung Daik Lingga,Lingga,Kepulauan Riau,alam,-0.34979213559620675,-0.9926558206126519,-0.007017207323426325,1,0,0,0,0,0
100218,Bukit Senyum Batam,Kota Batam,Kepulauan Riau,alam,-0.34979213559620675,1.6515348930329818,0.49776975808444685,1,0,0,0,0,0
100219,Bukit Kursi Pulau Penyengat,Karimun,Kepulauan Riau,alam,-0.34979213559620675,-1.4333542728869222,-0.007017207323426325,1,0,0,0,0,0
100220,Puncak Bukit Gajah Natuna,Bintan,Kepulauan Riau,alam,-0.10633980940395729,0.7701379884844373,-0.007017207323426325,1,0,0,0,0,0
100221,Bukit Tengkorak Karimun,Kota Tanjung Pinang,Kepulauan Riau,alam,0.015386353692167442,-0.11125891606410736,0.49776975808444685,1,0,0,0,0,0
100222,Puncak Cengkeh Natuna,Kota Batam,Kepulauan Riau,alam,-0.22806597250008204,0.7701379884844373,0.49776975808444685,1,0,0,0,0,0
100223,Bukit Pasir Busung Bintan,Kepulauan Anambas,Kepulauan Riau,alam,-0.34979213559620675,-0.9926558206126519,0.49776975808444685,1,0,0,0,0,0
100224,Bukit Matak Anambas,Kota Batam,Kepulauan Riau,alam,0.2588386798844169,1.6515348930329818,-0.5121071661078944,1,0,0,0,0,0
100225,Gurun Pasir Telaga Biru Busung,Bintan,Kepulauan Riau,alam,0.015386353692167442,0.7701379884844373,-0.007017207323426325,1,0,0,0,0,0
100226,Danau Biru Kawal Bintan,Karimun,Kepulauan Riau,alam,0.015386353692167442,1.6515348930329818,0.49776975808444685,1,0,0,0,0,0
100227,Lagoi Crystal Lagoon,Kota Tanjung Pinang,Kepulauan Riau,alam,-0.10633980940395729,0.7701379884844373,0.49776975808444685,1,0,0,0,0,0
100228,Taman Bawah Laut Pulau Abang Batam,Bintan,Kepulauan Riau,alam,-0.10633980940395729,1.6515348930329818,0.49776975808444685,1,0,0,0,0,0
100229,Alif Stone Park Natuna,Kepulauan Anambas,Kepulauan Riau,alam,-0.22806597250008204,1.2108364407587076,0.49776975808444685,1,0,0,0,0,0
100230,Cagar Konservasi Pulau Bawah Anambas,Lingga,Kepulauan Riau,alam,-0.10633980940395729,1.6515348930329818,-0.007017207323426325,1,0,0,0,0,0
100231,Air Terjun Ciklat Lingga,Bintan,Kepulauan Riau,alam,-0.34979213559620675,1.6515348930329818,1.002859716868915,1,0,0,0,0,0
100232,Air Terjun Temburun Anambas,Lingga,Kepulauan Riau,alam,0.13711251678829217,1.6515348930329818,1.002859716868915,1,0,0,0,0,0
100233,Jembatan Barelang Batam,Bintan,Kepulauan Riau,budaya,-0.34979213559620675,-1.4333542728869222,-0.5121071661078944,0,0,0,1,0,0
100234,Pulau Penyengat Warisan Melayu,Karimun,Kepulauan Riau,budaya,-0.10633980940395729,1.6515348930329818,-0.5121071661078944,0,0,0,1,0,0
100235,Museum Sultan Sulaiman Badrul Alamsyah,Kepulauan Anambas,Kepulauan Riau,budaya,0.015386353692167442,1.2108364407587076,0.49776975808444685,0,0,0,1,0,0
100236,Maha Vihara Duta Maitreya Batam,Lingga,Kepulauan Riau,budaya,-0.22806597250008204,1.6515348930329818,-0.007017207323426325,0,0,0,1,0,0
100237,Kamp Pengungsi Vietnam Pulau Galang,Natuna,Kepulauan Riau,budaya,-0.34979213559620675,1.6515348930329818,1.002859716868915,0,0,0,1,0,0
100238,Istana Kantor Pulau Penyengat,Lingga,Kepulauan Riau,budaya,0.015386353692167442,1.2108364407587076,0.49776975808444685,0,0,0,1,0,0
100239,Benteng Bukit Kursi,Natuna,Kepulauan Riau,budaya,-0.22806597250008204,1.6515348930329818,0.49776975808444685,0,0,0,1,0,0
100240,Treasure Bay Bintan,Kepulauan Anambas,Kepulauan Riau,hiburan,1.2326479846534149,-0.5519573683383777,1.002859716868915,0,0,0,0,1,0
100241,Mega Wisata Ocarina Batam,Kepulauan Anambas,Kepulauan Riau,hiburan,0.2588386798844169,-0.11125891606410736,1.002859716868915,0,0,0,0,1,0
100242,Batam Wakepark,Bintan,Kepulauan Riau,hiburan,1.8412788001340386,-0.9926558206126519,1.002859716868915,0,0,0,0,1,0
100243,Sea Forest Adventure Batam,Kota Tanjung Pinang,Kepulauan Riau,hiburan,0.6240171691727912,1.2108364407587076,1.002859716868915,0,0,0,0,1,0
100244,Nagoya Hill Shopping Mall Batam,Karimun,Kepulauan Riau,belanja,-0.5932444617884562,0.329439536210163,1.002859716868915,0,0,1,0,0,0
100245,Mega Mall Batam Centre,Bintan,Kepulauan Riau,belanja,-0.5932444617884562,-1.4333542728869222,0.49776975808444685,0,0,1,0,0,0
100246,Pasar Wisata Tanjung Pinang,Kota Tanjung Pinang,Kepulauan Riau,belanja,-0.5932444617884562,1.2108364407587076,1.002859716868915,0,0,1,0,0,0
100247,Sentra Kerupuk Gonggong Bintan,Kepulauan Anambas,Kepulauan Riau,belanja,-0.5932444617884562,-1.4333542728869222,1.002859716868915,0,0,1,0,0,0
100248,Masjid Raya Sultan Riau Penyengat,Kepulauan Anambas,Kepulauan Riau,religi,-0.5932444617884562,1.6515348930329818,0.49776975808444685,0,0,0,0,0,1
100249,Masjid Sultan Mahmud Riayat Syah Batam,Natuna,Kepulauan Riau,religi,-0.5932444617884562,1.6515348930329818,0.49776975808444685,0,0,0,0,0,1
100250,Vihara Ksitigarbha Bodhisattva (1000 Patung),Natuna,Kepulauan Riau,religi,-0.5932444617884562,-0.11125891606410736,1.002859716868915,0,0,0,0,0,1
100251,Pantai Cemara Habitat Burung Migran,Batanghari,Jambi,bahari,-0.4715182986923315,1.2108364407587076,0.49776975808444685,0,1,0,0,0,0
100252,Pantai Pasir Pandak Nipah Panjang,Sarolangun,Jambi,bahari,-0.10633980940395729,-0.11125891606410736,0.49776975808444685,0,1,0,0,0,0
100253,Pantai Babussalam Kuala Tungkal,Merangin,Jambi,bahari,0.13711251678829217,0.7701379884844373,0.49776975808444685,0,1,0,0,0,0
100254,Pantai Air Hitam Laut,Sarolangun,Jambi,bahari,0.13711251678829217,0.329439536210163,0.49776975808444685,0,1,0,0,0,0
100255,Pantai Kampung Laut,Merangin,Jambi,bahari,-0.34979213559620675,1.6515348930329818,1.002859716868915,0,1,0,0,0,0
100256,Pantai Tanjung Solok,Batanghari,Jambi,bahari,-0.10633980940395729,-0.11125891606410736,1.002859716868915,0,1,0,0,0,0
100257,Pantai Sungai Itik Sadu,Bungo,Jambi,bahari,0.13711251678829217,0.7701379884844373,0.49776975808444685,0,1,0,0,0,0
100258,Pantai Kuala Jambi,Batanghari,Jambi,bahari,0.015386353692167442,-0.5519573683383777,0.49776975808444685,0,1,0,0,0,0
100259,Pantai Teluk Majelis,Tanjung Jabung Timur,Jambi,bahari,-0.10633980940395729,-0.9926558206126519,0.49776975808444685,0,1,0,0,0,0
100260,Pantai Alahan Panjang,Kota Jambi,Jambi,bahari,-0.10633980940395729,0.329439536210163,-0.007017207323426325,0,1,0,0,0,0
100261,Pantai Remau Bako,Tanjung Jabung Barat,Jambi,bahari,-0.10633980940395729,0.7701379884844373,1.002859716868915,0,1,0,0,0,0
100262,Pantai Lambur Luar,Bungo,Jambi,bahari,-0.4715182986923315,0.329439536210163,1.002859716868915,0,1,0,0,0,0
100263,Pantai Pangkal Duri,Kerinci,Jambi,bahari,-0.10633980940395729,0.7701379884844373,1.002859716868915,0,1,0,0,0,0
100264,Pantai Mendahara,Bungo,Jambi,bahari,0.13711251678829217,-0.5519573683383777,0.49776975808444685,0,1,0,0,0,0
100265,Gunung Kerinci (Puncak Tertinggi 3.805 mdpl),Sarolangun,Jambi,alam,-0.22806597250008204,-1.4333542728869222,0.49776975808444685,1,0,0,0,0,0
100266,Gunung Kunyit Belerang Alami,Bungo,Jambi,alam,0.015386353692167442,0.7701379884844373,0.49776975808444685,1,0,0,0,0,0
100267,Gunung Masurai Merangin,Batanghari,Jambi,alam,0.2588386798844169,-1.4333542728869222,-0.5121071661078944,1,0,0,0,0,0
100268,Bukit Khayangan Sungai Penuh,Kerinci,Jambi,alam,-0.22806597250008204,-1.4333542728869222,-0.007017207323426325,1,0,0,0,0,0
100269,Gunung Tujuh Kerinci,Sarolangun,Jambi,alam,-0.10633980940395729,-0.11125891606410736,0.49776975808444685,1,0,0,0,0,0
100270,Bukit Tapan Kerinci,Sarolangun,Jambi,alam,0.6240171691727912,-0.11125891606410736,-0.007017207323426325,1,0,0,0,0,0
100271,Puncak Danau Belibis,Muaro Jambi,Jambi,alam,0.6240171691727912,1.2108364407587076,1.002859716868915,1,0,0,0,0,0
100272,Bukit Cinta Kerinci,Muaro Jambi,Jambi,alam,0.015386353692167442,1.2108364407587076,-0.007017207323426325,1,0,0,0,0,0
100273,Bukit Ngalau Merangin,Bungo,Jambi,alam,0.6240171691727912,-0.5519573683383777,1.002859716868915,1,0,0,0,0,0
100274,Puncak Rawa Bento,Muaro Jambi,Jambi,alam,-0.22806597250008204,0.7701379884844373,0.49776975808444685,1,0,0,0,0,0
100275,Danau Gunung Tujuh,Tanjung Jabung Timur,Jambi,alam,0.13711251678829217,-1.4333542728869222,0.49776975808444685,1,0,0,0,0,0
100276,Danau Kaco Bercahaya Biru,Muaro Jambi,Jambi,alam,-0.22806597250008204,0.7701379884844373,-0.007017207323426325,1,0,0,0,0,0
100277,Danau Kerinci,Batanghari,Jambi,alam,0.015386353692167442,-0.11125891606410736,0.49776975808444685,1,0,0,0,0,0
100278,Geopark Merangin Fosil Purba,Kerinci,Jambi,alam,0.13711251678829217,0.7701379884844373,0.49776975808444685,1,0,0,0,0,0
100279,Taman Nasional Bukit Duabelas,Merangin,Jambi,alam,0.015386353692167442,0.7701379884844373,-0.007017207323426325,1,0,0,0,0,0
100280,Rawa Bento Amazon Kerinci,Kota Jambi,Jambi,alam,-0.34979213559620675,0.329439536210163,-0.007017207323426325,1,0,0,0,0,0
100281,Air Terjun Telun Berasap,Kota Jambi,Jambi,alam,0.015386353692167442,0.7701379884844373,1.002859716868915,1,0,0,0,0,0
100282,Kebun Teh Kayu Aro Tertua,Kota Sungai Penuh,Jambi,alam,-0.10633980940395729,-0.5519573683383777,0.49776975808444685,1,0,0,0,0,0
100283,Kompleks Percandian Muaro Jambi,Kerinci,Jambi,budaya,-0.4715182986923315,-1.4333542728869222,-0.5121071661078944,0,0,0,1,0,0
100284,Jembatan Pedestrian Gentala Arasy,Sarolangun,Jambi,budaya,-0.34979213559620675,-1.4333542728869222,0.49776975808444685,0,0,0,1,0,0
100285,Museum Siginjai Jambi,Merangin,Jambi,budaya,-0.10633980940395729,-1.4333542728869222,-0.007017207323426325,0,0,0,1,0,0
100286,Rumah Batu Olak Kemang,Batanghari,Jambi,budaya,-0.4715182986923315,1.2108364407587076,0.49776975808444685,0,0,0,1,0,0
100287,Desa Adat Lempur Kerinci,Tanjung Jabung Timur,Jambi,budaya,-0.22806597250008204,0.329439536210163,0.49776975808444685,0,0,0,1,0,0
100288,Makam Orang Kayo Hitam,Tanjung Jabung Barat,Jambi,budaya,-0.4715182986923315,-1.4333542728869222,0.49776975808444685,0,0,0,1,0,0
100289,Desa Wisata Muara Jangga,Kota Jambi,Jambi,budaya,-0.10633980940395729,1.2108364407587076,0.49776975808444685,0,0,0,1,0,0
100290,Taman Rimba Zoo Jambi,Kerinci,Jambi,hiburan,0.6240171691727912,1.6515348930329818,1.002859716868915,0,0,0,0,1,0
100291,Kampoeng Radja Jambi,Kerinci,Jambi,hiburan,1.2326479846534149,-1.4333542728869222,1.002859716868915,0,0,0,0,1,0
100292,Taman Wisata Air Kito,Merangin,Jambi,hiburan,0.6240171691727912,1.2108364407587076,1.002859716868915,0,0,0,0,1,0
100293,Jambi Paradise,Tanjung Jabung Barat,Jambi,hiburan,1.8412788001340386,0.7701379884844373,1.002859716868915,0,0,0,0,1,0
100294,Pasar Angso Duo Jambi,Kerinci,Jambi,belanja,-0.5932444617884562,-0.9926558206126519,0.49776975808444685,0,0,1,0,0,0
100295,Sentra Batik Jambi Sebrang,Tanjung Jabung Barat,Jambi,belanja,-0.5932444617884562,0.7701379884844373,0.49776975808444685,0,0,1,0,0,0
100296,Sentra Kopi Arabika Kerinci,Bungo,Jambi,belanja,-0.5932444617884562,0.329439536210163,0.49776975808444685,0,0,1,0,0,0
100297,Sentra Dodol Kentang Siulak,Kota Jambi,Jambi,belanja,-0.5932444617884562,1.2108364407587076,-0.007017207323426325,0,0,1,0,0,0
100298,Masjid Agung Al-Falah Seribu Tiang,Sarolangun,Jambi,religi,-0.5932444617884562,1.2108364407587076,-0.007017207323426325,0,0,0,0,0,1
100299,Menara Gentala Arasy Jambi,Tanjung Jabung Barat,Jambi,religi,-0.5932444617884562,0.329439536210163,0.49776975808444685,0,0,0,0,0,1
100300,Masjid Keramat Pulau Tengah Kerinci,Tanjung Jabung Barat,Jambi,religi,-0.5932444617884562,1.2108364407587076,0.49776975808444685,0,0,0,0,0,1
100301,Pantai Tanjung Carat Banyuasin,Kota Palembang,Sumatera Selatan,bahari,-0.10633980940395729,-1.4333542728869222,-0.007017207323426325,0,1,0,0,0,0
100302,Pantai Pasir Payung Sungsang,Kota Lubuklinggau,Sumatera Selatan,bahari,-0.34979213559620675,-0.5519573683383777,-0.007017207323426325,0,1,0,0,0,0
100303,Pantai Pulau Kemaro Sungai Musi,Muara Enim,Sumatera Selatan,bahari,-0.10633980940395729,0.329439536210163,-0.007017207323426325,0,1,0,0,0,0
100304,Pantai Danau Ranau Banding Agung,Banyuasin,Sumatera Selatan,bahari,0.13711251678829217,1.6515348930329818,-0.007017207323426325,0,1,0,0,0,0
100305,Pantai Pelangi Danau Ranau,Kota Palembang,Sumatera Selatan,bahari,0.015386353692167442,1.2108364407587076,0.49776975808444685,0,1,0,0,0,0
100306,Pantai Bidadari Danau Ranau,Lahat,Sumatera Selatan,bahari,-0.34979213559620675,0.329439536210163,0.49776975808444685,0,1,0,0,0,0
100307,Pantai Supat Barat Muba,Kota Lubuklinggau,Sumatera Selatan,bahari,-0.22806597250008204,0.329439536210163,0.49776975808444685,0,1,0,0,0,0
100308,Pantai Sinjar Musi Banyuasin,Banyuasin,Sumatera Selatan,bahari,-0.22806597250008204,-0.9926558206126519,0.49776975808444685,0,1,0,0,0,0
100309,Pantai Air Salek,OKU Baturaja,Sumatera Selatan,bahari,0.13711251678829217,1.6515348930329818,1.002859716868915,0,1,0,0,0,0
100310,Pantai Muara Sugihan,Kota Lubuklinggau,Sumatera Selatan,bahari,-0.10633980940395729,1.6515348930329818,-0.007017207323426325,0,1,0,0,0,0
100311,Pantai Sembilang Laut,Kota Pagar Alam,Sumatera Selatan,bahari,-0.10633980940395729,-0.9926558206126519,-0.007017207323426325,0,1,0,0,0,0
100312,Pantai Tanjung Menjangan,Banyuasin,Sumatera Selatan,bahari,0.13711251678829217,1.2108364407587076,1.002859716868915,0,1,0,0,0,0
100313,Pantai Pasir Putih Sukapindah,Kota Pagar Alam,Sumatera Selatan,bahari,-0.4715182986923315,-0.11125891606410736,0.49776975808444685,0,1,0,0,0,0
100314,Pantai Alur Betung,Kota Pagar Alam,Sumatera Selatan,bahari,-0.10633980940395729,0.7701379884844373,-0.007017207323426325,0,1,0,0,0,0
100315,Gunung Dempo Pagar Alam,Muara Enim,Sumatera Selatan,alam,0.2588386798844169,-0.11125891606410736,0.49776975808444685,1,0,0,0,0,0
100316,Bukit Serelo Jempol Lahat,Ogan Ilir,Sumatera Selatan,alam,-0.34979213559620675,1.6515348930329818,0.49776975808444685,1,0,0,0,0,0
100317,Gunung Patah Sumsel,Kota Pagar Alam,Sumatera Selatan,alam,-0.10633980940395729,0.7701379884844373,-0.007017207323426325,1,0,0,0,0,0
100318,Bukit Siguntang Palembang,Musi Banyuasin,Sumatera Selatan,alam,-0.34979213559620675,0.329439536210163,0.49776975808444685,1,0,0,0,0,0
100319,Bukit Besak Lahat,Kota Pagar Alam,Sumatera Selatan,alam,0.6240171691727912,-0.11125891606410736,-0.007017207323426325,1,0,0,0,0,0
100320,Puncak Rimba Candi,Muara Enim,Sumatera Selatan,alam,-0.22806597250008204,-0.5519573683383777,-0.007017207323426325,1,0,0,0,0,0
100321,Bukit Sulap Lubuklinggau,Kota Palembang,Sumatera Selatan,alam,0.6240171691727912,-0.11125891606410736,0.49776975808444685,1,0,0,0,0,0
100322,Bukit Gajah Lahat,OKU Baturaja,Sumatera Selatan,alam,-0.22806597250008204,0.7701379884844373,0.49776975808444685,1,0,0,0,0,0
100323,Puncak Perkebunan Teh Pagar Alam,Kota Palembang,Sumatera Selatan,alam,0.2588386798844169,1.2108364407587076,-0.5121071661078944,1,0,0,0,0,0
100324,Bukit Cogong Musi Rawas,Lahat,Sumatera Selatan,alam,-0.10633980940395729,-0.9926558206126519,-0.5121071661078944,1,0,0,0,0,0
100325,Danau Ranau Sumsel,Musi Banyuasin,Sumatera Selatan,alam,0.015386353692167442,-0.5519573683383777,0.49776975808444685,1,0,0,0,0,0
100326,Air Terjun Curup Tenang Bedegung,Muara Enim,Sumatera Selatan,alam,-0.22806597250008204,-0.5519573683383777,-0.007017207323426325,1,0,0,0,0,0
100327,Taman Nasional Sembilang,Ogan Ilir,Sumatera Selatan,alam,-0.10633980940395729,-1.4333542728869222,-0.007017207323426325,1,0,0,0,0,0
100328,Air Terjun Lematang Indah,Musi Banyuasin,Sumatera Selatan,alam,0.015386353692167442,1.6515348930329818,0.49776975808444685,1,0,0,0,0,0
100329,Air Terjun Temam Lubuklinggau,Muara Enim,Sumatera Selatan,alam,-0.22806597250008204,0.329439536210163,-0.007017207323426325,1,0,0,0,0,0
100330,Danau Shuji Lembak,Muara Enim,Sumatera Selatan,alam,0.015386353692167442,-0.9926558206126519,1.002859716868915,1,0,0,0,0,0
100331,Air Terjun Cuhup Maung,Musi Banyuasin,Sumatera Selatan,alam,-0.34979213559620675,1.6515348930329818,0.49776975808444685,1,0,0,0,0,0
100332,Kawasan Megalitikum Lahat,Lahat,Sumatera Selatan,alam,-0.34979213559620675,1.6515348930329818,0.49776975808444685,1,0,0,0,0,0
100333,Jembatan Ampera Palembang,Banyuasin,Sumatera Selatan,budaya,-0.34979213559620675,-0.11125891606410736,1.002859716868915,0,0,0,1,0,0
100334,Benteng Kuto Besak Palembang,Kota Lubuklinggau,Sumatera Selatan,budaya,-0.34979213559620675,-0.11125891606410736,-0.007017207323426325,0,0,0,1,0,0
100335,Pulau Kemaro Pagoda,Kota Pagar Alam,Sumatera Selatan,budaya,-0.22806597250008204,0.329439536210163,0.49776975808444685,0,0,0,1,0,0
100336,Museum Balaputradeva Rumah Limas,Banyuasin,Sumatera Selatan,budaya,-0.22806597250008204,-0.5519573683383777,0.49776975808444685,0,0,0,1,0,0
100337,Taman Purbakala Kerajaan Sriwijaya,Musi Banyuasin,Sumatera Selatan,budaya,-0.10633980940395729,-0.5519573683383777,-0.007017207323426325,0,0,0,1,0,0
100338,Rumah Adat Baghi Pagar Alam,Lahat,Sumatera Selatan,budaya,-0.4715182986923315,1.2108364407587076,-0.007017207323426325,0,0,0,1,0,0
100339,Kampung Arab Al-Munawar,Kota Lubuklinggau,Sumatera Selatan,budaya,-0.4715182986923315,-0.9926558206126519,1.002859716868915,0,0,0,1,0,0
100340,Jakabaring Sport City Palembang,Kota Pagar Alam,Sumatera Selatan,hiburan,1.8412788001340386,-0.11125891606410736,1.002859716868915,0,0,0,0,1,0
100341,Amanzi Waterpark Palembang,Kota Prabumulih,Sumatera Selatan,hiburan,3.058540431095286,-0.5519573683383777,1.002859716868915,0,0,0,0,1,0
100342,Punti Kayu Forest Park,OKU Baturaja,Sumatera Selatan,hiburan,0.2588386798844169,-0.9926558206126519,1.002859716868915,0,0,0,0,1,0
100343,Fantasy Island Palembang,Kota Prabumulih,Sumatera Selatan,hiburan,1.8412788001340386,1.6515348930329818,1.002859716868915,0,0,0,0,1,0
100344,Pasar 16 Ilir Palembang,Muara Enim,Sumatera Selatan,belanja,-0.5932444617884562,-0.5519573683383777,0.49776975808444685,0,0,1,0,0,0
100345,Sentra Pempek 26 Ilir,Lahat,Sumatera Selatan,belanja,-0.5932444617884562,0.329439536210163,1.002859716868915,0,0,1,0,0,0
100346,Sentra Songket Tangga Buntung,Kota Pagar Alam,Sumatera Selatan,belanja,-0.5932444617884562,-0.11125891606410736,-0.007017207323426325,0,0,1,0,0,0
100347,Palembang Icon Mall,Lahat,Sumatera Selatan,belanja,-0.5932444617884562,-0.11125891606410736,0.49776975808444685,0,0,1,0,0,0
100348,Masjid Agung Sultan Mahmud Badaruddin I,Kota Lubuklinggau,Sumatera Selatan,religi,-0.5932444617884562,1.2108364407587076,0.49776975808444685,0,0,0,0,0,1
100349,Masjid Cheng Ho Jakabaring,Kota Prabumulih,Sumatera Selatan,religi,-0.5932444617884562,-0.9926558206126519,0.49776975808444685,0,0,0,0,0,1
100350,Al-Qur'an Raksasa Gandus,Ogan Ilir,Sumatera Selatan,religi,-0.5932444617884562,-0.5519573683383777,0.49776975808444685,0,0,0,0,0,1
100351,Pantai Panjang Bengkulu,Kepahiang,Bengkulu,bahari,-0.10633980940395729,0.7701379884844373,1.002859716868915,0,1,0,0,0,0
100352,Pantai Pasir Putih Bengkulu,Bengkulu Tengah,Bengkulu,bahari,-0.34979213559620675,-0.9926558206126519,1.002859716868915,0,1,0,0,0,0
100353,Pantai Tapak Paderi,Rejang Lebong,Bengkulu,bahari,-0.22806597250008204,-0.5519573683383777,0.49776975808444685,0,1,0,0,0,0
100354,Pantai Jakat Bengkulu,Bengkulu Selatan,Bengkulu,bahari,-0.22806597250008204,-1.4333542728869222,0.49776975808444685,0,1,0,0,0,0
100355,Pantai Sungai Suci,Bengkulu Utara,Bengkulu,bahari,-0.4715182986923315,-0.11125891606410736,-0.007017207323426325,0,1,0,0,0,0
100356,Pantai Linau Kaur,Bengkulu Utara,Bengkulu,bahari,-0.4715182986923315,0.7701379884844373,0.49776975808444685,0,1,0,0,0,0
100357,Pantai Laguna Samudra Kaur,Bengkulu Utara,Bengkulu,bahari,-0.34979213559620675,1.6515348930329818,-0.007017207323426325,0,1,0,0,0,0
100358,Pantai Pasar Bawah Manna,Rejang Lebong,Bengkulu,bahari,-0.10633980940395729,0.329439536210163,0.49776975808444685,0,1,0,0,0,0
100359,Pantai Abrasi Mukomuko,Kota Bengkulu,Bengkulu,bahari,-0.22806597250008204,-0.9926558206126519,-0.007017207323426325,0,1,0,0,0,0
100360,Pantai Way Hawang Kaur,Rejang Lebong,Bengkulu,bahari,-0.10633980940395729,-0.9926558206126519,0.49776975808444685,0,1,0,0,0,0
100361,Pantai Alur Maung,Seluma,Bengkulu,bahari,-0.10633980940395729,-0.9926558206126519,0.49776975808444685,0,1,0,0,0,0
100362,Pantai Cemara Indah Seluma,Seluma,Bengkulu,bahari,-0.4715182986923315,-1.4333542728869222,-0.007017207323426325,0,1,0,0,0,0
100363,Pantai Pekik Nyaring,Bengkulu Utara,Bengkulu,bahari,0.13711251678829217,0.329439536210163,0.49776975808444685,0,1,0,0,0,0
100364,Pantai Kura-Kura Seluma,Mukomuko,Bengkulu,bahari,-0.4715182986923315,0.7701379884844373,-0.007017207323426325,0,1,0,0,0,0
100365,Gunung Kaba Curup,Seluma,Bengkulu,alam,0.015386353692167442,1.6515348930329818,-0.007017207323426325,1,0,0,0,0,0
100366,Gunung Daun Rejang Lebong,Mukomuko,Bengkulu,alam,0.2588386798844169,-0.9926558206126519,0.49776975808444685,1,0,0,0,0,0
100367,Gunung Bungkuk Bengkulu Tengah,Bengkulu Utara,Bengkulu,alam,0.015386353692167442,-0.5519573683383777,1.002859716868915,1,0,0,0,0,0
100368,Bukit Kandis Karang Tinggi,Lebong,Bengkulu,alam,0.015386353692167442,0.7701379884844373,0.49776975808444685,1,0,0,0,0,0
100369,Bukit Kaba Ekowisata,Bengkulu Selatan,Bengkulu,alam,0.2588386798844169,-1.4333542728869222,1.002859716868915,1,0,0,0,0,0
100370,Puncak Bukit Jipang Curup,Kota Bengkulu,Bengkulu,alam,0.015386353692167442,-1.4333542728869222,0.49776975808444685,1,0,0,0,0,0
100371,Bukit Daun Kembar,Kepahiang,Bengkulu,alam,0.015386353692167442,-0.11125891606410736,-0.5121071661078944,1,0,0,0,0,0
100372,Bukit Hitam Kepahiang,Bengkulu Tengah,Bengkulu,alam,-0.34979213559620675,0.7701379884844373,-0.007017207323426325,1,0,0,0,0,0
100373,Bukit Kumbang Seluma,Bengkulu Tengah,Bengkulu,alam,0.015386353692167442,1.6515348930329818,0.49776975808444685,1,0,0,0,0,0
100374,Puncak Bukit Peninjauan,Bengkulu Utara,Bengkulu,alam,0.6240171691727912,0.7701379884844373,-0.5121071661078944,1,0,0,0,0,0
100375,Habitat Bunga Rafflesia Taba Penanjung,Bengkulu Tengah,Bengkulu,alam,0.13711251678829217,-1.4333542728869222,0.49776975808444685,1,0,0,0,0,0
100376,Pulau Tikus Karang Laut,Bengkulu Selatan,Bengkulu,alam,0.015386353692167442,0.7701379884844373,-0.007017207323426325,1,0,0,0,0,0
100377,Danau Dendam Tak Sudah,Bengkulu Selatan,Bengkulu,alam,0.13711251678829217,-0.9926558206126519,-0.007017207323426325,1,0,0,0,0,0
100378,Danau Mas Harun Bastari,Mukomuko,Bengkulu,alam,-0.22806597250008204,1.6515348930329818,-0.007017207323426325,1,0,0,0,0,0
100379,Air Terjun Kepala Curup,Seluma,Bengkulu,alam,0.13711251678829217,-1.4333542728869222,0.49776975808444685,1,0,0,0,0,0
100380,Pemandian Air Panas Suban,Kota Bengkulu,Bengkulu,alam,-0.34979213559620675,0.329439536210163,-0.007017207323426325,1,0,0,0,0,0
100381,Air Terjun Tri Muara Karang,Kepahiang,Bengkulu,alam,-0.22806597250008204,-0.9926558206126519,0.49776975808444685,1,0,0,0,0,0
100382,Danau Tes Lebong,Kepahiang,Bengkulu,alam,-0.22806597250008204,-0.5519573683383777,0.49776975808444685,1,0,0,0,0,0
100383,Benteng Marlborough Inggris,Seluma,Bengkulu,budaya,-0.22806597250008204,-0.9926558206126519,0.49776975808444685,0,0,0,1,0,0
100384,Rumah Pengasingan Bung Karno,Lebong,Bengkulu,budaya,-0.22806597250008204,-0.9926558206126519,-0.007017207323426325,0,0,0,1,0,0
100385,Rumah Fatmawati Soekarno,Mukomuko,Bengkulu,budaya,-0.10633980940395729,1.2108364407587076,-0.5121071661078944,0,0,0,1,0,0
100386,Tugu Thomas Parr,Lebong,Bengkulu,budaya,0.015386353692167442,-0.11125891606410736,0.49776975808444685,0,0,0,1,0,0
100387,Monumen Hamilton,Kota Bengkulu,Bengkulu,budaya,-0.10633980940395729,-0.11125891606410736,-0.007017207323426325,0,0,0,1,0,0
100388,Museum Negeri Bengkulu,Seluma,Bengkulu,budaya,-0.22806597250008204,1.6515348930329818,0.49776975808444685,0,0,0,1,0,0
100389,Perkampungan Tradisional Rejang,Seluma,Bengkulu,budaya,0.015386353692167442,-0.11125891606410736,-0.007017207323426325,0,0,0,1,0,0
100390,Taman Berkas Kota Bengkulu,Mukomuko,Bengkulu,hiburan,0.6240171691727912,-0.9926558206126519,1.002859716868915,0,0,0,0,1,0
100391,Taman Smart City Bengkulu,Mukomuko,Bengkulu,hiburan,4.275802062056533,-1.4333542728869222,1.002859716868915,0,0,0,0,1,0
100392,Wahana Surya Bengkulu Tengah,Kota Bengkulu,Bengkulu,hiburan,1.2326479846534149,-0.5519573683383777,1.002859716868915,0,0,0,0,1,0
100393,Danau Picung Park Lebong,Seluma,Bengkulu,hiburan,4.275802062056533,0.7701379884844373,1.002859716868915,0,0,0,0,1,0
100394,Pasar Barukoto Bengkulu,Kepahiang,Bengkulu,belanja,-0.5932444617884562,-0.5519573683383777,1.002859716868915,0,0,1,0,0,0
100395,Sentra Kerajinan Kulit Lantung,Rejang Lebong,Bengkulu,belanja,-0.5932444617884562,-0.5519573683383777,-0.007017207323426325,0,0,1,0,0,0
100396,Sentra Sirup Kalamansi Anggut,Rejang Lebong,Bengkulu,belanja,-0.5932444617884562,-1.4333542728869222,-0.007017207323426325,0,0,1,0,0,0
100397,Sentra Kopi Robusta Kepahiang,Bengkulu Utara,Bengkulu,belanja,-0.5932444617884562,0.7701379884844373,0.49776975808444685,0,0,1,0,0,0
100398,Masjid Jamik Bengkulu Arsitektur Soekarno,Rejang Lebong,Bengkulu,religi,-0.5932444617884562,0.7701379884844373,1.002859716868915,0,0,0,0,0,1
100399,Masjid Raya Baitul Izzah,Kaur,Bengkulu,religi,-0.5932444617884562,0.7701379884844373,0.49776975808444685,0,0,0,0,0,1
100400,Masjid Agung At-Taqwa Bengkulu,Bengkulu Utara,Bengkulu,religi,-0.5932444617884562,0.7701379884844373,1.002859716868915,0,0,0,0,0,1
100401,Pantai Tanjung Setia Krui,Pesisir Barat Krui,Lampung,bahari,-0.34979213559620675,-0.5519573683383777,0.49776975808444685,0,1,0,0,0,0
100402,Pantai Mutun Pesawaran,Tanggamus,Lampung,bahari,0.13711251678829217,1.2108364407587076,1.002859716868915,0,1,0,0,0,0
100403,Pantai Sari Ringgit,Lampung Selatan,Lampung,bahari,0.015386353692167442,-0.9926558206126519,-0.007017207323426325,0,1,0,0,0,0
100404,Pantai Pasir Putih Lampung,Pringsewu,Lampung,bahari,0.13711251678829217,-0.9926558206126519,-0.007017207323426325,0,1,0,0,0,0
100405,Pantai Gigi Hiu Karang Layar,Pesawaran,Lampung,bahari,-0.4715182986923315,-1.4333542728869222,-0.007017207323426325,0,1,0,0,0,0
100406,Pantai Marina Kalianda,Lampung Tengah,Lampung,bahari,-0.10633980940395729,0.7701379884844373,1.002859716868915,0,1,0,0,0,0
100407,Pantai Clara Pesawaran,Kota Metro,Lampung,bahari,-0.34979213559620675,-0.5519573683383777,0.49776975808444685,0,1,0,0,0,0
100408,Pantai Minang Rua Bakauheni,Lampung Barat,Lampung,bahari,-0.4715182986923315,-0.9926558206126519,0.49776975808444685,0,1,0,0,0,0
100409,Pantai Labuhan Jukung Krui,Lampung Barat,Lampung,bahari,-0.4715182986923315,0.7701379884844373,0.49776975808444685,0,1,0,0,0,0
100410,Pantai Embe Kalianda,Pringsewu,Lampung,bahari,-0.34979213559620675,-1.4333542728869222,-0.007017207323426325,0,1,0,0,0,0
100411,Pantai Guci Batu Kapal,Pesawaran,Lampung,bahari,0.13711251678829217,0.329439536210163,-0.007017207323426325,0,1,0,0,0,0
100412,Pantai Sebalang Tarahan,Lampung Barat,Lampung,bahari,-0.34979213559620675,-1.4333542728869222,-0.007017207323426325,0,1,0,0,0,0
100413,Pantai Mandiri Krui,Lampung Selatan,Lampung,bahari,-0.34979213559620675,-0.9926558206126519,-0.007017207323426325,0,1,0,0,0,0
100414,Pantai Batu Tihang,Lampung Selatan,Lampung,bahari,-0.22806597250008204,1.2108364407587076,0.49776975808444685,0,1,0,0,0,0
100415,Gunung Anak Krakatau Selat Sunda,Pesawaran,Lampung,alam,-0.10633980940395729,1.2108364407587076,-0.007017207323426325,1,0,0,0,0,0
100416,Gunung Pesagi Liwa,Pringsewu,Lampung,alam,-0.34979213559620675,-0.5519573683383777,0.49776975808444685,1,0,0,0,0,0
100417,Gunung Rajabasa Kalianda,Lampung Timur,Lampung,alam,-0.34979213559620675,1.2108364407587076,1.002859716868915,1,0,0,0,0,0
100418,Gunung Tanggamus,Pringsewu,Lampung,alam,0.015386353692167442,-1.4333542728869222,0.49776975808444685,1,0,0,0,0,0
100419,Gunung Betung Bandar Lampung,Pesawaran,Lampung,alam,-0.22806597250008204,-0.5519573683383777,-0.007017207323426325,1,0,0,0,0,0
100420,Bukit Asahan Pesawaran,Lampung Tengah,Lampung,alam,0.2588386798844169,0.329439536210163,-0.007017207323426325,1,0,0,0,0,0
100421,Puncak Muncak Teropong Laut,Tanggamus,Lampung,alam,-0.10633980940395729,1.6515348930329818,-0.007017207323426325,1,0,0,0,0,0
100422,Bukit BLT Pringsewu,Lampung Timur,Lampung,alam,0.2588386798844169,-0.9926558206126519,1.002859716868915,1,0,0,0,0,0
100423,Puncak Bawang Bakauheni,Lampung Selatan,Lampung,alam,-0.10633980940395729,1.2108364407587076,-0.007017207323426325,1,0,0,0,0,0
100424,Bukit Kabut Bawang Liwa,Pesawaran,Lampung,alam,0.6240171691727912,1.2108364407587076,-0.007017207323426325,1,0,0,0,0,0
100425,Taman Nasional Way Kambas,Pesisir Barat Krui,Lampung,alam,-0.10633980940395729,-1.4333542728869222,0.49776975808444685,1,0,0,0,0,0
100426,Pulau Pahawang Snorkeling,Lampung Timur,Lampung,alam,-0.22806597250008204,-0.5519573683383777,1.002859716868915,1,0,0,0,0,0
100427,Teluk Kiluan Lumba-Lumba,Lampung Timur,Lampung,alam,-0.34979213559620675,-0.11125891606410736,0.49776975808444685,1,0,0,0,0,0
100428,Pulau Kelagian Pesawaran,Lampung Tengah,Lampung,alam,-0.10633980940395729,-1.4333542728869222,-0.007017207323426325,1,0,0,0,0,0
100429,Danau Suoh Lampung Barat,Kota Metro,Lampung,alam,0.13711251678829217,-1.4333542728869222,0.49776975808444685,1,0,0,0,0,0
100430,Air Terjun Way Lalaan,Lampung Timur,Lampung,alam,-0.34979213559620675,0.7701379884844373,-0.007017207323426325,1,0,0,0,0,0
100431,Air Terjun Curup Tujuh,Kota Metro,Lampung,alam,-0.34979213559620675,-0.11125891606410736,0.49776975808444685,1,0,0,0,0,0
100432,Pulau Tegal Mas Maldives Lampung,Pringsewu,Lampung,alam,-0.10633980940395729,0.7701379884844373,1.002859716868915,1,0,0,0,0,0
100433,Menara Siger Bakauheni,Pesawaran,Lampung,budaya,-0.34979213559620675,-0.11125891606410736,-0.007017207323426325,0,0,0,1,0,0
100434,Museum Negeri Lampung Ruwa Jurai,Tanggamus,Lampung,budaya,-0.4715182986923315,1.6515348930329818,-0.007017207323426325,0,0,0,1,0,0
100435,Desa Wisata Kain Tapis Negeri Katon,Lampung Tengah,Lampung,budaya,-0.22806597250008204,1.2108364407587076,-0.007017207323426325,0,0,0,1,0,0
100436,Situs Megalitikum Pugung Raharjo,Pesisir Barat Krui,Lampung,budaya,0.015386353692167442,-0.9926558206126519,1.002859716868915,0,0,0,1,0,0
100437,Rumah Adat Lamban Gedung Liwa,Tanggamus,Lampung,budaya,-0.22806597250008204,0.329439536210163,-0.007017207323426325,0,0,0,1,0,0
100438,Monumen Krakatau Bandar Lampung,Lampung Timur,Lampung,budaya,-0.22806597250008204,-0.11125891606410736,1.002859716868915,0,0,0,1,0,0
100439,Kerajaan Adat Paksi Pak Sekala Brak,Lampung Selatan,Lampung,budaya,-0.22806597250008204,-0.5519573683383777,0.49776975808444685,0,0,0,1,0,0
100440,Taman Wisata Lembah Hijau,Pesisir Barat Krui,Lampung,hiburan,0.2588386798844169,-0.11125891606410736,1.002859716868915,0,0,0,0,1,0
100441,Bumi Kedaton Resort Waterpark,Kota Bandar Lampung,Lampung,hiburan,4.275802062056533,1.6515348930329818,1.002859716868915,0,0,0,0,1,0
100442,Taman Kupu-kupu Gita Persada,Kota Bandar Lampung,Lampung,hiburan,4.275802062056533,-0.5519573683383777,1.002859716868915,0,0,0,0,1,0
100443,Camp 91 Kedaung,Kota Metro,Lampung,hiburan,4.275802062056533,-0.5519573683383777,1.002859716868915,0,0,0,0,1,0
100444,Sentra Keripik Pisang Gang PU,Pringsewu,Lampung,belanja,-0.5932444617884562,0.329439536210163,0.49776975808444685,0,0,1,0,0,0
100445,Pasar Bambu Kuning,Pringsewu,Lampung,belanja,-0.5932444617884562,-1.4333542728869222,1.002859716868915,0,0,1,0,0,0
100446,Sentra Kopi Robusta Liwa,Lampung Timur,Lampung,belanja,-0.5932444617884562,-0.9926558206126519,0.49776975808444685,0,0,1,0,0,0
100447,Sentra Tenun Tapis Soekardi,Kota Bandar Lampung,Lampung,belanja,-0.5932444617884562,-0.11125891606410736,1.002859716868915,0,0,1,0,0,0
100448,Masjid Al-Furqon Bandar Lampung,Lampung Selatan,Lampung,religi,-0.5932444617884562,-0.5519573683383777,1.002859716868915,0,0,0,0,0,1
100449,Masjid Terapung Al-Aminah,Lampung Timur,Lampung,religi,-0.5932444617884562,1.6515348930329818,0.49776975808444685,0,0,0,0,0,1
100450,Gereja Katedral Kristus Raja,Kota Bandar Lampung,Lampung,religi,-0.5932444617884562,-0.9926558206126519,0.49776975808444685,0,0,0,0,0,1
100451,Pantai Tanjung Tinggi Belitung Granit,Belitung,Kepulauan Bangka Belitung,bahari,-0.4715182986923315,-1.4333542728869222,-0.007017207323426325,0,1,0,0,0,0
100452,Pantai Tanjung Kelayang UNESCO,Belitung Timur,Kepulauan Bangka Belitung,bahari,-0.34979213559620675,-1.4333542728869222,0.49776975808444685,0,1,0,0,0,0
100453,Pantai Parai Tenggiri Sungailiat,Bangka Selatan,Kepulauan Bangka Belitung,bahari,-0.4715182986923315,1.2108364407587076,-0.007017207323426325,0,1,0,0,0,0
100454,Pantai Matras Bangka,Belitung,Kepulauan Bangka Belitung,bahari,0.015386353692167442,0.7701379884844373,0.49776975808444685,0,1,0,0,0,0
100455,Pantai Pasir Padi Pangkalpinang,Kota Pangkal Pinang,Kepulauan Bangka Belitung,bahari,-0.34979213559620675,-0.5519573683383777,0.49776975808444685,0,1,0,0,0,0
100456,Pantai Penyusuk Belinyu,Kota Pangkal Pinang,Kepulauan Bangka Belitung,bahari,0.015386353692167442,-0.5519573683383777,1.002859716868915,0,1,0,0,0,0
100457,Pantai Tikus Emas Sungailiat,Bangka Selatan,Kepulauan Bangka Belitung,bahari,0.015386353692167442,-1.4333542728869222,0.49776975808444685,0,1,0,0,0,0
100458,Pantai Burung Mandi Manggar,Bangka Selatan,Kepulauan Bangka Belitung,bahari,-0.10633980940395729,1.2108364407587076,0.49776975808444685,0,1,0,0,0,0
100459,Pantai Punai Belitung Timur,Kota Pangkal Pinang,Kepulauan Bangka Belitung,bahari,-0.4715182986923315,0.329439536210163,0.49776975808444685,0,1,0,0,0,0
100460,Pantai Batu Bedaun Sungailiat,Belitung Timur,Kepulauan Bangka Belitung,bahari,-0.10633980940395729,-0.9926558206126519,-0.007017207323426325,0,1,0,0,0,0
100461,Pantai Tongaci Bangka,Belitung Timur,Kepulauan Bangka Belitung,bahari,-0.22806597250008204,-0.11125891606410736,-0.007017207323426325,0,1,0,0,0,0
100462,Pantai Nyiur Melambai,Bangka Barat,Kepulauan Bangka Belitung,bahari,0.13711251678829217,1.6515348930329818,0.49776975808444685,0,1,0,0,0,0
100463,Pantai Batu Dinding Belinyu,Bangka Barat,Kepulauan Bangka Belitung,bahari,0.13711251678829217,1.6515348930329818,0.49776975808444685,0,1,0,0,0,0
100464,Pantai Siangau Bangka Barat,Bangka Tengah,Kepulauan Bangka Belitung,bahari,0.13711251678829217,-0.11125891606410736,-0.007017207323426325,0,1,0,0,0,0
100465,Gunung Menumbing Muntok,Belitung,Kepulauan Bangka Belitung,alam,-0.10633980940395729,0.7701379884844373,0.49776975808444685,1,0,0,0,0,0
100466,Gunung Maras Bangka,Bangka Selatan,Kepulauan Bangka Belitung,alam,0.6240171691727912,-0.5519573683383777,0.49776975808444685,1,0,0,0,0,0
100467,Bukit Berahu Belitung,Belitung,Kepulauan Bangka Belitung,alam,-0.10633980940395729,-0.5519573683383777,0.49776975808444685,1,0,0,0,0,0
100468,Bukit Samak Manggar,Bangka,Kepulauan Bangka Belitung,alam,0.015386353692167442,-0.5519573683383777,0.49776975808444685,1,0,0,0,0,0
100469,Bukit Menara Belitung,Bangka Barat,Kepulauan Bangka Belitung,alam,0.2588386798844169,1.6515348930329818,1.002859716868915,1,0,0,0,0,0
100470,Bukit Kejora Koba,Bangka,Kepulauan Bangka Belitung,alam,0.6240171691727912,-0.5519573683383777,-0.5121071661078944,1,0,0,0,0,0
100471,Bukit Pala Muntok,Belitung,Kepulauan Bangka Belitung,alam,0.6240171691727912,-0.11125891606410736,0.49776975808444685,1,0,0,0,0,0
100472,Bukit Gebang Toboali,Bangka Selatan,Kepulauan Bangka Belitung,alam,-0.10633980940395729,1.2108364407587076,0.49776975808444685,1,0,0,0,0,0
100473,Puncak Bukit Peramun Belitung,Belitung,Kepulauan Bangka Belitung,alam,0.015386353692167442,1.6515348930329818,-0.007017207323426325,1,0,0,0,0,0
100474,Bukit Batu Baginde Belitung Selatan,Belitung,Kepulauan Bangka Belitung,alam,0.2588386798844169,1.2108364407587076,-0.007017207323426325,1,0,0,0,0,0
100475,Pulau Lengkuas Mercusuar 1882,Bangka,Kepulauan Bangka Belitung,alam,-0.10633980940395729,-0.9926558206126519,0.49776975808444685,1,0,0,0,0,0
100476,Danau Kaolin Air Raya Belitung,Belitung Timur,Kepulauan Bangka Belitung,alam,-0.34979213559620675,-0.9926558206126519,1.002859716868915,1,0,0,0,0,0
100477,Danau Kaolin Nibung Bangka Tengah,Kota Pangkal Pinang,Kepulauan Bangka Belitung,alam,-0.34979213559620675,-0.11125891606410736,1.002859716868915,1,0,0,0,0,0
100478,Pulau Batu Berlayar Belitung,Belitung Timur,Kepulauan Bangka Belitung,alam,0.015386353692167442,-0.9926558206126519,-0.007017207323426325,1,0,0,0,0,0
100479,Pulau Pasir Bintang Laut Belitung,Belitung,Kepulauan Bangka Belitung,alam,-0.10633980940395729,0.7701379884844373,0.49776975808444685,1,0,0,0,0,0
100480,Batu Belimbing Toboali,Bangka Selatan,Kepulauan Bangka Belitung,alam,0.015386353692167442,-0.9926558206126519,-0.007017207323426325,1,0,0,0,0,0
100481,Hutan Mangrove Munjut,Bangka Selatan,Kepulauan Bangka Belitung,alam,-0.22806597250008204,0.7701379884844373,0.49776975808444685,1,0,0,0,0,0
100482,Air Terjun Gurok Beraye Belitung,Bangka Barat,Kepulauan Bangka Belitung,alam,0.015386353692167442,1.6515348930329818,0.49776975808444685,1,0,0,0,0,0
100483,Museum Kata Andrea Hirata Gantung,Bangka Tengah,Kepulauan Bangka Belitung,budaya,0.015386353692167442,1.6515348930329818,0.49776975808444685,0,0,0,1,0,0
100484,Replika SD Laskar Pelangi Gantong,Bangka Selatan,Kepulauan Bangka Belitung,budaya,0.015386353692167442,0.7701379884844373,1.002859716868915,0,0,0,1,0,0
100485,Pesanggrahan Menumbing Muntok,Belitung Timur,Kepulauan Bangka Belitung,budaya,-0.22806597250008204,0.329439536210163,0.49776975808444685,0,0,0,1,0,0
100486,Museum Timah Indonesia,Bangka Barat,Kepulauan Bangka Belitung,budaya,0.015386353692167442,0.7701379884844373,0.49776975808444685,0,0,0,1,0,0
100487,Benteng Toboali Bangka Selatan,Bangka Selatan,Kepulauan Bangka Belitung,budaya,-0.22806597250008204,-0.5519573683383777,-0.007017207323426325,0,0,0,1,0,0
100488,Kampung Adat Gebong Memarong,Bangka Tengah,Kepulauan Bangka Belitung,budaya,-0.22806597250008204,1.6515348930329818,1.002859716868915,0,0,0,1,0,0
100489,Rumah Adat Melayu Bangka,Belitung,Kepulauan Bangka Belitung,budaya,-0.10633980940395729,-1.4333542728869222,-0.007017207323426325,0,0,0,1,0,0
100490,Bangka Botanical Garden (BBG),Bangka,Kepulauan Bangka Belitung,hiburan,0.6240171691727912,0.329439536210163,1.002859716868915,0,0,0,0,1,0
100491,Alun-alun Taman Merdeka Pangkalpinang,Belitung Timur,Kepulauan Bangka Belitung,hiburan,1.2326479846534149,-0.11125891606410736,1.002859716868915,0,0,0,0,1,0
100492,De Locomotief Pantai Tongaci,Belitung,Kepulauan Bangka Belitung,hiburan,4.275802062056533,-0.11125891606410736,1.002859716868915,0,0,0,0,1,0
100493,Tirta Teratai Sungailiat,Bangka Selatan,Kepulauan Bangka Belitung,hiburan,4.275802062056533,0.329439536210163,1.002859716868915,0,0,0,0,1,0
100494,Sentra Kerupuk Kemplang Pangkalpinang,Belitung,Kepulauan Bangka Belitung,belanja,-0.5932444617884562,0.7701379884844373,-0.007017207323426325,0,0,1,0,0,0
100495,Sentra Kopi Manggar 1001 Warung,Bangka Barat,Kepulauan Bangka Belitung,belanja,-0.5932444617884562,1.6515348930329818,1.002859716868915,0,0,1,0,0,0
100496,Sentra Terasi Toboali,Belitung,Kepulauan Bangka Belitung,belanja,-0.5932444617884562,-0.11125891606410736,-0.007017207323426325,0,0,1,0,0,0
100497,Pasar Mambo Pangkalpinang,Kota Pangkal Pinang,Kepulauan Bangka Belitung,belanja,-0.5932444617884562,-0.5519573683383777,-0.007017207323426325,0,0,1,0,0,0
100498,Puri Tri Agung Sungailiat,Bangka Barat,Kepulauan Bangka Belitung,religi,-0.5932444617884562,-0.5519573683383777,-0.007017207323426325,0,0,0,0,0,1
100499,Vihara Dewi Kwan Im Belitung Timur,Kota Pangkal Pinang,Kepulauan Bangka Belitung,religi,-0.5932444617884562,0.7701379884844373,1.002859716868915,0,0,0,0,0,1
100500,Masjid Jamik Pangkalpinang,Kota Pangkal Pinang,Kepulauan Bangka Belitung,religi,-0.5932444617884562,0.7701379884844373,0.49776975808444685,0,0,0,0,0,1
100501,Pantai Anyer,Pandeglang,Banten,bahari,0.015386353692167442,-0.5519573683383777,-0.007017207323426325,0,1,0,0,0,0
100502,Pantai Carita,Tangerang,Banten,bahari,-0.22806597250008204,0.7701379884844373,0.49776975808444685,0,1,0,0,0,0
100503,Pantai Tanjung Lesung,Serang,Banten,bahari,0.13711251678829217,-1.4333542728869222,-0.007017207323426325,0,1,0,0,0,0
100504,Pantai Sawarna,Kota Cilegon,Banten,bahari,-0.34979213559620675,-1.4333542728869222,1.002859716868915,0,1,0,0,0,0
100505,Pantai Bagedur Lebak,Kota Serang,Banten,bahari,-0.22806597250008204,-1.4333542728869222,0.49776975808444685,0,1,0,0,0,0
100506,Pantai Karang Bolong Anyer,Serang,Banten,bahari,-0.34979213559620675,0.7701379884844373,0.49776975808444685,0,1,0,0,0,0
100507,Pantai Ciputih Ujung Kulon,Kota Serang,Banten,bahari,-0.4715182986923315,-0.11125891606410736,-0.007017207323426325,0,1,0,0,0,0
100508,Pantai Sambolo,Lebak,Banten,bahari,0.13711251678829217,1.2108364407587076,0.49776975808444685,0,1,0,0,0,0
100509,Pantai Florida Anyer,Pandeglang,Banten,bahari,-0.4715182986923315,-1.4333542728869222,0.49776975808444685,0,1,0,0,0,0
100510,Pantai Marina Anyer,Pandeglang,Banten,bahari,-0.10633980940395729,1.6515348930329818,-0.007017207323426325,0,1,0,0,0,0
100511,Pantai Pasir Putih Sirih,Kota Tangerang,Banten,bahari,0.13711251678829217,-0.9926558206126519,0.49776975808444685,0,1,0,0,0,0
100512,Pantai Karang Taraje Sawarna,Serang,Banten,bahari,0.13711251678829217,0.329439536210163,0.49776975808444685,0,1,0,0,0,0
100513,Pantai Goa Langir Sawarna,Lebak,Banten,bahari,-0.10633980940395729,-0.5519573683383777,1.002859716868915,0,1,0,0,0,0
100514,Pantai Pulau Umang,Serang,Banten,bahari,0.13711251678829217,-0.5519573683383777,1.002859716868915,0,1,0,0,0,0
100515,Gunung Pulosari Pandeglang,Kota Tangerang,Banten,alam,-0.34979213559620675,-0.5519573683383777,-0.007017207323426325,1,0,0,0,0,0
100516,Gunung Karang Pandeglang,Kota Cilegon,Banten,alam,0.6240171691727912,0.7701379884844373,0.49776975808444685,1,0,0,0,0,0
100517,Gunung Aseupan,Kota Serang,Banten,alam,-0.10633980940395729,-0.11125891606410736,-0.007017207323426325,1,0,0,0,0,0
100518,Gunung Honje Ujung Kulon,Kota Tangerang Selatan,Banten,alam,0.2588386798844169,1.6515348930329818,-0.007017207323426325,1,0,0,0,0,0
100519,Bukit Waruwangi Serang,Kota Tangerang,Banten,alam,-0.10633980940395729,-0.5519573683383777,-0.5121071661078944,1,0,0,0,0,0
100520,Puncak Bukit Batu Gede Sayar,Kota Cilegon,Banten,alam,0.6240171691727912,0.329439536210163,1.002859716868915,1,0,0,0,0,0
100521,Gunung Kencana Lebak,Kota Tangerang,Banten,alam,-0.22806597250008204,1.2108364407587076,0.49776975808444685,1,0,0,0,0,0
100522,Gunung Luhur Negeri di Atas Awan,Serang,Banten,alam,-0.10633980940395729,1.6515348930329818,-0.007017207323426325,1,0,0,0,0,0
100523,Bukit Teletubbies Cilegon,Kota Cilegon,Banten,alam,-0.22806597250008204,0.329439536210163,-0.007017207323426325,1,0,0,0,0,0
100524,Puncak Cibaja Anyer,Pandeglang,Banten,alam,0.015386353692167442,-0.11125891606410736,0.49776975808444685,1,0,0,0,0,0
100525,Taman Nasional Ujung Kulon,Kota Tangerang,Banten,alam,0.015386353692167442,-0.11125891606410736,0.49776975808444685,1,0,0,0,0,0
100526,Curug Putri Tahura Carita,Kota Tangerang,Banten,alam,-0.22806597250008204,-0.5519573683383777,-0.007017207323426325,1,0,0,0,0,0
100527,Danau Tasikardi Serang,Kota Serang,Banten,alam,-0.22806597250008204,1.6515348930329818,-0.007017207323426325,1,0,0,0,0,0
100528,Curug Cigumawang,Kota Tangerang Selatan,Banten,alam,-0.34979213559620675,-0.11125891606410736,0.49776975808444685,1,0,0,0,0,0
100529,Curug Dengdeng Lebak,Kota Serang,Banten,alam,-0.10633980940395729,-0.9926558206126519,-0.007017207323426325,1,0,0,0,0,0
100530,Pulau Sangiang Selat Sunda,Serang,Banten,alam,-0.10633980940395729,-0.9926558206126519,0.49776975808444685,1,0,0,0,0,0
100531,Pulau Merak Kecil,Serang,Banten,alam,-0.10633980940395729,1.6515348930329818,0.49776975808444685,1,0,0,0,0,0
100532,Rawa Dano Konservasi,Kota Tangerang Selatan,Banten,alam,0.13711251678829217,0.329439536210163,-0.007017207323426325,1,0,0,0,0,0
100533,Desa Adat Suku Baduy Luar & Dalam,Kota Cilegon,Banten,budaya,-0.34979213559620675,1.2108364407587076,-0.007017207323426325,0,0,0,1,0,0
100534,Kawasan Keraton Kaibon Banten Lama,Kota Tangerang Selatan,Banten,budaya,-0.10633980940395729,-1.4333542728869222,-0.007017207323426325,0,0,0,1,0,0
100535,Benteng Speelwijk,Kota Tangerang Selatan,Banten,budaya,-0.34979213559620675,-1.4333542728869222,0.49776975808444685,0,0,0,1,0,0
100536,Museum Situs Kepurbakalaan Banten Lama,Kota Cilegon,Banten,budaya,-0.22806597250008204,-0.9926558206126519,0.49776975808444685,0,0,0,1,0,0
100537,Keraton Surosowan Banten Lama,Kota Cilegon,Banten,budaya,-0.34979213559620675,-0.5519573683383777,0.49776975808444685,0,0,0,1,0,0
100538,Museum Multatuli Rangkasbitung,Kota Tangerang Selatan,Banten,budaya,-0.4715182986923315,-0.11125891606410736,-0.5121071661078944,0,0,0,1,0,0
100539,Makam Pangeran Jaga Lautan Pulau Cangkir,Tangerang,Banten,budaya,-0.34979213559620675,-0.9926558206126519,1.002859716868915,0,0,0,1,0,0
100540,Scientia Square Park Tangerang,Tangerang,Banten,hiburan,0.2588386798844169,1.6515348930329818,1.002859716868915,0,0,0,0,1,0
100541,Ocean Park Water Adventure BSD,Serang,Banten,hiburan,4.275802062056533,1.2108364407587076,1.002859716868915,0,0,0,0,1,0
100542,Taman Potret Tangerang,Kota Serang,Banten,hiburan,1.8412788001340386,-0.11125891606410736,1.002859716868915,0,0,0,0,1,0
100543,Taman Tebing Koja Kandang Godzila,Pandeglang,Banten,hiburan,4.275802062056533,-0.9926558206126519,1.002859716868915,0,0,0,0,1,0
100544,Pasar Lama Kuliner Tangerang,Pandeglang,Banten,belanja,-0.5932444617884562,-0.9926558206126519,0.49776975808444685,0,0,1,0,0,0
100545,Sentra Emping Menes Pandeglang,Serang,Banten,belanja,-0.5932444617884562,-1.4333542728869222,-0.007017207323426325,0,0,1,0,0,0
100546,Sentra Kerajinan Golok Ciomas,Serang,Banten,belanja,-0.5932444617884562,0.7701379884844373,-0.007017207323426325,0,0,1,0,0,0
100547,Pasar Modern BSD City,Kota Serang,Banten,belanja,-0.5932444617884562,1.2108364407587076,1.002859716868915,0,0,1,0,0,0
100548,Masjid Agung Banten Menara Mercusuar,Pandeglang,Banten,religi,-0.5932444617884562,1.6515348930329818,0.49776975808444685,0,0,0,0,0,1
100549,Masjid Raya Al-A'zhom Tangerang (Kubah Terbesar),Kota Cilegon,Banten,religi,-0.5932444617884562,1.2108364407587076,1.002859716868915,0,0,0,0,0,1
100550,Klenteng Boen Tek Bio Pasar Lama,Kota Tangerang,Banten,religi,-0.5932444617884562,-0.5519573683383777,1.002859716868915,0,0,0,0,0,1
100551,Pantai Ancol Lagoon,Jakarta Selatan,DKI Jakarta,bahari,0.13711251678829217,-1.4333542728869222,0.49776975808444685,0,1,0,0,0,0
100552,Pantai Pasir Perawan Pulau Pari,Jakarta Barat,DKI Jakarta,bahari,0.015386353692167442,1.2108364407587076,-0.007017207323426325,0,1,0,0,0,0
100553,Pantai Pulau Pramuka,Jakarta Utara,DKI Jakarta,bahari,-0.10633980940395729,0.329439536210163,0.49776975808444685,0,1,0,0,0,0
100554,Pantai Pulau Tidung,Jakarta Utara,DKI Jakarta,bahari,0.015386353692167442,0.329439536210163,1.002859716868915,0,1,0,0,0,0
100555,Pantai Karnaval Ancol,Jakarta Selatan,DKI Jakarta,bahari,0.13711251678829217,-1.4333542728869222,1.002859716868915,0,1,0,0,0,0
100556,Pantai Festival Ancol,Jakarta Barat,DKI Jakarta,bahari,-0.10633980940395729,0.7701379884844373,0.49776975808444685,0,1,0,0,0,0
100557,Pantai Indah Kapuk (PIK 2),Jakarta Barat,DKI Jakarta,bahari,-0.4715182986923315,0.329439536210163,0.49776975808444685,0,1,0,0,0,0
100558,Pantai Pasir Putih PIK 2,Jakarta Selatan,DKI Jakarta,bahari,-0.10633980940395729,-1.4333542728869222,-0.007017207323426325,0,1,0,0,0,0
100559,Pantai Pulau Harapan,Jakarta Utara,DKI Jakarta,bahari,-0.4715182986923315,0.329439536210163,-0.007017207323426325,0,1,0,0,0,0
100560,Pantai Pulau Sepa,Jakarta Barat,DKI Jakarta,bahari,-0.22806597250008204,1.6515348930329818,0.49776975808444685,0,1,0,0,0,0
100561,Pantai Pulau Macan,Jakarta Utara,DKI Jakarta,bahari,-0.34979213559620675,-0.11125891606410736,1.002859716868915,0,1,0,0,0,0
100562,Pantai Pulau Bidadari,Jakarta Barat,DKI Jakarta,bahari,-0.34979213559620675,0.329439536210163,1.002859716868915,0,1,0,0,0,0
100563,Pantai Pulau Onrust,Jakarta Selatan,DKI Jakarta,bahari,-0.10633980940395729,0.7701379884844373,0.49776975808444685,0,1,0,0,0,0
100564,Pantai Pulau Semak Daun,Jakarta Pusat,DKI Jakarta,bahari,-0.34979213559620675,1.6515348930329818,1.002859716868915,0,1,0,0,0,0
100565,Tebet Eco Park Canopy Trail,Jakarta Timur,DKI Jakarta,alam,-0.22806597250008204,0.7701379884844373,-0.007017207323426325,1,0,0,0,0,0
100566,Hutan Kota GBK Senayan,Kepulauan Seribu,DKI Jakarta,alam,0.2588386798844169,-1.4333542728869222,0.49776975808444685,1,0,0,0,0,0
100567,Taman Suropati Menteng,Jakarta Pusat,DKI Jakarta,alam,0.015386353692167442,-0.5519573683383777,-0.5121071661078944,1,0,0,0,0,0
100568,Taman Situ Lembang,Jakarta Timur,DKI Jakarta,alam,0.2588386798844169,-1.4333542728869222,0.49776975808444685,1,0,0,0,0,0
100569,Taman Mataram Kebayoran,Jakarta Timur,DKI Jakarta,alam,-0.10633980940395729,-1.4333542728869222,-0.5121071661078944,1,0,0,0,0,0
100570,Taman Ayodia Barito,Jakarta Pusat,DKI Jakarta,alam,0.2588386798844169,0.329439536210163,0.49776975808444685,1,0,0,0,0,0
100571,Taman Langsat Kebayoran Baru,Jakarta Utara,DKI Jakarta,alam,0.6240171691727912,0.7701379884844373,-0.5121071661078944,1,0,0,0,0,0
100572,Taman Cattleya Tomang,Jakarta Utara,DKI Jakarta,alam,-0.34979213559620675,0.329439536210163,-0.007017207323426325,1,0,0,0,0,0
100573,Taman Spathodea Jagakarsa,Jakarta Timur,DKI Jakarta,alam,-0.34979213559620675,-0.5519573683383777,0.49776975808444685,1,0,0,0,0,0
100574,Taman Waduk Pluit,Jakarta Barat,DKI Jakarta,alam,0.015386353692167442,0.329439536210163,-0.007017207323426325,1,0,0,0,0,0
100575,Taman Margasatwa Ragunan,Jakarta Pusat,DKI Jakarta,alam,-0.10633980940395729,1.6515348930329818,0.49776975808444685,1,0,0,0,0,0
100576,Taman Wisata Alam Mangrove Angke Kapuk,Jakarta Timur,DKI Jakarta,alam,-0.10633980940395729,0.7701379884844373,0.49776975808444685,1,0,0,0,0,0
100577,Akuarium Sea World Ancol,Jakarta Barat,DKI Jakarta,alam,0.13711251678829217,-0.5519573683383777,-0.007017207323426325,1,0,0,0,0,0
100578,Jakarta Aquarium & Safari Neo Soho,Jakarta Selatan,DKI Jakarta,alam,-0.34979213559620675,1.2108364407587076,0.49776975808444685,1,0,0,0,0,0
100579,Taman Hutan Kota Penjaringan,Jakarta Barat,DKI Jakarta,alam,-0.10633980940395729,1.2108364407587076,-0.007017207323426325,1,0,0,0,0,0
100580,Suaka Margasatwa Muara Angke,Jakarta Timur,DKI Jakarta,alam,-0.10633980940395729,1.2108364407587076,1.002859716868915,1,0,0,0,0,0
100581,Hutan Kota Srengseng Jakarta Barat,Jakarta Utara,DKI Jakarta,alam,0.015386353692167442,1.2108364407587076,0.49776975808444685,1,0,0,0,0,0
100582,Setu Babakan Perkampungan Betawi,Jakarta Timur,DKI Jakarta,alam,-0.34979213559620675,-0.11125891606410736,-0.007017207323426325,1,0,0,0,0,0
100583,Monumen Nasional (Monas),Jakarta Pusat,DKI Jakarta,budaya,-0.4715182986923315,1.2108364407587076,-0.007017207323426325,0,0,0,1,0,0
100584,Kawasan Kota Tua Fatahillah,Jakarta Utara,DKI Jakarta,budaya,-0.34979213559620675,-0.11125891606410736,-0.007017207323426325,0,0,0,1,0,0
100585,Museum Fatahillah Jakarta,Jakarta Timur,DKI Jakarta,budaya,-0.22806597250008204,0.7701379884844373,0.49776975808444685,0,0,0,1,0,0
100586,Museum Wayang Kota Tua,Jakarta Selatan,DKI Jakarta,budaya,0.015386353692167442,-0.5519573683383777,1.002859716868915,0,0,0,1,0,0
100587,Museum Bank Indonesia,Jakarta Selatan,DKI Jakarta,budaya,0.015386353692167442,0.329439536210163,0.49776975808444685,0,0,0,1,0,0
100588,Museum Nasional Gajah,Jakarta Barat,DKI Jakarta,budaya,-0.22806597250008204,-1.4333542728869222,0.49776975808444685,0,0,0,1,0,0
100589,Gedung Kesenian Jakarta,Kepulauan Seribu,DKI Jakarta,budaya,-0.10633980940395729,1.6515348930329818,0.49776975808444685,0,0,0,1,0,0
100590,Dunia Fantasi (Dufan),Jakarta Timur,DKI Jakarta,hiburan,0.6240171691727912,1.2108364407587076,1.002859716868915,0,0,0,0,1,0
100591,Taman Mini Indonesia Indah (TMII),Jakarta Utara,DKI Jakarta,hiburan,4.275802062056533,1.2108364407587076,1.002859716868915,0,0,0,0,1,0
100592,Atlantis Water Adventure Ancol,Jakarta Barat,DKI Jakarta,hiburan,0.6240171691727912,0.329439536210163,1.002859716868915,0,0,0,0,1,0
100593,Ocean Dream Samudra Ancol,Jakarta Utara,DKI Jakarta,hiburan,1.8412788001340386,-0.11125891606410736,1.002859716868915,0,0,0,0,1,0
100594,Grand Indonesia Shopping Town,Kepulauan Seribu,DKI Jakarta,belanja,-0.5932444617884562,1.6515348930329818,0.49776975808444685,0,0,1,0,0,0
100595,Plaza Indonesia Bundaran HI,Jakarta Utara,DKI Jakarta,belanja,-0.5932444617884562,-1.4333542728869222,-0.007017207323426325,0,0,1,0,0,0
100596,Pasar Tanah Abang Tekstil,Jakarta Timur,DKI Jakarta,belanja,-0.5932444617884562,-1.4333542728869222,-0.007017207323426325,0,0,1,0,0,0
100597,Pasar Baru Heritage Jakarta,Jakarta Pusat,DKI Jakarta,belanja,-0.5932444617884562,1.6515348930329818,0.49776975808444685,0,0,1,0,0,0
100598,Masjid Istiqlal Jakarta,Kepulauan Seribu,DKI Jakarta,religi,-0.5932444617884562,-0.5519573683383777,0.49776975808444685,0,0,0,0,0,1
100599,Gereja Katedral Santa Maria Pelindung Diangkat Ke Surga,Jakarta Barat,DKI Jakarta,religi,-0.5932444617884562,0.329439536210163,0.49776975808444685,0,0,0,0,0,1
100600,Gereja Immanuel Gambir,Jakarta Pusat,DKI Jakarta,religi,-0.5932444617884562,1.6515348930329818,0.49776975808444685,0,0,0,0,0,1
100601,Pantai Pangandaran Barat & Timur,Bogor,Jawa Barat,bahari,0.13711251678829217,-0.11125891606410736,0.49776975808444685,0,1,0,0,0,0
100602,Pantai Batu Karas Pangandaran,Kota Bandung,Jawa Barat,bahari,-0.4715182986923315,-0.9926558206126519,0.49776975808444685,0,1,0,0,0,0
100603,Pantai Ujung Genteng Sukabumi,Bandung Barat,Jawa Barat,bahari,-0.34979213559620675,-0.9926558206126519,-0.007017207323426325,0,1,0,0,0,0
100604,Pantai Pelabuhan Ratu,Sukabumi,Jawa Barat,bahari,-0.10633980940395729,-0.11125891606410736,0.49776975808444685,0,1,0,0,0,0
100605,Pantai Karang Hawu Sukabumi,Bandung Barat,Jawa Barat,bahari,-0.4715182986923315,-0.11125891606410736,0.49776975808444685,0,1,0,0,0,0
100606,Pantai Santolo Garut,Cianjur,Jawa Barat,bahari,0.13711251678829217,-1.4333542728869222,1.002859716868915,0,1,0,0,0,0
100607,Pantai Sayang Heulang Garut,Kota Bogor,Jawa Barat,bahari,-0.34979213559620675,0.7701379884844373,0.49776975808444685,0,1,0,0,0,0
100608,Pantai Rancabuaya Garut,Kota Bandung,Jawa Barat,bahari,-0.22806597250008204,-1.4333542728869222,-0.007017207323426325,0,1,0,0,0,0
100609,Pantai Madasari Pangandaran,Cianjur,Jawa Barat,bahari,-0.34979213559620675,0.7701379884844373,0.49776975808444685,0,1,0,0,0,0
100610,Pantai Lembah Putri Pangandaran,Kota Bandung,Jawa Barat,bahari,-0.34979213559620675,-0.9926558206126519,-0.007017207323426325,0,1,0,0,0,0
100611,Pantai Kejawanan Cirebon,Sukabumi,Jawa Barat,bahari,0.13711251678829217,1.2108364407587076,0.49776975808444685,0,1,0,0,0,0
100612,Pantai Cibangban Sukabumi,Garut,Jawa Barat,bahari,-0.4715182986923315,1.2108364407587076,1.002859716868915,0,1,0,0,0,0
100613,Pantai Cipatujah Tasikmalaya,Kota Bandung,Jawa Barat,bahari,-0.10633980940395729,0.7701379884844373,-0.007017207323426325,0,1,0,0,0,0
100614,Pantai Karapyak Pangandaran,Kota Bandung,Jawa Barat,bahari,-0.4715182986923315,-0.11125891606410736,-0.007017207323426325,0,1,0,0,0,0
100615,Gunung Tangkuban Perahu,Kota Bogor,Jawa Barat,alam,0.015386353692167442,0.329439536210163,-0.007017207323426325,1,0,0,0,0,0
100616,Kawah Putih Gunung Patuha,Garut,Jawa Barat,alam,-0.34979213559620675,1.6515348930329818,0.49776975808444685,1,0,0,0,0,0
100617,Gunung Papandayan Garut,Cianjur,Jawa Barat,alam,0.2588386798844169,0.329439536210163,-0.007017207323426325,1,0,0,0,0,0
100618,Gunung Gede Pangrango,Sukabumi,Jawa Barat,alam,0.6240171691727912,-0.11125891606410736,0.49776975808444685,1,0,0,0,0,0
100619,Gunung Ciremai Kuningan,Kuningan,Jawa Barat,alam,0.2588386798844169,1.2108364407587076,1.002859716868915,1,0,0,0,0,0
100620,Gunung Salak Bogor,Kota Bogor,Jawa Barat,alam,-0.22806597250008204,1.2108364407587076,-0.007017207323426325,1,0,0,0,0,0
100621,Gunung Puntang Bandung Selatan,Garut,Jawa Barat,alam,-0.10633980940395729,0.7701379884844373,1.002859716868915,1,0,0,0,0,0
100622,Tebing Keraton Dago Bandung,Sukabumi,Jawa Barat,alam,0.2588386798844169,0.329439536210163,0.49776975808444685,1,0,0,0,0,0
100623,Tebing Citatah Karst Padalarang,Cirebon,Jawa Barat,alam,0.2588386798844169,-0.5519573683383777,-0.007017207323426325,1,0,0,0,0,0
100624,Puncak Pass Bogor,Garut,Jawa Barat,alam,0.6240171691727912,0.329439536210163,-0.5121071661078944,1,0,0,0,0,0
100625,Green Canyon Cukang Taneuh Pangandaran,Pangandaran,Jawa Barat,alam,-0.22806597250008204,0.329439536210163,0.49776975808444685,1,0,0,0,0,0
100626,Kebun Raya Bogor,Kuningan,Jawa Barat,alam,-0.10633980940395729,1.6515348930329818,1.002859716868915,1,0,0,0,0,0
100627,Situ Patenggang Ciwidey,Cianjur,Jawa Barat,alam,0.13711251678829217,0.329439536210163,0.49776975808444685,1,0,0,0,0,0
100628,Taman Safari Indonesia Cisarua,Kota Bogor,Jawa Barat,alam,-0.10633980940395729,0.7701379884844373,0.49776975808444685,1,0,0,0,0,0
100629,Curug Cikaso Sukabumi,Cianjur,Jawa Barat,alam,0.13711251678829217,-1.4333542728869222,-0.007017207323426325,1,0,0,0,0,0
100630,Curug Malela Little Niagara,Bogor,Jawa Barat,alam,0.13711251678829217,-0.11125891606410736,1.002859716868915,1,0,0,0,0,0
100631,Kawah Kamojang Garut,Garut,Jawa Barat,alam,0.13711251678829217,-0.9926558206126519,-0.007017207323426325,1,0,0,0,0,0
100632,Situ Bagendit Garut,Garut,Jawa Barat,alam,0.13711251678829217,-1.4333542728869222,-0.007017207323426325,1,0,0,0,0,0
100633,Saung Angklung Udjo Bandung,Kuningan,Jawa Barat,budaya,-0.34979213559620675,1.6515348930329818,0.49776975808444685,0,0,0,1,0,0
100634,Gedung Sate Bandung,Kota Bandung,Jawa Barat,budaya,-0.34979213559620675,-0.11125891606410736,0.49776975808444685,0,0,0,1,0,0
100635,Keraton Kasepuhan Cirebon,Kuningan,Jawa Barat,budaya,-0.10633980940395729,0.7701379884844373,0.49776975808444685,0,0,0,1,0,0
100636,Keraton Kanoman Cirebon,Garut,Jawa Barat,budaya,0.015386353692167442,1.6515348930329818,0.49776975808444685,0,0,0,1,0,0
100637,Kampung Naga Tasikmalaya,Pangandaran,Jawa Barat,budaya,-0.4715182986923315,-0.9926558206126519,-0.007017207323426325,0,0,0,1,0,0
100638,Situs Megalitikum Gunung Padang Cianjur,Sukabumi,Jawa Barat,budaya,-0.22806597250008204,-0.9926558206126519,0.49776975808444685,0,0,0,1,0,0
100639,Museum Geologi Bandung,Pangandaran,Jawa Barat,budaya,-0.22806597250008204,1.6515348930329818,1.002859716868915,0,0,0,1,0,0
100640,Dusun Bambu Lembang,Cirebon,Jawa Barat,hiburan,3.058540431095286,-1.4333542728869222,1.002859716868915,0,0,0,0,1,0
100641,Trans Studio Bandung,Bandung Barat,Jawa Barat,hiburan,4.275802062056533,0.329439536210163,1.002859716868915,0,0,0,0,1,0
100642,Floating Market Lembang,Cianjur,Jawa Barat,hiburan,1.8412788001340386,0.329439536210163,1.002859716868915,0,0,0,0,1,0
100643,Farmhouse Susu Lembang,Cianjur,Jawa Barat,hiburan,4.275802062056533,1.2108364407587076,1.002859716868915,0,0,0,0,1,0
100644,Pasar Baru Trade Center Bandung,Bandung Barat,Jawa Barat,belanja,-0.5932444617884562,0.7701379884844373,0.49776975808444685,0,0,1,0,0,0
100645,Sentra Rajut Binong Jati,Cianjur,Jawa Barat,belanja,-0.5932444617884562,-1.4333542728869222,0.49776975808444685,0,0,1,0,0,0
100646,Sentra Sepatu Cibaduyut,Cianjur,Jawa Barat,belanja,-0.5932444617884562,-1.4333542728869222,0.49776975808444685,0,0,1,0,0,0
100647,Sentra Batik Trusmi Cirebon,Kota Bandung,Jawa Barat,belanja,-0.5932444617884562,0.329439536210163,-0.007017207323426325,0,0,1,0,0,0
100648,Masjid Raya Al Jabbar Gedebage,Kota Bandung,Jawa Barat,religi,-0.5932444617884562,0.329439536210163,0.49776975808444685,0,0,0,0,0,1
100649,Masjid Raya Bandung Alun-Alun,Kota Bandung,Jawa Barat,religi,-0.5932444617884562,-0.11125891606410736,0.49776975808444685,0,0,0,0,0,1
100650,Masjid Agung Sang Cipta Rasa Cirebon,Pangandaran,Jawa Barat,religi,-0.5932444617884562,1.6515348930329818,-0.007017207323426325,0,0,0,0,0,1
100651,Pantai Menganti Kebumen,Wonosobo,Jawa Tengah,bahari,-0.34979213559620675,0.329439536210163,1.002859716868915,0,1,0,0,0,0
100652,Pantai Kartini Jepara,Magelang,Jawa Tengah,bahari,-0.34979213559620675,0.7701379884844373,0.49776975808444685,0,1,0,0,0,0
100653,Pantai Karang Jahe Rembang,Kebumen,Jawa Tengah,bahari,-0.34979213559620675,-1.4333542728869222,0.49776975808444685,0,1,0,0,0,0
100654,Pantai Bandengan Jepara,Banyumas,Jawa Tengah,bahari,0.13711251678829217,0.329439536210163,-0.007017207323426325,0,1,0,0,0,0
100655,Pantai Marina Semarang,Banyumas,Jawa Tengah,bahari,-0.22806597250008204,-0.11125891606410736,0.49776975808444685,0,1,0,0,0,0
100656,Pantai Suwuk Kebumen,Jepara,Jawa Tengah,bahari,0.015386353692167442,1.6515348930329818,0.49776975808444685,0,1,0,0,0,0
100657,Pantai Logending Ayah Kebumen,Jepara,Jawa Tengah,bahari,-0.4715182986923315,1.2108364407587076,0.49776975808444685,0,1,0,0,0,0
100658,Pantai Pecaron Kebumen,Pekalongan,Jawa Tengah,bahari,-0.34979213559620675,-0.9926558206126519,0.49776975808444685,0,1,0,0,0,0
100659,Pantai Widarapayung Cilacap,Jepara,Jawa Tengah,bahari,-0.34979213559620675,1.2108364407587076,1.002859716868915,0,1,0,0,0,0
100660,Pantai Teluk Penyu Cilacap,Jepara,Jawa Tengah,bahari,0.13711251678829217,-1.4333542728869222,0.49776975808444685,0,1,0,0,0,0
100661,Pantai Tanjung Karang Jepara,Kebumen,Jawa Tengah,bahari,0.015386353692167442,1.2108364407587076,0.49776975808444685,0,1,0,0,0,0
100662,Pantai Sigandu Batang,Magelang,Jawa Tengah,bahari,-0.10633980940395729,1.2108364407587076,-0.007017207323426325,0,1,0,0,0,0
100663,Pantai Pasir Kencana Pekalongan,Wonosobo,Jawa Tengah,bahari,0.015386353692167442,-0.5519573683383777,0.49776975808444685,0,1,0,0,0,0
100664,Pantai Cahaya Kendal,Wonosobo,Jawa Tengah,bahari,0.13711251678829217,-0.5519573683383777,-0.007017207323426325,0,1,0,0,0,0
100665,Gunung Merbabu Selo,Pekalongan,Jawa Tengah,alam,-0.22806597250008204,1.6515348930329818,0.49776975808444685,1,0,0,0,0,0
100666,Gunung Slamet Banyumas,Wonosobo,Jawa Tengah,alam,-0.34979213559620675,-0.9926558206126519,-0.5121071661078944,1,0,0,0,0,0
100667,Gunung Prau Dieng Golden Sunrise,Karanganyar,Jawa Tengah,alam,-0.22806597250008204,1.2108364407587076,1.002859716868915,1,0,0,0,0,0
100668,Gunung Sindoro Kledung,Jepara,Jawa Tengah,alam,-0.22806597250008204,-0.5519573683383777,0.49776975808444685,1,0,0,0,0,0
100669,Gunung Sumbing Bowongso,Klaten,Jawa Tengah,alam,-0.22806597250008204,-0.11125891606410736,-0.007017207323426325,1,0,0,0,0,0
100670,Gunung Lawu Karanganyar,Kebumen,Jawa Tengah,alam,0.2588386798844169,1.6515348930329818,-0.007017207323426325,1,0,0,0,0,0
100671,Bukit Sikunir Dieng,Jepara,Jawa Tengah,alam,-0.22806597250008204,0.329439536210163,-0.5121071661078944,1,0,0,0,0,0
100672,Puncak Telomoyo Magelang,Kota Surakarta Solo,Jawa Tengah,alam,0.2588386798844169,0.329439536210163,-0.5121071661078944,1,0,0,0,0,0
100673,Bukit Rhema Gereja Ayam,Kota Surakarta Solo,Jawa Tengah,alam,0.6240171691727912,-0.5519573683383777,0.49776975808444685,1,0,0,0,0,0
100674,Ketep Pass Merapi Magelang,Jepara,Jawa Tengah,alam,0.015386353692167442,-0.9926558206126519,-0.5121071661078944,1,0,0,0,0,0
100675,Candi Borobudur Magelang,Karanganyar,Jawa Tengah,alam,0.015386353692167442,-0.11125891606410736,-0.007017207323426325,1,0,0,0,0,0
100676,Candi Prambanan Klaten,Wonosobo,Jawa Tengah,alam,-0.34979213559620675,1.6515348930329818,0.49776975808444685,1,0,0,0,0,0
100677,Dataran Tinggi Dieng Telaga Warna,Jepara,Jawa Tengah,alam,-0.10633980940395729,-0.5519573683383777,0.49776975808444685,1,0,0,0,0,0
100678,Taman Nasional Karimunjawa,Pekalongan,Jawa Tengah,alam,-0.22806597250008204,0.329439536210163,-0.007017207323426325,1,0,0,0,0,0
100679,Grojogan Sewu Tawangmangu,Pekalongan,Jawa Tengah,alam,-0.22806597250008204,1.2108364407587076,-0.007017207323426325,1,0,0,0,0,0
100680,Air Terjun Jumog Karanganyar,Wonosobo,Jawa Tengah,alam,-0.22806597250008204,0.329439536210163,-0.007017207323426325,1,0,0,0,0,0
100681,Baturraden Banyumas,Jepara,Jawa Tengah,alam,-0.10633980940395729,0.7701379884844373,1.002859716868915,1,0,0,0,0,0
100682,Umbul Ponggok Klaten Snorkeling Tawar,Karanganyar,Jawa Tengah,alam,-0.10633980940395729,1.6515348930329818,0.49776975808444685,1,0,0,0,0,0
100683,Lawang Sewu Semarang,Kota Semarang,Jawa Tengah,budaya,0.015386353692167442,0.7701379884844373,-0.007017207323426325,0,0,0,1,0,0
100684,Keraton Kasunanan Surakarta,Kebumen,Jawa Tengah,budaya,0.015386353692167442,-1.4333542728869222,1.002859716868915,0,0,0,1,0,0
100685,Pura Mangkunegaran Solo,Jepara,Jawa Tengah,budaya,-0.22806597250008204,-1.4333542728869222,0.49776975808444685,0,0,0,1,0,0
100686,Candi Sukuh Karanganyar,Banyumas,Jawa Tengah,budaya,-0.22806597250008204,0.7701379884844373,-0.007017207323426325,0,0,0,1,0,0
100687,Candi Cetho Karanganyar,Klaten,Jawa Tengah,budaya,-0.22806597250008204,-0.11125891606410736,-0.5121071661078944,0,0,0,1,0,0
100688,Kota Lama Semarang Little Netherlands,Magelang,Jawa Tengah,budaya,0.015386353692167442,-1.4333542728869222,-0.5121071661078944,0,0,0,1,0,0
100689,Museum Kereta Api Ambarawa,Magelang,Jawa Tengah,budaya,-0.22806597250008204,-0.5519573683383777,0.49776975808444685,0,0,0,1,0,0
100690,Saloka Theme Park Ungaran,Jepara,Jawa Tengah,hiburan,3.058540431095286,-0.9926558206126519,1.002859716868915,0,0,0,0,1,0
100691,Dusun Semilir Eco Park Bawen,Pekalongan,Jawa Tengah,hiburan,3.058540431095286,-0.9926558206126519,1.002859716868915,0,0,0,0,1,0
100692,Taman Kyai Langgeng Magelang,Kota Semarang,Jawa Tengah,hiburan,4.275802062056533,0.329439536210163,1.002859716868915,0,0,0,0,1,0
100693,The Lawu Park Tawangmangu,Kebumen,Jawa Tengah,hiburan,0.6240171691727912,0.7701379884844373,1.002859716868915,0,0,0,0,1,0
100694,Pasar Klewer Solo,Klaten,Jawa Tengah,belanja,-0.5932444617884562,1.6515348930329818,-0.007017207323426325,0,0,1,0,0,0
100695,Sentra Batik Laweyan Solo,Banyumas,Jawa Tengah,belanja,-0.5932444617884562,-0.9926558206126519,-0.007017207323426325,0,0,1,0,0,0
100696,Pasar Johar Semarang,Magelang,Jawa Tengah,belanja,-0.5932444617884562,0.329439536210163,-0.007017207323426325,0,0,1,0,0,0
100697,Sentra Ukir Mebel Jepara,Klaten,Jawa Tengah,belanja,-0.5932444617884562,-1.4333542728869222,1.002859716868915,0,0,1,0,0,0
100698,Masjid Agung Jawa Tengah (MAJT),Kota Surakarta Solo,Jawa Tengah,religi,-0.5932444617884562,1.2108364407587076,1.002859716868915,0,0,0,0,0,1
100699,Gereja Blenduk Kota Lama Semarang,Karanganyar,Jawa Tengah,religi,-0.5932444617884562,1.6515348930329818,1.002859716868915,0,0,0,0,0,1
100700,Klenteng Sam Poo Kong Semarang,Magelang,Jawa Tengah,religi,-0.5932444617884562,-0.9926558206126519,0.49776975808444685,0,0,0,0,0,1
100701,Pantai Parangtritis Bantul,Sleman,Daerah Istimewa Yogyakarta,bahari,-0.10633980940395729,0.329439536210163,-0.007017207323426325,0,1,0,0,0,0
100702,Pantai Indrayanti Pulang Syawal,Bantul,Daerah Istimewa Yogyakarta,bahari,-0.22806597250008204,1.2108364407587076,0.49776975808444685,0,1,0,0,0,0
100703,Pantai Pok Tunggal Gunungkidul,Bantul,Daerah Istimewa Yogyakarta,bahari,-0.10633980940395729,-1.4333542728869222,-0.007017207323426325,0,1,0,0,0,0
100704,Pantai Timang Gondola Laut,Kulon Progo,Daerah Istimewa Yogyakarta,bahari,-0.22806597250008204,-0.5519573683383777,1.002859716868915,0,1,0,0,0,0
100705,Pantai Drini Gunungkidul,Gunungkidul,Daerah Istimewa Yogyakarta,bahari,-0.22806597250008204,1.6515348930329818,0.49776975808444685,0,1,0,0,0,0
100706,Pantai Baron Muara Tawar,Kulon Progo,Daerah Istimewa Yogyakarta,bahari,-0.10633980940395729,-0.9926558206126519,1.002859716868915,0,1,0,0,0,0
100707,Pantai Krakal Gunungkidul,Sleman,Daerah Istimewa Yogyakarta,bahari,-0.22806597250008204,-0.11125891606410736,1.002859716868915,0,1,0,0,0,0
100708,Pantai Kukup Karang Laut,Sleman,Daerah Istimewa Yogyakarta,bahari,-0.4715182986923315,1.6515348930329818,-0.007017207323426325,0,1,0,0,0,0
100709,Pantai Siung Panjat Tebing,Kulon Progo,Daerah Istimewa Yogyakarta,bahari,0.015386353692167442,-0.9926558206126519,0.49776975808444685,0,1,0,0,0,0
100710,Pantai Wediombo Laguna Karang,Gunungkidul,Daerah Istimewa Yogyakarta,bahari,0.015386353692167442,-1.4333542728869222,0.49776975808444685,0,1,0,0,0,0
100711,Pantai Sadranan Snorkeling,Sleman,Daerah Istimewa Yogyakarta,bahari,-0.34979213559620675,-0.11125891606410736,0.49776975808444685,0,1,0,0,0,0
100712,Pantai Glagah Dermaga Pemecah Ombak,Sleman,Daerah Istimewa Yogyakarta,bahari,-0.10633980940395729,0.7701379884844373,0.49776975808444685,0,1,0,0,0,0
100713,Pantai Depok Kuliner Ikan,Bantul,Daerah Istimewa Yogyakarta,bahari,-0.22806597250008204,-1.4333542728869222,0.49776975808444685,0,1,0,0,0,0
100714,Pantai Ngrenehan Nelayan,Bantul,Daerah Istimewa Yogyakarta,bahari,-0.4715182986923315,0.329439536210163,0.49776975808444685,0,1,0,0,0,0
100715,Gunung Merapi Bunker Kaliadem,Kulon Progo,Daerah Istimewa Yogyakarta,alam,0.015386353692167442,1.2108364407587076,-0.5121071661078944,1,0,0,0,0,0
100716,Klangon Merapi Gravity Park,Gunungkidul,Daerah Istimewa Yogyakarta,alam,-0.10633980940395729,1.2108364407587076,0.49776975808444685,1,0,0,0,0,0
100717,Puncak Gunung Nglanggeran Purba,Gunungkidul,Daerah Istimewa Yogyakarta,alam,0.6240171691727912,1.6515348930329818,-0.007017207323426325,1,0,0,0,0,0
100718,Bukit Bintang Patuk Gunungkidul,Kulon Progo,Daerah Istimewa Yogyakarta,alam,0.2588386798844169,1.2108364407587076,-0.007017207323426325,1,0,0,0,0,0
100719,Puncak Becici Dlingo,Kulon Progo,Daerah Istimewa Yogyakarta,alam,0.2588386798844169,-1.4333542728869222,-0.5121071661078944,1,0,0,0,0,0
100720,Bukit Panguk Kediwung Bantul,Gunungkidul,Daerah Istimewa Yogyakarta,alam,-0.34979213559620675,1.6515348930329818,0.49776975808444685,1,0,0,0,0,0
100721,Puncak Tebing Breksi,Sleman,Daerah Istimewa Yogyakarta,alam,-0.10633980940395729,1.6515348930329818,-0.007017207323426325,1,0,0,0,0,0
100722,Puncak Sosok Bantul,Sleman,Daerah Istimewa Yogyakarta,alam,-0.34979213559620675,0.329439536210163,-0.007017207323426325,1,0,0,0,0,0
100723,Bukit Paralayang Watugupit Parangtritis,Bantul,Daerah Istimewa Yogyakarta,alam,-0.10633980940395729,1.2108364407587076,-0.007017207323426325,1,0,0,0,0,0
100724,Puncak Menoreh Kulon Progo,Kota Yogyakarta,Daerah Istimewa Yogyakarta,alam,0.2588386798844169,0.329439536210163,-0.007017207323426325,1,0,0,0,0,0
100725,Goa Pindul Cave Tubing,Bantul,Daerah Istimewa Yogyakarta,alam,0.13711251678829217,-1.4333542728869222,-0.007017207323426325,1,0,0,0,0,0
100726,Goa Jomblang Cahaya Surga,Sleman,Daerah Istimewa Yogyakarta,alam,-0.22806597250008204,0.329439536210163,-0.007017207323426325,1,0,0,0,0,0
100727,Hutan Pinus Mangunan Dlingo,Kulon Progo,Daerah Istimewa Yogyakarta,alam,-0.22806597250008204,1.6515348930329818,0.49776975808444685,1,0,0,0,0,0
100728,Kalibiru Kulon Progo,Gunungkidul,Daerah Istimewa Yogyakarta,alam,-0.34979213559620675,0.7701379884844373,1.002859716868915,1,0,0,0,0,0
100729,Ekowisata Sungai Mudal,Sleman,Daerah Istimewa Yogyakarta,alam,0.015386353692167442,1.2108364407587076,1.002859716868915,1,0,0,0,0,0
100730,Air Terjun Kedung Pedut,Gunungkidul,Daerah Istimewa Yogyakarta,alam,-0.10633980940395729,-1.4333542728869222,-0.007017207323426325,1,0,0,0,0,0
100731,Taman Sungai Mudal Menoreh,Bantul,Daerah Istimewa Yogyakarta,alam,0.13711251678829217,-0.11125891606410736,0.49776975808444685,1,0,0,0,0,0
100732,Gua Rancang Kencono,Sleman,Daerah Istimewa Yogyakarta,alam,-0.34979213559620675,0.329439536210163,1.002859716868915,1,0,0,0,0,0
100733,Keraton Ngayogyakarta Hadiningrat,Gunungkidul,Daerah Istimewa Yogyakarta,budaya,0.015386353692167442,0.7701379884844373,0.49776975808444685,0,0,0,1,0,0
100734,Taman Sari Water Castle,Kulon Progo,Daerah Istimewa Yogyakarta,budaya,0.015386353692167442,1.2108364407587076,0.49776975808444685,0,0,0,1,0,0
100735,Candi Ratu Boko Sunset,Kulon Progo,Daerah Istimewa Yogyakarta,budaya,-0.34979213559620675,0.7701379884844373,0.49776975808444685,0,0,0,1,0,0
100736,Candi Sambisari Bawah Tanah,Kota Yogyakarta,Daerah Istimewa Yogyakarta,budaya,-0.10633980940395729,0.7701379884844373,-0.5121071661078944,0,0,0,1,0,0
100737,Benteng Vredeburg Malioboro,Sleman,Daerah Istimewa Yogyakarta,budaya,-0.34979213559620675,-0.9926558206126519,-0.007017207323426325,0,0,0,1,0,0
100738,Museum Sonobudoyo,Bantul,Daerah Istimewa Yogyakarta,budaya,-0.34979213559620675,-0.9926558206126519,0.49776975808444685,0,0,0,1,0,0
100739,Makam Raja-Raja Imogiri,Kulon Progo,Daerah Istimewa Yogyakarta,budaya,-0.22806597250008204,1.2108364407587076,-0.007017207323426325,0,0,0,1,0,0
100740,HeHa Sky View Patuk,Kulon Progo,Daerah Istimewa Yogyakarta,hiburan,1.8412788001340386,1.2108364407587076,1.002859716868915,0,0,0,0,1,0
100741,HeHa Ocean View Gunungkidul,Gunungkidul,Daerah Istimewa Yogyakarta,hiburan,0.6240171691727912,1.6515348930329818,1.002859716868915,0,0,0,0,1,0
100742,Sindu Kusuma Edupark (SKE),Gunungkidul,Daerah Istimewa Yogyakarta,hiburan,1.8412788001340386,-0.5519573683383777,1.002859716868915,0,0,0,0,1,0
100743,Jogja Bay Pirates Waterpark,Kota Yogyakarta,Daerah Istimewa Yogyakarta,hiburan,0.6240171691727912,-0.9926558206126519,1.002859716868915,0,0,0,0,1,0
100744,Jalan Malioboro Pedestrian,Sleman,Daerah Istimewa Yogyakarta,belanja,-0.5932444617884562,-0.9926558206126519,-0.007017207323426325,0,0,1,0,0,0
100745,Pasar Beringharjo Batik Tradisional,Sleman,Daerah Istimewa Yogyakarta,belanja,-0.5932444617884562,-1.4333542728869222,-0.007017207323426325,0,0,1,0,0,0
100746,Sentra Bakpia Pathok 25,Kota Yogyakarta,Daerah Istimewa Yogyakarta,belanja,-0.5932444617884562,-1.4333542728869222,0.49776975808444685,0,0,1,0,0,0
100747,Sentra Kerajinan Perak Kotagede,Kulon Progo,Daerah Istimewa Yogyakarta,belanja,-0.5932444617884562,-0.9926558206126519,0.49776975808444685,0,0,1,0,0,0
100748,Masjid Gedhe Kauman Yogyakarta,Kota Yogyakarta,Daerah Istimewa Yogyakarta,religi,-0.5932444617884562,0.7701379884844373,0.49776975808444685,0,0,0,0,0,1
100749,Gereja Ganjuran Hati Kudus Yesus,Gunungkidul,Daerah Istimewa Yogyakarta,religi,-0.5932444617884562,0.7701379884844373,-0.007017207323426325,0,0,0,0,0,1
100750,Klenteng Fuk Ling Miau Gondomanan,Kota Yogyakarta,Daerah Istimewa Yogyakarta,religi,-0.5932444617884562,-0.5519573683383777,1.002859716868915,0,0,0,0,0,1
100751,Pantai Klayar Pacitan Sphinx,Jember,Jawa Timur,bahari,-0.4715182986923315,0.7701379884844373,0.49776975808444685,0,1,0,0,0,0
100752,Pantai Papuma Jember,Kota Malang,Jawa Timur,bahari,-0.4715182986923315,-0.11125891606410736,0.49776975808444685,0,1,0,0,0,0
100753,Pantai Pulau Merah Banyuwangi,Kota Malang,Jawa Timur,bahari,-0.10633980940395729,-1.4333542728869222,0.49776975808444685,0,1,0,0,0,0
100754,Pantai Balekambang Malang Pura Ismoyo,Kota Surabaya,Jawa Timur,bahari,0.13711251678829217,1.6515348930329818,0.49776975808444685,0,1,0,0,0,0
100755,Pantai Teluk Hijau Green Bay Meru Betiri,Probolinggo,Jawa Timur,bahari,0.13711251678829217,-1.4333542728869222,0.49776975808444685,0,1,0,0,0,0
100756,Pantai Sukamade Penyu Bertelur,Pasuruan,Jawa Timur,bahari,-0.4715182986923315,0.329439536210163,1.002859716868915,0,1,0,0,0,0
100757,Pantai Tiga Warna Malang Clungup,Jember,Jawa Timur,bahari,-0.4715182986923315,1.6515348930329818,0.49776975808444685,0,1,0,0,0,0
100758,Pantai Goa Cina Malang,Mojokerto,Jawa Timur,bahari,0.13711251678829217,1.2108364407587076,1.002859716868915,0,1,0,0,0,0
100759,Pantai Buyutan Pacitan Karang Mahkota,Pasuruan,Jawa Timur,bahari,-0.34979213559620675,-1.4333542728869222,-0.007017207323426325,0,1,0,0,0,0
100760,Pantai Banyu Tibo Air Terjun Laut,Kota Batu,Jawa Timur,bahari,-0.22806597250008204,-0.5519573683383777,0.49776975808444685,0,1,0,0,0,0
100761,Pantai Plengkung G-Land Ombak Dunia,Pasuruan,Jawa Timur,bahari,0.015386353692167442,1.2108364407587076,0.49776975808444685,0,1,0,0,0,0
100762,Pantai Kenjeran Surabaya,Pasuruan,Jawa Timur,bahari,0.13711251678829217,0.329439536210163,1.002859716868915,0,1,0,0,0,0
100763,Pantai Pasir Putih Situbondo,Kota Surabaya,Jawa Timur,bahari,0.13711251678829217,0.329439536210163,-0.007017207323426325,0,1,0,0,0,0
100764,Pantai Boom Banyuwangi,Pasuruan,Jawa Timur,bahari,0.13711251678829217,1.6515348930329818,0.49776975808444685,0,1,0,0,0,0
100765,Gunung Bromo Kaldera Lautan Pasir,Banyuwangi,Jawa Timur,alam,-0.22806597250008204,-0.9926558206126519,0.49776975808444685,1,0,0,0,0,0
100766,Kawah Ijen Fenomena Api Biru,Mojokerto,Jawa Timur,alam,0.6240171691727912,-0.11125891606410736,0.49776975808444685,1,0,0,0,0,0
100767,Gunung Semeru Puncak Mahameru,Kota Malang,Jawa Timur,alam,-0.22806597250008204,-0.5519573683383777,-0.007017207323426325,1,0,0,0,0,0
100768,Gunung Arjuno Welirang,Pasuruan,Jawa Timur,alam,0.015386353692167442,-1.4333542728869222,-0.5121071661078944,1,0,0,0,0,0
100769,Gunung Kelud Kawah Danau Blitar,Pasuruan,Jawa Timur,alam,-0.34979213559620675,-0.11125891606410736,0.49776975808444685,1,0,0,0,0,0
100770,Gunung Panderman Batu,Pacitan,Jawa Timur,alam,-0.34979213559620675,0.7701379884844373,-0.5121071661078944,1,0,0,0,0,0
100771,Gunung Penanggungan Pawitra Sejarah,Kota Malang,Jawa Timur,alam,0.2588386798844169,1.6515348930329818,-0.007017207323426325,1,0,0,0,0,0
100772,Puncak B29 Lumajang Negeri di Atas Awan,Pacitan,Jawa Timur,alam,0.6240171691727912,-0.11125891606410736,-0.007017207323426325,1,0,0,0,0,0
100773,Gunung Butak Sirah Kencong,Probolinggo,Jawa Timur,alam,0.015386353692167442,1.6515348930329818,-0.007017207323426325,1,0,0,0,0,0
100774,Bukit Kingkong Bromo View,Probolinggo,Jawa Timur,alam,0.2588386798844169,-0.5519573683383777,0.49776975808444685,1,0,0,0,0,0
100775,Taman Nasional Baluran Afrika Jawa,Probolinggo,Jawa Timur,alam,0.015386353692167442,0.329439536210163,1.002859716868915,1,0,0,0,0,0
100776,Taman Nasional Bromo Tengger Semeru,Pacitan,Jawa Timur,alam,-0.22806597250008204,-0.5519573683383777,0.49776975808444685,1,0,0,0,0,0
100777,Ranu Kumbolo Danau Surgawi Semeru,Pasuruan,Jawa Timur,alam,-0.34979213559620675,1.2108364407587076,1.002859716868915,1,0,0,0,0,0
100778,Coban Rondo Air Terjun Malang,Kota Batu,Jawa Timur,alam,-0.34979213559620675,-1.4333542728869222,-0.007017207323426325,1,0,0,0,0,0
100779,Coban Sewu Tumpak Sewu Lumajang,Pasuruan,Jawa Timur,alam,0.015386353692167442,0.329439536210163,0.49776975808444685,1,0,0,0,0,0
100780,Air Terjun Madakaripura Mahapatih Gajah Mada,Mojokerto,Jawa Timur,alam,0.015386353692167442,-0.5519573683383777,0.49776975808444685,1,0,0,0,0,0
100781,Gua Gong Pacitan Terindah Se-Asia Tenggara,Jember,Jawa Timur,alam,-0.34979213559620675,1.2108364407587076,-0.007017207323426325,1,0,0,0,0,0
100782,De Djawatan Benculuk Hutan Fangorn,Kota Malang,Jawa Timur,alam,0.13711251678829217,-0.11125891606410736,1.002859716868915,1,0,0,0,0,0
100783,Museum Angkut Kota Batu,Banyuwangi,Jawa Timur,budaya,-0.22806597250008204,-1.4333542728869222,0.49776975808444685,0,0,0,1,0,0
100784,Monumen Kapal Selam Monkasel Surabaya,Jember,Jawa Timur,budaya,-0.4715182986923315,-0.11125891606410736,-0.5121071661078944,0,0,0,1,0,0
100785,Jembatan Suramadu Selat Madura,Kota Batu,Jawa Timur,budaya,-0.34979213559620675,-0.11125891606410736,0.49776975808444685,0,0,0,1,0,0
100786,Situs Trowulan Ibu Kota Majapahit,Pacitan,Jawa Timur,budaya,-0.10633980940395729,1.6515348930329818,0.49776975808444685,0,0,0,1,0,0
100787,Candi Penataran Blitar,Pacitan,Jawa Timur,budaya,-0.10633980940395729,0.7701379884844373,0.49776975808444685,0,0,0,1,0,0
100788,Museum Rekor Dunia Trowulan,Kota Batu,Jawa Timur,budaya,-0.4715182986923315,1.2108364407587076,-0.007017207323426325,0,0,0,1,0,0
100789,Makam Proklamator Bung Karno Blitar,Kota Malang,Jawa Timur,budaya,-0.34979213559620675,-0.11125891606410736,0.49776975808444685,0,0,0,1,0,0
100790,Jatim Park 1 Edukasi,Kota Surabaya,Jawa Timur,hiburan,1.8412788001340386,1.6515348930329818,1.002859716868915,0,0,0,0,1,0
100791,Jatim Park 3 Dino Park,Banyuwangi,Jawa Timur,hiburan,0.6240171691727912,0.7701379884844373,1.002859716868915,0,0,0,0,1,0
100792,Batu Night Spectacular (BNS),Kota Surabaya,Jawa Timur,hiburan,1.2326479846534149,1.6515348930329818,1.002859716868915,0,0,0,0,1,0
100793,Selecta Taman Rekreasi Bunga Batu,Pacitan,Jawa Timur,hiburan,1.2326479846534149,-0.5519573683383777,1.002859716868915,0,0,0,0,1,0
100794,Pasar Atom Surabaya,Mojokerto,Jawa Timur,belanja,-0.5932444617884562,-1.4333542728869222,0.49776975808444685,0,0,1,0,0,0
100795,Sentra Oleh-Oleh Keripik Tempe Sanan Malang,Probolinggo,Jawa Timur,belanja,-0.5932444617884562,0.329439536210163,1.002859716868915,0,0,1,0,0,0
100796,Pasar Wisata Songgoriti,Pasuruan,Jawa Timur,belanja,-0.5932444617884562,-0.11125891606410736,1.002859716868915,0,0,1,0,0,0
100797,Pusat Kerajinan Kulit Tanggulangin Sidoarjo,Pacitan,Jawa Timur,belanja,-0.5932444617884562,-0.11125891606410736,-0.007017207323426325,0,0,1,0,0,0
100798,Masjid Nasional Al-Akbar Surabaya,Banyuwangi,Jawa Timur,religi,-0.5932444617884562,-0.5519573683383777,-0.007017207323426325,0,0,0,0,0,1
100799,Masjid Tiban Turen Malang Arsitektur Unik,Kota Batu,Jawa Timur,religi,-0.5932444617884562,1.6515348930329818,0.49776975808444685,0,0,0,0,0,1
100800,Gereja Kelahiran Santa Perawan Maria Kepanjen,Blitar,Jawa Timur,religi,-0.5932444617884562,0.329439536210163,1.002859716868915,0,0,0,0,0,1
100801,Pantai Kuta Badung,Kota Denpasar,Bali,bahari,0.015386353692167442,1.6515348930329818,-0.007017207323426325,0,1,0,0,0,0
100802,Pantai Pandawa Tebing Kapur,Badung,Bali,bahari,-0.4715182986923315,0.329439536210163,0.49776975808444685,0,1,0,0,0,0
100803,Pantai Sanur Sunrise,Buleleng,Bali,bahari,0.015386353692167442,-0.11125891606410736,-0.007017207323426325,0,1,0,0,0,0
100804,Pantai Seminyak Sunset,Bangli,Bali,bahari,-0.4715182986923315,1.2108364407587076,0.49776975808444685,0,1,0,0,0,0
100805,Pantai Melasti Ungasan,Jembrana,Bali,bahari,-0.22806597250008204,1.2108364407587076,0.49776975808444685,0,1,0,0,0,0
100806,Pantai Dreamland Tebing,Badung,Bali,bahari,-0.22806597250008204,0.329439536210163,0.49776975808444685,0,1,0,0,0,0
100807,Pantai Jimbaran Seafood,Gianyar,Bali,bahari,-0.10633980940395729,0.329439536210163,0.49776975808444685,0,1,0,0,0,0
100808,Pantai Lovina Lumba-Lumba,Karangasem,Bali,bahari,0.015386353692167442,-0.9926558206126519,0.49776975808444685,0,1,0,0,0,0
100809,Pantai Padang Padang Uluwatu,Kota Denpasar,Bali,bahari,0.015386353692167442,1.2108364407587076,0.49776975808444685,0,1,0,0,0,0
100810,Pantai Nusa Dua Pasir Putih,Kota Denpasar,Bali,bahari,0.13711251678829217,-0.5519573683383777,0.49776975808444685,0,1,0,0,0,0
100811,Pantai Virgin Beach Karangasem,Buleleng,Bali,bahari,-0.22806597250008204,0.329439536210163,0.49776975808444685,0,1,0,0,0,0
100812,Pantai Amed Snorkeling Bawah Laut,Jembrana,Bali,bahari,-0.22806597250008204,1.6515348930329818,0.49776975808444685,0,1,0,0,0,0
100813,Pantai Balangan Badung,Bangli,Bali,bahari,0.13711251678829217,-0.11125891606410736,0.49776975808444685,0,1,0,0,0,0
100814,Pantai Suluban Blue Point,Gianyar,Bali,bahari,-0.22806597250008204,1.6515348930329818,0.49776975808444685,0,1,0,0,0,0
100815,Gunung Batur Kintamani Sunrise,Tabanan,Bali,alam,0.2588386798844169,-1.4333542728869222,-0.007017207323426325,1,0,0,0,0,0
100816,Gunung Agung Puncak Tertinggi Bali,Jembrana,Bali,alam,-0.34979213559620675,0.329439536210163,0.49776975808444685,1,0,0,0,0,0
100817,Gunung Abang Bangli,Tabanan,Bali,alam,-0.34979213559620675,-0.11125891606410736,-0.007017207323426325,1,0,0,0,0,0
100818,Gunung Batukaru Tabanan,Jembrana,Bali,alam,-0.10633980940395729,0.329439536210163,-0.007017207323426325,1,0,0,0,0,0
100819,Bukit Campuhan Ubud Ridge Walk,Bangli,Bali,alam,0.015386353692167442,1.2108364407587076,-0.5121071661078944,1,0,0,0,0,0
100820,Bukit Asah Karangasem Laut,Buleleng,Bali,alam,0.2588386798844169,-0.9926558206126519,-0.007017207323426325,1,0,0,0,0,0
100821,Puncak Wanagiri Hidden Hill,Klungkung,Bali,alam,0.6240171691727912,0.7701379884844373,0.49776975808444685,1,0,0,0,0,0
100822,Bukit Teletubbies Nusa Penida,Kota Denpasar,Bali,alam,-0.34979213559620675,-0.9926558206126519,-0.007017207323426325,1,0,0,0,0,0
100823,Gunung Catur Bedugul,Badung,Bali,alam,-0.34979213559620675,1.2108364407587076,-0.5121071661078944,1,0,0,0,0,0
100824,Bukit Cinta Karangasem,Buleleng,Bali,alam,0.6240171691727912,-1.4333542728869222,-0.007017207323426325,1,0,0,0,0,0
100825,Tegallalang Rice Terrace Subak,Tabanan,Bali,alam,-0.34979213559620675,-0.11125891606410736,0.49776975808444685,1,0,0,0,0,0
100826,Nusa Penida Kelingking Beach,Gianyar,Bali,alam,-0.10633980940395729,0.7701379884844373,1.002859716868915,1,0,0,0,0,0
100827,Danau Beratan Bedugul,Karangasem,Bali,alam,-0.34979213559620675,-0.9926558206126519,-0.007017207323426325,1,0,0,0,0,0
100828,Air Terjun Gitgit Buleleng,Gianyar,Bali,alam,0.13711251678829217,-1.4333542728869222,1.002859716868915,1,0,0,0,0,0
100829,Air Terjun Sekumpul Buleleng,Karangasem,Bali,alam,-0.22806597250008204,1.6515348930329818,1.002859716868915,1,0,0,0,0,0
100830,Air Terjun Tegenungan Gianyar,Bangli,Bali,alam,0.015386353692167442,-0.9926558206126519,0.49776975808444685,1,0,0,0,0,0
100831,Danau Batur Kintamani,Kota Denpasar,Bali,alam,-0.10633980940395729,-1.4333542728869222,0.49776975808444685,1,0,0,0,0,0
100832,Hutan Monyet Ubud (Monkey Forest),Buleleng,Bali,alam,0.015386353692167442,-0.11125891606410736,0.49776975808444685,1,0,0,0,0,0
100833,Pura Luhur Uluwatu Tari Kecak,Gianyar,Bali,budaya,-0.10633980940395729,0.7701379884844373,0.49776975808444685,0,0,0,1,0,0
100834,Pura Tanah Lot Pulau Karang,Badung,Bali,budaya,-0.4715182986923315,-0.9926558206126519,0.49776975808444685,0,0,0,1,0,0
100835,Desa Adat Penglipuran Terbersih,Klungkung,Bali,budaya,-0.4715182986923315,0.7701379884844373,-0.007017207323426325,0,0,0,1,0,0
100836,Pura Tirta Empul Tampaksiring,Karangasem,Bali,budaya,-0.10633980940395729,0.329439536210163,1.002859716868915,0,0,0,1,0,0
100837,Pura Taman Ayun Mengwi,Jembrana,Bali,budaya,0.015386353692167442,1.2108364407587076,-0.007017207323426325,0,0,0,1,0,0
100838,Garuda Wisnu Kencana (GWK) Cultural Park,Kota Denpasar,Bali,budaya,-0.34979213559620675,-1.4333542728869222,-0.007017207323426325,0,0,0,1,0,0
100839,Istana Kerajaan Klungkung Kertagosa,Karangasem,Bali,budaya,-0.22806597250008204,-0.5519573683383777,1.002859716868915,0,0,0,1,0,0
100840,Waterbom Bali Kuta,Kota Denpasar,Bali,hiburan,1.8412788001340386,-0.11125891606410736,1.002859716868915,0,0,0,0,1,0
100841,Bali Safari & Marine Park Gianyar,Bangli,Bali,hiburan,3.058540431095286,0.7701379884844373,1.002859716868915,0,0,0,0,1,0
100842,Bali Zoo Sukawati,Badung,Bali,hiburan,0.2588386798844169,1.2108364407587076,1.002859716868915,0,0,0,0,1,0
100843,Finns Beach Club Canggu,Jembrana,Bali,hiburan,0.2588386798844169,-1.4333542728869222,1.002859716868915,0,0,0,0,1,0
100844,Pasar Seni Ubud Gianyar,Karangasem,Bali,belanja,-0.5932444617884562,-0.5519573683383777,0.49776975808444685,0,0,1,0,0,0
100845,Pasar Seni Sukawati Gianyar,Badung,Bali,belanja,-0.5932444617884562,1.6515348930329818,1.002859716868915,0,0,1,0,0,0
100846,Krisna Oleh-Oleh Khas Bali Tuban,Bangli,Bali,belanja,-0.5932444617884562,-1.4333542728869222,1.002859716868915,0,0,1,0,0,0
100847,Pasar Seni Kumbasari Denpasar,Karangasem,Bali,belanja,-0.5932444617884562,0.329439536210163,-0.007017207323426325,0,0,1,0,0,0
100848,Pura Agung Besakih Mother Temple,Karangasem,Bali,religi,-0.5932444617884562,-1.4333542728869222,0.49776975808444685,0,0,0,0,0,1
100849,Pura Ulun Danu Beratan,Karangasem,Bali,religi,-0.5932444617884562,-1.4333542728869222,0.49776975808444685,0,0,0,0,0,1
100850,Pura Lempuyang Luhur Gates of Heaven,Gianyar,Bali,religi,-0.5932444617884562,-0.9926558206126519,0.49776975808444685,0,0,0,0,0,1
100851,Pantai Senggigi Lombok Barat,Kota Bima,Nusa Tenggara Barat,bahari,-0.10633980940395729,1.2108364407587076,1.002859716868915,0,1,0,0,0,0
100852,Pantai Kuta Mandalika Lombok Tengah,Sumbawa Barat,Nusa Tenggara Barat,bahari,-0.10633980940395729,0.7701379884844373,0.49776975808444685,0,1,0,0,0,0
100853,Pantai Tanjung Aan Pasir Merica,Lombok Timur,Nusa Tenggara Barat,bahari,0.13711251678829217,0.7701379884844373,0.49776975808444685,0,1,0,0,0,0
100854,Pantai Pink Lombok Timur (Tangsi),Sumbawa Barat,Nusa Tenggara Barat,bahari,-0.4715182986923315,-0.11125891606410736,0.49776975808444685,0,1,0,0,0,0
100855,Pantai Selong Belanak Selancar,Lombok Utara,Nusa Tenggara Barat,bahari,0.13711251678829217,-0.9926558206126519,-0.007017207323426325,0,1,0,0,0,0
100856,Pantai Mawun Lombok Tengah,Lombok Barat,Nusa Tenggara Barat,bahari,-0.34979213559620675,0.7701379884844373,1.002859716868915,0,1,0,0,0,0
100857,Pantai Sire Lombok Utara,Kota Mataram,Nusa Tenggara Barat,bahari,-0.22806597250008204,-0.11125891606410736,0.49776975808444685,0,1,0,0,0,0
100858,Pantai Malimbu Lombok,Kota Bima,Nusa Tenggara Barat,bahari,-0.4715182986923315,-0.5519573683383777,1.002859716868915,0,1,0,0,0,0
100859,Pantai Lakey Dompu Surfing Dunia,Kota Mataram,Nusa Tenggara Barat,bahari,0.13711251678829217,1.2108364407587076,-0.007017207323426325,0,1,0,0,0,0
100860,Pantai Kenawa Sumbawa Barat,Sumbawa Barat,Nusa Tenggara Barat,bahari,-0.22806597250008204,1.2108364407587076,1.002859716868915,0,1,0,0,0,0
100861,Pantai Lawar Sekongkang,Lombok Timur,Nusa Tenggara Barat,bahari,-0.22806597250008204,0.329439536210163,0.49776975808444685,0,1,0,0,0,0
100862,Pantai Jelenga Sumbawa,Lombok Timur,Nusa Tenggara Barat,bahari,-0.4715182986923315,-0.11125891606410736,0.49776975808444685,0,1,0,0,0,0
100863,Pantai Kertasari Taliwang,Dompu,Nusa Tenggara Barat,bahari,-0.34979213559620675,-0.5519573683383777,0.49776975808444685,0,1,0,0,0,0
100864,Pantai Lariti Bima Laut Terbelah,Sumbawa,Nusa Tenggara Barat,bahari,0.13711251678829217,-1.4333542728869222,0.49776975808444685,0,1,0,0,0,0
100865,Gunung Rinjani (3.726 mdpl),Dompu,Nusa Tenggara Barat,alam,-0.34979213559620675,1.2108364407587076,0.49776975808444685,1,0,0,0,0,0
100866,Gunung Tambora Kaldera Raksasa 1815,Sumbawa Barat,Nusa Tenggara Barat,alam,-0.34979213559620675,-0.9926558206126519,-0.007017207323426325,1,0,0,0,0,0
100867,Bukit Pergasingan Sembalun,Kota Bima,Nusa Tenggara Barat,alam,0.2588386798844169,1.2108364407587076,-0.5121071661078944,1,0,0,0,0,0
100868,Bukit Merese Mandalika,Sumbawa,Nusa Tenggara Barat,alam,0.2588386798844169,-1.4333542728869222,-0.007017207323426325,1,0,0,0,0,0
100869,Puncak Bukit Nanggi Sembalun,Lombok Tengah,Nusa Tenggara Barat,alam,-0.10633980940395729,-0.5519573683383777,0.49776975808444685,1,0,0,0,0,0
100870,Bukit Datu Sembalun,Lombok Utara,Nusa Tenggara Barat,alam,0.6240171691727912,-1.4333542728869222,0.49776975808444685,1,0,0,0,0,0
100871,Bukit Mantar Sumbawa Negeri di Atas Awan,Sumbawa Barat,Nusa Tenggara Barat,alam,-0.34979213559620675,-0.11125891606410736,0.49776975808444685,1,0,0,0,0,0
100872,Bukit Seger Sirkuit Mandalika,Sumbawa Barat,Nusa Tenggara Barat,alam,-0.22806597250008204,0.329439536210163,1.002859716868915,1,0,0,0,0,0
100873,Bukit Malimbu Lombok,Kota Bima,Nusa Tenggara Barat,alam,-0.34979213559620675,0.329439536210163,0.49776975808444685,1,0,0,0,0,0
100874,Puncak Pusuk Pass Kera Hutan,Dompu,Nusa Tenggara Barat,alam,-0.34979213559620675,-0.5519573683383777,-0.007017207323426325,1,0,0,0,0,0
100875,Danau Segara Anak Rinjani,Sumbawa,Nusa Tenggara Barat,alam,-0.34979213559620675,-1.4333542728869222,1.002859716868915,1,0,0,0,0,0
100876,Gili Trawangan Wisata Bahari,Bima,Nusa Tenggara Barat,alam,-0.10633980940395729,0.7701379884844373,-0.007017207323426325,1,0,0,0,0,0
100877,Gili Meno Penyu Laut,Lombok Tengah,Nusa Tenggara Barat,alam,-0.22806597250008204,1.2108364407587076,1.002859716868915,1,0,0,0,0,0
100878,Gili Air Karang Tropis,Sumbawa,Nusa Tenggara Barat,alam,-0.10633980940395729,0.329439536210163,0.49776975808444685,1,0,0,0,0,0
100879,Air Terjun Sendang Gile Senaru,Lombok Utara,Nusa Tenggara Barat,alam,0.13711251678829217,-0.11125891606410736,1.002859716868915,1,0,0,0,0,0
100880,Air Terjun Tiu Kelep Lombok Utara,Kota Bima,Nusa Tenggara Barat,alam,0.015386353692167442,-0.11125891606410736,0.49776975808444685,1,0,0,0,0,0
100881,Pulau Kenawa Sumbawa Sabana,Lombok Timur,Nusa Tenggara Barat,alam,-0.22806597250008204,-0.9926558206126519,0.49776975808444685,1,0,0,0,0,0
100882,Pulau Moyo Air Terjun Mata Jitu Putri Diana,Kota Mataram,Nusa Tenggara Barat,alam,0.015386353692167442,1.6515348930329818,0.49776975808444685,1,0,0,0,0,0
100883,Desa Adat Sade Suku Sasak,Sumbawa,Nusa Tenggara Barat,budaya,-0.22806597250008204,1.6515348930329818,-0.007017207323426325,0,0,0,1,0,0
100884,Desa Wisata Ende Lombok Tengah,Lombok Barat,Nusa Tenggara Barat,budaya,-0.34979213559620675,1.2108364407587076,0.49776975808444685,0,0,0,1,0,0
100885,Taman Mayura Cakranegara Mataram,Lombok Utara,Nusa Tenggara Barat,budaya,-0.34979213559620675,0.7701379884844373,-0.007017207323426325,0,0,0,1,0,0
100886,Taman Narmada Air Awet Muda,Kota Mataram,Nusa Tenggara Barat,budaya,-0.10633980940395729,-0.11125891606410736,0.49776975808444685,0,0,0,1,0,0
100887,Istana Dalam Loka Sumbawa,Bima,Nusa Tenggara Barat,budaya,-0.22806597250008204,-0.11125891606410736,1.002859716868915,0,0,0,1,0,0
100888,Desa Tenun Sukarara Lombok,Lombok Barat,Nusa Tenggara Barat,budaya,-0.4715182986923315,-1.4333542728869222,-0.007017207323426325,0,0,0,1,0,0
100889,Desa Adat Bayan Beleq,Dompu,Nusa Tenggara Barat,budaya,0.015386353692167442,-1.4333542728869222,0.49776975808444685,0,0,0,1,0,0
100890,Sirkuit Internasional Pertamina Mandalika,Lombok Barat,Nusa Tenggara Barat,hiburan,1.2326479846534149,1.2108364407587076,1.002859716868915,0,0,0,0,1,0
100891,Mataram Water Park,Bima,Nusa Tenggara Barat,hiburan,0.6240171691727912,1.6515348930329818,1.002859716868915,0,0,0,0,1,0
100892,Lombok Wildlife Park Sigar Penjalin,Dompu,Nusa Tenggara Barat,hiburan,1.2326479846534149,0.329439536210163,1.002859716868915,0,0,0,0,1,0
100893,Taman Sangkareang Mataram,Kota Bima,Nusa Tenggara Barat,hiburan,1.8412788001340386,-0.5519573683383777,1.002859716868915,0,0,0,0,1,0
100894,Pasar Seni Sayang-Sayang Mataram,Lombok Tengah,Nusa Tenggara Barat,belanja,-0.5932444617884562,-0.5519573683383777,0.49776975808444685,0,0,1,0,0,0
100895,Pusat Mutiara Sekarbela Mataram,Lombok Tengah,Nusa Tenggara Barat,belanja,-0.5932444617884562,1.6515348930329818,0.49776975808444685,0,0,1,0,0,0
100896,Sentra Tenun Ikat Sukarara,Kota Bima,Nusa Tenggara Barat,belanja,-0.5932444617884562,-0.5519573683383777,0.49776975808444685,0,0,1,0,0,0
100897,Sentra Madu Sumbawa Asli,Dompu,Nusa Tenggara Barat,belanja,-0.5932444617884562,0.329439536210163,1.002859716868915,0,0,1,0,0,0
100898,Masjid Hubbul Wathan Islamic Center NTB,Bima,Nusa Tenggara Barat,religi,-0.5932444617884562,-0.5519573683383777,-0.007017207323426325,0,0,0,0,0,1
100899,Pura Lingsar Kerukunan Umat Beragama,Dompu,Nusa Tenggara Barat,religi,-0.5932444617884562,0.329439536210163,-0.007017207323426325,0,0,0,0,0,1
100900,Pura Batu Bolong Senggigi,Dompu,Nusa Tenggara Barat,religi,-0.5932444617884562,0.7701379884844373,0.49776975808444685,0,0,0,0,0,1
100901,Pantai Pink Beach Taman Nasional Komodo,Timor Tengah Selatan Soe,Nusa Tenggara Timur,bahari,-0.22806597250008204,-1.4333542728869222,1.002859716868915,0,1,0,0,0,0
100902,Pantai Lasiana Kupang,Sumba Barat,Nusa Tenggara Timur,bahari,0.13711251678829217,-0.5519573683383777,0.49776975808444685,0,1,0,0,0,0
100903,Pantai Oetune Gurun Pasir TTS,Manggarai Barat Labuan Bajo,Nusa Tenggara Timur,bahari,0.015386353692167442,1.2108364407587076,-0.007017207323426325,0,1,0,0,0,0
100904,Pantai Kolbano Batu Kerikil Warna,Alor Kalabahi,Nusa Tenggara Timur,bahari,-0.4715182986923315,-0.11125891606410736,0.49776975808444685,0,1,0,0,0,0
100905,Pantai Mandorak Sumba Barat Daya,Alor Kalabahi,Nusa Tenggara Timur,bahari,-0.4715182986923315,0.329439536210163,1.002859716868915,0,1,0,0,0,0
100906,Pantai Walakiri Sunset Pohon Menari Sumba,Alor Kalabahi,Nusa Tenggara Timur,bahari,-0.22806597250008204,-0.9926558206126519,-0.007017207323426325,0,1,0,0,0,0
100907,Pantai Nihiwatu Sumba Kelas Dunia,Timor Tengah Selatan Soe,Nusa Tenggara Timur,bahari,0.015386353692167442,1.2108364407587076,1.002859716868915,0,1,0,0,0,0
100908,Pantai Nembrala Rote Surfing,Ngada Bajawa,Nusa Tenggara Timur,bahari,-0.4715182986923315,0.7701379884844373,0.49776975808444685,0,1,0,0,0,0
100909,Pantai Koka Maumere Sikka,Sumba Timur,Nusa Tenggara Timur,bahari,0.13711251678829217,-0.9926558206126519,0.49776975808444685,0,1,0,0,0,0
100910,Pantai Pede Labuan Bajo,Sumba Barat,Nusa Tenggara Timur,bahari,-0.34979213559620675,0.329439536210163,0.49776975808444685,0,1,0,0,0,0
100911,Pantai Batu Cermin Bajo,Sumba Timur,Nusa Tenggara Timur,bahari,0.015386353692167442,-0.9926558206126519,0.49776975808444685,0,1,0,0,0,0
100912,Pantai Tablolong Kupang Rumput Laut,Alor Kalabahi,Nusa Tenggara Timur,bahari,-0.22806597250008204,-0.9926558206126519,0.49776975808444685,0,1,0,0,0,0
100913,Pantai Maimol Alor,Kota Kupang,Nusa Tenggara Timur,bahari,-0.4715182986923315,-0.9926558206126519,0.49776975808444685,0,1,0,0,0,0
100914,Pantai Buntal Manggarai Timur,Sumba Barat,Nusa Tenggara Timur,bahari,0.015386353692167442,0.329439536210163,-0.007017207323426325,0,1,0,0,0,0
100915,Gunung Kelimutu Tiga Warna Ende,Manggarai Barat Labuan Bajo,Nusa Tenggara Timur,alam,0.6240171691727912,-0.9926558206126519,-0.5121071661078944,1,0,0,0,0,0
100916,Gunung Inerie Piramida Alam Ngada,Ende,Nusa Tenggara Timur,alam,0.015386353692167442,1.6515348930329818,1.002859716868915,1,0,0,0,0,0
100917,Puncak Bukit Padar Komodo Ikonik,Ende,Nusa Tenggara Timur,alam,-0.10633980940395729,-0.9926558206126519,-0.5121071661078944,1,0,0,0,0,0
100918,Bukit Wairinding Sumba Timur Sabana,Sikka Maumere,Nusa Tenggara Timur,alam,-0.22806597250008204,1.6515348930329818,0.49776975808444685,1,0,0,0,0,0
100919,Bukit Tanarara Sumba Timur Bergelombang,Sumba Timur,Nusa Tenggara Timur,alam,0.015386353692167442,-0.5519573683383777,-0.5121071661078944,1,0,0,0,0,0
100920,Bukit Sylvia Labuan Bajo Sunset,Alor Kalabahi,Nusa Tenggara Timur,alam,0.015386353692167442,-1.4333542728869222,-0.007017207323426325,1,0,0,0,0,0
100921,Bukit Cinta Labuan Bajo,Timor Tengah Selatan Soe,Nusa Tenggara Timur,alam,-0.34979213559620675,1.2108364407587076,0.49776975808444685,1,0,0,0,0,0
100922,Puncak Gunung Mutis TTS,Kota Kupang,Nusa Tenggara Timur,alam,0.015386353692167442,1.6515348930329818,-0.007017207323426325,1,0,0,0,0,0
100923,Gunung Iya Ende,Sumba Timur,Nusa Tenggara Timur,alam,0.6240171691727912,1.2108364407587076,0.49776975808444685,1,0,0,0,0,0
100924,Gunung Egon Maumere,Sikka Maumere,Nusa Tenggara Timur,alam,-0.10633980940395729,-0.11125891606410736,0.49776975808444685,1,0,0,0,0,0
100925,Taman Nasional Komodo Habitat Asli Biawak Komodo,Sikka Maumere,Nusa Tenggara Timur,alam,0.015386353692167442,-0.5519573683383777,1.002859716868915,1,0,0,0,0,0
100926,Danau Tiga Warna Kelimutu,Alor Kalabahi,Nusa Tenggara Timur,alam,-0.10633980940395729,1.6515348930329818,0.49776975808444685,1,0,0,0,0,0
100927,Pulau Rinca Komodo,Kota Kupang,Nusa Tenggara Timur,alam,-0.22806597250008204,-0.11125891606410736,1.002859716868915,1,0,0,0,0,0
100928,Gua Rangko Kolam Renang Air Asin Alami,Manggarai Barat Labuan Bajo,Nusa Tenggara Timur,alam,-0.22806597250008204,-0.11125891606410736,-0.007017207323426325,1,0,0,0,0,0
100929,Gua Batu Cermin Labuan Bajo,Manggarai Barat Labuan Bajo,Nusa Tenggara Timur,alam,0.13711251678829217,-1.4333542728869222,1.002859716868915,1,0,0,0,0,0
100930,Danau Weekuri Laguna Air Asin Sumba,Kota Kupang,Nusa Tenggara Timur,alam,-0.10633980940395729,0.7701379884844373,0.49776975808444685,1,0,0,0,0,0
100931,Air Terjun Cunca Wulang Ngarai Batu,Manggarai Barat Labuan Bajo,Nusa Tenggara Timur,alam,0.13711251678829217,-0.9926558206126519,1.002859716868915,1,0,0,0,0,0
100932,Air Terjun Tanggedu Grand Canyon Sumba,Ngada Bajawa,Nusa Tenggara Timur,alam,0.13711251678829217,-0.9926558206126519,0.49776975808444685,1,0,0,0,0,0
100933,Desa Adat Wae Rebo Negeri di Atas Awan,Sikka Maumere,Nusa Tenggara Timur,budaya,-0.34979213559620675,0.329439536210163,1.002859716868915,0,0,0,1,0,0
100934,Desa Adat Bena Megalitikum Bajawa,Ende,Nusa Tenggara Timur,budaya,-0.34979213559620675,-0.9926558206126519,0.49776975808444685,0,0,0,1,0,0
100935,Desa Adat Ratenggaro Menara Rumah Tinggi Sumba,Sikka Maumere,Nusa Tenggara Timur,budaya,-0.22806597250008204,-0.5519573683383777,0.49776975808444685,0,0,0,1,0,0
100936,Desa Adat Prai Ijing Sumba Barat,Ngada Bajawa,Nusa Tenggara Timur,budaya,0.015386353692167442,1.2108364407587076,0.49776975808444685,0,0,0,1,0,0
100937,Situs Rumah Pengasingan Bung Karno Ende,Sumba Timur,Nusa Tenggara Timur,budaya,-0.22806597250008204,-1.4333542728869222,0.49776975808444685,0,0,0,1,0,0
100938,Kampung Adat Takpala Alor,Kota Kupang,Nusa Tenggara Timur,budaya,-0.10633980940395729,-0.5519573683383777,0.49776975808444685,0,0,0,1,0,0
100939,Desa Tenun Ikat Lepo Lorun Maumere,Kota Kupang,Nusa Tenggara Timur,budaya,0.015386353692167442,0.329439536210163,1.002859716868915,0,0,0,1,0,0
100940,Waterpark Baumata Kupang,Ende,Nusa Tenggara Timur,hiburan,1.2326479846534149,-1.4333542728869222,1.002859716868915,0,0,0,0,1,0
100941,Taman Nostalgia Kupang Kuliner,Manggarai Barat Labuan Bajo,Nusa Tenggara Timur,hiburan,1.8412788001340386,1.6515348930329818,1.002859716868915,0,0,0,0,1,0
100942,Suba Suka Paradise Kupang,Rote Ndao,Nusa Tenggara Timur,hiburan,1.8412788001340386,0.7701379884844373,1.002859716868915,0,0,0,0,1,0
100943,Waterboom Tirta Mutiara Kupang,Sumba Timur,Nusa Tenggara Timur,hiburan,3.058540431095286,0.7701379884844373,1.002859716868915,0,0,0,0,1,0
100944,Pasar Malam Kampung Ujung Seafood Labuan Bajo,Ngada Bajawa,Nusa Tenggara Timur,belanja,-0.5932444617884562,0.329439536210163,0.49776975808444685,0,0,1,0,0,0
100945,Sentra Tenun Ikat NTT Ina Ndao Kupang,Sikka Maumere,Nusa Tenggara Timur,belanja,-0.5932444617884562,-1.4333542728869222,0.49776975808444685,0,0,1,0,0,0
100946,Sentra Kopi Bajawa Flores,Rote Ndao,Nusa Tenggara Timur,belanja,-0.5932444617884562,-0.9926558206126519,0.49776975808444685,0,0,1,0,0,0
100947,Pasar Kasih Naikoten Kupang,Kota Kupang,Nusa Tenggara Timur,belanja,-0.5932444617884562,-0.9926558206126519,0.49776975808444685,0,0,1,0,0,0
100948,Gereja Katedral Kristus Raja Kupang,Ngada Bajawa,Nusa Tenggara Timur,religi,-0.5932444617884562,-0.11125891606410736,0.49776975808444685,0,0,0,0,0,1
100949,Gereja Katedral Roh Kudus Weetebula Sumba,Sumba Barat,Nusa Tenggara Timur,religi,-0.5932444617884562,1.2108364407587076,-0.007017207323426325,0,0,0,0,0,1
100950,Masjid Agung Nurul Falah Labuan Bajo,Sikka Maumere,Nusa Tenggara Timur,religi,-0.5932444617884562,0.7701379884844373,-0.007017207323426325,0,0,0,0,0,1
100951,Pantai Pasir Panjang Singkawang,Kota Singkawang,Kalimantan Barat,bahari,-0.10633980940395729,-0.5519573683383777,-0.007017207323426325,0,1,0,0,0,0
100952,Pantai Palm Beach Singkawang,Mempawah,Kalimantan Barat,bahari,0.015386353692167442,1.2108364407587076,-0.007017207323426325,0,1,0,0,0,0
100953,Pantai Kijing Mempawah,Bengkayang,Kalimantan Barat,bahari,-0.10633980940395729,1.2108364407587076,-0.007017207323426325,0,1,0,0,0,0
100954,Pantai Sinam Pemangkat Sambas,Sambas,Kalimantan Barat,bahari,0.015386353692167442,-0.9926558206126519,0.49776975808444685,0,1,0,0,0,0
100955,Pantai Temajuk Ekor Borneo,Kota Pontianak,Kalimantan Barat,bahari,-0.4715182986923315,1.2108364407587076,-0.007017207323426325,0,1,0,0,0,0
100956,Pantai Batu Payung Singkawang,Bengkayang,Kalimantan Barat,bahari,-0.22806597250008204,0.7701379884844373,0.49776975808444685,0,1,0,0,0,0
100957,Pantai Tanjung Batu Ketapang,Bengkayang,Kalimantan Barat,bahari,-0.4715182986923315,0.329439536210163,0.49776975808444685,0,1,0,0,0,0
100958,Pantai Pulau Datok Sukadana Kayong,Kota Singkawang,Kalimantan Barat,bahari,-0.4715182986923315,-1.4333542728869222,0.49776975808444685,0,1,0,0,0,0
100959,Pantai Samudra Indah Bengkayang,Mempawah,Kalimantan Barat,bahari,-0.10633980940395729,-0.5519573683383777,1.002859716868915,0,1,0,0,0,0
100960,Pantai Bajau Rindu Alam Singkawang,Ketapang,Kalimantan Barat,bahari,0.13711251678829217,0.7701379884844373,0.49776975808444685,0,1,0,0,0,0
100961,Pantai Gratis Singkawang,Bengkayang,Kalimantan Barat,bahari,0.015386353692167442,-1.4333542728869222,-0.007017207323426325,0,1,0,0,0,0
100962,Pantai Tanjung Belandang Ketapang,Bengkayang,Kalimantan Barat,bahari,0.13711251678829217,0.329439536210163,-0.007017207323426325,0,1,0,0,0,0
100963,Pantai Polaria Sambas,Ketapang,Kalimantan Barat,bahari,-0.4715182986923315,-0.11125891606410736,0.49776975808444685,0,1,0,0,0,0
100964,Pantai Kura-Kura Bengkayang,Kota Pontianak,Kalimantan Barat,bahari,-0.4715182986923315,0.329439536210163,1.002859716868915,0,1,0,0,0,0
100965,Gunung Palung (TNGP) Kayong Utara,Ketapang,Kalimantan Barat,alam,0.2588386798844169,0.7701379884844373,-0.007017207323426325,1,0,0,0,0,0
100966,Bukit Kelam Sintang (Batu Monolit Terbesar Kedua Dunia),Sintang,Kalimantan Barat,alam,0.2588386798844169,0.7701379884844373,0.49776975808444685,1,0,0,0,0,0
100967,Gunung Bawang Bengkayang,Sintang,Kalimantan Barat,alam,-0.34979213559620675,-0.5519573683383777,0.49776975808444685,1,0,0,0,0,0
100968,Bukit Penjamur Bengkayang Negeri Awan,Kota Pontianak,Kalimantan Barat,alam,-0.10633980940395729,1.2108364407587076,-0.007017207323426325,1,0,0,0,0,0
100969,Bukit Rimbang Mempawah,Sintang,Kalimantan Barat,alam,-0.34979213559620675,-0.11125891606410736,0.49776975808444685,1,0,0,0,0,0
100970,Puncak Bukit Bougenville Singkawang,Kota Pontianak,Kalimantan Barat,alam,-0.34979213559620675,0.7701379884844373,-0.007017207323426325,1,0,0,0,0,0
100971,Gunung Poteng Singkawang,Kota Pontianak,Kalimantan Barat,alam,-0.10633980940395729,-0.9926558206126519,0.49776975808444685,1,0,0,0,0,0
100972,Bukit Vander Vich Putussibau,Kapuas Hulu Putussibau,Kalimantan Barat,alam,0.2588386798844169,-0.11125891606410736,-0.007017207323426325,1,0,0,0,0,0
100973,Bukit Jamur Singkawang,Kota Pontianak,Kalimantan Barat,alam,0.2588386798844169,1.6515348930329818,1.002859716868915,1,0,0,0,0,0
100974,Puncak Gunung Niut Landak,Bengkayang,Kalimantan Barat,alam,-0.34979213559620675,1.6515348930329818,0.49776975808444685,1,0,0,0,0,0
100975,Taman Nasional Danau Sentarum Kapuas Hulu,Kota Singkawang,Kalimantan Barat,alam,0.13711251678829217,0.329439536210163,0.49776975808444685,1,0,0,0,0,0
100976,Tugu Khatulistiwa Pontianak Titik Nol Ekuator,Sintang,Kalimantan Barat,alam,-0.34979213559620675,-0.5519573683383777,-0.007017207323426325,1,0,0,0,0,0
100977,Taman Nasional Gunung Palung Orangutan,Kota Pontianak,Kalimantan Barat,alam,-0.10633980940395729,0.329439536210163,0.49776975808444685,1,0,0,0,0,0
100978,Air Terjun Riam Merasap Bengkayang Little Niagara,Sambas,Kalimantan Barat,alam,0.13711251678829217,0.7701379884844373,0.49776975808444685,1,0,0,0,0,0
100979,Air Terjun Riam Dait Landak Tujuh Tingkat,Kapuas Hulu Putussibau,Kalimantan Barat,alam,-0.34979213559620675,-0.5519573683383777,1.002859716868915,1,0,0,0,0,0
100980,Sungai Kapuas Terpanjang di Indonesia,Sambas,Kalimantan Barat,alam,-0.34979213559620675,-1.4333542728869222,0.49776975808444685,1,0,0,0,0,0
100981,Danau Laet Tayan Sanggau,Kota Pontianak,Kalimantan Barat,alam,0.015386353692167442,-0.5519573683383777,1.002859716868915,1,0,0,0,0,0
100982,Pulau Lemukutan Snorkeling Bengkayang,Bengkayang,Kalimantan Barat,alam,-0.34979213559620675,0.329439536210163,0.49776975808444685,1,0,0,0,0,0
100983,Keraton Kadriah Kesultanan Pontianak,Sintang,Kalimantan Barat,budaya,-0.34979213559620675,1.6515348930329818,0.49776975808444685,0,0,0,1,0,0
100984,Rumah Betang Radakng Pontianak Terpanjang,Sambas,Kalimantan Barat,budaya,-0.10633980940395729,-0.9926558206126519,-0.007017207323426325,0,0,0,1,0,0
100985,Kawasan Pecinan Singkawang Kota Amoy,Landak Ngabang,Kalimantan Barat,budaya,0.015386353692167442,-0.5519573683383777,-0.5121071661078944,0,0,0,1,0,0
100986,Istana Sambas Alwatzikoebillah,Ketapang,Kalimantan Barat,budaya,0.015386353692167442,0.329439536210163,0.49776975808444685,0,0,0,1,0,0
100987,Vihara Tri Dharma Bumi Raya Singkawang,Sambas,Kalimantan Barat,budaya,-0.10633980940395729,-1.4333542728869222,1.002859716868915,0,0,0,1,0,0
100988,Museum Negeri Pontianak,Landak Ngabang,Kalimantan Barat,budaya,-0.10633980940395729,0.329439536210163,0.49776975808444685,0,0,0,1,0,0
100989,Rumah Adat Melayu Pontianak,Ketapang,Kalimantan Barat,budaya,-0.4715182986923315,0.329439536210163,-0.007017207323426325,0,0,0,1,0,0
100990,Paradis-Q Waterpark Kubu Raya,Mempawah,Kalimantan Barat,hiburan,0.2588386798844169,-0.11125891606410736,1.002859716868915,0,0,0,0,1,0
100991,Taman Alun-Alun Kapuas Pontianak,Ketapang,Kalimantan Barat,hiburan,1.2326479846534149,0.329439536210163,1.002859716868915,0,0,0,0,1,0
100992,Sinka Zoo Singkawang Taman Satwa,Bengkayang,Kalimantan Barat,hiburan,1.8412788001340386,-1.4333542728869222,1.002859716868915,0,0,0,0,1,0
100993,Mimi Land Batu Payung Singkawang,Kapuas Hulu Putussibau,Kalimantan Barat,hiburan,1.2326479846534149,-1.4333542728869222,1.002859716868915,0,0,0,0,1,0
100994,Pasar Tengah Pontianak,Sambas,Kalimantan Barat,belanja,-0.5932444617884562,1.6515348930329818,0.49776975808444685,0,0,1,0,0,0
100995,Sentra Lidah Buaya Aloevera Center,Kapuas Hulu Putussibau,Kalimantan Barat,belanja,-0.5932444617884562,1.2108364407587076,-0.007017207323426325,0,0,1,0,0,0
100996,Sentra Tenun Sambas Songket Lunggi,Sintang,Kalimantan Barat,belanja,-0.5932444617884562,0.329439536210163,0.49776975808444685,0,0,1,0,0,0
100997,Pusat Keramik Dinasti Singkawang,Kapuas Hulu Putussibau,Kalimantan Barat,belanja,-0.5932444617884562,1.2108364407587076,0.49776975808444685,0,0,1,0,0,0
100998,Masjid Raya Mujahidin Pontianak,Kota Singkawang,Kalimantan Barat,religi,-0.5932444617884562,-1.4333542728869222,0.49776975808444685,0,0,0,0,0,1
100999,Masjid Jami Sultan Syarif Abdurrahman Pontianak,Landak Ngabang,Kalimantan Barat,religi,-0.5932444617884562,-1.4333542728869222,0.49776975808444685,0,0,0,0,0,1
101000,Vihara Sui Khew Pak Kung Singkawang,Kubu Raya,Kalimantan Barat,religi,-0.5932444617884562,-0.9926558206126519,0.49776975808444685,0,0,0,0,0,1
101001,Pantai Takisung Tanah Laut,Hulu Sungai Selatan Kandangan,Kalimantan Selatan,bahari,-0.10633980940395729,1.6515348930329818,-0.007017207323426325,0,1,0,0,0,0
101002,Pantai Batakan Baru Pelaihari,Kota Banjarmasin,Kalimantan Selatan,bahari,0.015386353692167442,0.7701379884844373,1.002859716868915,0,1,0,0,0,0
101003,Pantai Gedambaan Sarang Tiung Kotabaru,Kota Banjarmasin,Kalimantan Selatan,bahari,-0.22806597250008204,0.329439536210163,0.49776975808444685,0,1,0,0,0,0
101004,Pantai Pagatan Pesta Laut Mappanretasi,Kota Banjarbaru,Kalimantan Selatan,bahari,0.015386353692167442,-1.4333542728869222,-0.007017207323426325,0,1,0,0,0,0
101005,Pantai Teluk Tamiang Surga Bahari Kotabaru,Hulu Sungai Selatan Kandangan,Kalimantan Selatan,bahari,-0.22806597250008204,-0.11125891606410736,0.49776975808444685,0,1,0,0,0,0
101006,Pantai Swarangan Jorong,Tapin Rantau,Kalimantan Selatan,bahari,0.015386353692167442,0.7701379884844373,-0.007017207323426325,0,1,0,0,0,0
101007,Pantai Angsana Snorkeling Terumbu Karang,Hulu Sungai Selatan Kandangan,Kalimantan Selatan,bahari,-0.10633980940395729,-0.11125891606410736,-0.007017207323426325,0,1,0,0,0,0
101008,Pantai Rindu Alam Batulicin,Kotabaru,Kalimantan Selatan,bahari,0.13711251678829217,0.7701379884844373,0.49776975808444685,0,1,0,0,0,0
101009,Pantai Muara Kintap,Hulu Sungai Tengah Barabai,Kalimantan Selatan,bahari,-0.22806597250008204,-1.4333542728869222,-0.007017207323426325,0,1,0,0,0,0
101010,Pantai Tanjung Dewa,Tapin Rantau,Kalimantan Selatan,bahari,-0.4715182986923315,-1.4333542728869222,-0.007017207323426325,0,1,0,0,0,0
101011,Pantai Asam-Asam Tanah Laut,Hulu Sungai Tengah Barabai,Kalimantan Selatan,bahari,0.015386353692167442,-0.11125891606410736,0.49776975808444685,0,1,0,0,0,0
101012,Pantai Teluk Gosong Kotabaru,Tabalong Tanjung,Kalimantan Selatan,bahari,0.13711251678829217,-0.5519573683383777,0.49776975808444685,0,1,0,0,0,0
101013,Pantai Batu Buaya Kotabaru,Tapin Rantau,Kalimantan Selatan,bahari,-0.34979213559620675,0.7701379884844373,0.49776975808444685,0,1,0,0,0,0
101014,Pantai Pulau Burung Tanah Bumbu,Kotabaru,Kalimantan Selatan,bahari,-0.10633980940395729,-0.9926558206126519,0.49776975808444685,0,1,0,0,0,0
101015,Puncak Pegunungan Meratus Loksado,Tanah Laut Pelaihari,Kalimantan Selatan,alam,0.6240171691727912,0.7701379884844373,1.002859716868915,1,0,0,0,0,0
101016,Gunung Halau-Halau Puncak Tertinggi Kalsel (1.901 mdpl),Hulu Sungai Selatan Kandangan,Kalimantan Selatan,alam,0.2588386798844169,0.329439536210163,-0.007017207323426325,1,0,0,0,0,0
101017,Bukit Matang Kaladan Raja Ampat Banjar,Kota Banjarmasin,Kalimantan Selatan,alam,0.2588386798844169,1.6515348930329818,-0.007017207323426325,1,0,0,0,0,0
101018,Bukit Riam Kanan Aranio,Hulu Sungai Selatan Kandangan,Kalimantan Selatan,alam,0.6240171691727912,0.7701379884844373,-0.007017207323426325,1,0,0,0,0,0
101019,Bukit Mawar Kiram Park Banjar,Tanah Laut Pelaihari,Kalimantan Selatan,alam,0.015386353692167442,1.6515348930329818,1.002859716868915,1,0,0,0,0,0
101020,Bukit Batulaki HSS,Tanah Laut Pelaihari,Kalimantan Selatan,alam,-0.22806597250008204,1.6515348930329818,-0.5121071661078944,1,0,0,0,0,0
101021,Bukit Langara Loksado Bambu,Tanah Laut Pelaihari,Kalimantan Selatan,alam,-0.10633980940395729,-0.9926558206126519,-0.5121071661078944,1,0,0,0,0,0
101022,Bukit Batu Riam Kanan,Tapin Rantau,Kalimantan Selatan,alam,-0.10633980940395729,1.2108364407587076,-0.007017207323426325,1,0,0,0,0,0
101023,Bukit Birah Tanah Laut,Kota Banjarmasin,Kalimantan Selatan,alam,0.015386353692167442,-0.11125891606410736,-0.007017207323426325,1,0,0,0,0,0
101024,Bukit Lintang Pelaihari,Banjar Martapura,Kalimantan Selatan,alam,-0.34979213559620675,0.329439536210163,-0.007017207323426325,1,0,0,0,0,0
101025,Pasar Terapung Lok Baintan Sungai Martapura,Tanah Laut Pelaihari,Kalimantan Selatan,alam,-0.10633980940395729,0.329439536210163,1.002859716868915,1,0,0,0,0,0
101026,Pasar Terapung Muara Kuin,Hulu Sungai Selatan Kandangan,Kalimantan Selatan,alam,0.13711251678829217,0.329439536210163,-0.007017207323426325,1,0,0,0,0,0
101027,Danau Riam Kanan Waduk Aranio,Kota Banjarbaru,Kalimantan Selatan,alam,0.13711251678829217,-1.4333542728869222,1.002859716868915,1,0,0,0,0,0
101028,Bamboo Rafting Sungai Amandit Loksado,Kota Banjarmasin,Kalimantan Selatan,alam,-0.22806597250008204,-0.11125891606410736,1.002859716868915,1,0,0,0,0,0
101029,Pulau Kembang Habitat Kera Ekor Panjang Bekantan,Banjar Martapura,Kalimantan Selatan,alam,0.015386353692167442,0.7701379884844373,0.49776975808444685,1,0,0,0,0,0
101030,Pulau Curiak Konservasi Bekantan,Hulu Sungai Tengah Barabai,Kalimantan Selatan,alam,0.015386353692167442,1.6515348930329818,0.49776975808444685,1,0,0,0,0,0
101031,Air Terjun Haratai Loksado,Banjar Martapura,Kalimantan Selatan,alam,0.015386353692167442,0.7701379884844373,1.002859716868915,1,0,0,0,0,0
101032,Danau Biru Pengaron Bekas Tambang,Kota Banjarmasin,Kalimantan Selatan,alam,0.13711251678829217,0.329439536210163,0.49776975808444685,1,0,0,0,0,0
101033,Kawasan Rumah Adat Bubungan Tinggi Teluk Selong,Hulu Sungai Tengah Barabai,Kalimantan Selatan,budaya,-0.22806597250008204,1.2108364407587076,-0.007017207323426325,0,0,0,1,0,0
101034,Museum Wasaka Perjuangan Rakyat Kalsel,Tabalong Tanjung,Kalimantan Selatan,budaya,-0.10633980940395729,0.329439536210163,-0.007017207323426325,0,0,0,1,0,0
101035,Makam Syekh Muhammad Arsyad Al-Banjari (Datu Kalampayan),Tapin Rantau,Kalimantan Selatan,budaya,-0.34979213559620675,-0.11125891606410736,-0.007017207323426325,0,0,0,1,0,0
101036,Museum Lambung Mangkurat Banjarbaru,Tapin Rantau,Kalimantan Selatan,budaya,0.015386353692167442,-1.4333542728869222,0.49776975808444685,0,0,0,1,0,0
101037,Desa Wisata Sasirangan Kampung Seberang Mesjid,Kota Banjarmasin,Kalimantan Selatan,budaya,-0.10633980940395729,-0.9926558206126519,-0.5121071661078944,0,0,0,1,0,0
101038,Makam Pangeran Antasari Banjarmasin,Kota Banjarmasin,Kalimantan Selatan,budaya,0.015386353692167442,0.329439536210163,0.49776975808444685,0,0,0,1,0,0
101039,Kawasan Wisata Kampung Pelangi Banjarbaru,Hulu Sungai Tengah Barabai,Kalimantan Selatan,budaya,-0.4715182986923315,1.2108364407587076,1.002859716868915,0,0,0,1,0,0
101040,Kiram Park Banjar Karang Intan,Kota Banjarmasin,Kalimantan Selatan,hiburan,4.275802062056533,-0.9926558206126519,1.002859716868915,0,0,0,0,1,0
101041,Amanah Borneo Park Banjarbaru,Kota Banjarmasin,Kalimantan Selatan,hiburan,4.275802062056533,0.329439536210163,1.002859716868915,0,0,0,0,1,0
101042,Waterboom Pesona Modern Kertak Hanyar,Tabalong Tanjung,Kalimantan Selatan,hiburan,1.8412788001340386,-0.11125891606410736,1.002859716868915,0,0,0,0,1,0
101043,Menara Pandang Banjarmasin Siring,Hulu Sungai Selatan Kandangan,Kalimantan Selatan,hiburan,4.275802062056533,-0.5519573683383777,1.002859716868915,0,0,0,0,1,0
101044,Pusat Pertokoan Cahaya Bumi Selamat (CBS) Intan Permata Martapura,Tanah Bumbu Batulicin,Kalimantan Selatan,belanja,-0.5932444617884562,-0.5519573683383777,1.002859716868915,0,0,1,0,0,0
101045,Sentra Kain Sasirangan Banjarmasin,Tanah Bumbu Batulicin,Kalimantan Selatan,belanja,-0.5932444617884562,-0.11125891606410736,1.002859716868915,0,0,1,0,0,0
101046,Sentra Dodol Kandang HSS,Hulu Sungai Selatan Kandangan,Kalimantan Selatan,belanja,-0.5932444617884562,-0.9926558206126519,0.49776975808444685,0,0,1,0,0,0
101047,Pasar Bauntung Banjarbaru,Tapin Rantau,Kalimantan Selatan,belanja,-0.5932444617884562,-1.4333542728869222,1.002859716868915,0,0,1,0,0,0
101048,Masjid Raya Sabilal Muhtadin Banjarmasin,Kota Banjarmasin,Kalimantan Selatan,religi,-0.5932444617884562,-0.11125891606410736,-0.007017207323426325,0,0,0,0,0,1
101049,Masjid Bersejarah Sultan Suriansyah Kuin,Kota Banjarbaru,Kalimantan Selatan,religi,-0.5932444617884562,1.6515348930329818,0.49776975808444685,0,0,0,0,0,1
101050,Masjid Agung Al-Karomah Martapura,Tanah Bumbu Batulicin,Kalimantan Selatan,religi,-0.5932444617884562,-0.5519573683383777,0.49776975808444685,0,0,0,0,0,1
101051,Pantai Ujung Pandaran Sampit,Lamandau Nanga Bulik,Kalimantan Tengah,bahari,-0.22806597250008204,-0.9926558206126519,0.49776975808444685,0,1,0,0,0,0
101052,Pantai Kubu Pangkalan Bun,Barito Utara Muara Teweh,Kalimantan Tengah,bahari,-0.22806597250008204,-0.5519573683383777,0.49776975808444685,0,1,0,0,0,0
101053,Pantai Tanjung Keluang Pasir Putih Konservasi Penyu,Katingan Kasongan,Kalimantan Tengah,bahari,0.13711251678829217,-0.9926558206126519,-0.007017207323426325,0,1,0,0,0,0
101054,Pantai Bogam Raya Kotawaringin Barat,Murung Raya Puruk Cahu,Kalimantan Tengah,bahari,-0.34979213559620675,-0.11125891606410736,-0.007017207323426325,0,1,0,0,0,0
101055,Pantai Keraya Kumai,Katingan Kasongan,Kalimantan Tengah,bahari,-0.34979213559620675,-0.9926558206126519,1.002859716868915,0,1,0,0,0,0
101056,Pantai Anugerah Sukamara,Murung Raya Puruk Cahu,Kalimantan Tengah,bahari,-0.10633980940395729,-0.9926558206126519,-0.007017207323426325,0,1,0,0,0,0
101057,Pantai Tanjung Penghujan Sukamara,Murung Raya Puruk Cahu,Kalimantan Tengah,bahari,-0.10633980940395729,-0.9926558206126519,-0.007017207323426325,0,1,0,0,0,0
101058,Pantai Lunci Sukamara,Lamandau Nanga Bulik,Kalimantan Tengah,bahari,-0.4715182986923315,1.2108364407587076,0.49776975808444685,0,1,0,0,0,0
101059,Pantai Satiruk Kotawaringin Timur,Kotawaringin Barat Pangkalan Bun,Kalimantan Tengah,bahari,-0.4715182986923315,-0.9926558206126519,0.49776975808444685,0,1,0,0,0,0
101060,Pantai Teluk Bogam Kobar,Katingan Kasongan,Kalimantan Tengah,bahari,0.015386353692167442,-0.5519573683383777,0.49776975808444685,0,1,0,0,0,0
101061,Pantai Sebuai Kumai,Murung Raya Puruk Cahu,Kalimantan Tengah,bahari,0.13711251678829217,-0.5519573683383777,1.002859716868915,0,1,0,0,0,0
101062,Pantai Sungai Cabang TN Tanjung Puting,Murung Raya Puruk Cahu,Kalimantan Tengah,bahari,-0.10633980940395729,-0.9926558206126519,1.002859716868915,0,1,0,0,0,0
101063,Pantai Cemara Sukamara,Kapuas Kuala Kapuas,Kalimantan Tengah,bahari,-0.34979213559620675,-1.4333542728869222,1.002859716868915,0,1,0,0,0,0
101064,Pantai Babalot Kotawaringin,Kota Palangka Raya,Kalimantan Tengah,bahari,-0.34979213559620675,-0.9926558206126519,-0.007017207323426325,0,1,0,0,0,0
101065,Bukit Tangkiling Palangka Raya,Kota Palangka Raya,Kalimantan Tengah,alam,-0.34979213559620675,-0.11125891606410736,-0.007017207323426325,1,0,0,0,0,0
101066,Bukit Batu Kasongan Pertapaan Tjilik Riwut,Katingan Kasongan,Kalimantan Tengah,alam,0.015386353692167442,0.329439536210163,-0.007017207323426325,1,0,0,0,0,0
101067,Gunung Bukit Raya Puncak Tertinggi Kalimantan (2.278 mdpl),Kota Palangka Raya,Kalimantan Tengah,alam,0.6240171691727912,-0.11125891606410736,-0.007017207323426325,1,0,0,0,0,0
101068,Gunung Bondang Murung Raya Sakral,Barito Utara Muara Teweh,Kalimantan Tengah,alam,0.015386353692167442,-0.9926558206126519,-0.007017207323426325,1,0,0,0,0,0
101069,Bukit Cinta Tangkiling,Barito Utara Muara Teweh,Kalimantan Tengah,alam,-0.22806597250008204,-0.11125891606410736,0.49776975808444685,1,0,0,0,0,0
101070,Bukit Baranahu Katingan,Lamandau Nanga Bulik,Kalimantan Tengah,alam,-0.22806597250008204,0.329439536210163,0.49776975808444685,1,0,0,0,0,0
101071,Bukit Doa Karmel Tangkiling,Katingan Kasongan,Kalimantan Tengah,alam,-0.10633980940395729,1.2108364407587076,0.49776975808444685,1,0,0,0,0,0
101072,Bukit Sebayan Lamandau,Murung Raya Puruk Cahu,Kalimantan Tengah,alam,0.015386353692167442,-1.4333542728869222,1.002859716868915,1,0,0,0,0,0
101073,Bukit Ngalangkang Palangka Raya,Murung Raya Puruk Cahu,Kalimantan Tengah,alam,0.6240171691727912,-0.5519573683383777,-0.007017207323426325,1,0,0,0,0,0
101074,Bukit Matang Kahayan,Murung Raya Puruk Cahu,Kalimantan Tengah,alam,-0.22806597250008204,1.6515348930329818,0.49776975808444685,1,0,0,0,0,0
101075,Taman Nasional Tanjung Puting Konservasi Orangutan Terbesar Dunia,Barito Selatan Buntok,Kalimantan Tengah,alam,0.015386353692167442,1.2108364407587076,-0.007017207323426325,1,0,0,0,0,0
101076,Taman Nasional Sebangau Ekosistem Gambut Blackwater,Kotawaringin Timur Sampit,Kalimantan Tengah,alam,0.015386353692167442,-1.4333542728869222,0.49776975808444685,1,0,0,0,0,0
101077,Camp Leakey Pusat Rehabilitasi Orangutan,Kotawaringin Timur Sampit,Kalimantan Tengah,alam,-0.10633980940395729,1.6515348930329818,-0.007017207323426325,1,0,0,0,0,0
101078,Danau Tahai Jembatan Kayu Gambut,Barito Selatan Buntok,Kalimantan Tengah,alam,0.015386353692167442,-1.4333542728869222,0.49776975808444685,1,0,0,0,0,0
101079,Susur Sungai Kahayan Jembatan Kahayan,Kotawaringin Barat Pangkalan Bun,Kalimantan Tengah,alam,0.13711251678829217,1.6515348930329818,-0.007017207323426325,1,0,0,0,0,0
101080,Sungai Sekonyer Amazon Borneo,Kapuas Kuala Kapuas,Kalimantan Tengah,alam,-0.34979213559620675,-0.9926558206126519,1.002859716868915,1,0,0,0,0,0
101081,Air Terjun Tosah Barito Utara,Barito Selatan Buntok,Kalimantan Tengah,alam,0.015386353692167442,-0.5519573683383777,0.49776975808444685,1,0,0,0,0,0
101082,Air Terjun Bumbun Murung Raya,Barito Utara Muara Teweh,Kalimantan Tengah,alam,0.13711251678829217,0.329439536210163,0.49776975808444685,1,0,0,0,0,0
101083,Istana Kuning Kesultanan Kotawaringin Pangkalan Bun,Kotawaringin Barat Pangkalan Bun,Kalimantan Tengah,budaya,-0.34979213559620675,0.329439536210163,-0.007017207323426325,0,0,0,1,0,0
101084,Rumah Betang Dayak Damang Batu,Kotawaringin Barat Pangkalan Bun,Kalimantan Tengah,budaya,-0.4715182986923315,-0.9926558206126519,0.49776975808444685,0,0,0,1,0,0
101085,Museum Balanga Palangka Raya,Kota Palangka Raya,Kalimantan Tengah,budaya,-0.34979213559620675,-0.5519573683383777,-0.007017207323426325,0,0,0,1,0,0
101086,Desa Wisata Dayak Pasir Panjang Kobar,Kota Palangka Raya,Kalimantan Tengah,budaya,-0.4715182986923315,-0.5519573683383777,0.49776975808444685,0,0,0,1,0,0
101087,Rumah Tradisional Betang Sei Pasah Kapuas,Barito Selatan Buntok,Kalimantan Tengah,budaya,-0.34979213559620675,-0.9926558206126519,-0.007017207323426325,0,0,0,1,0,0
101088,Sandung Tulang Leluhur Dayak Ngaju,Murung Raya Puruk Cahu,Kalimantan Tengah,budaya,-0.4715182986923315,-1.4333542728869222,-0.007017207323426325,0,0,0,1,0,0
101089,Situs Cagar Budaya Tiwah Tumbang Malahoi,Barito Utara Muara Teweh,Kalimantan Tengah,budaya,0.015386353692167442,-1.4333542728869222,0.49776975808444685,0,0,0,1,0,0
101090,Kalawa Waterpark Palangka Raya,Kota Palangka Raya,Kalimantan Tengah,hiburan,3.058540431095286,1.2108364407587076,1.002859716868915,0,0,0,0,1,0
101091,Kum Kum Taman Wisata Palangka Raya,Barito Selatan Buntok,Kalimantan Tengah,hiburan,1.2326479846534149,-0.11125891606410736,1.002859716868915,0,0,0,0,1,0
101092,Taman Pasuk Kameloh Jembatan Kahayan,Lamandau Nanga Bulik,Kalimantan Tengah,hiburan,1.2326479846534149,0.7701379884844373,1.002859716868915,0,0,0,0,1,0
101093,Taman Kota Sampit Kotim,Barito Utara Muara Teweh,Kalimantan Tengah,hiburan,4.275802062056533,-0.5519573683383777,1.002859716868915,0,0,0,0,1,0
101094,Pasar Besar Palangka Raya,Barito Selatan Buntok,Kalimantan Tengah,belanja,-0.5932444617884562,-0.11125891606410736,1.002859716868915,0,0,1,0,0,0
101095,Sentra Kerajinan Anyaman Rotan Sanaman Mantikei,Lamandau Nanga Bulik,Kalimantan Tengah,belanja,-0.5932444617884562,-0.11125891606410736,1.002859716868915,0,0,1,0,0,0
101096,Pusat Kerajinan Getah Nyatu Palangka Raya,Katingan Kasongan,Kalimantan Tengah,belanja,-0.5932444617884562,-1.4333542728869222,0.49776975808444685,0,0,1,0,0,0
101097,Sentra Ikan Salai Jelawat Sampit,Barito Selatan Buntok,Kalimantan Tengah,belanja,-0.5932444617884562,-0.9926558206126519,1.002859716868915,0,0,1,0,0,0
101098,Masjid Raya Darussalam Palangka Raya,Barito Utara Muara Teweh,Kalimantan Tengah,religi,-0.5932444617884562,-0.9926558206126519,-0.007017207323426325,0,0,0,0,0,1
101099,Gereja Katedral Santa Perawan Maria Palangka Raya,Kota Palangka Raya,Kalimantan Tengah,religi,-0.5932444617884562,-1.4333542728869222,0.49776975808444685,0,0,0,0,0,1
101100,Balai Basarah Hindu Kaharingan,Kotawaringin Timur Sampit,Kalimantan Tengah,religi,-0.5932444617884562,1.6515348930329818,0.49776975808444685,0,0,0,0,0,1
101101,Pantai Derawan Berau Pulau Kura-Kura,Kota Bontang,Kalimantan Timur,bahari,-0.34979213559620675,-0.9926558206126519,0.49776975808444685,0,1,0,0,0,0
101102,Pantai Maratua Surga Bahari Maladewa Kaltim,Kutai Barat Sendawar,Kalimantan Timur,bahari,-0.10633980940395729,0.329439536210163,-0.007017207323426325,0,1,0,0,0,0
101103,Pantai Manggar Segarasari Balikpapan,Paser Tanah Grogot,Kalimantan Timur,bahari,-0.34979213559620675,1.6515348930329818,-0.007017207323426325,0,1,0,0,0,0
101104,Pantai Lamaru Balikpapan Pohon Cemara,Kota Samarinda,Kalimantan Timur,bahari,-0.4715182986923315,0.7701379884844373,1.002859716868915,0,1,0,0,0,0
101105,Pantai Kemala Balikpapan Tepi Kota,Paser Tanah Grogot,Kalimantan Timur,bahari,-0.10633980940395729,-0.11125891606410736,-0.007017207323426325,0,1,0,0,0,0
101106,Pantai Biduk-Biduk Berau Labuan Cermin,Berau Tanjung Redeb,Kalimantan Timur,bahari,-0.34979213559620675,-0.9926558206126519,1.002859716868915,0,1,0,0,0,0
101107,Pantai Melawai Sunset Balikpapan,Paser Tanah Grogot,Kalimantan Timur,bahari,-0.4715182986923315,-0.11125891606410736,-0.007017207323426325,0,1,0,0,0,0
101108,Pantai Nipah-Nipah Penajam Paser Utara,Kutai Timur Sangatta,Kalimantan Timur,bahari,0.015386353692167442,-0.11125891606410736,0.49776975808444685,0,1,0,0,0,0
101109,Pantai Tanjung Batu Berau,Berau Tanjung Redeb,Kalimantan Timur,bahari,-0.22806597250008204,-0.11125891606410736,0.49776975808444685,0,1,0,0,0,0
101110,Pantai Marina Balikpapan,Berau Tanjung Redeb,Kalimantan Timur,bahari,0.13711251678829217,-1.4333542728869222,0.49776975808444685,0,1,0,0,0,0
101111,Pantai Sekerat Kutai Timur,Kota Bontang,Kalimantan Timur,bahari,0.015386353692167442,1.6515348930329818,0.49776975808444685,0,1,0,0,0,0
101112,Pantai Teluk Lombok Sangatta,Mahakam Ulu Ujoh Bilang,Kalimantan Timur,bahari,-0.34979213559620675,-0.11125891606410736,1.002859716868915,0,1,0,0,0,0
101113,Pantai Panrita Lopi Muara Badak,Berau Tanjung Redeb,Kalimantan Timur,bahari,0.13711251678829217,1.2108364407587076,0.49776975808444685,0,1,0,0,0,0
101114,Pantai Tanah Merah Samboja Kukar,Kutai Timur Sangatta,Kalimantan Timur,bahari,-0.10633980940395729,1.6515348930329818,0.49776975808444685,0,1,0,0,0,0
101115,Titik Nol Nusantara (IKN Penajam Paser Utara),Kutai Timur Sangatta,Kalimantan Timur,alam,-0.22806597250008204,1.2108364407587076,0.49776975808444685,1,0,0,0,0,0
101116,Bukit Bangkirai Samboja Canopy Bridge,Paser Tanah Grogot,Kalimantan Timur,alam,-0.10633980940395729,1.6515348930329818,-0.007017207323426325,1,0,0,0,0,0
101117,Bukit Selili Samarinda Paralayang,Kutai Timur Sangatta,Kalimantan Timur,alam,0.6240171691727912,-0.11125891606410736,0.49776975808444685,1,0,0,0,0,0
101118,Gunung Beriun Kutai Timur Karst Sangkulirang,Penajam Paser Utara (IKN),Kalimantan Timur,alam,0.015386353692167442,-0.5519573683383777,-0.007017207323426325,1,0,0,0,0,0
101119,Bukit Soeharto Tahura Kutai,Kota Balikpapan,Kalimantan Timur,alam,-0.10633980940395729,1.2108364407587076,-0.007017207323426325,1,0,0,0,0,0
101120,Puncak Bukit Batu Dinding Samboja,Paser Tanah Grogot,Kalimantan Timur,alam,0.2588386798844169,-0.5519573683383777,0.49776975808444685,1,0,0,0,0,0
101121,Bukit Alpha Balikpapan Teletubbies,Kota Samarinda,Kalimantan Timur,alam,0.015386353692167442,0.329439536210163,-0.5121071661078944,1,0,0,0,0,0
101122,Gunung Embun Paser Negeri di Atas Awan,Kutai Timur Sangatta,Kalimantan Timur,alam,-0.22806597250008204,-1.4333542728869222,0.49776975808444685,1,0,0,0,0,0
101123,Bukit Pelangi Sangatta,Kota Samarinda,Kalimantan Timur,alam,0.6240171691727912,1.2108364407587076,-0.007017207323426325,1,0,0,0,0,0
101124,Puncak Samarinda Islamic Center,Kota Samarinda,Kalimantan Timur,alam,0.015386353692167442,-1.4333542728869222,1.002859716868915,1,0,0,0,0,0
101125,Danau Labuan Cermin Biduk-Biduk Danau Dua Rasa,Kota Bontang,Kalimantan Timur,alam,0.13711251678829217,-0.9926558206126519,0.49776975808444685,1,0,0,0,0,0
101126,Danau Kakaban Berenang Bersama Ubur-Ubur Tanpa Sengat,Kutai Barat Sendawar,Kalimantan Timur,alam,0.13711251678829217,1.6515348930329818,-0.007017207323426325,1,0,0,0,0,0
101127,Gua Haji Mangku Maratua,Kutai Timur Sangatta,Kalimantan Timur,alam,-0.10633980940395729,-1.4333542728869222,0.49776975808444685,1,0,0,0,0,0
101128,Taman Nasional Kutai Habitat Orangutan Morio,Penajam Paser Utara (IKN),Kalimantan Timur,alam,-0.34979213559620675,-0.11125891606410736,0.49776975808444685,1,0,0,0,0,0
101129,Kawasan Karst Sangkulirang Mangkalihat UNESCO,Mahakam Ulu Ujoh Bilang,Kalimantan Timur,alam,0.015386353692167442,-0.5519573683383777,0.49776975808444685,1,0,0,0,0,0
101130,Hutan Lindung Sungai Wain Konservasi Beruang Madu Balikpapan,Kutai Timur Sangatta,Kalimantan Timur,alam,0.13711251678829217,-0.11125891606410736,0.49776975808444685,1,0,0,0,0,0
101131,Danau Semayang Danau Melintang Mahakam,Kutai Barat Sendawar,Kalimantan Timur,alam,-0.22806597250008204,-0.5519573683383777,-0.007017207323426325,1,0,0,0,0,0
101132,Susur Sungai Mahakam Pesut Mahakam,Kota Balikpapan,Kalimantan Timur,alam,-0.10633980940395729,0.329439536210163,0.49776975808444685,1,0,0,0,0,0
101133,Museum Mulawarman Keraton Kesultanan Kutai Kartanegara,Kutai Barat Sendawar,Kalimantan Timur,budaya,-0.10633980940395729,-0.5519573683383777,0.49776975808444685,0,0,0,1,0,0
101134,Desa Budaya Pampang Dayak Kenyah Samarinda,Berau Tanjung Redeb,Kalimantan Timur,budaya,-0.22806597250008204,-0.5519573683383777,0.49776975808444685,0,0,0,1,0,0
101135,Pulau Kumala Sungai Mahakam Tenggarong,Kota Samarinda,Kalimantan Timur,budaya,-0.22806597250008204,-0.9926558206126519,0.49776975808444685,0,0,0,1,0,0
101136,Kawasan Cagar Budaya IKN Sepaku,Kutai Barat Sendawar,Kalimantan Timur,budaya,-0.22806597250008204,-0.5519573683383777,-0.007017207323426325,0,0,0,1,0,0
101137,Museum Daerah Kutai Kartanegara,Kutai Timur Sangatta,Kalimantan Timur,budaya,-0.4715182986923315,-0.5519573683383777,1.002859716868915,0,0,0,1,0,0
101138,Desa Tenun Samarinda Seberang Sarung Samarinda,Kota Balikpapan,Kalimantan Timur,budaya,0.015386353692167442,0.329439536210163,0.49776975808444685,0,0,0,1,0,0
101139,Ladang Budaya (Ladaya) Tenggarong,Mahakam Ulu Ujoh Bilang,Kalimantan Timur,budaya,-0.22806597250008204,1.2108364407587076,-0.5121071661078944,0,0,0,1,0,0
101140,Caribbean Island Waterpark Balikpapan,Penajam Paser Utara (IKN),Kalimantan Timur,hiburan,1.8412788001340386,0.329439536210163,1.002859716868915,0,0,0,0,1,0
101141,Mahakam Lampion Garden (MLG) Samarinda,Mahakam Ulu Ujoh Bilang,Kalimantan Timur,hiburan,0.6240171691727912,1.2108364407587076,1.002859716868915,0,0,0,0,1,0
101142,Taman Rekreasi Lembah Hijau Samarinda,Mahakam Ulu Ujoh Bilang,Kalimantan Timur,hiburan,1.8412788001340386,0.329439536210163,1.002859716868915,0,0,0,0,1,0
101143,Bontang Kuala Perkampungan Terapung Atas Laut,Paser Tanah Grogot,Kalimantan Timur,hiburan,0.6240171691727912,0.329439536210163,1.002859716868915,0,0,0,0,1,0
101144,Pasar Kebun Sayur Pusat Batu Mulia Balikpapan,Kutai Timur Sangatta,Kalimantan Timur,belanja,-0.5932444617884562,-0.9926558206126519,-0.007017207323426325,0,0,1,0,0,0
101145,Sentra Sarung Samarinda Seberang,Berau Tanjung Redeb,Kalimantan Timur,belanja,-0.5932444617884562,-0.9926558206126519,0.49776975808444685,0,0,1,0,0,0
101146,Pasar Citra Niaga Samarinda Kerajinan Dayak,Kutai Timur Sangatta,Kalimantan Timur,belanja,-0.5932444617884562,1.2108364407587076,0.49776975808444685,0,0,1,0,0,0
101147,E-Walk Balikpapan Superblock,Kota Balikpapan,Kalimantan Timur,belanja,-0.5932444617884562,-0.9926558206126519,1.002859716868915,0,0,1,0,0,0
101148,Masjid Islamic Center Samarinda Masjid Terbesar Kedua Asia Tenggara,Penajam Paser Utara (IKN),Kalimantan Timur,religi,-0.5932444617884562,0.7701379884844373,1.002859716868915,0,0,0,0,0,1
101149,Masjid Agung At-Taqwa Balikpapan,Berau Tanjung Redeb,Kalimantan Timur,religi,-0.5932444617884562,-1.4333542728869222,1.002859716868915,0,0,0,0,0,1
101150,Masjid Jami Aji Amir Hasanuddin Tenggarong 1874,Mahakam Ulu Ujoh Bilang,Kalimantan Timur,religi,-0.5932444617884562,-0.11125891606410736,0.49776975808444685,0,0,0,0,0,1
101151,Pantai Amal Baru & Lama Tarakan,Kota Tarakan,Kalimantan Utara,bahari,-0.10633980940395729,1.2108364407587076,0.49776975808444685,0,1,0,0,0,0
101152,Pantai Batu Lamapu Sebatik Nunukan Perbatasan,Kota Tarakan,Kalimantan Utara,bahari,-0.4715182986923315,0.329439536210163,-0.007017207323426325,0,1,0,0,0,0
101153,Pantai Ecing Nunukan,Nunukan,Kalimantan Utara,bahari,-0.34979213559620675,0.329439536210163,1.002859716868915,0,1,0,0,0,0
101154,Pantai Kayu Angin Sebatik,Malinau,Kalimantan Utara,bahari,-0.10633980940395729,0.7701379884844373,-0.007017207323426325,0,1,0,0,0,0
101155,Pantai Marina Tarakan,Bulungan Tanjung Selor,Kalimantan Utara,bahari,-0.4715182986923315,-0.9926558206126519,0.49776975808444685,0,1,0,0,0,0
101156,Pantai Mamburungan Tarakan,Kota Tarakan,Kalimantan Utara,bahari,-0.10633980940395729,-1.4333542728869222,-0.007017207323426325,0,1,0,0,0,0
101157,Pantai Tanah Kuning Bulungan Pasir Putih,Kota Tarakan,Kalimantan Utara,bahari,-0.34979213559620675,0.329439536210163,0.49776975808444685,0,1,0,0,0,0
101158,Pantai Kelapa Bulungan,Tana Tidung Tideng Pale,Kalimantan Utara,bahari,-0.4715182986923315,0.7701379884844373,-0.007017207323426325,0,1,0,0,0,0
101159,Pantai Sei Taiwan Sebatik Dua Negara,Tana Tidung Tideng Pale,Kalimantan Utara,bahari,-0.4715182986923315,-0.5519573683383777,1.002859716868915,0,1,0,0,0,0
101160,Pantai Binalatung Tarakan,Tana Tidung Tideng Pale,Kalimantan Utara,bahari,-0.10633980940395729,-0.5519573683383777,0.49776975808444685,0,1,0,0,0,0
101161,Pantai Simangkadu Nunukan,Bulungan Tanjung Selor,Kalimantan Utara,bahari,-0.4715182986923315,-0.9926558206126519,0.49776975808444685,0,1,0,0,0,0
101162,Pantai Gusung Tarakan Pulau Pasir,Tana Tidung Tideng Pale,Kalimantan Utara,bahari,0.13711251678829217,0.7701379884844373,0.49776975808444685,0,1,0,0,0,0
101163,Pantai Nipah Sebatik,Nunukan,Kalimantan Utara,bahari,-0.10633980940395729,-0.11125891606410736,-0.007017207323426325,0,1,0,0,0,0
101164,Pantai Tanjung Harapan Tana Tidung,Nunukan,Kalimantan Utara,bahari,0.13711251678829217,-0.11125891606410736,0.49776975808444685,0,1,0,0,0,0
101165,Gunung Rian Tana Tidung Air Terjun Batu Raksasa,Nunukan,Kalimantan Utara,alam,0.2588386798844169,-0.5519573683383777,-0.007017207323426325,1,0,0,0,0,0
101166,Bukit Kasih Sayang Bulungan,Malinau,Kalimantan Utara,alam,-0.22806597250008204,-0.5519573683383777,-0.007017207323426325,1,0,0,0,0,0
101167,Bukit Teletubbies Tanjung Selor,Malinau,Kalimantan Utara,alam,0.6240171691727912,-0.11125891606410736,-0.007017207323426325,1,0,0,0,0,0
101168,Gunung Putih Tanjung Palas Situs Bersejarah,Kota Tarakan,Kalimantan Utara,alam,-0.10633980940395729,0.329439536210163,-0.007017207323426325,1,0,0,0,0,0
101169,Puncak Bukit Cinta Nunukan,Bulungan Tanjung Selor,Kalimantan Utara,alam,0.6240171691727912,0.7701379884844373,0.49776975808444685,1,0,0,0,0,0
101170,Bukit Padan Sebatik,Tana Tidung Tideng Pale,Kalimantan Utara,alam,-0.10633980940395729,0.7701379884844373,-0.007017207323426325,1,0,0,0,0,0
101171,Bukit Tempayan Malinau,Malinau,Kalimantan Utara,alam,0.6240171691727912,0.7701379884844373,-0.007017207323426325,1,0,0,0,0,0
101172,Puncak Perbatasan RI-Malaysia Sebatik,Tana Tidung Tideng Pale,Kalimantan Utara,alam,0.6240171691727912,-0.9926558206126519,1.002859716868915,1,0,0,0,0,0
101173,Gunung Belumut Kaltara,Bulungan Tanjung Selor,Kalimantan Utara,alam,-0.34979213559620675,-0.9926558206126519,0.49776975808444685,1,0,0,0,0,0
101174,Bukit Salembatu Bulungan,Malinau,Kalimantan Utara,alam,-0.22806597250008204,1.2108364407587076,0.49776975808444685,1,0,0,0,0,0
101175,Taman Nasional Kayan Mentarang Hutan Primer Terluas Kaltara,Tana Tidung Tideng Pale,Kalimantan Utara,alam,-0.34979213559620675,1.6515348930329818,0.49776975808444685,1,0,0,0,0,0
101176,Kawasan Konservasi Mangrove & Bekantan (KKMB) Tarakan,Tana Tidung Tideng Pale,Kalimantan Utara,alam,-0.22806597250008204,0.329439536210163,0.49776975808444685,1,0,0,0,0,0
101177,Air Terjun Semolon Sumber Air Panas Alami Malinau,Kota Tarakan,Kalimantan Utara,alam,0.015386353692167442,-0.9926558206126519,0.49776975808444685,1,0,0,0,0,0
101178,Air Terjun Sianak Tana Tidung,Nunukan,Kalimantan Utara,alam,-0.10633980940395729,-0.11125891606410736,-0.007017207323426325,1,0,0,0,0,0
101179,Sungai Kayan Arung Jeram,Malinau,Kalimantan Utara,alam,0.13711251678829217,1.6515348930329818,0.49776975808444685,1,0,0,0,0,0
101180,Gua Karst Gunung Putih Tanjung Palas,Kota Tarakan,Kalimantan Utara,alam,-0.22806597250008204,-1.4333542728869222,-0.007017207323426325,1,0,0,0,0,0
101181,Air Terjun Martin Billa Malinau,Nunukan,Kalimantan Utara,alam,-0.10633980940395729,-1.4333542728869222,0.49776975808444685,1,0,0,0,0,0
101182,Danau Buatan Persemaian Tarakan,Malinau,Kalimantan Utara,alam,-0.10633980940395729,0.7701379884844373,0.49776975808444685,1,0,0,0,0,0
101183,Museum Kesultanan Bulungan Tanjung Palas,Bulungan Tanjung Selor,Kalimantan Utara,budaya,-0.22806597250008204,0.7701379884844373,0.49776975808444685,0,0,0,1,0,0
101184,Rumah Adat Baloy Mayo Adat Tidung Tarakan,Nunukan,Kalimantan Utara,budaya,-0.4715182986923315,-0.9926558206126519,0.49776975808444685,0,0,0,1,0,0
101185,Desa Wisata Setulang Malinau Hutan Adat Tane Olen,Kota Tarakan,Kalimantan Utara,budaya,-0.34979213559620675,1.6515348930329818,0.49776975808444685,0,0,0,1,0,0
101186,Tugu Dwikora Nunukan Sejarah Konfrontasi,Malinau,Kalimantan Utara,budaya,-0.34979213559620675,1.2108364407587076,-0.007017207323426325,0,0,0,1,0,0
101187,Monumen Perang Dunia II Tarakan Peninggalan Australia-Jepang,Tana Tidung Tideng Pale,Kalimantan Utara,budaya,-0.34979213559620675,1.6515348930329818,-0.007017207323426325,0,0,0,1,0,0
101188,Desa Budaya Pulau Sapi Malinau Dayak Lundayeh,Bulungan Tanjung Selor,Kalimantan Utara,budaya,0.015386353692167442,-0.11125891606410736,-0.007017207323426325,0,0,0,1,0,0
101189,Museum Roemah Boendar Tarakan,Bulungan Tanjung Selor,Kalimantan Utara,budaya,0.015386353692167442,-0.5519573683383777,-0.007017207323426325,0,0,0,1,0,0
101190,Taman Berlabuh Tarakan Tepi Laut,Nunukan,Kalimantan Utara,hiburan,4.275802062056533,-1.4333542728869222,1.002859716868915,0,0,0,0,1,0
101191,Taman Oval Ladang Tarakan,Kota Tarakan,Kalimantan Utara,hiburan,4.275802062056533,-1.4333542728869222,1.002859716868915,0,0,0,0,1,0
101192,Waterpark Malinau Kota,Tana Tidung Tideng Pale,Kalimantan Utara,hiburan,4.275802062056533,-0.9926558206126519,1.002859716868915,0,0,0,0,1,0
101193,Taman Cendrawasih Tanjung Selor,Tana Tidung Tideng Pale,Kalimantan Utara,hiburan,1.8412788001340386,-0.5519573683383777,1.002859716868915,0,0,0,0,1,0
101194,Pasar Gusher Tarakan Pusat Kepiting Kenari,Nunukan,Kalimantan Utara,belanja,-0.5932444617884562,0.329439536210163,0.49776975808444685,0,0,1,0,0,0
101195,Sentra Tenun Batik Kaltara Lundayeh Malinau,Tana Tidung Tideng Pale,Kalimantan Utara,belanja,-0.5932444617884562,1.2108364407587076,0.49776975808444685,0,0,1,0,0,0
101196,Pasar Inpres Tanjung Selor,Malinau,Kalimantan Utara,belanja,-0.5932444617884562,0.329439536210163,0.49776975808444685,0,0,1,0,0,0
101197,Sentra Kerajinan Manik Dayak Malinau,Tana Tidung Tideng Pale,Kalimantan Utara,belanja,-0.5932444617884562,-0.5519573683383777,0.49776975808444685,0,0,1,0,0,0
101198,Masjid Agung Baitul Izzah Islamic Center Tarakan,Malinau,Kalimantan Utara,religi,-0.5932444617884562,-0.9926558206126519,1.002859716868915,0,0,0,0,0,1
101199,Masjid Kasimuddin Peninggalan Sultan Bulungan Tanjung Palas,Bulungan Tanjung Selor,Kalimantan Utara,religi,-0.5932444617884562,-0.5519573683383777,0.49776975808444685,0,0,0,0,0,1
101200,Gereja Katedral Santa Maria Immaculata Tarakan,Malinau,Kalimantan Utara,religi,-0.5932444617884562,0.7701379884844373,1.002859716868915,0,0,0,0,0,1
101201,Pantai Malalayang Manado,Kota Bitung,Sulawesi Utara,bahari,0.13711251678829217,-0.9926558206126519,0.49776975808444685,0,1,0,0,0,0
101202,Pantai Paal Likupang DPSP Pasir Putih,Bolaang Mongondow Kotamobagu,Sulawesi Utara,bahari,-0.10633980940395729,-0.9926558206126519,0.49776975808444685,0,1,0,0,0,0
101203,Pantai Pulisan Likupang Tebing Karang,Kepulauan Sitaro Ondong,Sulawesi Utara,bahari,-0.34979213559620675,-0.5519573683383777,-0.007017207323426325,0,1,0,0,0,0
101204,Pantai Batu Angus Bitung Selat Lembeh,Kota Manado,Sulawesi Utara,bahari,0.13711251678829217,0.7701379884844373,0.49776975808444685,0,1,0,0,0,0
101205,Pantai Firdaus Kema Minut,Kepulauan Sitaro Ondong,Sulawesi Utara,bahari,-0.10633980940395729,-0.11125891606410736,-0.007017207323426325,0,1,0,0,0,0
101206,Pantai Kanada Bitung,Minahasa Selatan Amurang,Sulawesi Utara,bahari,0.13711251678829217,-0.11125891606410736,-0.007017207323426325,0,1,0,0,0,0
101207,Pantai Lakban Ratatotok Mitra Ekowisata Emas,Kota Manado,Sulawesi Utara,bahari,-0.10633980940395729,-0.5519573683383777,0.49776975808444685,0,1,0,0,0,0
101208,Pantai Moat Bolmong,Kepulauan Sangihe Tahuna,Sulawesi Utara,bahari,-0.34979213559620675,0.329439536210163,1.002859716868915,0,1,0,0,0,0
101209,Pantai Paniki Siau Sitaro,Minahasa Utara Airmadidi,Sulawesi Utara,bahari,-0.34979213559620675,-0.11125891606410736,0.49776975808444685,0,1,0,0,0,0
101210,Pantai Batu Lubang Pulau Lembeh,Kota Manado,Sulawesi Utara,bahari,-0.4715182986923315,1.2108364407587076,1.002859716868915,0,1,0,0,0,0
101211,Pantai Serena Lembeh,Kota Manado,Sulawesi Utara,bahari,-0.34979213559620675,-1.4333542728869222,-0.007017207323426325,0,1,0,0,0,0
101212,Pantai Pall Likupang Timur,Kepulauan Talaud Melonguane,Sulawesi Utara,bahari,-0.10633980940395729,-0.5519573683383777,1.002859716868915,0,1,0,0,0,0
101213,Pantai Boulevard Amurang Minsel,Minahasa Utara Airmadidi,Sulawesi Utara,bahari,-0.10633980940395729,0.7701379884844373,0.49776975808444685,0,1,0,0,0,0
101214,Pantai Ria Manado,Kota Manado,Sulawesi Utara,bahari,-0.4715182986923315,-0.5519573683383777,-0.007017207323426325,0,1,0,0,0,0
101215,Gunung Lokon Tomohon Kawah Aktif Tompaluan,Minahasa Tondano,Sulawesi Utara,alam,0.6240171691727912,0.329439536210163,-0.007017207323426325,1,0,0,0,0,0
101216,Gunung Mahawu Kawah Hijau Tomohon,Kota Bitung,Sulawesi Utara,alam,-0.22806597250008204,-0.11125891606410736,-0.007017207323426325,1,0,0,0,0,0
101217,Gunung Klabat Puncak Tertinggi Sulut (1.995 mdpl),Kota Tomohon,Sulawesi Utara,alam,-0.34979213559620675,1.6515348930329818,-0.007017207323426325,1,0,0,0,0,0
101218,Gunung Soputan Letusan Eksotis,Minahasa Utara Airmadidi,Sulawesi Utara,alam,0.015386353692167442,-0.11125891606410736,-0.007017207323426325,1,0,0,0,0,0
101219,Bukit Kasih Kanonang Monumen 5 Agama,Kota Manado,Sulawesi Utara,alam,-0.22806597250008204,-0.9926558206126519,0.49776975808444685,1,0,0,0,0,0
101220,Puncak Bukit Doa Mahawu Kelong Tomohon,Minahasa Utara Airmadidi,Sulawesi Utara,alam,-0.34979213559620675,-0.11125891606410736,0.49776975808444685,1,0,0,0,0,0
101221,Puncak Tetempangan Koha Manado Paralayang,Kepulauan Talaud Melonguane,Sulawesi Utara,alam,-0.10633980940395729,-0.9926558206126519,1.002859716868915,1,0,0,0,0,0
101222,Bukit Tetetana Kumelembuai Tomohon Bunga,Kepulauan Talaud Melonguane,Sulawesi Utara,alam,0.015386353692167442,0.7701379884844373,0.49776975808444685,1,0,0,0,0,0
101223,Gunung Karangetang Sitaro Gunung Api Aktif,Kota Manado,Sulawesi Utara,alam,-0.22806597250008204,-1.4333542728869222,0.49776975808444685,1,0,0,0,0,0
101224,Gunung Awu Sangihe,Kepulauan Talaud Melonguane,Sulawesi Utara,alam,0.6240171691727912,-0.9926558206126519,1.002859716868915,1,0,0,0,0,0
101225,Taman Nasional Bunaken Surga Terumbu Karang Segitiga Karang Dunia,Minahasa Selatan Amurang,Sulawesi Utara,alam,0.13711251678829217,0.7701379884844373,-0.007017207323426325,1,0,0,0,0,0
101226,Pulau Siladen Taman Laut Pasir Putih,Kepulauan Talaud Melonguane,Sulawesi Utara,alam,0.015386353692167442,-0.11125891606410736,1.002859716868915,1,0,0,0,0,0
101227,Selat Lembeh Muck Diving Ibukota Nudibranchia Dunia,Minahasa Utara Airmadidi,Sulawesi Utara,alam,-0.34979213559620675,-1.4333542728869222,1.002859716868915,1,0,0,0,0,0
101228,Danau Linow Tomohon Tiga Warna Belerang,Minahasa Tondano,Sulawesi Utara,alam,-0.34979213559620675,1.6515348930329818,0.49776975808444685,1,0,0,0,0,0
101229,Danau Tondano Danau Vulkanik Terluas Sulut,Kepulauan Sangihe Tahuna,Sulawesi Utara,alam,-0.34979213559620675,-0.9926558206126519,0.49776975808444685,1,0,0,0,0,0
101230,Taman Wisata Alam Batu Putih Tangkoko Tarsius Spektrum,Kepulauan Sitaro Ondong,Sulawesi Utara,alam,0.015386353692167442,-0.5519573683383777,0.49776975808444685,1,0,0,0,0,0
101231,Air Terjun Ratahan Telu Minahasa,Bolaang Mongondow Kotamobagu,Sulawesi Utara,alam,0.13711251678829217,-0.5519573683383777,1.002859716868915,1,0,0,0,0,0
101232,Air Terjun Kima Atas Manado,Kota Bitung,Sulawesi Utara,alam,0.015386353692167442,1.6515348930329818,0.49776975808444685,1,0,0,0,0,0
101233,Waruga Airmadidi Makam Kuno Megalitikum Leluhur Minahasa,Kepulauan Sangihe Tahuna,Sulawesi Utara,budaya,0.015386353692167442,-1.4333542728869222,-0.5121071661078944,0,0,0,1,0,0
101234,Monumen Yesus Memberkati Manado Tertinggi Ke-4 Dunia,Minahasa Utara Airmadidi,Sulawesi Utara,budaya,-0.10633980940395729,-0.9926558206126519,1.002859716868915,0,0,0,1,0,0
101235,Museum Negeri Provinsi Sulawesi Utara,Kepulauan Sitaro Ondong,Sulawesi Utara,budaya,-0.4715182986923315,1.2108364407587076,-0.007017207323426325,0,0,0,1,0,0
101236,Kampung Cina Ban Hin Kiong Manado,Kepulauan Sangihe Tahuna,Sulawesi Utara,budaya,-0.10633980940395729,-0.9926558206126519,-0.5121071661078944,0,0,0,1,0,0
101237,Benteng Moraya Tondano Perang Minahasa,Minahasa Tondano,Sulawesi Utara,budaya,-0.4715182986923315,1.2108364407587076,0.49776975808444685,0,0,0,1,0,0
101238,Desa Wisata Bunga Tomohon,Kota Manado,Sulawesi Utara,budaya,-0.10633980940395729,0.329439536210163,-0.5121071661078944,0,0,0,1,0,0
101239,Desa Adat Pulisan Likupang,Minahasa Tondano,Sulawesi Utara,budaya,-0.10633980940395729,1.2108364407587076,0.49776975808444685,0,0,0,1,0,0
101240,CitraLand Waterpark Manado,Kepulauan Sangihe Tahuna,Sulawesi Utara,hiburan,1.2326479846534149,0.329439536210163,1.002859716868915,0,0,0,0,1,0
101241,Taman Kesatuan Bangsa (TKB) Manado,Minahasa Selatan Amurang,Sulawesi Utara,hiburan,1.8412788001340386,-0.5519573683383777,1.002859716868915,0,0,0,0,1,0
101242,Tuur Ma'asering Tomohon Hutan Aren Nira,Kota Tomohon,Sulawesi Utara,hiburan,0.2588386798844169,-0.11125891606410736,1.002859716868915,0,0,0,0,1,0
101243,Manado Skyline Tetempangan,Kepulauan Sitaro Ondong,Sulawesi Utara,hiburan,1.2326479846534149,0.7701379884844373,1.002859716868915,0,0,0,0,1,0
101244,Pasar Beriman Tomohon Pasar Tradisional Ikonik,Kepulauan Sangihe Tahuna,Sulawesi Utara,belanja,-0.5932444617884562,1.6515348930329818,1.002859716868915,0,0,1,0,0,0
101245,Sentra Klappertaart Christine Manado,Kepulauan Talaud Melonguane,Sulawesi Utara,belanja,-0.5932444617884562,1.6515348930329818,1.002859716868915,0,0,1,0,0,0
101246,Manado Town Square (Mantos),Kepulauan Sitaro Ondong,Sulawesi Utara,belanja,-0.5932444617884562,-0.11125891606410736,0.49776975808444685,0,0,1,0,0,0
101247,Sentra Ikan Cakalang Fufu Flamboyan,Bolaang Mongondow Kotamobagu,Sulawesi Utara,belanja,-0.5932444617884562,-0.11125891606410736,0.49776975808444685,0,0,1,0,0,0
101248,Klenteng Ban Hin Kiong Tertua di Manado 1686,Kota Bitung,Sulawesi Utara,religi,-0.5932444617884562,0.329439536210163,1.002859716868915,0,0,0,0,0,1
101249,Gereja Sentrum Manado Peninggalan Belanda,Minahasa Tondano,Sulawesi Utara,religi,-0.5932444617884562,0.7701379884844373,1.002859716868915,0,0,0,0,0,1
101250,Masjid Raya Ahmad Yani Manado,Kota Tomohon,Sulawesi Utara,religi,-0.5932444617884562,1.2108364407587076,0.49776975808444685,0,0,0,0,0,1
101251,Pantai Botubarani Hiu Paus (Whale Shark) Jinak,Pohuwato Marisa,Gorontalo,bahari,0.13711251678829217,1.2108364407587076,1.002859716868915,0,1,0,0,0,0
101252,Pantai Olele Taman Laut Koral Salvador Dali,Gorontalo Limboto,Gorontalo,bahari,-0.4715182986923315,-0.9926558206126519,0.49776975808444685,0,1,0,0,0,0
101253,Pantai Bolihutuo Boalemo Pantai Pasir Putih,Gorontalo Utara Kwandang,Gorontalo,bahari,0.015386353692167442,-0.9926558206126519,-0.007017207323426325,0,1,0,0,0,0
101254,Pantai Kurenai Bone Bolango,Kota Gorontalo,Gorontalo,bahari,-0.34979213559620675,1.6515348930329818,-0.007017207323426325,0,1,0,0,0,0
101255,Pantai Monano Gorontalo Utara,Gorontalo Utara Kwandang,Gorontalo,bahari,-0.10633980940395729,1.2108364407587076,1.002859716868915,0,1,0,0,0,0
101256,Pantai Minanga Atinggola,Boalemo Tilamuta,Gorontalo,bahari,0.13711251678829217,0.329439536210163,0.49776975808444685,0,1,0,0,0,0
101257,Pantai Biluhu Timur Tebing Karang,Gorontalo Utara Kwandang,Gorontalo,bahari,-0.4715182986923315,-0.5519573683383777,1.002859716868915,0,1,0,0,0,0
101258,Pantai Dulamayo Teluk Tomini,Boalemo Tilamuta,Gorontalo,bahari,-0.10633980940395729,-0.11125891606410736,0.49776975808444685,0,1,0,0,0,0
101259,Pantai Libuo Pohuwato,Boalemo Tilamuta,Gorontalo,bahari,-0.10633980940395729,-0.5519573683383777,0.49776975808444685,0,1,0,0,0,0
101260,Pantai Pohe Kota Gorontalo Tangga 2000,Boalemo Tilamuta,Gorontalo,bahari,-0.4715182986923315,-0.5519573683383777,-0.007017207323426325,0,1,0,0,0,0
101261,Pantai Lahilote Legenda Telapak Kaki,Pohuwato Marisa,Gorontalo,bahari,0.015386353692167442,-0.5519573683383777,-0.007017207323426325,0,1,0,0,0,0
101262,Pantai Pasir Putih Leato,Boalemo Tilamuta,Gorontalo,bahari,-0.34979213559620675,-1.4333542728869222,0.49776975808444685,0,1,0,0,0,0
101263,Pantai Dulupi Boalemo,Gorontalo Utara Kwandang,Gorontalo,bahari,0.13711251678829217,0.7701379884844373,0.49776975808444685,0,1,0,0,0,0
101264,Pantai Molingkapoto Kwandang,Boalemo Tilamuta,Gorontalo,bahari,0.13711251678829217,1.2108364407587076,-0.007017207323426325,0,1,0,0,0,0
101265,Puncak Dulamayo Negeri di Atas Awan Gorontalo,Gorontalo Utara Kwandang,Gorontalo,alam,0.2588386798844169,-0.9926558206126519,-0.007017207323426325,1,0,0,0,0,0
101266,Puncak Hutan Pinus Motilango,Boalemo Tilamuta,Gorontalo,alam,-0.34979213559620675,1.6515348930329818,-0.5121071661078944,1,0,0,0,0,0
101267,Bukit Arang Lonuo Bone Bolango Paralayang,Bone Bolango Suwawa,Gorontalo,alam,-0.34979213559620675,-0.11125891606410736,0.49776975808444685,1,0,0,0,0,0
101268,Gunung Tabongo Gorontalo,Gorontalo Utara Kwandang,Gorontalo,alam,-0.22806597250008204,-1.4333542728869222,0.49776975808444685,1,0,0,0,0,0
101269,Bukit Layang Kota Gorontalo Panorama,Pohuwato Marisa,Gorontalo,alam,0.6240171691727912,0.329439536210163,0.49776975808444685,1,0,0,0,0,0
101270,Puncak Gunung Boliyohuto,Boalemo Tilamuta,Gorontalo,alam,-0.10633980940395729,-0.9926558206126519,-0.007017207323426325,1,0,0,0,0,0
101271,Bukit Proklamasi Gorontalo,Gorontalo Limboto,Gorontalo,alam,0.015386353692167442,-0.11125891606410736,0.49776975808444685,1,0,0,0,0,0
101272,Puncak Merah Putih Kwandang,Pohuwato Marisa,Gorontalo,alam,0.015386353692167442,-0.11125891606410736,0.49776975808444685,1,0,0,0,0,0
101273,Bukit Tihengo Boalemo,Boalemo Tilamuta,Gorontalo,alam,0.2588386798844169,0.329439536210163,0.49776975808444685,1,0,0,0,0,0
101274,Puncak Karang Ilomata,Kota Gorontalo,Gorontalo,alam,-0.10633980940395729,-0.9926558206126519,-0.007017207323426325,1,0,0,0,0,0
101275,Pulau Saronde Gorontalo Utara Maladewa Sulawesi,Boalemo Tilamuta,Gorontalo,alam,-0.34979213559620675,0.329439536210163,1.002859716868915,1,0,0,0,0,0
101276,Danau Limboto Danau Alami Gorontalo,Kota Gorontalo,Gorontalo,alam,0.015386353692167442,-1.4333542728869222,0.49776975808444685,1,0,0,0,0,0
101277,Taman Laut Olele Karang Karpet,Gorontalo Limboto,Gorontalo,alam,-0.22806597250008204,0.7701379884844373,0.49776975808444685,1,0,0,0,0,0
101278,Air Terjun Hiyaliyo Da'a Gorontalo Utara,Bone Bolango Suwawa,Gorontalo,alam,-0.10633980940395729,-0.11125891606410736,1.002859716868915,1,0,0,0,0,0
101279,Pemandian Air Panas Lombongo Suwawa,Gorontalo Utara Kwandang,Gorontalo,alam,0.13711251678829217,-0.11125891606410736,1.002859716868915,1,0,0,0,0,0
101280,Air Terjun Dulamayo Asri,Boalemo Tilamuta,Gorontalo,alam,-0.34979213559620675,1.2108364407587076,0.49776975808444685,1,0,0,0,0,0
101281,Desa Terapung Torosiaje Suku Bajo Pohuwato,Kota Gorontalo,Gorontalo,alam,-0.34979213559620675,0.329439536210163,-0.007017207323426325,1,0,0,0,0,0
101282,Pulau Cinta Boalemo Resort Hati Mengapung,Kota Gorontalo,Gorontalo,alam,0.13711251678829217,-1.4333542728869222,1.002859716868915,1,0,0,0,0,0
101283,Benteng Otanaha Peninggalan Abad ke-16 Kerajaan Ilahudu,Bone Bolango Suwawa,Gorontalo,budaya,-0.22806597250008204,-0.5519573683383777,0.49776975808444685,0,0,0,1,0,0
101284,Rumah Adat Dulohupa Gorontalo Arsitektur Tradisional,Boalemo Tilamuta,Gorontalo,budaya,-0.4715182986923315,1.2108364407587076,-0.007017207323426325,0,0,0,1,0,0
101285,Museum Purbakala Popalo Gorontalo,Boalemo Tilamuta,Gorontalo,budaya,0.015386353692167442,-1.4333542728869222,1.002859716868915,0,0,0,1,0,0
101286,Desa Adat Bongo Desa Religi Bubohu,Bone Bolango Suwawa,Gorontalo,budaya,-0.22806597250008204,-0.9926558206126519,-0.5121071661078944,0,0,0,1,0,0
101287,Benteng Ulanta Suwawa Bone Bolango,Gorontalo Limboto,Gorontalo,budaya,-0.10633980940395729,-0.11125891606410736,-0.007017207323426325,0,0,0,1,0,0
101288,Pendaratan Amfibi Soekarno Danau Limboto,Gorontalo Utara Kwandang,Gorontalo,budaya,-0.4715182986923315,0.329439536210163,-0.5121071661078944,0,0,0,1,0,0
101289,Rumah Adat Gobel Tapa,Gorontalo Utara Kwandang,Gorontalo,budaya,-0.10633980940395729,0.329439536210163,0.49776975808444685,0,0,0,1,0,0
101290,Menara Keagungan Limboto Menara Eiffel Gorontalo,Kota Gorontalo,Gorontalo,hiburan,3.058540431095286,1.2108364407587076,1.002859716868915,0,0,0,0,1,0
101291,Taman Kota Gorontalo Taruna Remaja,Boalemo Tilamuta,Gorontalo,hiburan,3.058540431095286,1.6515348930329818,1.002859716868915,0,0,0,0,1,0
101292,Pemandian Kolam Potanga,Bone Bolango Suwawa,Gorontalo,hiburan,0.6240171691727912,-0.9926558206126519,1.002859716868915,0,0,0,0,1,0
101293,Waterpark Karsa Utama Gorontalo,Pohuwato Marisa,Gorontalo,hiburan,0.6240171691727912,-0.11125891606410736,1.002859716868915,0,0,0,0,1,0
101294,Sentra Kain Tenun Karawo Tradisional Gorontalo,Pohuwato Marisa,Gorontalo,belanja,-0.5932444617884562,-1.4333542728869222,0.49776975808444685,0,0,1,0,0,0
101295,Sentra Kue Pia Gorontalo Sinar Terang,Gorontalo Limboto,Gorontalo,belanja,-0.5932444617884562,0.7701379884844373,0.49776975808444685,0,0,1,0,0,0
101296,Pasar Sentral Kota Gorontalo,Kota Gorontalo,Gorontalo,belanja,-0.5932444617884562,-0.11125891606410736,1.002859716868915,0,0,1,0,0,0
101297,Sentra Kopi Pinogu Organik Organisasi,Pohuwato Marisa,Gorontalo,belanja,-0.5932444617884562,-0.11125891606410736,1.002859716868915,0,0,1,0,0,0
101298,Masjid Walima Emas Desa Bubohu Puncak Bukit,Bone Bolango Suwawa,Gorontalo,religi,-0.5932444617884562,-0.9926558206126519,1.002859716868915,0,0,0,0,0,1
101299,Masjid Agung Baiturrahim Kota Gorontalo,Pohuwato Marisa,Gorontalo,religi,-0.5932444617884562,-0.5519573683383777,1.002859716868915,0,0,0,0,0,1
101300,Masjid Hunto Sultan Amai 1495 Masehi Tertua,Gorontalo Utara Kwandang,Gorontalo,religi,-0.5932444617884562,-0.9926558206126519,-0.007017207323426325,0,0,0,0,0,1
101301,Pantai Tanjung Karang Donggala Pasir Putih Diving,Banggai Kepulauan Salakan,Sulawesi Tengah,bahari,-0.10633980940395729,0.329439536210163,-0.007017207323426325,0,1,0,0,0,0
101302,Pantai Talise Teluk Palu,Toli-Toli,Sulawesi Tengah,bahari,-0.34979213559620675,1.2108364407587076,0.49776975808444685,0,1,0,0,0,0
101303,Pantai Danau Paisu Pok Banggai Air Kaca Sebening Cermin,Sigi Biromaru,Sulawesi Tengah,bahari,-0.4715182986923315,-0.11125891606410736,0.49776975808444685,0,1,0,0,0,0
101304,Pantai Kadidiri Kepulauan Togean,Toli-Toli,Sulawesi Tengah,bahari,0.015386353692167442,-0.9926558206126519,1.002859716868915,0,1,0,0,0,0
101305,Pantai Sera Donggala,Banggai Luwuk,Sulawesi Tengah,bahari,-0.34979213559620675,0.329439536210163,-0.007017207323426325,0,1,0,0,0,0
101306,Pantai Kilo Lima Luwuk Banggai,Toli-Toli,Sulawesi Tengah,bahari,-0.22806597250008204,-1.4333542728869222,0.49776975808444685,0,1,0,0,0,0
101307,Pantai Boneoge Donggala,Banggai Kepulauan Salakan,Sulawesi Tengah,bahari,0.13711251678829217,-0.11125891606410736,0.49776975808444685,0,1,0,0,0,0
101308,Pantai Prince John Dive Resort Donggala,Parigi Moutong,Sulawesi Tengah,bahari,-0.4715182986923315,1.6515348930329818,0.49776975808444685,0,1,0,0,0,0
101309,Pantai Malenge Togean Ubur-Ubur,Banggai Kepulauan Salakan,Sulawesi Tengah,bahari,-0.4715182986923315,0.7701379884844373,0.49776975808444685,0,1,0,0,0,0
101310,Pantai Kaliburu Donggala,Tojo Una-Una Ampana (Togean),Sulawesi Tengah,bahari,-0.4715182986923315,0.329439536210163,0.49776975808444685,0,1,0,0,0,0
101311,Pantai Sabang Toli-Toli,Tojo Una-Una Ampana (Togean),Sulawesi Tengah,bahari,0.13711251678829217,0.7701379884844373,1.002859716868915,0,1,0,0,0,0
101312,Pantai Enu Donggala,Kota Palu,Sulawesi Tengah,bahari,-0.22806597250008204,1.6515348930329818,-0.007017207323426325,0,1,0,0,0,0
101313,Pantai Kayubura Parigi Teluk Tomini,Sigi Biromaru,Sulawesi Tengah,bahari,0.015386353692167442,1.6515348930329818,1.002859716868915,0,1,0,0,0,0
101314,Pantai Matindok Banggai,Parigi Moutong,Sulawesi Tengah,bahari,-0.34979213559620675,-0.5519573683383777,0.49776975808444685,0,1,0,0,0,0
101315,Puncak Matantimali Sigi Tempat Paralayang Terbaik Asia Tenggara,Tojo Una-Una Ampana (Togean),Sulawesi Tengah,alam,-0.22806597250008204,-0.9926558206126519,1.002859716868915,1,0,0,0,0,0
101316,Gunung Gawalise Palu Puncak Salena,Toli-Toli,Sulawesi Tengah,alam,0.015386353692167442,-0.5519573683383777,-0.007017207323426325,1,0,0,0,0,0
101317,Gunung Nokilalaki Lore Lindu (2.355 mdpl),Tojo Una-Una Ampana (Togean),Sulawesi Tengah,alam,-0.22806597250008204,-1.4333542728869222,0.49776975808444685,1,0,0,0,0,0
101318,Gunung Sojol Donggala,Banggai Luwuk,Sulawesi Tengah,alam,-0.34979213559620675,-1.4333542728869222,0.49776975808444685,1,0,0,0,0,0
101319,Bukit Salena Palu Sunset,Morowali Bungku,Sulawesi Tengah,alam,-0.22806597250008204,0.329439536210163,-0.5121071661078944,1,0,0,0,0,0
101320,Bukit Keles Luwuk Kota Air Berbintang,Poso,Sulawesi Tengah,alam,-0.34979213559620675,-1.4333542728869222,-0.007017207323426325,1,0,0,0,0,0
101321,Puncak Bukit Teletubbies Luwuk Banggai,Banggai Luwuk,Sulawesi Tengah,alam,-0.10633980940395729,-0.5519573683383777,-0.007017207323426325,1,0,0,0,0,0
101322,Puncak Doda Sigi Hills,Banggai Kepulauan Salakan,Sulawesi Tengah,alam,-0.22806597250008204,-1.4333542728869222,-0.007017207323426325,1,0,0,0,0,0
101323,Gunung Tinombala Toli-Toli,Banggai Luwuk,Sulawesi Tengah,alam,-0.10633980940395729,0.329439536210163,0.49776975808444685,1,0,0,0,0,0
101324,Puncak Padamarari Morowali,Toli-Toli,Sulawesi Tengah,alam,-0.22806597250008204,0.329439536210163,-0.007017207323426325,1,0,0,0,0,0
101325,Taman Nasional Kepulauan Togean Cagar Biosfer UNESCO,Poso,Sulawesi Tengah,alam,0.13711251678829217,-0.5519573683383777,-0.007017207323426325,1,0,0,0,0,0
101326,Danau Poso Danau Terbesar Ketiga Indonesia Berpasir Kuning,Banggai Kepulauan Salakan,Sulawesi Tengah,alam,-0.10633980940395729,1.6515348930329818,1.002859716868915,1,0,0,0,0,0
101327,Danau Paisu Pok Banggai Kepulauan Danau Kaca Biru,Donggala,Sulawesi Tengah,alam,-0.34979213559620675,1.2108364407587076,0.49776975808444685,1,0,0,0,0,0
101328,Taman Nasional Lore Lindu Habitat Fauna Endemik Maleo Anoa,Donggala,Sulawesi Tengah,alam,-0.22806597250008204,0.329439536210163,0.49776975808444685,1,0,0,0,0,0
101329,Air Terjun Saluopa Poso 12 Tingkat Bertangga Batu,Tojo Una-Una Ampana (Togean),Sulawesi Tengah,alam,0.13711251678829217,1.6515348930329818,0.49776975808444685,1,0,0,0,0,0
101330,Air Terjun Piala Luwuk Air Hijau Zamrud Alami,Kota Palu,Sulawesi Tengah,alam,-0.34979213559620675,0.329439536210163,-0.007017207323426325,1,0,0,0,0,0
101331,Gua Karst Pulau Malenge Danau Ubur-Ubur,Toli-Toli,Sulawesi Tengah,alam,-0.34979213559620675,-0.11125891606410736,0.49776975808444685,1,0,0,0,0,0
101332,Gua Latea Poso Kuburan Batu Purba,Kota Palu,Sulawesi Tengah,alam,-0.22806597250008204,0.329439536210163,0.49776975808444685,1,0,0,0,0,0
101333,Situs Megalitikum Lembah Bada Patung Batu Purba Lore Lindu,Morowali Bungku,Sulawesi Tengah,budaya,-0.4715182986923315,-0.9926558206126519,-0.007017207323426325,0,0,0,1,0,0
101334,Museum Sulawesi Tengah Palu,Morowali Bungku,Sulawesi Tengah,budaya,0.015386353692167442,1.6515348930329818,-0.007017207323426325,0,0,0,1,0,0
101335,Rumah Adat Souraja Banua Mbaso Palu Rumah Raja,Morowali Bungku,Sulawesi Tengah,budaya,0.015386353692167442,0.329439536210163,0.49776975808444685,0,0,0,1,0,0
101336,Tugu Perdamaian Nosarara Nosabatutu Palu,Tojo Una-Una Ampana (Togean),Sulawesi Tengah,budaya,-0.34979213559620675,-0.11125891606410736,0.49776975808444685,0,0,0,1,0,0
101337,Keraton Banggai Kesultanan Luwuk,Parigi Moutong,Sulawesi Tengah,budaya,0.015386353692167442,1.6515348930329818,-0.007017207323426325,0,0,0,1,0,0
101338,Pusat Kerajinan Tenun Donggala Sutra Asli,Parigi Moutong,Sulawesi Tengah,budaya,-0.34979213559620675,-1.4333542728869222,-0.5121071661078944,0,0,0,1,0,0
101339,Desa Adat Mantikole Sigi,Kota Palu,Sulawesi Tengah,budaya,0.015386353692167442,1.6515348930329818,1.002859716868915,0,0,0,1,0,0
101340,Palu Grand Mall Tepi Teluk,Parigi Moutong,Sulawesi Tengah,hiburan,1.2326479846534149,-0.11125891606410736,1.002859716868915,0,0,0,0,1,0
101341,Taipa Beach Resort Palu Waterboom,Banggai Luwuk,Sulawesi Tengah,hiburan,0.6240171691727912,-0.5519573683383777,1.002859716868915,0,0,0,0,1,0
101342,Taman Nasional Hutan Kota Kaombona Palu,Donggala,Sulawesi Tengah,hiburan,4.275802062056533,-0.5519573683383777,1.002859716868915,0,0,0,0,1,0
101343,Taman GOR Palu Kuliner Malam,Donggala,Sulawesi Tengah,hiburan,4.275802062056533,1.6515348930329818,1.002859716868915,0,0,0,0,1,0
101344,Pasar Tradisional Manonda Palu,Kota Palu,Sulawesi Tengah,belanja,-0.5932444617884562,0.329439536210163,0.49776975808444685,0,0,1,0,0,0
101345,Sentra Bawang Goreng Palu Sri Rejeki,Sigi Biromaru,Sulawesi Tengah,belanja,-0.5932444617884562,1.2108364407587076,0.49776975808444685,0,0,1,0,0,0
101346,Sentra Tenun Donggala Sutera Buatan Tangan,Banggai Luwuk,Sulawesi Tengah,belanja,-0.5932444617884562,1.6515348930329818,-0.007017207323426325,0,0,1,0,0,0
101347,Pusat Kerajinan Kayu Hitam Eboni Palu,Kota Palu,Sulawesi Tengah,belanja,-0.5932444617884562,-0.11125891606410736,0.49776975808444685,0,0,1,0,0,0
101348,Masjid Terapung Arkam Babu Rahman Teluk Palu Saksi Tsunami,Morowali Bungku,Sulawesi Tengah,religi,-0.5932444617884562,-1.4333542728869222,0.49776975808444685,0,0,0,0,0,1
101349,Masjid Agung Baiturrahim Lolu Palu,Toli-Toli,Sulawesi Tengah,religi,-0.5932444617884562,-1.4333542728869222,-0.007017207323426325,0,0,0,0,0,1
101350,Gereja Tua Imanuel Poso 1900-an,Tojo Una-Una Ampana (Togean),Sulawesi Tengah,religi,-0.5932444617884562,-0.11125891606410736,1.002859716868915,0,0,0,0,0,1
101351,Pantai Manakarra Mamuju Tepi Landmark Kota,Mamuju,Sulawesi Barat,bahari,-0.10633980940395729,-0.11125891606410736,0.49776975808444685,0,1,0,0,0,0
101352,Pantai Karampuang Pulau Karst Terumbu Karang,Mamasa,Sulawesi Barat,bahari,-0.34979213559620675,-1.4333542728869222,0.49776975808444685,0,1,0,0,0,0
101353,Pantai Mampie Polman Konservasi Penyu Laut,Majene,Sulawesi Barat,bahari,0.13711251678829217,1.6515348930329818,-0.007017207323426325,0,1,0,0,0,0
101354,Pantai Palippis Majene Tebing Karang Gua Kelelawar,Pasangkayu,Sulawesi Barat,bahari,0.015386353692167442,-0.5519573683383777,-0.007017207323426325,0,1,0,0,0,0
101355,Pantai Dato Majene Pasir Putih Tangga Karang,Mamuju,Sulawesi Barat,bahari,0.015386353692167442,0.329439536210163,-0.007017207323426325,0,1,0,0,0,0
101356,Pantai Gonda Mangrove Park Polman Snorkeling,Polewali Mandar (Polman),Sulawesi Barat,bahari,-0.22806597250008204,0.329439536210163,0.49776975808444685,0,1,0,0,0,0
101357,Pantai Barane Majene Sunset Nelayan,Pasangkayu,Sulawesi Barat,bahari,0.015386353692167442,-0.11125891606410736,1.002859716868915,0,1,0,0,0,0
101358,Pantai Koa-Koa Pasangkayu Pasir Halus,Majene,Sulawesi Barat,bahari,-0.22806597250008204,-1.4333542728869222,-0.007017207323426325,0,1,0,0,0,0
101359,Pantai Lombang-Lombang Mamuju,Polewali Mandar (Polman),Sulawesi Barat,bahari,-0.34979213559620675,0.7701379884844373,0.49776975808444685,0,1,0,0,0,0
101360,Pantai Tanjung Buku Polman Hutan Bakau,Pasangkayu,Sulawesi Barat,bahari,-0.4715182986923315,0.7701379884844373,0.49776975808444685,0,1,0,0,0,0
101361,Pantai Babampongi Mamuju Tengah,Pasangkayu,Sulawesi Barat,bahari,-0.34979213559620675,0.329439536210163,0.49776975808444685,0,1,0,0,0,0
101362,Pantai Labuang Majene Perahu Sandeq,Mamuju Tengah Tobadak,Sulawesi Barat,bahari,-0.22806597250008204,-0.11125891606410736,0.49776975808444685,0,1,0,0,0,0
101363,Pantai Batu Raja Pasangkayu,Mamasa,Sulawesi Barat,bahari,-0.10633980940395729,-1.4333542728869222,-0.007017207323426325,0,1,0,0,0,0
101364,Pantai Belang-Belang Mamuju,Mamuju Tengah Tobadak,Sulawesi Barat,bahari,0.015386353692167442,-0.5519573683383777,0.49776975808444685,0,1,0,0,0,0
101365,Gunung Gandang Dewata Puncak Tertinggi Sulbar (3.074 mdpl) Sakral,Pasangkayu,Sulawesi Barat,alam,-0.10633980940395729,1.2108364407587076,-0.5121071661078944,1,0,0,0,0,0
101366,Puncak Bukit Anjoro Mamuju Landmark Mamuju City,Mamuju,Sulawesi Barat,alam,0.2588386798844169,-1.4333542728869222,-0.5121071661078944,1,0,0,0,0,0
101367,Puncak Buntu Liarra Mamasa Negeri di Atas Awan Bidadari,Mamasa,Sulawesi Barat,alam,-0.10633980940395729,0.7701379884844373,-0.007017207323426325,1,0,0,0,0,0
101368,Bukit Buttu Macca Majene,Mamasa,Sulawesi Barat,alam,0.2588386798844169,-0.11125891606410736,0.49776975808444685,1,0,0,0,0,0
101369,Puncak Mambulilling Mamasa Dingin Sejuk,Polewali Mandar (Polman),Sulawesi Barat,alam,-0.10633980940395729,0.329439536210163,0.49776975808444685,1,0,0,0,0,0
101370,Puncak Salubarana Mamuju,Pasangkayu,Sulawesi Barat,alam,0.015386353692167442,1.6515348930329818,-0.007017207323426325,1,0,0,0,0,0
101371,Bukit Senayan Pasangkayu,Mamuju,Sulawesi Barat,alam,-0.22806597250008204,-0.9926558206126519,0.49776975808444685,1,0,0,0,0,0
101372,Puncak Rura Mamasa Lembah Hijau,Majene,Sulawesi Barat,alam,0.015386353692167442,-0.9926558206126519,0.49776975808444685,1,0,0,0,0,0
101373,Bukit Teletubbies Polman,Majene,Sulawesi Barat,alam,-0.34979213559620675,0.329439536210163,-0.5121071661078944,1,0,0,0,0,0
101374,Puncak Pass Majene Panorama Selat Makassar,Mamasa,Sulawesi Barat,alam,0.6240171691727912,1.2108364407587076,-0.5121071661078944,1,0,0,0,0,0
101375,Pulau Karampuang Sumur Tiga Rasa & Terumbu Karang,Polewali Mandar (Polman),Sulawesi Barat,alam,-0.10633980940395729,0.329439536210163,0.49776975808444685,1,0,0,0,0,0
101376,Air Terjun Tamasapi Mamuju Hutan Lindung,Pasangkayu,Sulawesi Barat,alam,-0.34979213559620675,-0.9926558206126519,0.49776975808444685,1,0,0,0,0,0
101377,Liawan Waterfall Air Terjun Bertingkat Mamasa,Pasangkayu,Sulawesi Barat,alam,0.015386353692167442,0.329439536210163,1.002859716868915,1,0,0,0,0,0
101378,Permandian Air Panas Limbong Lopi Polman,Polewali Mandar (Polman),Sulawesi Barat,alam,-0.10633980940395729,0.329439536210163,0.49776975808444685,1,0,0,0,0,0
101379,Gua Purba Kalumpang Arkeologi Prasejarah,Majene,Sulawesi Barat,alam,-0.10633980940395729,0.7701379884844373,0.49776975808444685,1,0,0,0,0,0
101380,Air Terjun Indo Rannuang Polman,Mamuju,Sulawesi Barat,alam,-0.10633980940395729,0.7701379884844373,0.49776975808444685,1,0,0,0,0,0
101381,Rawa Mangrove Pasangkayu Ekowisata,Mamuju Tengah Tobadak,Sulawesi Barat,alam,-0.10633980940395729,1.6515348930329818,0.49776975808444685,1,0,0,0,0,0
101382,Danau Mampie Surga Burung Air,Mamuju,Sulawesi Barat,alam,-0.10633980940395729,-0.9926558206126519,0.49776975808444685,1,0,0,0,0,0
101383,Perahu Tradisional Sandeq Mandar Tercepat Dunia Tanpa Mesin,Pasangkayu,Sulawesi Barat,budaya,-0.34979213559620675,-0.5519573683383777,0.49776975808444685,0,0,0,1,0,0
101384,Rumah Adat Boyang Mandar Somba Majene,Majene,Sulawesi Barat,budaya,-0.10633980940395729,0.7701379884844373,0.49776975808444685,0,0,0,1,0,0
101385,Rumah Tradisional Adat Banua Sibatang Mamasa Tanduk Kerbau,Mamuju,Sulawesi Barat,budaya,-0.22806597250008204,-1.4333542728869222,-0.007017207323426325,0,0,0,1,0,0
101386,Museum Mandar Majene Peninggalan Kerajaan Balanipa,Pasangkayu,Sulawesi Barat,budaya,-0.22806597250008204,0.7701379884844373,-0.007017207323426325,0,0,0,1,0,0
101387,Makam Raja-Raja Banggae Majene Bukit Karst,Mamuju Tengah Tobadak,Sulawesi Barat,budaya,-0.22806597250008204,0.7701379884844373,0.49776975808444685,0,0,0,1,0,0
101388,Sentra Tenun Sutra Mandar Saqbe Tinambung Polman,Pasangkayu,Sulawesi Barat,budaya,-0.22806597250008204,-0.5519573683383777,-0.5121071661078944,0,0,0,1,0,0
101389,Desa Budaya Ballapeu Mamasa Tarian Tradisional,Mamuju Tengah Tobadak,Sulawesi Barat,budaya,0.015386353692167442,0.7701379884844373,0.49776975808444685,0,0,0,1,0,0
101390,Taman Kota Surowako Mamuju,Majene,Sulawesi Barat,hiburan,0.2588386798844169,-0.9926558206126519,1.002859716868915,0,0,0,0,1,0
101391,Waterpark Polewali Mandar Bahari Manding,Pasangkayu,Sulawesi Barat,hiburan,3.058540431095286,1.2108364407587076,1.002859716868915,0,0,0,0,1,0
101392,Anjungan Pantai Manakarra Landmark Raksasa,Majene,Sulawesi Barat,hiburan,4.275802062056533,1.6515348930329818,1.002859716868915,0,0,0,0,1,0
101393,Taman Bunga Mamasa Agrowisata,Majene,Sulawesi Barat,hiburan,0.6240171691727912,0.7701379884844373,1.002859716868915,0,0,0,0,1,0
101394,Pasar Sentral Pekkabata Polman,Mamuju,Sulawesi Barat,belanja,-0.5932444617884562,-0.9926558206126519,1.002859716868915,0,0,1,0,0,0
101395,Sentra Tenun Saqbe Mandar Tinambung,Mamuju,Sulawesi Barat,belanja,-0.5932444617884562,-0.9926558206126519,0.49776975808444685,0,0,1,0,0,0
101396,Sentra Kopi Arabika Mamasa Asli Pegunungan,Majene,Sulawesi Barat,belanja,-0.5932444617884562,-0.5519573683383777,0.49776975808444685,0,0,1,0,0,0
101397,Pusat Kuliner Jepa dan Ikan Terbang Majene,Mamasa,Sulawesi Barat,belanja,-0.5932444617884562,0.329439536210163,-0.007017207323426325,0,0,1,0,0,0
101398,Masjid Raya Suhada Mamuju Arsitektur Modern Megah,Polewali Mandar (Polman),Sulawesi Barat,religi,-0.5932444617884562,1.6515348930329818,1.002859716868915,0,0,0,0,0,1
101399,Masjid Imam Lapeo Campalagian Ulama Karismatik Mandar,Mamuju,Sulawesi Barat,religi,-0.5932444617884562,0.329439536210163,1.002859716868915,0,0,0,0,0,1
101400,Gereja Tua Mamasa Klasik Kayu Rante-Buda,Mamuju,Sulawesi Barat,religi,-0.5932444617884562,1.2108364407587076,-0.007017207323426325,0,0,0,0,0,1
101401,Pantai Losari Makassar Ikon Pisang Epe & Sunset,Kota Palopo,Sulawesi Selatan,bahari,-0.10633980940395729,1.2108364407587076,0.49776975808444685,0,1,0,0,0,0
101402,Pantai Bira Tanjung Bira Pasir Selembut Tepung Bulukumba,Kota Palopo,Sulawesi Selatan,bahari,-0.22806597250008204,-0.9926558206126519,0.49776975808444685,0,1,0,0,0,0
101403,Pantai Bara Bulukumba Tepi Tebing Karang Sunyi,Kota Parepare,Sulawesi Selatan,bahari,-0.10633980940395729,1.2108364407587076,1.002859716868915,0,1,0,0,0,0
101404,Pantai Marina Bantaeng Kawasan Rekreasi Pantai,Bone Watampone,Sulawesi Selatan,bahari,0.015386353692167442,-0.9926558206126519,-0.007017207323426325,0,1,0,0,0,0
101405,Pantai Akkarena Makassar Kafe Tepi Laut,Bulukumba,Sulawesi Selatan,bahari,-0.10633980940395729,-0.5519573683383777,-0.007017207323426325,0,1,0,0,0,0
101406,Pantai Liang Kareta Kepulauan Selayar Pasir Murni,Tana Toraja Makale,Sulawesi Selatan,bahari,0.015386353692167442,1.2108364407587076,0.49776975808444685,0,1,0,0,0,0
101407,Pantai Kuri Caddi Maros Pesisir Asri,Maros,Sulawesi Selatan,bahari,0.13711251678829217,-0.11125891606410736,0.49776975808444685,0,1,0,0,0,0
101408,Pantai Galesong Takalar Resor Waterboom,Kepulauan Selayar Benteng,Sulawesi Selatan,bahari,-0.34979213559620675,-0.9926558206126519,-0.007017207323426325,0,1,0,0,0,0
101409,Pantai Lemo-Lemo Bulukumba Pembuatan Perahu Pinisi,Kota Parepare,Sulawesi Selatan,bahari,-0.22806597250008204,-0.9926558206126519,-0.007017207323426325,0,1,0,0,0,0
101410,Pantai Apparalang Bulukumba Tebing Mirip Raja Ampat,Kota Makassar,Sulawesi Selatan,bahari,-0.34979213559620675,-1.4333542728869222,-0.007017207323426325,0,1,0,0,0,0
101411,Pantai Ujung Genteng Bone,Toraja Utara Rantepao,Sulawesi Selatan,bahari,-0.22806597250008204,-0.11125891606410736,-0.007017207323426325,0,1,0,0,0,0
101412,Pantai Baloiya Selayar Gua Karang,Tana Toraja Makale,Sulawesi Selatan,bahari,-0.4715182986923315,-0.9926558206126519,-0.007017207323426325,0,1,0,0,0,0
101413,Pantai Mattirotasi Parepare,Bone Watampone,Sulawesi Selatan,bahari,0.13711251678829217,-0.9926558206126519,0.49776975808444685,0,1,0,0,0,0
101414,Pantai Lowita Pinrang,Tana Toraja Makale,Sulawesi Selatan,bahari,-0.22806597250008204,0.329439536210163,1.002859716868915,0,1,0,0,0,0
101415,Gunung Bawakaraeng Malino Gowa Sakral,Kota Palopo,Sulawesi Selatan,alam,-0.34979213559620675,1.2108364407587076,0.49776975808444685,1,0,0,0,0,0
101416,Gunung Latimojong Puncak Rante Mario Tertinggi Sulawesi (3.478 mdpl),Bone Watampone,Sulawesi Selatan,alam,-0.34979213559620675,-1.4333542728869222,0.49776975808444685,1,0,0,0,0,0
101417,Puncak Lolai Toraja Utara Negeri di Atas Awan Tongkonan,Kota Palopo,Sulawesi Selatan,alam,0.015386353692167442,-0.5519573683383777,-0.007017207323426325,1,0,0,0,0,0
101418,Gunung Sesean Toraja Pemandangan Awan Megah,Kepulauan Selayar Benteng,Sulawesi Selatan,alam,-0.22806597250008204,-1.4333542728869222,1.002859716868915,1,0,0,0,0,0
101419,Malino Highlands Perkebunan Teh Dingin Sejuk,Kota Parepare,Sulawesi Selatan,alam,0.2588386798844169,1.2108364407587076,-0.007017207323426325,1,0,0,0,0,0
101420,Bukit Ollon Toraja Lembah Swiss Sabana Domba,Bone Watampone,Sulawesi Selatan,alam,-0.10633980940395729,1.6515348930329818,-0.5121071661078944,1,0,0,0,0,0
101421,Puncak Pabbentengang Maros Karst Purba,Tana Toraja Makale,Sulawesi Selatan,alam,-0.10633980940395729,1.2108364407587076,-0.5121071661078944,1,0,0,0,0,0
101422,Gunung Bulusaraung Pangkep Tracking Karst,Kota Parepare,Sulawesi Selatan,alam,-0.10633980940395729,1.2108364407587076,1.002859716868915,1,0,0,0,0,0
101423,Puncak Tinggimoncong Gowa,Bulukumba,Sulawesi Selatan,alam,-0.10633980940395729,-0.11125891606410736,0.49776975808444685,1,0,0,0,0,0
101424,Puncak Biringkanaya Makassar,Kota Palopo,Sulawesi Selatan,alam,0.015386353692167442,1.2108364407587076,-0.007017207323426325,1,0,0,0,0,0
101425,Taman Nasional Bantimurung Maros Kerajaan Kupu-Kupu Dunia,Kota Palopo,Sulawesi Selatan,alam,0.015386353692167442,-0.11125891606410736,0.49776975808444685,1,0,0,0,0,0
101426,Rammang-Rammang Maros Kawasan Karst Terbesar Kedua di Dunia,Kota Makassar,Sulawesi Selatan,alam,-0.10633980940395729,-0.5519573683383777,-0.007017207323426325,1,0,0,0,0,0
101427,Taman Laut Nasional Taka Bonerate Atol Terbesar Ketiga Dunia Selayar,Kota Makassar,Sulawesi Selatan,alam,-0.10633980940395729,-0.9926558206126519,-0.007017207323426325,1,0,0,0,0,0
101428,Danau Tempe Wajo Rumah Terapung Tradisional,Kepulauan Selayar Benteng,Sulawesi Selatan,alam,0.015386353692167442,-0.11125891606410736,0.49776975808444685,1,0,0,0,0,0
101429,Gua Leang-Leang Maros Lukisan Dinding Prasejarah Tertua Dunia (45.000 Tahun),Kota Makassar,Sulawesi Selatan,alam,-0.34979213559620675,-1.4333542728869222,-0.007017207323426325,1,0,0,0,0,0
101430,Air Terjun Bantimurung Tirai Raksasa,Gowa Sungguminasa,Sulawesi Selatan,alam,-0.10633980940395729,-1.4333542728869222,0.49776975808444685,1,0,0,0,0,0
101431,Air Terjun Ketemu Jodoh Malino,Kepulauan Selayar Benteng,Sulawesi Selatan,alam,0.015386353692167442,1.2108364407587076,1.002859716868915,1,0,0,0,0,0
101432,Danau Matano Luwu Timur Danau Terdalam Se-Asia Tenggara,Maros,Sulawesi Selatan,alam,0.015386353692167442,-1.4333542728869222,1.002859716868915,1,0,0,0,0,0
101433,Kete Kesu Toraja Desa Adat Tongkonan & Makam Tebing Pahat,Kota Palopo,Sulawesi Selatan,budaya,-0.10633980940395729,-0.11125891606410736,1.002859716868915,0,0,0,1,0,0
101434,Londa Toraja Makam Gua Gantung Pahat Peti Mati Kuno,Maros,Sulawesi Selatan,budaya,-0.4715182986923315,0.329439536210163,-0.007017207323426325,0,0,0,1,0,0
101435,Desa Tanah Beru Bulukumba Pusat Pembuatan Kapal Pinisi Warisan UNESCO,Gowa Sungguminasa,Sulawesi Selatan,budaya,-0.10633980940395729,0.329439536210163,0.49776975808444685,0,0,0,1,0,0
101436,Benteng Rotterdam Fort Rotterdam Makassar 1673,Bone Watampone,Sulawesi Selatan,budaya,0.015386353692167442,-0.9926558206126519,0.49776975808444685,0,0,0,1,0,0
101437,Benteng Somba Opu Peninggalan Kejayaan Kesultanan Gowa,Kota Parepare,Sulawesi Selatan,budaya,-0.4715182986923315,0.329439536210163,0.49776975808444685,0,0,0,1,0,0
101438,Istana Balla Lompoa Museum Pusaka Emas Kerajaan Gowa,Kota Palopo,Sulawesi Selatan,budaya,-0.10633980940395729,-0.11125891606410736,0.49776975808444685,0,0,0,1,0,0
101439,Kompleks Makam Raja-Raja Tallo Makassar,Toraja Utara Rantepao,Sulawesi Selatan,budaya,-0.4715182986923315,1.6515348930329818,-0.007017207323426325,0,0,0,1,0,0
101440,Trans Studio Mall Makassar Theme Park,Kota Palopo,Sulawesi Selatan,hiburan,1.8412788001340386,-1.4333542728869222,1.002859716868915,0,0,0,0,1,0
101441,Bugis Waterpark Adventure Makassar,Toraja Utara Rantepao,Sulawesi Selatan,hiburan,1.8412788001340386,1.6515348930329818,1.002859716868915,0,0,0,0,1,0
101442,Pantai Pasir Putih CPI Sunset Quay,Kepulauan Selayar Benteng,Sulawesi Selatan,hiburan,1.8412788001340386,-0.9926558206126519,1.002859716868915,0,0,0,0,1,0
101443,Taman Gajah Makassar Ruang Publik,Kepulauan Selayar Benteng,Sulawesi Selatan,hiburan,0.2588386798844169,-0.5519573683383777,1.002859716868915,0,0,0,0,1,0
101444,Pasar Butung Makassar Pusat Grosir Tekstil,Maros,Sulawesi Selatan,belanja,-0.5932444617884562,-0.9926558206126519,1.002859716868915,0,0,1,0,0,0
101445,Sentra Minyak Tawon Somba Opu,Kota Makassar,Sulawesi Selatan,belanja,-0.5932444617884562,1.2108364407587076,-0.007017207323426325,0,0,1,0,0,0
101446,Sentra Kain Sutera Sengkang Wajo,Tana Toraja Makale,Sulawesi Selatan,belanja,-0.5932444617884562,0.329439536210163,0.49776975808444685,0,0,1,0,0,0
101447,Sentra Kopi Arabika Toraja Asli Rantepao,Bulukumba,Sulawesi Selatan,belanja,-0.5932444617884562,-0.11125891606410736,0.49776975808444685,0,0,1,0,0,0
101448,Masjid 99 Kubah CPI Makassar Karya Ridwan Kamil Megah,Bulukumba,Sulawesi Selatan,religi,-0.5932444617884562,0.7701379884844373,1.002859716868915,0,0,0,0,0,1
101449,Masjid Terapung Amirul Mukminin Pantai Losari,Kepulauan Selayar Benteng,Sulawesi Selatan,religi,-0.5932444617884562,1.6515348930329818,0.49776975808444685,0,0,0,0,0,1
101450,Masjid Raya Makassar Arsitektur Timur Tengah,Kepulauan Selayar Benteng,Sulawesi Selatan,religi,-0.5932444617884562,0.329439536210163,-0.007017207323426325,0,0,0,0,0,1
101451,Pantai Nirwana Baubau Tiga Warna Pasir Mutiara,Kolaka,Sulawesi Tenggara,bahari,0.015386353692167442,1.6515348930329818,0.49776975808444685,0,1,0,0,0,0
101452,Pantai Nambo Kendari Pasir Landai Pohon Kelapa,Buton Pasarwajo,Sulawesi Tenggara,bahari,-0.34979213559620675,0.329439536210163,-0.007017207323426325,0,1,0,0,0,0
101453,Pantai Toronipa Kendari Wisata Keluarga,Kota Baubau Buton,Sulawesi Tenggara,bahari,-0.22806597250008204,-0.11125891606410736,0.49776975808444685,0,1,0,0,0,0
101454,Pantai Sawa Konawe Utara Pasir Putih Bersih,Kolaka,Sulawesi Tenggara,bahari,-0.4715182986923315,-0.5519573683383777,0.49776975808444685,0,1,0,0,0,0
101455,Pantai Kamali Baubau Patung Naga Megah,Wakatobi Wangi-Wangi,Sulawesi Tenggara,bahari,0.13711251678829217,1.6515348930329818,-0.007017207323426325,0,1,0,0,0,0
101456,Pantai Lakeba Baubau Dermaga Kayu Romantis,Buton Pasarwajo,Sulawesi Tenggara,bahari,0.015386353692167442,-0.5519573683383777,-0.007017207323426325,0,1,0,0,0,0
101457,Pantai Huntete Tomia Wakatobi Karang Luas,Buton Pasarwajo,Sulawesi Tenggara,bahari,-0.34979213559620675,1.6515348930329818,-0.007017207323426325,0,1,0,0,0,0
101458,Pantai Hoga Pulau Hoga Surga Penyelam Dunia,Kota Kendari,Sulawesi Tenggara,bahari,-0.10633980940395729,1.2108364407587076,-0.007017207323426325,0,1,0,0,0,0
101459,Pantai Cemara Wangi-Wangi Wakatobi,Wakatobi Wangi-Wangi,Sulawesi Tenggara,bahari,0.015386353692167442,-0.11125891606410736,1.002859716868915,0,1,0,0,0,0
101460,Pantai Meleura Muna Danau Karst Tepi Laut,Kota Kendari,Sulawesi Tenggara,bahari,-0.10633980940395729,0.329439536210163,1.002859716868915,0,1,0,0,0,0
101461,Pantai Walengkabola Muna Pasir Putih Halus,Wakatobi Wangi-Wangi,Sulawesi Tenggara,bahari,-0.10633980940395729,0.7701379884844373,1.002859716868915,0,1,0,0,0,0
101462,Pantai Taipa Konawe Utara Tempat Bertelur Maleo,Muna Raha,Sulawesi Tenggara,bahari,-0.22806597250008204,-0.5519573683383777,0.49776975808444685,0,1,0,0,0,0
101463,Pantai Mandra Kolaka Sunset Tepi Kota,Bombana Rumbia,Sulawesi Tenggara,bahari,-0.4715182986923315,0.7701379884844373,1.002859716868915,0,1,0,0,0,0
101464,Pantai Kayu Angin Kolaka,Buton Pasarwajo,Sulawesi Tenggara,bahari,-0.10633980940395729,1.2108364407587076,0.49776975808444685,0,1,0,0,0,0
101465,Puncak Sorawolio Baubau Hutan Pinus Sejuk,Kota Baubau Buton,Sulawesi Tenggara,alam,-0.34979213559620675,1.6515348930329818,0.49776975808444685,1,0,0,0,0,0
101466,Puncak Oheo Konawe Utara Panorama Alam,Bombana Rumbia,Sulawesi Tenggara,alam,-0.10633980940395729,-1.4333542728869222,0.49776975808444685,1,0,0,0,0,0
101467,Puncak Popalia Ranomeeto Konservasi,Buton Pasarwajo,Sulawesi Tenggara,alam,-0.34979213559620675,1.6515348930329818,-0.007017207323426325,1,0,0,0,0,0
101468,Puncak Kahianga Tomia Wakatobi Sunset Menakjubkan,Wakatobi Wangi-Wangi,Sulawesi Tenggara,alam,-0.34979213559620675,0.7701379884844373,0.49776975808444685,1,0,0,0,0,0
101469,Puncak Amarilis Kendari,Buton Pasarwajo,Sulawesi Tenggara,alam,0.6240171691727912,1.2108364407587076,0.49776975808444685,1,0,0,0,0,0
101470,Bukit Teletubbies Bombana Rumbia Sabana,Konawe Utara Wanggudu,Sulawesi Tenggara,alam,-0.34979213559620675,-0.5519573683383777,-0.007017207323426325,1,0,0,0,0,0
101471,Puncak Mengkudu Kolaka,Muna Raha,Sulawesi Tenggara,alam,-0.34979213559620675,0.329439536210163,-0.007017207323426325,1,0,0,0,0,0
101472,Puncak Tirawuta Kolaka Timur,Konawe Selatan Andoolo,Sulawesi Tenggara,alam,0.015386353692167442,-0.9926558206126519,-0.5121071661078944,1,0,0,0,0,0
101473,Bukit Palelat Wakatobi,Kota Kendari,Sulawesi Tenggara,alam,-0.22806597250008204,-1.4333542728869222,-0.007017207323426325,1,0,0,0,0,0
101474,Puncak Labengki Blue Lagoon View,Kota Baubau Buton,Sulawesi Tenggara,alam,0.6240171691727912,-0.11125891606410736,-0.007017207323426325,1,0,0,0,0,0
101475,Taman Nasional Wakatobi Pusat Keanekaragaman Karang Dunia (Coral Triangle),Konawe Utara Wanggudu,Sulawesi Tenggara,alam,-0.22806597250008204,-0.11125891606410736,-0.007017207323426325,1,0,0,0,0,0
101476,Pulau Labengki Raja Ampat Sulawesi Tenggara Mini,Bombana Rumbia,Sulawesi Tenggara,alam,0.015386353692167442,0.7701379884844373,0.49776975808444685,1,0,0,0,0,0
101477,Danau Ubur-Ubur Lohia Muna Tanpa Sengat,Kota Baubau Buton,Sulawesi Tenggara,alam,-0.22806597250008204,-1.4333542728869222,0.49776975808444685,1,0,0,0,0,0
101478,Gua Liang Kabori Muna Lukisan Karst Tertua Layang-Layang Kuno,Konawe Utara Wanggudu,Sulawesi Tenggara,alam,-0.10633980940395729,-0.11125891606410736,0.49776975808444685,1,0,0,0,0,0
101479,Air Terjun Moramo Konsel Bertingkat 127 Undakan Batu Marmer,Konawe Unaaha,Sulawesi Tenggara,alam,0.13711251678829217,-0.11125891606410736,0.49776975808444685,1,0,0,0,0,0
101480,Sungai Tamborasi Kolaka Sungai Terpendek Kedua di Dunia (20 meter),Kota Baubau Buton,Sulawesi Tenggara,alam,-0.22806597250008204,1.6515348930329818,0.49776975808444685,1,0,0,0,0,0
101481,Gua Moko Muna Kolam Alami Air Tawar Jernih,Muna Raha,Sulawesi Tenggara,alam,-0.34979213559620675,0.7701379884844373,0.49776975808444685,1,0,0,0,0,0
101482,Pulau Sombori Teluk Karst Spektakuler,Konawe Utara Wanggudu,Sulawesi Tenggara,alam,-0.10633980940395729,-0.9926558206126519,-0.007017207323426325,1,0,0,0,0,0
101483,Benteng Keraton Buton Benteng Terluas di Dunia Rekor Guinness World Records,Konawe Selatan Andoolo,Sulawesi Tenggara,budaya,0.015386353692167442,1.6515348930329818,0.49776975808444685,0,0,0,1,0,0
101484,Istana Malige Rumah Adat Buton Kayu Tanpa Paku,Buton Pasarwajo,Sulawesi Tenggara,budaya,0.015386353692167442,0.7701379884844373,0.49776975808444685,0,0,0,1,0,0
101485,Museum Negeri Bharugano Wuna Muna,Konawe Selatan Andoolo,Sulawesi Tenggara,budaya,0.015386353692167442,-0.9926558206126519,0.49776975808444685,0,0,0,1,0,0
101486,Perkampungan Bajo Mola Wakatobi Rumah di Atas Karang,Konawe Selatan Andoolo,Sulawesi Tenggara,budaya,-0.22806597250008204,-0.11125891606410736,-0.007017207323426325,0,0,0,1,0,0
101487,Batu Popaua Tempat Pelantikan Raja-Raja Buton,Bombana Rumbia,Sulawesi Tenggara,budaya,-0.34979213559620675,0.7701379884844373,-0.5121071661078944,0,0,0,1,0,0
101488,Tari Tradisional Lulo Massal Kendari,Kota Baubau Buton,Sulawesi Tenggara,budaya,-0.4715182986923315,-0.5519573683383777,0.49776975808444685,0,0,0,1,0,0
101489,Desa Wisata Tenun Masalili Muna,Buton Pasarwajo,Sulawesi Tenggara,budaya,-0.4715182986923315,1.6515348930329818,-0.007017207323426325,0,0,0,1,0,0
101490,Kendari Water Sports Anjungan Teluk Kendari,Konawe Unaaha,Sulawesi Tenggara,hiburan,1.8412788001340386,1.6515348930329818,1.002859716868915,0,0,0,0,1,0
101491,CitraLand Waterpark Kendari,Muna Raha,Sulawesi Tenggara,hiburan,0.6240171691727912,1.2108364407587076,1.002859716868915,0,0,0,0,1,0
101492,Taman Kota Kendari Jogging Track,Konawe Utara Wanggudu,Sulawesi Tenggara,hiburan,1.8412788001340386,1.2108364407587076,1.002859716868915,0,0,0,0,1,0
101493,Jembatan Teluk Kendari Bahteramas Megah,Wakatobi Wangi-Wangi,Sulawesi Tenggara,hiburan,3.058540431095286,-1.4333542728869222,1.002859716868915,0,0,0,0,1,0
101494,Pusat Kerajinan Perak Kendari Kendari Filigree,Kolaka,Sulawesi Tenggara,belanja,-0.5932444617884562,0.7701379884844373,1.002859716868915,0,0,1,0,0,0
101495,Sentra Tenun Buton & Muna Masalili,Konawe Selatan Andoolo,Sulawesi Tenggara,belanja,-0.5932444617884562,-0.11125891606410736,-0.007017207323426325,0,0,1,0,0,0
101496,Pasar Sentral Kota Kendari,Muna Raha,Sulawesi Tenggara,belanja,-0.5932444617884562,-0.5519573683383777,-0.007017207323426325,0,0,1,0,0,0
101497,Sentra Kopi Rumbia Bombana,Bombana Rumbia,Sulawesi Tenggara,belanja,-0.5932444617884562,1.2108364407587076,0.49776975808444685,0,0,1,0,0,0
101498,Masjid Al-Alam Masjid Terapung Tengah Teluk Kendari,Kota Baubau Buton,Sulawesi Tenggara,religi,-0.5932444617884562,0.7701379884844373,0.49776975808444685,0,0,0,0,0,1
101499,Masjid Agung Keraton Buton,Buton Pasarwajo,Sulawesi Tenggara,religi,-0.5932444617884562,0.7701379884844373,1.002859716868915,0,0,0,0,0,1
101500,Masjid Raya Alkautsar Kendari,Kota Baubau Buton,Sulawesi Tenggara,religi,-0.5932444617884562,1.2108364407587076,0.49776975808444685,0,0,0,0,0,1
101501,Pantai Pasir Panjang Ngurbloat Kei Pasir Terhalus di Dunia,Kepulauan Aru Dobo,Maluku,bahari,-0.10633980940395729,0.7701379884844373,0.49776975808444685,0,1,0,0,0,0
101502,Pantai Pintu Kota Ambon Karang Berlubang Tebing Laut,Kota Tual,Maluku,bahari,-0.10633980940395729,1.2108364407587076,0.49776975808444685,0,1,0,0,0,0
101503,Pantai Natsepa Ambon Ikon Rujak Buah Natsepa,Seram Bagian Timur Bula,Maluku,bahari,0.015386353692167442,1.6515348930329818,-0.007017207323426325,0,1,0,0,0,0
101504,Pantai Liang Ambon (Pantai Hunimua) Air Sebening Kaca,Seram Bagian Timur Bula,Maluku,bahari,-0.4715182986923315,0.7701379884844373,-0.007017207323426325,0,1,0,0,0,0
101505,Pantai Ora Pulau Seram Surga Maladewa Indonesia,Maluku Tengah Masohi Banda,Maluku,bahari,-0.34979213559620675,0.329439536210163,-0.007017207323426325,0,1,0,0,0,0
101506,Pantai Bair Tual Raja Ampat Maluku,Maluku Barat Daya Tiakur,Maluku,bahari,-0.22806597250008204,-1.4333542728869222,0.49776975808444685,0,1,0,0,0,0
101507,Pantai Ngurtafur Pulau Warbal Pasir Timbul 2 km Burung Pelikan,Kepulauan Aru Dobo,Maluku,bahari,-0.10633980940395729,1.2108364407587076,1.002859716868915,0,1,0,0,0,0
101508,Pantai Hukurila Ambon Tebing Gua Karang,Seram Bagian Timur Bula,Maluku,bahari,0.13711251678829217,1.6515348930329818,-0.007017207323426325,0,1,0,0,0,0
101509,Pantai Santai Ambon Snorkeling,Kepulauan Aru Dobo,Maluku,bahari,-0.4715182986923315,1.2108364407587076,1.002859716868915,0,1,0,0,0,0
101510,Pantai Namalatu Ambon Batu Kerikil Alami,Maluku Barat Daya Tiakur,Maluku,bahari,0.13711251678829217,0.329439536210163,1.002859716868915,0,1,0,0,0,0
101511,Pantai Jikumerasa Pulau Buru,Kepulauan Aru Dobo,Maluku,bahari,0.015386353692167442,-0.11125891606410736,-0.007017207323426325,0,1,0,0,0,0
101512,Pantai Kisar MBD Karang Mutiara,Maluku Tenggara Langgur Kei,Maluku,bahari,0.13711251678829217,-0.5519573683383777,1.002859716868915,0,1,0,0,0,0
101513,Pantai Kurom Tanimbar,Kota Tual,Maluku,bahari,-0.22806597250008204,-1.4333542728869222,-0.007017207323426325,0,1,0,0,0,0
101514,Pantai Ohoidertawun Kei Pasir Surut Luas,Kota Tual,Maluku,bahari,0.015386353692167442,0.7701379884844373,0.49776975808444685,0,1,0,0,0,0
101515,Gunung Api Banda Kepulauan Banda Snorkeling Kawah Bawah Laut,Kota Ambon,Maluku,alam,0.6240171691727912,1.6515348930329818,-0.007017207323426325,1,0,0,0,0,0
101516,Gunung Binaiya Puncak Tertinggi Maluku (3.027 mdpl) Pulau Seram,Buru Namlea,Maluku,alam,-0.10633980940395729,0.7701379884844373,0.49776975808444685,1,0,0,0,0,0
101517,Bukit Karang Tebing Hatumete Seram,Seram Bagian Timur Bula,Maluku,alam,-0.10633980940395729,1.2108364407587076,1.002859716868915,1,0,0,0,0,0
101518,Puncak Bukit Martha Christina Tiahahu Ambon,Seram Bagian Timur Bula,Maluku,alam,-0.22806597250008204,0.7701379884844373,-0.007017207323426325,1,0,0,0,0,0
101519,Gunung Salahutu Ambon,Seram Bagian Barat Piru,Maluku,alam,0.2588386798844169,0.7701379884844373,0.49776975808444685,1,0,0,0,0,0
101520,Bukit Masbait Kei Puncak Ziarah Katolik Salib Kristus,Kepulauan Aru Dobo,Maluku,alam,-0.22806597250008204,1.2108364407587076,0.49776975808444685,1,0,0,0,0,0
101521,Puncak Laworkawu Tanimbar,Maluku Tengah Masohi Banda,Maluku,alam,0.2588386798844169,0.329439536210163,1.002859716868915,1,0,0,0,0,0
101522,Gunung Gamalama Buru,Kepulauan Tanimbar Saumlaki,Maluku,alam,-0.22806597250008204,1.2108364407587076,1.002859716868915,1,0,0,0,0,0
101523,Bukit Paralayang Batu Gong Ambon,Kota Ambon,Maluku,alam,0.6240171691727912,0.7701379884844373,-0.007017207323426325,1,0,0,0,0,0
101524,Puncak Sirimau Ambon,Maluku Barat Daya Tiakur,Maluku,alam,-0.22806597250008204,1.2108364407587076,-0.007017207323426325,1,0,0,0,0,0
101525,Kepulauan Banda Neira Kepulauan Rempah Bersejarah Pala & Cengkih Dunia,Kota Ambon,Maluku,alam,0.015386353692167442,1.2108364407587076,-0.007017207323426325,1,0,0,0,0,0
101526,Taman Bawah Laut Banda Neira Terumbu Karang Sehat,Kota Ambon,Maluku,alam,0.13711251678829217,-0.9926558206126519,-0.007017207323426325,1,0,0,0,0,0
101527,Danau Rana Pulau Buru Danau Suci Terbesar Maluku,Kota Ambon,Maluku,alam,-0.34979213559620675,0.7701379884844373,1.002859716868915,1,0,0,0,0,0
101528,Gua Hawang Kei Kolam Air Tawar Sebening Kristal,Kota Ambon,Maluku,alam,-0.22806597250008204,-0.5519573683383777,0.49776975808444685,1,0,0,0,0,0
101529,Taman Nasional Manusela Cagar Biosfer Satwa Burung Kakatua Seram,Kepulauan Aru Dobo,Maluku,alam,-0.22806597250008204,0.7701379884844373,-0.007017207323426325,1,0,0,0,0,0
101530,Air Terjun Wae Sai Seram Barat,Seram Bagian Barat Piru,Maluku,alam,0.13711251678829217,1.6515348930329818,0.49776975808444685,1,0,0,0,0,0
101531,Air Terjun Haturessy Maluku Tengah,Kota Ambon,Maluku,alam,-0.10633980940395729,-0.5519573683383777,0.49776975808444685,1,0,0,0,0,0
101532,Gua Luvat Kertayasa Lukisan Prasejarah Manusia Purba Kei,Kota Tual,Maluku,alam,0.015386353692167442,1.6515348930329818,1.002859716868915,1,0,0,0,0,0
101533,Benteng Belgica Banda Neira Benteng Segilima VOC Abad Ke-17 Uang Rp 1.000,Kota Tual,Maluku,budaya,0.015386353692167442,-1.4333542728869222,0.49776975808444685,0,0,0,1,0,0
101534,Benteng Nassau Banda Neira,Kepulauan Tanimbar Saumlaki,Maluku,budaya,-0.4715182986923315,0.7701379884844373,0.49776975808444685,0,0,0,1,0,0
101535,Rumah Pengasingan Bung Hatta & Sutan Sjahrir Banda Neira,Kepulauan Aru Dobo,Maluku,budaya,-0.22806597250008204,-0.9926558206126519,0.49776975808444685,0,0,0,1,0,0
101536,Museum Siwalima Ambon Koleksi Etnografi Seni Maluku,Buru Namlea,Maluku,budaya,-0.22806597250008204,-0.9926558206126519,1.002859716868915,0,0,0,1,0,0
101537,Benteng Duurstede Pulau Saparua Markas Kapitan Pattimura,Kota Ambon,Maluku,budaya,-0.22806597250008204,0.329439536210163,0.49776975808444685,0,0,0,1,0,0
101538,Benteng Amsterdam Hila Leihitu Ambon Tertua 1642,Kota Tual,Maluku,budaya,-0.34979213559620675,-0.5519573683383777,-0.007017207323426325,0,0,0,1,0,0
101539,Gong Perdamaian Dunia Ambon Simbol Persaudaraan Pela Gandong,Seram Bagian Timur Bula,Maluku,budaya,-0.34979213559620675,0.329439536210163,0.49776975808444685,0,0,0,1,0,0
101540,Taman Pattimura Kota Ambon Ruang Terbuka Hijau,Seram Bagian Timur Bula,Maluku,hiburan,1.2326479846534149,1.2108364407587076,1.002859716868915,0,0,0,0,1,0
101541,Ambon City Center (ACC) Passo,Kota Ambon,Maluku,hiburan,3.058540431095286,0.329439536210163,1.002859716868915,0,0,0,0,1,0
101542,Taman Makam Pahlawan Kapitan Pattimura,Kota Ambon,Maluku,hiburan,3.058540431095286,1.2108364407587076,1.002859716868915,0,0,0,0,1,0
101543,Waterpark Victoria Ambon,Kepulauan Tanimbar Saumlaki,Maluku,hiburan,4.275802062056533,-0.5519573683383777,1.002859716868915,0,0,0,0,1,0
101544,Pasar Mardika Ambon Pasar Ikan Segar Cakalang,Seram Bagian Barat Piru,Maluku,belanja,-0.5932444617884562,1.6515348930329818,0.49776975808444685,0,0,1,0,0,0
101545,Sentra Minyak Kayu Putih Asli Namlea Buru,Maluku Tenggara Langgur Kei,Maluku,belanja,-0.5932444617884562,-0.9926558206126519,-0.007017207323426325,0,0,1,0,0,0
101546,Pusat Kerajinan Besi Putih Morotai-Ambon,Maluku Tenggara Langgur Kei,Maluku,belanja,-0.5932444617884562,-0.9926558206126519,-0.007017207323426325,0,0,1,0,0,0
101547,Sentra Kacang Kenari Banda Neira & Halua Kenari,Kota Ambon,Maluku,belanja,-0.5932444617884562,-0.11125891606410736,-0.007017207323426325,0,0,1,0,0,0
101548,Masjid Tua Wapauwe Kaitetu Tertua di Maluku Sejak 1414 Masehi,Maluku Tengah Masohi Banda,Maluku,religi,-0.5932444617884562,-0.9926558206126519,1.002859716868915,0,0,0,0,0,1
101549,Gereja Maranatha Ambon Pusat GPM,Kota Tual,Maluku,religi,-0.5932444617884562,-1.4333542728869222,0.49776975808444685,0,0,0,0,0,1
101550,Gereja Katedral Santo Fransiskus Xaverius Ambon,Maluku Barat Daya Tiakur,Maluku,religi,-0.5932444617884562,-0.11125891606410736,0.49776975808444685,0,0,0,0,0,1
101551,Pantai Sulamadaha Ternate Air Laut Kaca Berenang Perahu Terapung,Pulau Morotai Daruba,Maluku Utara,bahari,-0.22806597250008204,-0.9926558206126519,0.49776975808444685,0,1,0,0,0,0
101552,Pantai Jikomalamo Ternate Surga Snorkeling Diving Terumbu Karang,Halmahera Selatan Labuha Bacan,Maluku Utara,bahari,-0.4715182986923315,-0.11125891606410736,0.49776975808444685,0,1,0,0,0,0
101553,Pantai Dodola Morotai Pulau Pasir Putih Menyambung Pasang Surut,Halmahera Selatan Labuha Bacan,Maluku Utara,bahari,-0.4715182986923315,0.7701379884844373,-0.007017207323426325,0,1,0,0,0,0
101554,Pantai Batu Angus Ternate Lahar Bekas Letusan Gunung Gamalama,Pulau Morotai Daruba,Maluku Utara,bahari,0.015386353692167442,-0.11125891606410736,0.49776975808444685,0,1,0,0,0,0
101555,Pantai Kastela Ternate Tempat Pembunuhan Sultan Khairun Portugis,Kepulauan Sula Sanana,Maluku Utara,bahari,-0.10633980940395729,-0.11125891606410736,-0.007017207323426325,0,1,0,0,0,0
101556,Pantai Bobanehena Jailolo Pasir Hitam Belerang Hangat,Kepulauan Sula Sanana,Maluku Utara,bahari,-0.22806597250008204,1.6515348930329818,0.49776975808444685,0,1,0,0,0,0
101557,Pantai Kupa-Kupa Tobelo Karang Tropis Teduh,Pulau Taliabu Bobong,Maluku Utara,bahari,0.015386353692167442,0.329439536210163,1.002859716868915,0,1,0,0,0,0
101558,Pantai Luari Halmahera Utara Sunrise Pasir Bersih,Halmahera Tengah Weda,Maluku Utara,bahari,0.015386353692167442,1.6515348930329818,0.49776975808444685,0,1,0,0,0,0
101559,Pantai Tugulufa Tidore Tepi Selat Pulau,Halmahera Timur Maba,Maluku Utara,bahari,-0.10633980940395729,0.7701379884844373,1.002859716868915,0,1,0,0,0,0
101560,Pantai Pastofiri Tidore Gosong Pasir Timbul Laut,Halmahera Timur Maba,Maluku Utara,bahari,-0.22806597250008204,1.6515348930329818,0.49776975808444685,0,1,0,0,0,0
101561,Pantai Tanjung Gorango Morotai Tebing Megah Ombak Surfing,Halmahera Timur Maba,Maluku Utara,bahari,-0.34979213559620675,-0.11125891606410736,1.002859716868915,0,1,0,0,0,0
101562,Pantai Nunuhu Morotai,Halmahera Barat Jailolo,Maluku Utara,bahari,-0.10633980940395729,1.2108364407587076,0.49776975808444685,0,1,0,0,0,0
101563,Pantai Falajawa Boulevard Ternate Berenang Tepi Kota,Pulau Morotai Daruba,Maluku Utara,bahari,-0.34979213559620675,0.329439536210163,0.49776975808444685,0,1,0,0,0,0
101564,Pantai Disa Halmahera Timur,Kota Ternate,Maluku Utara,bahari,-0.10633980940395729,1.2108364407587076,-0.007017207323426325,0,1,0,0,0,0
101565,Gunung Gamalama Ternate Puncak Stratovolcano Aktif Penghasil Cengkih,Kepulauan Sula Sanana,Maluku Utara,alam,0.015386353692167442,0.329439536210163,-0.007017207323426325,1,0,0,0,0,0
101566,Gunung Kie Matubu Tidore Puncak Gunung Uang Kertas Rp 1.000,Kota Ternate,Maluku Utara,alam,0.015386353692167442,1.2108364407587076,-0.007017207323426325,1,0,0,0,0,0
101567,Gunung Dukono Tobelo Kawah Belerang Vulkanik Aktif,Halmahera Barat Jailolo,Maluku Utara,alam,-0.34979213559620675,-0.9926558206126519,-0.007017207323426325,1,0,0,0,0,0
101568,Gunung Gamkonora Halmahera Barat Tertinggi di Halmahera,Kepulauan Sula Sanana,Maluku Utara,alam,-0.34979213559620675,1.2108364407587076,-0.007017207323426325,1,0,0,0,0,0
101569,Puncak Gunung Ibu Kawah Letusan Berkala,Halmahera Utara Tobelo,Maluku Utara,alam,-0.10633980940395729,0.7701379884844373,-0.007017207323426325,1,0,0,0,0,0
101570,Bukit Ngade Ternate Danau Laguna Berlatar Pulau Tidore,Pulau Taliabu Bobong,Maluku Utara,alam,0.015386353692167442,-0.5519573683383777,-0.5121071661078944,1,0,0,0,0,0
101571,Puncak Cengkeh Afo Ternate Pohon Cengkih Tertua di Dunia,Halmahera Barat Jailolo,Maluku Utara,alam,0.6240171691727912,0.329439536210163,-0.007017207323426325,1,0,0,0,0,0
101572,Bukit Sabatai Morotai Pemandangan Pasifik,Kepulauan Sula Sanana,Maluku Utara,alam,-0.10633980940395729,0.7701379884844373,-0.007017207323426325,1,0,0,0,0,0
101573,Puncak Rappa Pelangi Tidore,Halmahera Selatan Labuha Bacan,Maluku Utara,alam,0.6240171691727912,0.329439536210163,-0.007017207323426325,1,0,0,0,0,0
101574,Gunung Sibela Pulau Bacan Cagar Alam Batu Bacan,Halmahera Tengah Weda,Maluku Utara,alam,0.015386353692167442,-1.4333542728869222,-0.007017207323426325,1,0,0,0,0,0
101575,Danau Tolire Besar & Tolire Kecil Ternate Legenda Buaya Siluman,Halmahera Utara Tobelo,Maluku Utara,alam,-0.10633980940395729,1.6515348930329818,-0.007017207323426325,1,0,0,0,0,0
101576,Danau Laguna Ngade Ikon Pemandangan Ternate,Pulau Morotai Daruba,Maluku Utara,alam,0.13711251678829217,-0.9926558206126519,0.49776975808444685,1,0,0,0,0,0
101577,Air Terjun Cunca Kahatola Tebing Karang Jatuh Langsung ke Laut,Pulau Morotai Daruba,Maluku Utara,alam,-0.22806597250008204,-0.9926558206126519,1.002859716868915,1,0,0,0,0,0
101578,Taman Laut Selat Bacan Habitat Kima Raksasa,Halmahera Tengah Weda,Maluku Utara,alam,-0.10633980940395729,-0.9926558206126519,0.49776975808444685,1,0,0,0,0,0
101579,Pulau Kakara Tobelo Asal Tarian Perang Cakalele,Kota Tidore Kepulauan,Maluku Utara,alam,0.015386353692167442,-1.4333542728869222,0.49776975808444685,1,0,0,0,0,0
101580,Pulau Mitita Morotai Spot Menyelam Hiu Sirip Hitam,Halmahera Selatan Labuha Bacan,Maluku Utara,alam,-0.10633980940395729,1.2108364407587076,0.49776975808444685,1,0,0,0,0,0
101581,Batu Angus Ternate Hamparan Batu Bekas Lahar Beku 1907,Kota Ternate,Maluku Utara,alam,-0.22806597250008204,0.7701379884844373,0.49776975808444685,1,0,0,0,0,0
101582,Air Terjun Roko Halmahera Barat,Kepulauan Sula Sanana,Maluku Utara,alam,0.13711251678829217,-1.4333542728869222,-0.007017207323426325,1,0,0,0,0,0
101583,Kedaton Kesultanan Ternate Museum Pusaka Mahkota Berambut Emas,Halmahera Barat Jailolo,Maluku Utara,budaya,-0.34979213559620675,-0.11125891606410736,0.49776975808444685,0,0,0,1,0,0
101584,Kedaton Kesultanan Tidore Peninggalan Sultan Nuku Pahlawan Nasional,Kepulauan Sula Sanana,Maluku Utara,budaya,-0.34979213559620675,1.6515348930329818,0.49776975808444685,0,0,0,1,0,0
101585,Benteng Tolukko Ternate Benteng Portugis Menghadap Gamalama 1540,Halmahera Tengah Weda,Maluku Utara,budaya,-0.10633980940395729,1.2108364407587076,0.49776975808444685,0,0,0,1,0,0
101586,Benteng Kalamata Benteng Bastion Portugis Menghadap Tidore,Kota Tidore Kepulauan,Maluku Utara,budaya,0.015386353692167442,-0.9926558206126519,0.49776975808444685,0,0,0,1,0,0
101587,Benteng Kastela Benteng Tertua Portugis Santo Yohanes Pembaptis,Halmahera Timur Maba,Maluku Utara,budaya,-0.34979213559620675,-0.11125891606410736,-0.007017207323426325,0,0,0,1,0,0
101588,Benteng Torre & Benteng Tahula Peninggalan Spanyol di Tidore,Halmahera Selatan Labuha Bacan,Maluku Utara,budaya,-0.10633980940395729,1.2108364407587076,-0.007017207323426325,0,0,0,1,0,0
101589,Museum Perang Dunia II Morotai Monumen Tentara Sekutu Douglas MacArthur,Halmahera Timur Maba,Maluku Utara,budaya,-0.34979213559620675,-0.9926558206126519,0.49776975808444685,0,0,0,1,0,0
101590,Taman Landmark Kota Ternate Pinggir Laut,Kota Ternate,Maluku Utara,hiburan,1.2326479846534149,-1.4333542728869222,1.002859716868915,0,0,0,0,1,0
101591,Taman Film Ternate,Pulau Taliabu Bobong,Maluku Utara,hiburan,3.058540431095286,-0.5519573683383777,1.002859716868915,0,0,0,0,1,0
101592,Taman Dodoku Ali Tidore Waterfront,Halmahera Tengah Weda,Maluku Utara,hiburan,3.058540431095286,-0.11125891606410736,1.002859716868915,0,0,0,0,1,0
101593,Taman Kota Tobelo Halmahera Utara,Halmahera Tengah Weda,Maluku Utara,hiburan,1.8412788001340386,-0.5519573683383777,1.002859716868915,0,0,0,0,1,0
101594,Pasar Gamalama Ternate Pusat Rempah Pala Cengkih,Kepulauan Sula Sanana,Maluku Utara,belanja,-0.5932444617884562,-0.5519573683383777,0.49776975808444685,0,0,1,0,0,0
101595,Sentra Sirup Buah Pala Ternate Swering,Pulau Taliabu Bobong,Maluku Utara,belanja,-0.5932444617884562,0.7701379884844373,0.49776975808444685,0,0,1,0,0,0
101596,Pusat Kerajinan Batu Bacan Doko Halmahera Selatan,Kota Tidore Kepulauan,Maluku Utara,belanja,-0.5932444617884562,-1.4333542728869222,0.49776975808444685,0,0,1,0,0,0
101597,Sentra Batik Tubo Motif Rempah Ternate,Kota Tidore Kepulauan,Maluku Utara,belanja,-0.5932444617884562,-0.5519573683383777,0.49776975808444685,0,0,1,0,0,0
101598,Masjid Sultan Ternate Tua Sejak Abad ke-17 Atap Tumpang Empat,Kota Tidore Kepulauan,Maluku Utara,religi,-0.5932444617884562,-0.9926558206126519,1.002859716868915,0,0,0,0,0,1
101599,Masjid Raya Shaful Khairaat Sofifi Ibu Kota Maluku Utara,Halmahera Timur Maba,Maluku Utara,religi,-0.5932444617884562,-1.4333542728869222,1.002859716868915,0,0,0,0,0,1
101600,Gereja Tua Eben Haezer Tobelo 1898,Halmahera Tengah Weda,Maluku Utara,religi,-0.5932444617884562,0.7701379884844373,0.49776975808444685,0,0,0,0,0,1
101601,Pantai Base-G Jayapura Pasir Putih Bersejarah Sekutu PD II,Mamberamo Raya Kasonaweja,Papua,bahari,-0.34979213559620675,-0.5519573683383777,0.49776975808444685,0,1,0,0,0,0
101602,Pantai Hamadi Jayapura Hutan Mangrove & Jembatan Merah Youtefa,Kota Jayapura,Papua,bahari,-0.4715182986923315,1.2108364407587076,-0.007017207323426325,0,1,0,0,0,0
101603,Pantai Pasir Enam Jayapura Tersembunyi Karang Tropis,Kota Jayapura,Papua,bahari,-0.22806597250008204,1.6515348930329818,-0.007017207323426325,0,1,0,0,0,0
101604,Pantai Holtekamp Jembatan Youtefa Ikon Baru Papua,Waropen Botawa,Papua,bahari,-0.4715182986923315,1.2108364407587076,0.49776975808444685,0,1,0,0,0,0
101605,Pantai Tablanusu Pasir Kerikil Hitam Unik Bunyi Gemerisik,Waropen Botawa,Papua,bahari,-0.34979213559620675,-0.5519573683383777,-0.007017207323426325,0,1,0,0,0,0
101606,Pantai Harlem Jayapura Kolam Air Tawar Sebelah Air Asin Terjernih,Waropen Botawa,Papua,bahari,0.015386353692167442,1.2108364407587076,-0.007017207323426325,0,1,0,0,0,0
101607,Pantai Bosnik Biak Timur Terumbu Karang Air Biru,Kota Jayapura,Papua,bahari,0.13711251678829217,0.7701379884844373,0.49776975808444685,0,1,0,0,0,0
101608,Pantai Batu Pica Biak Deburan Karang Ombak Menjulang,Biak Numfor,Papua,bahari,0.13711251678829217,-0.9926558206126519,0.49776975808444685,0,1,0,0,0,0
101609,Pantai Segara Indah Bosnik Biak,Sarmi,Papua,bahari,0.015386353692167442,-0.5519573683383777,1.002859716868915,0,1,0,0,0,0
101610,Pantai Wari Biak Pasir Lembut Ombak Lepas Pasifik,Mamberamo Raya Kasonaweja,Papua,bahari,-0.34979213559620675,0.7701379884844373,0.49776975808444685,0,1,0,0,0,0
101611,Pantai Sorendiweri Supiori Mangrove Laut,Biak Numfor,Papua,bahari,0.015386353692167442,-0.5519573683383777,0.49776975808444685,0,1,0,0,0,0
101612,Pantai Amai Jayapura Muara Air Terjun Sungai Dingin,Kepulauan Yapen Serui,Papua,bahari,0.13711251678829217,0.7701379884844373,1.002859716868915,0,1,0,0,0,0
101613,Pantai Mariadei Yapen Serui,Sarmi,Papua,bahari,-0.34979213559620675,-0.5519573683383777,-0.007017207323426325,0,1,0,0,0,0
101614,Pantai Sarmi Ombak Selancar Pasifik,Sarmi,Papua,bahari,0.13711251678829217,-0.5519573683383777,0.49776975808444685,0,1,0,0,0,0
101615,Puncak Bukit Teletubbies Danau Sentani (Bukit Tungku Wiri),Mamberamo Raya Kasonaweja,Papua,alam,0.2588386798844169,1.2108364407587076,-0.007017207323426325,1,0,0,0,0,0
101616,Puncak Jayapura City Pemandangan Kerlap-kerlip Lampu Teluk Youtefa,Mamberamo Raya Kasonaweja,Papua,alam,0.6240171691727912,0.329439536210163,0.49776975808444685,1,0,0,0,0,0
101617,Puncak Bukit MacArthur Ifar Gunung Markas Jenderal Sekutu,Biak Numfor,Papua,alam,-0.22806597250008204,-0.11125891606410736,-0.007017207323426325,1,0,0,0,0,0
101618,Pegunungan Cycloop (Robhongholo) Cagar Alam Keramat Sumber Air,Keerom Waris,Papua,alam,-0.10633980940395729,-0.5519573683383777,0.49776975808444685,1,0,0,0,0,0
101619,Puncak Bukit Merah Putih Skouw Perbatasan Papua Nugini,Mamberamo Raya Kasonaweja,Papua,alam,-0.10633980940395729,0.7701379884844373,-0.5121071661078944,1,0,0,0,0,0
101620,Bukit Pantai Dok 2 Jayapura,Biak Numfor,Papua,alam,0.6240171691727912,1.6515348930329818,0.49776975808444685,1,0,0,0,0,0
101621,Puncak Samber Biak Numfor,Mamberamo Raya Kasonaweja,Papua,alam,0.6240171691727912,0.7701379884844373,-0.007017207323426325,1,0,0,0,0,0
101622,Puncak Lembah Grime Keerom,Supiori Sorendiweri,Papua,alam,0.6240171691727912,1.6515348930329818,0.49776975808444685,1,0,0,0,0,0
101623,Puncak Gunung Botak Sarmi,Supiori Sorendiweri,Papua,alam,-0.22806597250008204,1.6515348930329818,-0.007017207323426325,1,0,0,0,0,0
101624,Puncak Bukit Polimak Jayapura,Keerom Waris,Papua,alam,-0.10633980940395729,0.7701379884844373,0.49776975808444685,1,0,0,0,0,0
101625,Danau Sentani 22 Pulau Kecil di Tengah Danau Eksotis,Waropen Botawa,Papua,alam,-0.22806597250008204,1.6515348930329818,0.49776975808444685,1,0,0,0,0,0
101626,Taman Nasional Pegunungan Cycloop Habitat Kangguru Pohon & Cenderawasih,Kota Jayapura,Papua,alam,0.015386353692167442,1.2108364407587076,0.49776975808444685,1,0,0,0,0,0
101627,Gua Jepang Binsari Biak Saksi Bisu Perang Pasifik PD II,Sarmi,Papua,alam,0.13711251678829217,-0.9926558206126519,0.49776975808444685,1,0,0,0,0,0
101628,Air Terjun Kiti-Kiti Danau Sentani,Jayapura Sentani,Papua,alam,0.015386353692167442,-1.4333542728869222,1.002859716868915,1,0,0,0,0,0
101629,Teluk Youtefa Hutan Bakau & Ikan Karang,Waropen Botawa,Papua,alam,0.015386353692167442,1.2108364407587076,0.49776975808444685,1,0,0,0,0,0
101630,Kali Biru Genyem Kolam Alami Sebening Kaca di Tengah Hutan Rimba,Supiori Sorendiweri,Papua,alam,0.015386353692167442,-1.4333542728869222,0.49776975808444685,1,0,0,0,0,0
101631,Air Terjun Wafsarak Biak Air Terjun Biru Menyegarkan,Mamberamo Raya Kasonaweja,Papua,alam,-0.10633980940395729,1.6515348930329818,1.002859716868915,1,0,0,0,0,0
101632,Kepulauan Padaido Biak Surga Menyelam Terumbu Karang Karibia Papua,Jayapura Sentani,Papua,alam,-0.22806597250008204,0.7701379884844373,0.49776975808444685,1,0,0,0,0,0
101633,Desa Adat Asei Pulau Danau Sentani Seni Lukis Kulit Kayu Khombouw,Keerom Waris,Papua,budaya,-0.22806597250008204,-0.11125891606410736,0.49776975808444685,0,0,0,1,0,0
101634,Desa Adat Tobati & Enggros Suku Asli Teluk Youtefa,Supiori Sorendiweri,Papua,budaya,-0.34979213559620675,1.2108364407587076,0.49776975808444685,0,0,0,1,0,0
101635,Jembatan Merah Youtefa Ikon Infrastruktur Monumental Papua,Supiori Sorendiweri,Papua,budaya,-0.34979213559620675,-0.5519573683383777,0.49776975808444685,0,0,0,1,0,0
101636,Museum Loka Budaya Universitas Cenderawasih Abepura,Kota Jayapura,Papua,budaya,0.015386353692167442,-0.5519573683383777,-0.007017207323426325,0,0,0,1,0,0
101637,Museum Negeri Provinsi Papua Waena,Keerom Waris,Papua,budaya,-0.10633980940395729,0.329439536210163,-0.007017207323426325,0,0,0,1,0,0
101638,Monumen Jenderal Douglas MacArthur Markas Perang Pasifik,Waropen Botawa,Papua,budaya,-0.22806597250008204,-0.9926558206126519,-0.007017207323426325,0,0,0,1,0,0
101639,Kampung Adat Sauwandarek Biak Tradisi Barapen Bakar Batu,Kepulauan Yapen Serui,Papua,budaya,-0.10633980940395729,-0.11125891606410736,-0.007017207323426325,0,0,0,1,0,0
101640,Stadion Utama Papua Bangkit (Lukas Enembe Stadium),Biak Numfor,Papua,hiburan,0.6240171691727912,-1.4333542728869222,1.002859716868915,0,0,0,0,1,0
101641,Taman Imbi Jantung Kota Jayapura,Supiori Sorendiweri,Papua,hiburan,3.058540431095286,-0.11125891606410736,1.002859716868915,0,0,0,0,1,0
101642,Jayapura City Mall (JCM) Entrop,Supiori Sorendiweri,Papua,hiburan,4.275802062056533,1.2108364407587076,1.002859716868915,0,0,0,0,1,0
101643,Taman Wisata Alam Youtefa,Jayapura Sentani,Papua,hiburan,1.2326479846534149,1.2108364407587076,1.002859716868915,0,0,0,0,1,0
101644,Pasar Tradisional Hamadi Pusat Souvenir Koteka & Noken Papua Asli,Keerom Waris,Papua,belanja,-0.5932444617884562,0.7701379884844373,0.49776975808444685,0,0,1,0,0,0
101645,Sentra Noken Kulit Kayu Sentani Binaan UNESCO,Jayapura Sentani,Papua,belanja,-0.5932444617884562,-0.11125891606410736,0.49776975808444685,0,0,1,0,0,0
101646,Pasar Youtefa Abepura Sentra Buah Merah & Keladi,Biak Numfor,Papua,belanja,-0.5932444617884562,1.6515348930329818,0.49776975808444685,0,0,1,0,0,0
101647,Pusat Kerajinan Ukiran Asmat Jayapura,Mamberamo Raya Kasonaweja,Papua,belanja,-0.5932444617884562,-0.11125891606410736,0.49776975808444685,0,0,1,0,0,0
101648,Gereja Katedral Gembala Baik Abepura,Kota Jayapura,Papua,religi,-0.5932444617884562,1.2108364407587076,-0.007017207323426325,0,0,0,0,0,1
101649,Masjid Raya Baiturrahim Jayapura Tepi Teluk,Kepulauan Yapen Serui,Papua,religi,-0.5932444617884562,1.6515348930329818,-0.007017207323426325,0,0,0,0,0,1
101650,Tugu Salib Titik Masuk Injil Mansinam-Jayapura,Sarmi,Papua,religi,-0.5932444617884562,0.329439536210163,0.49776975808444685,0,0,0,0,0,1
101651,Pantai Pasir Putih Manokwari Teluk Doreri Wisata Snorkeling,Teluk Bintuni,Papua Barat,bahari,-0.10633980940395729,-0.11125891606410736,0.49776975808444685,0,1,0,0,0,0
101652,Pantai Bakaro Manokwari Tradisi Pemanggil Ikan Peluit Alami,Teluk Wondama Rasiei,Papua Barat,bahari,0.015386353692167442,1.2108364407587076,1.002859716868915,0,1,0,0,0,0
101653,Pantai Maruni Manokwari Pesisir Pabrik Semen Karang,Teluk Wondama Rasiei,Papua Barat,bahari,-0.4715182986923315,0.7701379884844373,1.002859716868915,0,1,0,0,0,0
101654,Pantai Bantemi Kaimana Sunset Teluk Triton Memukau,Teluk Wondama Rasiei,Papua Barat,bahari,-0.34979213559620675,-0.5519573683383777,0.49776975808444685,0,1,0,0,0,0
101655,Pantai Simora Kaimana Teluk Triton Karang Mengapung,Pegunungan Arfak Anggi,Papua Barat,bahari,-0.10633980940395729,1.2108364407587076,0.49776975808444685,0,1,0,0,0,0
101656,Pantai Air Tiba Fakfak Pasir Putih Berkeliling Pohon Kelapa,Fakfak,Papua Barat,bahari,-0.22806597250008204,-0.5519573683383777,-0.007017207323426325,0,1,0,0,0,0
101657,Pantai Werabur Fakfak,Pegunungan Arfak Anggi,Papua Barat,bahari,0.13711251678829217,-0.9926558206126519,1.002859716868915,0,1,0,0,0,0
101658,Pantai Yen Beba Manokwari,Teluk Wondama Rasiei,Papua Barat,bahari,0.015386353692167442,-1.4333542728869222,0.49776975808444685,0,1,0,0,0,0
101659,Pantai Amban Manokwari Ombak Surfing Pasifik,Teluk Bintuni,Papua Barat,bahari,-0.10633980940395729,0.329439536210163,0.49776975808444685,0,1,0,0,0,0
101660,Pantai Syari Teluk Wondama Pesisir Teluk Cenderawasih,Pegunungan Arfak Anggi,Papua Barat,bahari,0.015386353692167442,1.6515348930329818,-0.007017207323426325,0,1,0,0,0,0
101661,Pantai Tubir Seram Fakfak,Manokwari,Papua Barat,bahari,0.015386353692167442,0.7701379884844373,1.002859716868915,0,1,0,0,0,0
101662,Pantai Pulau Mansinam Tempat Ziarah Bersejarah,Fakfak,Papua Barat,bahari,-0.10633980940395729,-1.4333542728869222,1.002859716868915,0,1,0,0,0,0
101663,Pantai Abasi Manokwari Komunitas Selancar Anak Papua,Fakfak,Papua Barat,bahari,-0.22806597250008204,-0.9926558206126519,0.49776975808444685,0,1,0,0,0,0
101664,Pantai Venu Kaimana Pulau Penyu Belimbing Bertelur,Manokwari,Papua Barat,bahari,0.015386353692167442,-0.5519573683383777,1.002859716868915,0,1,0,0,0,0
101665,Pegunungan Arfak Puncak Tertinggi Papua Barat (2.955 mdpl) Surga Cenderawasih,Manokwari,Papua Barat,alam,-0.34979213559620675,-0.9926558206126519,-0.007017207323426325,1,0,0,0,0,0
101666,Puncak Bukit Kobrey Danau Anggi Pegaf,Teluk Bintuni,Papua Barat,alam,-0.10633980940395729,-1.4333542728869222,0.49776975808444685,1,0,0,0,0,0
101667,Puncak Gunung Meja Manokwari Hutan Lindung Tugu Jepang,Manokwari,Papua Barat,alam,-0.10633980940395729,1.2108364407587076,-0.5121071661078944,1,0,0,0,0,0
101668,Bukit Soribo Manokwari Panorama Kota,Teluk Wondama Rasiei,Papua Barat,alam,0.015386353692167442,1.2108364407587076,-0.007017207323426325,1,0,0,0,0,0
101669,Puncak Petuanan Kerajaan Fatagar Fakfak,Fakfak,Papua Barat,alam,-0.10633980940395729,-1.4333542728869222,0.49776975808444685,1,0,0,0,0,0
101670,Puncak Mandopi Manokwari,Fakfak,Papua Barat,alam,0.6240171691727912,0.7701379884844373,-0.007017207323426325,1,0,0,0,0,0
101671,Puncak Bukit Boi Kaimana,Kaimana,Papua Barat,alam,0.6240171691727912,1.2108364407587076,0.49776975808444685,1,0,0,0,0,0
101672,Bukit Ransiki Manokwari Selatan,Teluk Bintuni,Papua Barat,alam,-0.22806597250008204,0.7701379884844373,-0.007017207323426325,1,0,0,0,0,0
101673,Puncak Danau Anggi Giji & Anggi Gida (Danau Laki-laki & Perempuan),Teluk Wondama Rasiei,Papua Barat,alam,-0.22806597250008204,-0.9926558206126519,1.002859716868915,1,0,0,0,0,0
101674,Gunung Botak Manokwari Selatan Tebing Laut Spektakuler,Manokwari,Papua Barat,alam,0.015386353692167442,-0.11125891606410736,-0.5121071661078944,1,0,0,0,0,0
101675,Teluk Triton Kaimana Surga Bawah Air Raja Ampat Selatan Koral Lunak,Teluk Wondama Rasiei,Papua Barat,alam,0.015386353692167442,0.329439536210163,0.49776975808444685,1,0,0,0,0,0
101676,Taman Nasional Teluk Cenderawasih Berenang Bersama Hiu Paus Kwatisore,Manokwari,Papua Barat,alam,0.015386353692167442,1.2108364407587076,0.49776975808444685,1,0,0,0,0,0
101677,Danau Kembar Anggi Giji & Anggi Gida Pegunungan Arfak Sejuk,Manokwari Selatan Ransiki,Papua Barat,alam,0.015386353692167442,-1.4333542728869222,0.49776975808444685,1,0,0,0,0,0
101678,Air Terjun Kiti-Kiti Fakfak Jatuh Langsung ke Air Laut Asin,Pegunungan Arfak Anggi,Papua Barat,alam,0.015386353692167442,-0.9926558206126519,0.49776975808444685,1,0,0,0,0,0
101679,Gua Purba Kokas Fakfak Lukisan Tangan Merah Cadas Prasejarah Tebing Laut,Pegunungan Arfak Anggi,Papua Barat,alam,0.015386353692167442,0.329439536210163,0.49776975808444685,1,0,0,0,0,0
101680,Hutan Mangrove Teluk Bintuni Mangrove Terluas Kedua di Dunia,Kaimana,Papua Barat,alam,-0.22806597250008204,-0.9926558206126519,0.49776975808444685,1,0,0,0,0,0
101681,Kali Dingin Manokwari Mata Air Hutan Pegaf,Pegunungan Arfak Anggi,Papua Barat,alam,-0.22806597250008204,-1.4333542728869222,0.49776975808444685,1,0,0,0,0,0
101682,Air Terjun Anatu Kaimana,Teluk Bintuni,Papua Barat,alam,-0.10633980940395729,1.6515348930329818,0.49776975808444685,1,0,0,0,0,0
101683,Pulau Mansinam Manokwari Pulau Bersejarah Pendaratan Injil Pertama di Tanah Papua 1855,Kaimana,Papua Barat,budaya,-0.34979213559620675,-0.11125891606410736,-0.5121071661078944,0,0,0,1,0,0
101684,Situs Sejarah Tugu Salib Raksasa Mansinam,Manokwari,Papua Barat,budaya,-0.34979213559620675,0.7701379884844373,-0.007017207323426325,0,0,0,1,0,0
101685,Masjid Tua Patimburak Fakfak Simbol Toleransi Islam Satu Tungku Tiga Batu 1870,Teluk Bintuni,Papua Barat,budaya,-0.34979213559620675,-0.5519573683383777,0.49776975808444685,0,0,0,1,0,0
101686,Rumah Adat Kaki Seribu Suku Arfak Mod Aki Aksa,Manokwari,Papua Barat,budaya,0.015386353692167442,0.329439536210163,-0.007017207323426325,0,0,0,1,0,0
101687,Benteng Jepang Gua Binsari Kokas Fakfak Peninggalan Meriam PD II,Manokwari Selatan Ransiki,Papua Barat,budaya,0.015386353692167442,-1.4333542728869222,-0.007017207323426325,0,0,0,1,0,0
101688,Desa Wisata Rhepang Muaif Pengamatan Burung Pintar Namdur,Pegunungan Arfak Anggi,Papua Barat,budaya,-0.34979213559620675,-1.4333542728869222,1.002859716868915,0,0,0,1,0,0
101689,Museum Negeri Mansinam Manokwari,Teluk Bintuni,Papua Barat,budaya,-0.4715182986923315,-0.9926558206126519,0.49776975808444685,0,0,0,1,0,0
101690,Taman Kota Manokwari Lapangan Borasi,Fakfak,Papua Barat,hiburan,1.8412788001340386,1.6515348930329818,1.002859716868915,0,0,0,0,1,0
101691,Taman Kota Kaimana Senja Kaimana,Manokwari Selatan Ransiki,Papua Barat,hiburan,4.275802062056533,1.6515348930329818,1.002859716868915,0,0,0,0,1,0
101692,Hadi Mall Manokwari,Manokwari,Papua Barat,hiburan,0.6240171691727912,-0.5519573683383777,1.002859716868915,0,0,0,0,1,0
101693,Taman Bermain Anak Fakfak Waterfront,Teluk Wondama Rasiei,Papua Barat,hiburan,1.8412788001340386,0.329439536210163,1.002859716868915,0,0,0,0,1,0
101694,Pasar Sanggeng Manokwari Sentra Noken & Buah Salak Manokwari,Teluk Wondama Rasiei,Papua Barat,belanja,-0.5932444617884562,0.329439536210163,1.002859716868915,0,0,1,0,0,0
101695,Sentra Pala Fakfak Permen Tomat Pala Asli Fakfak,Manokwari,Papua Barat,belanja,-0.5932444617884562,1.2108364407587076,0.49776975808444685,0,0,1,0,0,0
101696,Sentra Cokelat Ransiki Kakao Organik Terbaik Dunia,Teluk Bintuni,Papua Barat,belanja,-0.5932444617884562,1.6515348930329818,0.49776975808444685,0,0,1,0,0,0
101697,Pasar Ikan Sanggeng Manokwari,Teluk Wondama Rasiei,Papua Barat,belanja,-0.5932444617884562,-0.11125891606410736,1.002859716868915,0,0,1,0,0,0
101698,Gereja Pengharapan Mansinam Monumen Injil Papua,Manokwari Selatan Ransiki,Papua Barat,religi,-0.5932444617884562,0.7701379884844373,1.002859716868915,0,0,0,0,0,1
101699,Masjid Tua Patimburak Fakfak Bentuk Kubah Gereja-Masjid Filosofi Toleransi,Manokwari Selatan Ransiki,Papua Barat,religi,-0.5932444617884562,1.2108364407587076,0.49776975808444685,0,0,0,0,0,1
101700,Gereja Katedral Santo Agustinus Manokwari,Fakfak,Papua Barat,religi,-0.5932444617884562,1.2108364407587076,0.49776975808444685,0,0,0,0,0,1
101701,Pantai Pasir Timbul Raja Ampat Gosong Pasir Putih di Tengah Lautan Karang,Sorong Aimas,Papua Barat Daya,bahari,0.015386353692167442,1.2108364407587076,-0.007017207323426325,0,1,0,0,0,0
101702,Pantai Waiwo Waisai Raja Ampat Menyelam Depan Kamar Resor,Tambrauw Fef,Papua Barat Daya,bahari,0.13711251678829217,-0.5519573683383777,0.49776975808444685,0,1,0,0,0,0
101703,Pantai Tanjung Kasuari Sorong Pasir Putih Pohon Rindang Tepi Kota,Sorong Aimas,Papua Barat Daya,bahari,0.13711251678829217,-0.5519573683383777,1.002859716868915,0,1,0,0,0,0
101704,Pantai Saonek Raja Ampat Sejarah Ibu Kota Lama,Sorong Aimas,Papua Barat Daya,bahari,-0.4715182986923315,-0.9926558206126519,0.49776975808444685,0,1,0,0,0,0
101705,Pantai Waisai Torang Cinta (WTC) Waterfront Kota Raja Ampat,Sorong Selatan Teminabuan,Papua Barat Daya,bahari,-0.4715182986923315,0.7701379884844373,1.002859716868915,0,1,0,0,0,0
101706,Pantai Arborek Pulau Desa Wisata Terumbu Karang Bawah Dermaga,Kota Sorong,Papua Barat Daya,bahari,0.015386353692167442,0.7701379884844373,-0.007017207323426325,0,1,0,0,0,0
101707,Pantai Pulau Friwen Pasir Halus & Gorengan Hangat Raja Ampat,Kota Sorong,Papua Barat Daya,bahari,-0.34979213559620675,-0.5519573683383777,0.49776975808444685,0,1,0,0,0,0
101708,Pantai Saleo Waisai Air Teduh Rindang Pepohonan,Kota Sorong,Papua Barat Daya,bahari,0.13711251678829217,1.6515348930329818,0.49776975808444685,0,1,0,0,0,0
101709,Pantai Jamursba Medi Tambrauw Tempat Bertelur Penyu Belimbing Raksasa Terbesar Dunia,Raja Ampat Waisai,Papua Barat Daya,bahari,-0.10633980940395729,-0.9926558206126519,0.49776975808444685,0,1,0,0,0,0
101710,Pantai Warmamedi Tambrauw Konservasi Penyu,Sorong Selatan Teminabuan,Papua Barat Daya,bahari,0.015386353692167442,0.7701379884844373,-0.007017207323426325,0,1,0,0,0,0
101711,Pantai Dofior Kota Sorong Sunset Tembok Berlin,Raja Ampat Waisai,Papua Barat Daya,bahari,0.13711251678829217,0.7701379884844373,0.49776975808444685,0,1,0,0,0,0
101712,Pantai Seget Sorong Pesisir Kilang Minyak Bersejarah,Sorong Selatan Teminabuan,Papua Barat Daya,bahari,-0.10633980940395729,-0.5519573683383777,0.49776975808444685,0,1,0,0,0,0
101713,Pantai Pulau Misool Karst Selatan Air Sebening Permata,Kota Sorong,Papua Barat Daya,bahari,-0.4715182986923315,0.7701379884844373,1.002859716868915,0,1,0,0,0,0
101714,Pantai Banos Misool Pasir Putih Halus,Raja Ampat Waisai,Papua Barat Daya,bahari,-0.22806597250008204,-0.11125891606410736,0.49776975808444685,0,1,0,0,0,0
101715,Puncak Wayag Raja Ampat Ikon Dunia Bukit Karst Jamur Mengapung di Laut Biru,Sorong Selatan Teminabuan,Papua Barat Daya,alam,0.6240171691727912,-0.11125891606410736,-0.007017207323426325,1,0,0,0,0,0
101716,Puncak Piaynemo Raja Ampat Miniatur Wayag Tangga Kayu,Kota Sorong,Papua Barat Daya,alam,0.015386353692167442,-0.9926558206126519,0.49776975808444685,1,0,0,0,0,0
101717,Puncak Dapunlol Teluk Misool Karst Menjulang Megah Harimau,Kota Sorong,Papua Barat Daya,alam,-0.10633980940395729,1.2108364407587076,-0.007017207323426325,1,0,0,0,0,0
101718,Puncak Bukit Love Teluk Bidadari Karst Berbentuk Hati,Raja Ampat Waisai,Papua Barat Daya,alam,0.2588386798844169,1.2108364407587076,0.49776975808444685,1,0,0,0,0,0
101719,Puncak Bukit Peternakan Mare Maybrat,Tambrauw Fef,Papua Barat Daya,alam,-0.10633980940395729,-0.9926558206126519,-0.007017207323426325,1,0,0,0,0,0
101720,Puncak Bukit Teletubbies Teminabuan Sorong Selatan,Sorong Aimas,Papua Barat Daya,alam,-0.22806597250008204,-0.9926558206126519,-0.007017207323426325,1,0,0,0,0,0
101721,Puncak Sorong City View Pemandangan Pelabuhan & Selat Dampier,Sorong Aimas,Papua Barat Daya,alam,-0.34979213559620675,-1.4333542728869222,1.002859716868915,1,0,0,0,0,0
101722,Gunung Tambrauw Konservasi Hutan Pegunungan,Raja Ampat Waisai,Papua Barat Daya,alam,0.015386353692167442,0.7701379884844373,-0.007017207323426325,1,0,0,0,0,0
101723,Bukit Salju Fef Tambrauw Kabut Tebal Rimba,Raja Ampat Waisai,Papua Barat Daya,alam,-0.34979213559620675,-0.9926558206126519,-0.007017207323426325,1,0,0,0,0,0
101724,Puncak Gunung Kwoka Tambrauw,Sorong Aimas,Papua Barat Daya,alam,0.2588386798844169,-0.11125891606410736,0.49776975808444685,1,0,0,0,0,0
101725,Kepulauan Raja Ampat Ibukota Terumbu Karang Terkaya di Planet Bumi (UNESCO Global Geopark),Kota Sorong,Papua Barat Daya,alam,0.13711251678829217,-1.4333542728869222,0.49776975808444685,1,0,0,0,0,0
101726,Kali Biru Warsambin Raja Ampat Sungai Hutan Tropis Berair Biru Safir Dingin,Tambrauw Fef,Papua Barat Daya,alam,0.13711251678829217,-0.11125891606410736,0.49776975808444685,1,0,0,0,0,0
101727,Danau Ayamaru Maybrat Tiga Danau Karst Purba Habitat Ikan Pelangi,Sorong Aimas,Papua Barat Daya,alam,-0.22806597250008204,-0.5519573683383777,0.49776975808444685,1,0,0,0,0,0
101728,Kali Kaca Teminabuan Sorong Selatan Sungai Transparan Air Sebening Kaca,Raja Ampat Waisai,Papua Barat Daya,alam,-0.22806597250008204,1.2108364407587076,0.49776975808444685,1,0,0,0,0,0
101729,Teluk Kabui Raja Ampat Tebing Karst dan Batu Pensil Megah,Sorong Aimas,Papua Barat Daya,alam,-0.10633980940395729,0.329439536210163,-0.007017207323426325,1,0,0,0,0,0
101730,Gua Keramat Misool Al-Qur'an Kuno & Kolam Bawah Tanah,Tambrauw Fef,Papua Barat Daya,alam,0.015386353692167442,-0.9926558206126519,1.002859716868915,1,0,0,0,0,0
101731,Laguna Bintang Star Lagoon Piaynemo Gugusan Karst Berbentuk Bintang,Sorong Aimas,Papua Barat Daya,alam,-0.10633980940395729,-0.9926558206126519,0.49776975808444685,1,0,0,0,0,0
101732,Air Terjun Sasnek Sorong Selatan Bertingkat di Tengah Hutan Rimba Belantara,Tambrauw Fef,Papua Barat Daya,alam,0.015386353692167442,0.329439536210163,1.002859716868915,1,0,0,0,0,0
101733,Desa Wisata Arborek Pengrajin Topi Pari Manta & Noken Anyam Daun Pandan Laut,Tambrauw Fef,Papua Barat Daya,budaya,-0.22806597250008204,1.2108364407587076,1.002859716868915,0,0,0,1,0,0
101734,Desa Adat Sawinggrai Pusat Pengamatan Tari Burung Cenderawasih Merah Liar,Raja Ampat Waisai,Papua Barat Daya,budaya,-0.10633980940395729,1.6515348930329818,0.49776975808444685,0,0,0,1,0,0
101735,Kawasan Tembok Berlin Sorong Kuliner Pesisir Ikan Bakar,Sorong Selatan Teminabuan,Papua Barat Daya,budaya,-0.10633980940395729,-0.5519573683383777,0.49776975808444685,0,0,0,1,0,0
101736,Lukisan Cadas Tebing Purba Misool Cap Telapak Tangan Oker Merah,Kota Sorong,Papua Barat Daya,budaya,-0.34979213559620675,-0.11125891606410736,-0.007017207323426325,0,0,0,1,0,0
101737,Desa Tradisional Warsambin Pintu Masuk Teluk Mayalibit,Tambrauw Fef,Papua Barat Daya,budaya,-0.22806597250008204,0.329439536210163,0.49776975808444685,0,0,0,1,0,0
101738,Rumah Adat Suku Maybrat Kain Timur Pusaka Sakral,Maybrat Kumurkek,Papua Barat Daya,budaya,-0.4715182986923315,0.7701379884844373,1.002859716868915,0,0,0,1,0,0
101739,Tugu Selamat Datang Kota Sorong Pintu Gerbang Papua Barat Daya,Raja Ampat Waisai,Papua Barat Daya,budaya,-0.10633980940395729,-0.11125891606410736,-0.5121071661078944,0,0,0,1,0,0
101740,Taman Sorong City Landmark Kota,Sorong Aimas,Papua Barat Daya,hiburan,1.8412788001340386,-0.9926558206126519,1.002859716868915,0,0,0,0,1,0
101741,Mega Mall Sorong Pusat Belanja Terbesar Sorong,Maybrat Kumurkek,Papua Barat Daya,hiburan,4.275802062056533,-0.5519573683383777,1.002859716868915,0,0,0,0,1,0
101742,Waterpark Aimas Kabupaten Sorong,Tambrauw Fef,Papua Barat Daya,hiburan,1.8412788001340386,0.7701379884844373,1.002859716868915,0,0,0,0,1,0
101743,Waisai Waterfront Park Raja Ampat,Kota Sorong,Papua Barat Daya,hiburan,0.6240171691727912,0.7701379884844373,1.002859716868915,0,0,0,0,1,0
101744,Pasar Remu Sorong Sentra Oleh-Oleh Keripik Keladi & Abon Gulung Hawaii,Tambrauw Fef,Papua Barat Daya,belanja,-0.5932444617884562,0.7701379884844373,1.002859716868915,0,0,1,0,0,0
101745,Sentra Roti Abon Gulung Sorong Bakery Manise,Sorong Selatan Teminabuan,Papua Barat Daya,belanja,-0.5932444617884562,-0.11125891606410736,1.002859716868915,0,0,1,0,0,0
101746,Pasar Ikan Jembatan Puri Sorong Tuna & Lobster Segar,Kota Sorong,Papua Barat Daya,belanja,-0.5932444617884562,-1.4333542728869222,0.49776975808444685,0,0,1,0,0,0
101747,Sentra Kerajinan Patung Asmat & Noken Raja Ampat,Sorong Selatan Teminabuan,Papua Barat Daya,belanja,-0.5932444617884562,1.6515348930329818,1.002859716868915,0,0,1,0,0,0
101748,Masjid Raya Al-Akbar Kota Sorong Megah Kubah Emas,Sorong Aimas,Papua Barat Daya,religi,-0.5932444617884562,1.2108364407587076,0.49776975808444685,0,0,0,0,0,1
101749,Gereja Katedral Kristus Raja Sorong,Kota Sorong,Papua Barat Daya,religi,-0.5932444617884562,-0.11125891606410736,1.002859716868915,0,0,0,0,0,1
101750,Gereja Tua Klasis Raja Ampat Waisai,Sorong Aimas,Papua Barat Daya,religi,-0.5932444617884562,0.329439536210163,1.002859716868915,0,0,0,0,0,1
101751,Pasir Putih Aikima Lembah Baliem Hamparan Pasir Putih Pegunungan Misterius,Tolikara Karubaga,Papua Pegunungan,bahari,0.13711251678829217,-0.11125891606410736,1.002859716868915,0,1,0,0,0,0
101752,Tepi Danau Habema Tertinggi Indonesia Berpasir Dingin,Mamberamo Tengah Kobakma,Papua Pegunungan,bahari,-0.22806597250008204,-0.11125891606410736,1.002859716868915,0,1,0,0,0,0
101753,Pesisir Pasir Kali Baliem Wamena Arus Deras Sungai Gunung,Yahukimo Dekai,Papua Pegunungan,bahari,-0.22806597250008204,-1.4333542728869222,0.49776975808444685,0,1,0,0,0,0
101754,Pesisir Danau Habbema Puncak Trikora,Nduga Kenyam,Papua Pegunungan,bahari,-0.34979213559620675,1.6515348930329818,-0.007017207323426325,0,1,0,0,0,0
101755,Tepi Sungai Brazza Dekai Yahukimo Hutan Rawa Raksasa,Jayawijaya Wamena,Papua Pegunungan,bahari,-0.10633980940395729,0.329439536210163,0.49776975808444685,0,1,0,0,0,0
101756,Pasir Kali Ibele Wamena Bebatuan Granit Lembah,Yahukimo Dekai,Papua Pegunungan,bahari,-0.4715182986923315,-0.9926558206126519,-0.007017207323426325,0,1,0,0,0,0
101757,Tepi Danau Telaga Biru Maima Jayawijaya,Pegunungan Bintang Oksibil,Papua Pegunungan,bahari,0.015386353692167442,-1.4333542728869222,-0.007017207323426325,0,1,0,0,0,0
101758,Pesisir Sungai Lorentz Nduga Aliran Gletser Salju,Jayawijaya Wamena,Papua Pegunungan,bahari,0.13711251678829217,0.329439536210163,0.49776975808444685,0,1,0,0,0,0
101759,Pantai Pasir Putih Sumur Alami Lembah Baliem,Yalimo Elelim,Papua Pegunungan,bahari,0.13711251678829217,-0.5519573683383777,0.49776975808444685,0,1,0,0,0,0
101760,Tepi Sungai Baliem Asologaima,Mamberamo Tengah Kobakma,Papua Pegunungan,bahari,0.13711251678829217,-0.11125891606410736,0.49776975808444685,0,1,0,0,0,0
101761,Pasir Kali Uwe Wamena,Nduga Kenyam,Papua Pegunungan,bahari,-0.10633980940395729,1.2108364407587076,0.49776975808444685,0,1,0,0,0,0
101762,Tepi Danau Hutan Trikora,Yahukimo Dekai,Papua Pegunungan,bahari,-0.4715182986923315,-0.11125891606410736,0.49776975808444685,0,1,0,0,0,0
101763,Pesisir Kali Tiom Lanny Jaya,Jayawijaya Wamena,Papua Pegunungan,bahari,0.13711251678829217,-1.4333542728869222,0.49776975808444685,0,1,0,0,0,0
101764,Tepi Sungai Oksibil Pegunungan Bintang,Yahukimo Dekai,Papua Pegunungan,bahari,-0.34979213559620675,-0.5519573683383777,-0.007017207323426325,0,1,0,0,0,0
101765,Puncak Trikora Puncak Tertinggi Papua Pegunungan (4.750 mdpl) Salju Abadi,Lanny Jaya Tiom,Papua Pegunungan,alam,0.2588386798844169,0.329439536210163,1.002859716868915,1,0,0,0,0,0
101766,Pegunungan Jayawijaya Barisan Sudirman Tulang Punggung Pulau Papua,Yahukimo Dekai,Papua Pegunungan,alam,-0.22806597250008204,-0.11125891606410736,-0.007017207323426325,1,0,0,0,0,0
101767,Puncak Mandala Pegunungan Bintang (4.760 mdpl) Puncak Salju Kedua,Yahukimo Dekai,Papua Pegunungan,alam,0.015386353692167442,-0.11125891606410736,0.49776975808444685,1,0,0,0,0,0
101768,Lembah Baliem Hamparan Lembah Hijau Ketinggian 1.650 mdpl Terkenal Sedunia,Pegunungan Bintang Oksibil,Papua Pegunungan,alam,0.015386353692167442,-0.5519573683383777,-0.007017207323426325,1,0,0,0,0,0
101769,Puncak Bukit Wolani Wamena,Mamberamo Tengah Kobakma,Papua Pegunungan,alam,0.015386353692167442,-1.4333542728869222,1.002859716868915,1,0,0,0,0,0
101770,Puncak Bukit Isakusa Lembah Baliem,Nduga Kenyam,Papua Pegunungan,alam,0.015386353692167442,-0.9926558206126519,0.49776975808444685,1,0,0,0,0,0
101771,Puncak Buntul Kurima Pintu Masuk Yahukimo,Nduga Kenyam,Papua Pegunungan,alam,0.2588386798844169,0.329439536210163,0.49776975808444685,1,0,0,0,0,0
101772,Puncak Gunung Elit Yalimo,Jayawijaya Wamena,Papua Pegunungan,alam,0.2588386798844169,-1.4333542728869222,-0.5121071661078944,1,0,0,0,0,0
101773,Puncak Tiom Lanny Jaya Negeri Lembah Kabut Dingin,Lanny Jaya Tiom,Papua Pegunungan,alam,0.6240171691727912,0.7701379884844373,-0.007017207323426325,1,0,0,0,0,0
101774,Puncak Bokondini Tolikara Lembah Terisolir Eksotis,Yahukimo Dekai,Papua Pegunungan,alam,0.6240171691727912,-0.11125891606410736,-0.5121071661078944,1,0,0,0,0,0
101775,Danau Habema (Danau di Atas Awan) Danau Tertinggi di Indonesia (3.300 mdpl) Kaki Trikora,Jayawijaya Wamena,Papua Pegunungan,alam,-0.10633980940395729,-1.4333542728869222,-0.007017207323426325,1,0,0,0,0,0
101776,Taman Nasional Lorentz Situs Warisan Dunia UNESCO Ekosistem Terlengkap dari Salju ke Tropis,Yalimo Elelim,Papua Pegunungan,alam,-0.22806597250008204,-0.11125891606410736,0.49776975808444685,1,0,0,0,0,0
101777,Gua Kotilola Wamena Gua Karst Raksasa Tempat Tinggal Kelelawar Purba Hutan Lembah,Yahukimo Dekai,Papua Pegunungan,alam,-0.34979213559620675,-0.9926558206126519,0.49776975808444685,1,0,0,0,0,0
101778,Telaga Biru Maima Danau Keramat Air Biru Pekat Tersembunyi,Pegunungan Bintang Oksibil,Papua Pegunungan,alam,-0.22806597250008204,-0.9926558206126519,-0.007017207323426325,1,0,0,0,0,0
101779,Air Terjun Napua Wamena Suasana Alami Hutan Pinus,Pegunungan Bintang Oksibil,Papua Pegunungan,alam,0.13711251678829217,0.329439536210163,0.49776975808444685,1,0,0,0,0,0
101780,Mata Air Garam Alami Jiwika Sumur Garam Gunung di Atas Puncak Ketinggian Suku Dani,Nduga Kenyam,Papua Pegunungan,alam,-0.34979213559620675,1.2108364407587076,-0.007017207323426325,1,0,0,0,0,0
101781,Hutan Lumut Hutan Basah Trikora Berlumut Tebal Mirip Negeri Dongeng Fantasi,Lanny Jaya Tiom,Papua Pegunungan,alam,-0.34979213559620675,-1.4333542728869222,1.002859716868915,1,0,0,0,0,0
101782,Gua Lokale Wamena Gua Panjang Tanpa Ujung Terdalam,Lanny Jaya Tiom,Papua Pegunungan,alam,-0.10633980940395729,-0.11125891606410736,0.49776975808444685,1,0,0,0,0,0
101783,Mumi Kuno Jiwika Mumi Panglima Perang Suku Dani Berusia Ratusan Tahun Diawetkan Asap,Yalimo Elelim,Papua Pegunungan,budaya,-0.10633980940395729,1.6515348930329818,-0.007017207323426325,0,0,0,1,0,0
101784,Mumi Pumo & Mumi Aikima Tradisi Pengawetan Jenazah Leluhur Suku Dani,Pegunungan Bintang Oksibil,Papua Pegunungan,budaya,-0.10633980940395729,-0.5519573683383777,0.49776975808444685,0,0,0,1,0,0
101785,Desa Tradisional Obia Wamena Tempat Pelaksanaan Festival Budaya Lembah Baliem (FBLB),Mamberamo Tengah Kobakma,Papua Pegunungan,budaya,-0.10633980940395729,-0.5519573683383777,1.002859716868915,0,0,0,1,0,0
101786,Rumah Adat Honai Rumah Tradisional Beratap Jerami Melingkar Khas Dataran Tinggi Pegunungan,Pegunungan Bintang Oksibil,Papua Pegunungan,budaya,-0.10633980940395729,1.2108364407587076,-0.5121071661078944,0,0,0,1,0,0
101787,Perkampungan Tradisional Suku Yali Suku Kerdil Pembuat Jembatan Gantung Rotan Lembah Kurima,Nduga Kenyam,Papua Pegunungan,budaya,-0.10633980940395729,-0.5519573683383777,1.002859716868915,0,0,0,1,0,0
101788,Tradisi Barapen Pesta Bakar Batu Upacara Syukur Persaudaraan Nusantara Terbesar,Yalimo Elelim,Papua Pegunungan,budaya,-0.34979213559620675,-0.5519573683383777,1.002859716868915,0,0,0,1,0,0
101789,Suku Korowai Rumah Pohon Tinggi 30-50 Meter di Pucuk Pohon Hutan Belantara Yahukimo,Lanny Jaya Tiom,Papua Pegunungan,budaya,0.015386353692167442,-0.9926558206126519,0.49776975808444685,0,0,0,1,0,0
101790,Taman Menara Salib Wamena Landmark Kota,Nduga Kenyam,Papua Pegunungan,hiburan,1.2326479846534149,1.6515348930329818,1.002859716868915,0,0,0,0,1,0
101791,Taman Kota Karubaga Tolikara,Pegunungan Bintang Oksibil,Papua Pegunungan,hiburan,3.058540431095286,1.2108364407587076,1.002859716868915,0,0,0,0,1,0
101792,Pemandangan Lembah Sinakma Agrowisata Buah Kopi,Lanny Jaya Tiom,Papua Pegunungan,hiburan,4.275802062056533,-0.9926558206126519,1.002859716868915,0,0,0,0,1,0
101793,Taman Kota Tiom Lanny Jaya,Pegunungan Bintang Oksibil,Papua Pegunungan,hiburan,4.275802062056533,-0.11125891606410736,1.002859716868915,0,0,0,0,1,0
101794,Pasar Jibama Wamena Pusat Kopi Arabika Wamena Terbaik Dunia,Yahukimo Dekai,Papua Pegunungan,belanja,-0.5932444617884562,-0.9926558206126519,-0.007017207323426325,0,0,1,0,0,0
101795,Pasar Nayak Wamena Souvenir Noken Anggrek Emas Koteka & Tombak Kayu,Yalimo Elelim,Papua Pegunungan,belanja,-0.5932444617884562,-0.9926558206126519,-0.007017207323426325,0,0,1,0,0,0
101796,Sentra Kopi Arabika Organik Lembah Baliem Wamena,Tolikara Karubaga,Papua Pegunungan,belanja,-0.5932444617884562,-0.9926558206126519,0.49776975808444685,0,0,1,0,0,0
101797,Sentra Kerajinan Noken Serat Kayu Gaharu Wamena,Tolikara Karubaga,Papua Pegunungan,belanja,-0.5932444617884562,-1.4333542728869222,-0.007017207323426325,0,0,1,0,0,0
101798,Gereja Katedral Kristus Penebus Wamena,Mamberamo Tengah Kobakma,Papua Pegunungan,religi,-0.5932444617884562,1.6515348930329818,1.002859716868915,0,0,0,0,0,1
101799,Gereja Salib Suci Jiwika,Lanny Jaya Tiom,Papua Pegunungan,religi,-0.5932444617884562,0.7701379884844373,1.002859716868915,0,0,0,0,0,1
101800,Masjid Baiturrahman Wamena Simbol Kerukunan Dataran Tinggi,Yalimo Elelim,Papua Pegunungan,religi,-0.5932444617884562,-0.9926558206126519,1.002859716868915,0,0,0,0,0,1
101801,Pantai Lampu Satu Merauke Mercusuar Bersejarah Pasir Landai Surut Berkilo-kilometer,Asmat Agats,Papua Selatan,bahari,-0.4715182986923315,1.2108364407587076,0.49776975808444685,0,1,0,0,0,0
101802,Pantai Onggaya Merauke Pasir Merah Eksotis Sunset Samudera Arafura,Asmat Agats,Papua Selatan,bahari,-0.34979213559620675,-0.9926558206126519,0.49776975808444685,0,1,0,0,0,0
101803,Pantai Payum Merauke Tepi Kampus Musamus Hutan Kelapa,Asmat Agats,Papua Selatan,bahari,-0.22806597250008204,1.6515348930329818,-0.007017207323426325,0,1,0,0,0,0
101804,Pantai Buti Merauke Pusat Kuliner Ikan Bakar Pesisir,Asmat Agats,Papua Selatan,bahari,-0.4715182986923315,1.6515348930329818,-0.007017207323426325,0,1,0,0,0,0
101805,Pantai Imbuti Titik Temu Matahari Terbenam Ujung Timur,Mappi Kepi,Papua Selatan,bahari,0.015386353692167442,-1.4333542728869222,0.49776975808444685,0,1,0,0,0,0
101806,Pantai Kimaam Pulau Yos Sudarso Muara Rawa,Asmat Agats,Papua Selatan,bahari,-0.34979213559620675,-1.4333542728869222,-0.007017207323426325,0,1,0,0,0,0
101807,Pantai Nasem Merauke Pantai Pasir Cokelat Asri,Merauke,Papua Selatan,bahari,-0.34979213559620675,1.6515348930329818,0.49776975808444685,0,1,0,0,0,0
101808,Pantai Habe Pulau Karang Terluar Merauke,Asmat Agats,Papua Selatan,bahari,-0.10633980940395729,-1.4333542728869222,0.49776975808444685,0,1,0,0,0,0
101809,Pantai Wapeko Merauke Hutan Mangrove,Merauke,Papua Selatan,bahari,0.13711251678829217,1.6515348930329818,-0.007017207323426325,0,1,0,0,0,0
101810,Pantai Kumbe Merauke Muara Sungai Kumbe,Merauke,Papua Selatan,bahari,-0.4715182986923315,1.6515348930329818,0.49776975808444685,0,1,0,0,0,0
101811,Pantai Samkai Merauke Tepi Kota,Boven Digoel Tanah Merah,Papua Selatan,bahari,-0.22806597250008204,-0.9926558206126519,-0.007017207323426325,0,1,0,0,0,0
101812,Pantai Urumb Merauke,Asmat Agats,Papua Selatan,bahari,-0.4715182986923315,0.329439536210163,0.49776975808444685,0,1,0,0,0,0
101813,Pantai Matara Merauke,Boven Digoel Tanah Merah,Papua Selatan,bahari,-0.4715182986923315,-1.4333542728869222,0.49776975808444685,0,1,0,0,0,0
101814,Pantai Kepi Mappi Rawa Tepi Pesisir,Merauke,Papua Selatan,bahari,-0.22806597250008204,0.329439536210163,1.002859716868915,0,1,0,0,0,0
101815,Puncak Bukit Musamus Sarang Semut Raksasa Rumah Rayap 4-5 Meter Ikonik Dunia,Merauke,Papua Selatan,alam,-0.34979213559620675,-0.11125891606410736,-0.007017207323426325,1,0,0,0,0,0
101816,Puncak Bukit Tanah Merah Boven Digoel Tempat Pengasingan Pejuang Kemerdekaan,Boven Digoel Tanah Merah,Papua Selatan,alam,-0.34979213559620675,-0.9926558206126519,0.49776975808444685,1,0,0,0,0,0
101817,Bukit Salib Kepi Mappi Panorama Danau Rawa,Merauke,Papua Selatan,alam,0.015386353692167442,-0.11125891606410736,-0.007017207323426325,1,0,0,0,0,0
101818,Puncak Bukit Bupul Merauke Pemandangan Sabana,Merauke,Papua Selatan,alam,0.2588386798844169,-0.9926558206126519,-0.007017207323426325,1,0,0,0,0,0
101819,Bukit Mindiptana Boven Digoel Hutan Belantara,Boven Digoel Tanah Merah,Papua Selatan,alam,-0.34979213559620675,-0.5519573683383777,0.49776975808444685,1,0,0,0,0,0
101820,Puncak Kimaam Perbukitan Karang Rawa,Boven Digoel Tanah Merah,Papua Selatan,alam,-0.34979213559620675,1.2108364407587076,0.49776975808444685,1,0,0,0,0,0
101821,Bukit Asmat Agats Jembatan Kayu di Atas Rawa,Mappi Kepi,Papua Selatan,alam,0.2588386798844169,-0.11125891606410736,1.002859716868915,1,0,0,0,0,0
101822,Puncak Savana Kurik Merauke,Mappi Kepi,Papua Selatan,alam,-0.22806597250008204,-0.11125891606410736,-0.007017207323426325,1,0,0,0,0,0
101823,Bukit Perbatasan Sota Titik 0 KM Merauke Sabang,Asmat Agats,Papua Selatan,alam,-0.22806597250008204,-1.4333542728869222,-0.007017207323426325,1,0,0,0,0,0
101824,Bukit Erambu Merauke Suaka Rusa,Merauke,Papua Selatan,alam,0.2588386798844169,0.7701379884844373,0.49776975808444685,1,0,0,0,0,0
101825,Taman Nasional Wasur (Serengeti Papua) Padang Sabana Terluas Rusa Kanguru Kuskus & Sarang Semut Musamus,Asmat Agats,Papua Selatan,alam,0.13711251678829217,-0.5519573683383777,-0.007017207323426325,1,0,0,0,0,0
101826,Musamus Mahakarya Rayap Tanah Membangun Rumah Raksasa Keras Mirip Karang Ketinggian 5 Meter,Merauke,Papua Selatan,alam,-0.34979213559620675,0.329439536210163,0.49776975808444685,1,0,0,0,0,0
101827,Rawa Biru Danau Alami Sumber Air Bersih Merauke Habitat Flora Fauna Endemik,Boven Digoel Tanah Merah,Papua Selatan,alam,-0.10633980940395729,-0.11125891606410736,0.49776975808444685,1,0,0,0,0,0
101828,Sungai Digoel Sungai Bersejarah Perjuangan Bangsa Arus Megah Melintasi Hutan Belantara,Boven Digoel Tanah Merah,Papua Selatan,alam,-0.10633980940395729,0.329439536210163,1.002859716868915,1,0,0,0,0,0
101829,Cagar Alam Danau Rawa Bawah Asmat Habitat Burung Air Kasuari Buaya Muara,Merauke,Papua Selatan,alam,-0.10633980940395729,-0.11125891606410736,0.49776975808444685,1,0,0,0,0,0
101830,Kolam Pemandian Wisata Alam Kali Kumbe,Asmat Agats,Papua Selatan,alam,-0.22806597250008204,-0.9926558206126519,-0.007017207323426325,1,0,0,0,0,0
101831,Sungai Maro Merauke Susur Sungai Pesona Pelabuhan,Asmat Agats,Papua Selatan,alam,0.015386353692167442,0.7701379884844373,0.49776975808444685,1,0,0,0,0,0
101832,Rawa Hutan Nipah Asmat Hutan Bakau Tertua,Merauke,Papua Selatan,alam,-0.22806597250008204,0.329439536210163,-0.007017207323426325,1,0,0,0,0,0
101833,Kawasan Seni Budaya Ukir Kayu Suku Asmat Warisan Mahakarya Kemanusiaan UNESCO Terbaik Dunia,Asmat Agats,Papua Selatan,budaya,-0.4715182986923315,-0.11125891606410736,0.49776975808444685,0,0,0,1,0,0
101834,Monumen Kapsul Waktu Merauke Markas Impian Generasi Penerus Bangsa Bentuk Markas Avengers,Mappi Kepi,Papua Selatan,budaya,-0.34979213559620675,0.329439536210163,0.49776975808444685,0,0,0,1,0,0
101835,Tugu Nol Kilometer Merauke Titik Paling Timur Wilayah Kedaulatan Republik Indonesia Sabang-Merauke,Merauke,Papua Selatan,budaya,-0.34979213559620675,-0.5519573683383777,0.49776975808444685,0,0,0,1,0,0
101836,Situs Penjara Pengasingan Kolonial Boven Digoel Tempat Bung Hatta & Sutan Sjahrir Dibuang Belanda,Merauke,Papua Selatan,budaya,0.015386353692167442,0.329439536210163,0.49776975808444685,0,0,0,1,0,0
101837,Kota Agats Kota Unik di Atas Papan Seluruh Jalan & Rumah Bertiang Kayu di Atas Rawa Tanpa Tanah,Asmat Agats,Papua Selatan,budaya,-0.4715182986923315,-0.9926558206126519,-0.007017207323426325,0,0,0,1,0,0
101838,Museum Kebudayaan dan Kemajuan Asmat Agats Koleksi Ukiran Perisai & Patung Bisj Kuno Sakral,Merauke,Papua Selatan,budaya,-0.22806597250008204,0.7701379884844373,0.49776975808444685,0,0,0,1,0,0
101839,Rumah Bujang Suku Asmat (Jew) Tempat Sakral Leluhur Berkumpul Menyelesaikan Konflik,Boven Digoel Tanah Merah,Papua Selatan,budaya,-0.10633980940395729,-0.11125891606410736,-0.5121071661078944,0,0,0,1,0,0
101840,Taman Mandala Merauke Jantung Rekreasi Kota,Asmat Agats,Papua Selatan,hiburan,1.8412788001340386,-0.9926558206126519,1.002859716868915,0,0,0,0,1,0
101841,Taman Bunga Spadem Merauke,Asmat Agats,Papua Selatan,hiburan,1.8412788001340386,-0.5519573683383777,1.002859716868915,0,0,0,0,1,0
101842,Taman Libra (Lingkaran Brawijaya) Merauke Ikon Rusa,Boven Digoel Tanah Merah,Papua Selatan,hiburan,4.275802062056533,0.329439536210163,1.002859716868915,0,0,0,0,1,0
101843,Waterpark Kepi Mappi Rekreasi Keluarga,Boven Digoel Tanah Merah,Papua Selatan,hiburan,1.8412788001340386,-0.11125891606410736,1.002859716868915,0,0,0,0,1,0
101844,Pasar Wamanggu Merauke Pusat Oleh-Oleh Dendeng & Abon Rusa Asli,Asmat Agats,Papua Selatan,belanja,-0.5932444617884562,1.6515348930329818,0.49776975808444685,0,0,1,0,0,0
101845,Sentra Minyak Kayu Putih Wasur Asli Merauke,Merauke,Papua Selatan,belanja,-0.5932444617884562,0.329439536210163,1.002859716868915,0,0,1,0,0,0
101846,Sentra Ukiran Kayu Besi Suku Asmat Asli Agats,Asmat Agats,Papua Selatan,belanja,-0.5932444617884562,1.6515348930329818,-0.007017207323426325,0,0,1,0,0,0
101847,Pusat Kerajinan Tas Noken Merauke,Merauke,Papua Selatan,belanja,-0.5932444617884562,-0.9926558206126519,0.49776975808444685,0,0,1,0,0,0
101848,Gereja Katedral Santo Fransiskus Xaverius Merauke 1930 Peninggalan Misi Katolik,Asmat Agats,Papua Selatan,religi,-0.5932444617884562,0.7701379884844373,-0.007017207323426325,0,0,0,0,0,1
101849,Masjid Raya Baiturrahman Merauke,Boven Digoel Tanah Merah,Papua Selatan,religi,-0.5932444617884562,1.6515348930329818,0.49776975808444685,0,0,0,0,0,1
101850,Gereja Katedral Salib Suci Agats Asmat Konstruksi Kayu Besi Unik,Mappi Kepi,Papua Selatan,religi,-0.5932444617884562,-1.4333542728869222,0.49776975808444685,0,0,0,0,0,1
101851,Pantai Gauto Nabire Teluk Cenderawasih Hiu Paus Berenang Bebas,Deiyai Tigi,Papua Tengah,bahari,-0.10633980940395729,-0.9926558206126519,-0.007017207323426325,0,1,0,0,0,0
101852,Pantai Nabire Monumen Bahari Tepi Sunset Indah,Intan Jaya Sugapa,Papua Tengah,bahari,-0.34979213559620675,-0.5519573683383777,1.002859716868915,0,1,0,0,0,0
101853,Pantai Pasir Putih Pulau Pepaya Nabire Terumbu Karang Eksotis,Intan Jaya Sugapa,Papua Tengah,bahari,-0.10633980940395729,0.7701379884844373,0.49776975808444685,0,1,0,0,0,0
101854,Pantai Pulau Rumberpon Teluk Cenderawasih Padang Lamun Dugong,Nabire,Papua Tengah,bahari,-0.4715182986923315,0.329439536210163,0.49776975808444685,0,1,0,0,0,0
101855,Pantai Ipaya Mimika Pasir Hitam Samudera Arafura,Puncak Ilaga,Papua Tengah,bahari,-0.22806597250008204,-0.5519573683383777,0.49776975808444685,0,1,0,0,0,0
101856,Pantai Atuka Mimika Pesisir Suku Kamoro Tradisi Perahu Lesung,Paniai Enarotali,Papua Tengah,bahari,-0.4715182986923315,-0.5519573683383777,-0.007017207323426325,0,1,0,0,0,0
101857,Pantai Kokonao Mimika Peninggalan Sejarah Kota Tua Misi,Dogiyai Kigamani,Papua Tengah,bahari,-0.34979213559620675,-0.9926558206126519,0.49776975808444685,0,1,0,0,0,0
101858,Pantai Karadiri Nabire Wisata Keluarga,Dogiyai Kigamani,Papua Tengah,bahari,0.015386353692167442,0.7701379884844373,-0.007017207323426325,0,1,0,0,0,0
101859,Pantai Ahe Nabire Pulau Tak Berpenghuni Surga Diving,Puncak Ilaga,Papua Tengah,bahari,-0.34979213559620675,0.329439536210163,-0.007017207323426325,0,1,0,0,0,0
101860,Pantai Monumen Hiu Paus Kwatisore Nabire,Mimika Timika,Papua Tengah,bahari,-0.34979213559620675,-0.5519573683383777,1.002859716868915,0,1,0,0,0,0
101861,Pantai Amamapare Mimika Pelabuhan Ekspor Konsentrat Tembaga Emas Freeport,Puncak Jaya Kotamulia,Papua Tengah,bahari,-0.34979213559620675,-0.9926558206126519,1.002859716868915,0,1,0,0,0,0
101862,Pantai Otakwa Mimika Muara Hutan Rawa Bakau,Deiyai Tigi,Papua Tengah,bahari,-0.4715182986923315,0.329439536210163,1.002859716868915,0,1,0,0,0,0
101863,Pantai Kali Kopi Timika Pesisir Danau Air Asin,Paniai Enarotali,Papua Tengah,bahari,-0.10633980940395729,1.6515348930329818,0.49776975808444685,0,1,0,0,0,0
101864,Pantai Puriri Mimika Pulau Karang Pasir,Puncak Ilaga,Papua Tengah,bahari,-0.10633980940395729,-0.5519573683383777,0.49776975808444685,0,1,0,0,0,0
101865,Puncak Jaya (Carstensz Pyramid 4.884 mdpl) Atap Tertinggi Indonesia & Oseania Salju Abadi Dunia (Seven Summits),Intan Jaya Sugapa,Papua Tengah,alam,-0.10633980940395729,-0.9926558206126519,-0.5121071661078944,1,0,0,0,0,0
101866,Puncak Sumantri & Puncak Ngga Pulu Salju Abadi Gletser Carstensz,Mimika Timika,Papua Tengah,alam,0.015386353692167442,-0.5519573683383777,1.002859716868915,1,0,0,0,0,0
101867,Grasberg Tambang Emas Terbuka Raksasa Tertinggi di Dunia Ketinggian 4.280 mdpl,Nabire,Papua Tengah,alam,-0.34979213559620675,-0.11125891606410736,-0.007017207323426325,1,0,0,0,0,0
101868,Puncak Kotamulia Puncak Jaya Kota Terdingin di Indonesia Ketinggian 2.400 mdpl,Mimika Timika,Papua Tengah,alam,0.015386353692167442,-1.4333542728869222,0.49776975808444685,1,0,0,0,0,0
101869,Puncak Cartenz View Tembagapura Kota Modern Awan Freeport,Dogiyai Kigamani,Papua Tengah,alam,0.015386353692167442,1.2108364407587076,0.49776975808444685,1,0,0,0,0,0
101870,Bukit Bobaigo Paniai Pemandangan Menakjubkan Danau Paniai,Deiyai Tigi,Papua Tengah,alam,0.015386353692167442,-0.9926558206126519,-0.007017207323426325,1,0,0,0,0,0
101871,Puncak Lembah Ilaga Puncak Panorama Salju,Intan Jaya Sugapa,Papua Tengah,alam,0.6240171691727912,0.329439536210163,0.49776975808444685,1,0,0,0,0,0
101872,Puncak Deiyai Tigi Bukit Teletubbies Danau,Mimika Timika,Papua Tengah,alam,0.2588386798844169,1.6515348930329818,-0.007017207323426325,1,0,0,0,0,0
101873,Puncak Gunung Weyland Nabire Cagar Alam Hutan Rimba,Puncak Jaya Kotamulia,Papua Tengah,alam,0.015386353692167442,1.2108364407587076,1.002859716868915,1,0,0,0,0,0
101874,Puncak Sugapa Intan Jaya Titik Awal Pendakian Carstensz,Nabire,Papua Tengah,alam,0.015386353692167442,0.7701379884844373,-0.007017207323426325,1,0,0,0,0,0
101875,Taman Nasional Teluk Cenderawasih Kwatisore Nabire Atraksi Berenang Bersama Hiu Paus (Whale Shark),Paniai Enarotali,Papua Tengah,alam,0.015386353692167442,0.329439536210163,-0.007017207323426325,1,0,0,0,0,0
101876,Danau Paniai Danau Purba Terindah Dunia Dinobatkan Konferensi Danau Jenewa 1997,Nabire,Papua Tengah,alam,0.13711251678829217,-0.11125891606410736,0.49776975808444685,1,0,0,0,0,0
101877,Danau Tigi Deiyai Danau Purba Eksotis dengan Pulau Karang Kecil di Tengah Danau,Mimika Timika,Papua Tengah,alam,-0.34979213559620675,-0.5519573683383777,1.002859716868915,1,0,0,0,0,0
101878,Danau Tage Danau Berair Sebening Kristal Diapit Lembah Hijau Paniai,Deiyai Tigi,Papua Tengah,alam,-0.22806597250008204,1.6515348930329818,1.002859716868915,1,0,0,0,0,0
101879,Air Terjun Bihewa Nabire Air Terjun Raksasa Bertingkat Tujuh di Tengah Hutan Primer Belantara,Mimika Timika,Papua Tengah,alam,-0.10633980940395729,1.6515348930329818,1.002859716868915,1,0,0,0,0,0
101880,Kali Biru Timika Sungai Alami Hutan Hujan Tropis Mimika Air Segar Sebening Kaca,Puncak Ilaga,Papua Tengah,alam,-0.10633980940395729,-0.5519573683383777,0.49776975808444685,1,0,0,0,0,0
101881,Kawasan Gletser Carstensz Lapisan Es Salju Abadi Khatulistiwa Fenomena Langka Dunia,Mimika Timika,Papua Tengah,alam,-0.10633980940395729,0.7701379884844373,1.002859716868915,1,0,0,0,0,0
101882,Air Terjun Wao Nabire Alam Asri Pegunungan,Mimika Timika,Papua Tengah,alam,-0.10633980940395729,-0.9926558206126519,0.49776975808444685,1,0,0,0,0,0
101883,Suku Kamoro Mimika Mahakarya Ukiran Patung Tiang Mbitoro Pesaing Seni Asmat,Puncak Jaya Kotamulia,Papua Tengah,budaya,-0.34979213559620675,-0.9926558206126519,0.49776975808444685,0,0,0,1,0,0
101884,Suku Amungme & Suku Dani Puncak Jaya Tradisi Hidup Selaras Pegunungan Kasuari,Deiyai Tigi,Papua Tengah,budaya,-0.34979213559620675,-0.5519573683383777,1.002859716868915,0,0,0,1,0,0
101885,Suku Mee (Ekari) Paniai Tradisi Memancing Kepiting Danau Menggunakan Perahu Tradisional Boba,Deiyai Tigi,Papua Tengah,budaya,-0.10633980940395729,1.2108364407587076,0.49776975808444685,0,0,0,1,0,0
101886,Desa Adat Kwatisore Nabire Hubungan Magis Sahabat Nelayan dengan Kawanan Hiu Paus,Puncak Ilaga,Papua Tengah,budaya,-0.10633980940395729,1.2108364407587076,0.49776975808444685,0,0,0,1,0,0
101887,Rumah Adat Honai Mee Paniai Konstruksi Kayu Papan Tradisional Dataran Tinggi Dingin,Intan Jaya Sugapa,Papua Tengah,budaya,-0.34979213559620675,0.7701379884844373,-0.007017207323426325,0,0,0,1,0,0
101888,Museum Loka Budaya Kamoro Timika Koleksi Ukiran Kayu Besi Seni Pahat Leluhur,Mimika Timika,Papua Tengah,budaya,-0.10633980940395729,1.6515348930329818,0.49776975808444685,0,0,0,1,0,0
101889,Situs Peninggalan Kota Tua Kokas Mimika Misi Katolik Bersejarah 1920-an,Dogiyai Kigamani,Papua Tengah,budaya,-0.22806597250008204,0.7701379884844373,-0.5121071661078944,0,0,0,1,0,0
101890,Kuala Kencana Timika Kota Modern Bawah Tanah Ramah Lingkungan Pertama Indonesia di Tengah Hutan Hujan,Dogiyai Kigamani,Papua Tengah,hiburan,0.2588386798844169,-1.4333542728869222,1.002859716868915,0,0,0,0,1,0
101891,Taman Kota Timika Pasar Sentral,Nabire,Papua Tengah,hiburan,1.8412788001340386,-0.9926558206126519,1.002859716868915,0,0,0,0,1,0
101892,Taman Gajah Mada Nabire Waterfront,Puncak Ilaga,Papua Tengah,hiburan,0.2588386798844169,0.329439536210163,1.002859716868915,0,0,0,0,1,0
101893,Mimika Sports Complex (MSC) Fasilitas Olahraga Bertaraf Olimpiade Internasional,Paniai Enarotali,Papua Tengah,hiburan,0.6240171691727912,-0.9926558206126519,1.002859716868915,0,0,0,0,1,0
101894,Pasar Sentral Timika Pusat Noken Anggrek Emas Khas Suku Amungme,Intan Jaya Sugapa,Papua Tengah,belanja,-0.5932444617884562,1.2108364407587076,-0.007017207323426325,0,0,1,0,0,0
101895,Sentra Kerajinan Ukiran Tiang Mbitoro Suku Kamoro Mimika,Mimika Timika,Papua Tengah,belanja,-0.5932444617884562,0.329439536210163,0.49776975808444685,0,0,1,0,0,0
101896,Sentra Kopi Arabika Moanemani Dogiyai Kopi Organik Pilihan,Puncak Ilaga,Papua Tengah,belanja,-0.5932444617884562,0.329439536210163,-0.007017207323426325,0,0,1,0,0,0
101897,Pasar Kalibobo Nabire Pusat Ikan Asar & Buah Merah,Dogiyai Kigamani,Papua Tengah,belanja,-0.5932444617884562,-1.4333542728869222,0.49776975808444685,0,0,1,0,0,0
101898,Gereja Katedral Tiga Raja Timika Arsitektur Modern Monumental Tembaga,Dogiyai Kigamani,Papua Tengah,religi,-0.5932444617884562,0.329439536210163,0.49776975808444685,0,0,0,0,0,1
101899,Gereja Tua Enarotali Paniai Misi Belanda 1938,Deiyai Tigi,Papua Tengah,religi,-0.5932444617884562,0.329439536210163,1.002859716868915,0,0,0,0,0,1
101900,Masjid Agung Babussalam Timika Megah,Deiyai Tigi,Papua Tengah,religi,-0.5932444617884562,0.7701379884844373,0.49776975808444685,0,0,0,0,0,1
